Note ID,Created at,Alias,Tweet ID,User ID,Misleading,Helpful
2083340516767289539,1785542713757,cosmic-root-grackle,2083068604648395015,44196397,true,
2083341415594246465,1785542490544,cosmic-root-grackle,2068166544148807788,26637348,false,
2083342532226715844,1785542738681,cosmic-root-grackle,2083040013290242091,272269416,true,
2083342537041772600,1785542542120,relatable-mountain-flycatcher,2083179459046215875,1264598983961387009,true,false
2083342612245987529,1785542560050,alpine-shoreline-flamingo,2083258896106332256,1126761835519139840,false,
2083342671263760692,1785542574121,overjoyed-snow-bittern,2083014171398992176,1677350913550307328,true,
2083342717497610413,1785542585144,outgoing-ridge-robin,2082843854554972204,1456163056829046785,true,
2083342910909538306,1785542631257,adaptable-reef-sparrowhawk,2082928171176063359,2038391248239665153,true,
2083342927405686831,1785542635190,great-mountain-brushturkey,2083192387258524068,508088713,true,true
2083343070884434377,1785542669398,zappy-winter-thicketbird,2083175204155535593,2044858968288153600,true,
2083343095731544536,1785542675323,neighborly-rhubarb-chickadee,2082935495760183511,1992533020721795072,true,
2083343183547674891,1785542696260,diligent-brook-thrasher,,,,
2083343203139481880,1785542700931,mindful-mist-eagle,2083289639209889838,1589777534476247041,true,
2083343243870339484,1785542710641,mindful-mist-eagle,2083326219324637382,1350422864327917568,true,
2083343371033088056,1785542740960,joyous-moonlight-pheasant,2083272836450222404,1488946640094474248,true,
2083343527300444664,1785542778216,mindful-mist-eagle,2083163072647270507,1552171173445652480,true,
2083343547105767749,1785542782939,goodhearted-spring-anhinga,,,,false
2083343627347001743,1785542802069,doughty-apple-cotinga,2083220201881903470,1514934116411658250,true,
2083343658095624623,1785542809400,mindful-mist-eagle,2083101106721464459,1156058193652375553,true,
2083343800512962791,1785542843355,magnetic-coral-brownbul,2083315203156894170,,true,
2083344082747924944,1785542910645,worthy-desert-brownbul,2083219376581325134,1980295111473856512,true,
2083344137634320385,1785542923732,overjoyed-snow-bittern,2082773210517405702,1471645206210621443,true,
2083344241355337864,1785542948460,marvelous-dogwood-snowfinch,2083298014844637534,1520229474184351745,true,
2083344400436912509,1785542986389,generous-brook-flamingo,2083020032699957334,1122623265673891840,false,false
2083344411988238457,1785542989143,blazing-walnut-whistler,2083168544104063192,1648497870818136065,true,
2083344416408809863,1785542990197,celebrated-ocean-seagull,2083139298056868102,1745568363475038208,true,
2083344447027155128,1785542997496,cheery-nutmeg-towhee,2083324693432471565,580967619,true,
2083344466509766734,1785543002140,jolly-cloud-firetail,2082540961540854228,9890492,true,
2083344576434327945,1785543028349,relatable-wood-greenbul,2083226756660552092,1677760011773042693,true,true
2083344837978533903,1785543090707,smiley-grape-cockatoo,2083210459914567735,869526979619561480,true,
2083345173858177231,1785543170786,cheery-nutmeg-towhee,2083334163055231238,1969050145745747968,true,
2083345267118497799,1785543193021,great-mountain-brushturkey,2083271639513354253,1510559549492768774,true,
2083345270532723050,1785543193836,ardent-winter-ibis,2083108269917151527,,true,
2083345343756857613,1785543211294,content-iceberg-sandgrouse,2083243943559590000,893243739199725568,true,
2083345418205921476,1785543229044,lithe-tide-goldfinch,2082990983348932648,4154826918,true,
2083345513970045335,1785543251874,overjoyed-snow-bittern,2082683671958708440,,true,
2083345555065901372,1785543261673,zappy-winter-thicketbird,2083199311232287059,780895075526139904,true,
2083345804924764339,1785543321244,neighborly-rhubarb-chickadee,2083220553578537050,1227914906,true,
2083346526798045309,1785543493353,cheery-mesa-mallard,2083089751234527629,2199323310,true,
2083346743647670736,1785543545053,,2083114877556503026,1456618037210136578,true,
2083346753646997894,1785543547437,diligent-brook-thrasher,,,,
2083347161136177195,1785543644590,,2083231360987041810,1394953846212890629,true,
2083347162361200745,1785543644882,artistic-island-stilt,,,,false
2083347388756799794,1785543698859,celebrated-ocean-seagull,,,,
2083347525193359821,1785543731388,relatable-kiwi-bluejay,2083068604648395015,44196397,false,
2083347526288306412,1785544259038,cosmic-root-grackle,2083068604648395015,44196397,false,
2083347567014777293,1785543741359,versatile-cloud-puffin,2083166100305408409,742143,true,
2083347682345582901,1785543961855,cosmic-root-grackle,2083208731702047152,1249148165112160257,true,
2083347828726710727,1785543803756,cheery-nutmeg-towhee,2083118202381578524,,true,
2083348117332607225,1785544118217,cosmic-root-grackle,2083319058192318706,54716387,true,
2083348244948541616,1785544478942,cosmic-root-grackle,2083326402997453228,1171793868,true,
2083348322119737625,1785543921390,patient-clay-tern,2083340814164640005,1996229895463354368,true,
2083348365492789713,1785543931731,great-mountain-brushturkey,2083297586379722779,1845978020206571520,true,
2083348367820611638,1785543932287,zappy-winter-thicketbird,2083297586379722779,1845978020206571520,true,
2083348413467218062,1785543943170,neighborly-rhubarb-chickadee,,,,
2083348447487308178,1785543951280,diligent-brook-thrasher,,,,
2083348541544505548,1785543973706,civil-oak-toucan,2083190982573461576,14173315,false,false
2083348644938317960,1785543998356,electric-tide-sandgrouse,2083200871588937816,1957490649714028549,true,
2083348865680633911,1785544050986,stalwart-grassland-blackbird,2083248702848934121,75574936,true,
2083349068953104774,1785544099450,celebrated-ocean-seagull,2083334060114334099,1367209793686036482,true,
2083349209286406190,1785544132908,agreeable-peppermint-fantail,,,,
2083349234917507532,1785544139019,cheery-nutmeg-towhee,,,,
2083349274318757960,1785544148413,great-mountain-brushturkey,2083222555679162785,1243893319605813248,true,
2083349313950802252,1785544157862,zappy-winter-thicketbird,2083324599782039559,1887313371252596737,true,
2083349433601978476,1785544186388,carefree-pomegranate-goldfinch,2083113027772264867,2475453187,false,
2083349526794969525,1785544208607,neighborly-rhubarb-chickadee,2083185040507228169,1089670165300723712,true,
2083349650334269690,1785544983133,cosmic-root-grackle,2069553826705616913,21434408,false,
2083349712912974133,1785544252981,diligent-brook-thrasher,2083317671593197745,1992533020721795072,true,true
2083350010809164265,1785544324005,tropical-vine-conebill,2083217478902055291,46050146,true,
2083350041721483320,1785544331375,amiable-poplar-bluebird,2083103486678552779,3525414973,true,
2083350175968612662,1785544363382,upbeat-wind-kookaburra,2083093151959675182,1868934526673817600,true,
2083350330993955201,1785544400344,celebrated-ocean-seagull,,,,
2083350352707940388,1785544405521,jovial-peppermint-flamingo,2082975551703429196,1778946494818820096,true,
2083350501400490053,1785544440971,miraculous-tide-wren,2083030885646090647,1132138062,true,
2083350515715277127,1785544444384,cheery-nutmeg-towhee,2083240224973541763,1940802343869521920,true,
2083350695101485422,1785544487153,great-mountain-brushturkey,,,,
2083350885510307851,1785544532551,lionhearted-strawberry-scaup,2083239007371063413,2815718824,true,
2083351141203489256,1785544593513,modern-pecan-tanager,2076755841055662216,1403492374106542080,true,
2083351360150380653,1785544645713,zappy-winter-thicketbird,2083326402997453228,1171793868,true,true
2083351581240553629,1785544698426,neighborly-rhubarb-chickadee,2083176049286971490,1256529269099868160,true,
2083351767082058066,1785544742734,benevolent-flower-macaw,2082541561716306219,1930762194742091776,true,true
2083351842616901658,1785544760742,masterful-iceberg-sparrow,2083133324449497526,1498973278744031232,true,
2083351868009271635,1785544766796,beautiful-granite-shorebird,2083217505615499421,1205278022,true,
2083351919314042904,1785544779028,comforting-ice-snowfinch,2082541271160430612,397784697,true,
2083352458516893931,1785544907584,cherished-sunflower-dove,2083217478902055291,46050146,false,
2083352732748943569,1785544972966,straightforward-clay-condor,2083306834752921902,1400160703634419727,true,
2083352812054835623,1785545175433,cosmic-root-grackle,2082655833360408674,1625946155354886158,false,
2083352866530758687,1785545004862,neighborly-pineapple-oriole,2082810017363931145,1093992458,true,
2083353196664168889,1785545083572,diligent-brook-thrasher,2082854956873216131,1389833864122613761,true,
2083353270123208881,1785545101087,celebrated-ocean-seagull,2083308730180042836,,true,
2083353272098714003,1785545101558,zappy-winter-thicketbird,2083308730180042836,,true,
2083353323562832214,1785545113828,cheery-nutmeg-towhee,2083240175203741845,2296889154,true,
2083353422758096914,1785545374261,cosmic-root-grackle,2082506244871369142,45840174,true,
2083353535303794890,1785545164310,neighborly-rhubarb-chickadee,2083277223516102689,2301990517,true,
2083353587321901472,1785545176713,relatable-pineapple-lory,2082399559410716775,,true,
2083353591998238933,1785545177827,gentle-hazelnut-flatbill,2083303791634342121,243097849,true,
2083353841177964947,1785545237236,neighborly-pineapple-oriole,2080597508548341805,1927858599205744640,true,
2083354062859260246,1785545290089,great-mountain-brushturkey,,,,
2083354235320648174,1785545331207,gentle-hazelnut-flatbill,2083326402997453228,1171793868,true,true
2083354282636570792,1785545342489,diligent-brook-thrasher,2083212085240963285,2059149475503833088,true,
2083354286814089605,1785545343484,zappy-winter-thicketbird,,,,
2083354288512721392,1785545343889,awesome-horseradish-penguin,2083245368049869121,1406581994822250496,true,true
2083354314190246318,1785545350011,neighborly-rhubarb-chickadee,2083061349442015439,2016805901668114432,true,
2083354457094394226,1785545384082,gentle-hazelnut-flatbill,2083249999811383584,1823364229560479745,true,
2083354480297337070,1785545389615,diligent-brook-thrasher,2083255047949877495,1131240732646363136,true,
2083354651798180040,1785545430503,gentle-hazelnut-flatbill,2083306709607452783,753424463560052736,true,
2083354653551386959,1785545430921,celebrated-ocean-seagull,2083333988739842071,1191122649512062976,true,
2083354692633907450,1785545440239,celebrated-ocean-seagull,2083321176336801888,,true,
2083354755691151761,1785545455273,cheery-nutmeg-towhee,2083160626495438955,1285687782145482753,true,true
2083354764004241736,1785545457256,gentle-hazelnut-flatbill,2083319126961815870,2004722276659593216,true,false
2083354807151337797,1785545467543,magnetic-lowland-treerunner,2083221151472374000,10671602,true,
2083354837580660893,1785545474797,cheery-nutmeg-towhee,2083135475888366009,1954947862145433600,true,
2083355128007200797,1785545544040,agile-cashew-treepie,2083206066930868577,2075151071388024832,true,
2083355217236508983,1785545565315,philosophical-berry-brushturkey,2082854956873216131,1389833864122613761,true,
2083355353496867000,1785545597801,adaptable-reef-sparrowhawk,2082974380154364201,1323462518480740352,true,
2083355722293916061,1785546231613,cosmic-root-grackle,2081078845063520529,,true,
2083355729684271535,1785545882495,cosmic-root-grackle,2083209794609954954,269377464,true,
2083355764912201778,1785545695890,prodigious-mint-spurfowl,2083229357930406247,1227285477318774784,true,
2083355773577363939,1785545697956,great-mountain-brushturkey,2083349826327269486,1557088964938309632,true,true
2083355917672739191,1785545732312,,2083285791535772057,2946441878,true,
2083355919275139112,1785545960892,cosmic-root-grackle,2082902224548602271,240504013,true,
2083355979765145727,1785545747116,early-magnolia-peacock,2083309918698774692,1297641560054603776,true,
2083356121700471146,1785545780956,zappy-winter-thicketbird,2083266178030404093,755784661691867136,true,
2083356307487354999,1785546318359,cosmic-root-grackle,2083068604648395015,44196397,true,
2083356311027081264,1785545826095,,2083256591394947262,971841850695979010,true,
2083356467764011355,1785545863464,kind-spruce-bullfinch,2083021179766399412,266822204,false,false
2083356611347685701,1785546030759,cosmic-root-grackle,2083251182974190065,2041321349474299905,false,
2083356631954243816,1785545902609,wholesome-raspberry-stilt,2083248331271389579,1319287761048723458,true,false
2083356910699630683,1785546090262,cosmic-root-grackle,2083286949729907042,1733710769374515200,true,
2083357105814216957,1785546015587,benevolent-sandalwood-cardinal,2083043040546185665,1551266822460162051,false,
2083357142292340953,1785546024283,hardworking-blossom-owl,2082716167505092721,997754516786135041,true,
2083357257883173223,1785546051842,persistent-rain-conure,2080788969831227670,2022858057718403072,true,true
2083357270952296890,1785546054958,realistic-pecan-tailorbird,2083316178852708700,1726020054322405376,true,
2083357413684752815,1785546088989,experienced-twig-motmot,2083183829830008854,1279519982150283266,true,
2083357466247500069,1785546101520,adaptable-reef-sparrowhawk,2083194720264524158,2074140280077627392,true,
2083357497667072326,1785546109011,neighborly-rhubarb-chickadee,2083319411599958329,239200202,true,
2083357592718356710,1785546131673,keen-lake-puffbird,2083218153794850834,1253375759760216064,true,
2083357667712700752,1785546149553,sunny-peachtree-owl,2082978956148367578,1465882981,true,
2083357676021440812,1785546151534,notable-papaya-thicketbird,2083219355018412404,2394372482,true,
2083357734611939377,1785546165503,shining-walnut-hawk,2083204415322828874,22677397,false,
2083357796276588793,1785546180206,auspicious-sapling-anhinga,2044798876213813449,1874576328525254656,false,
2083358084966088792,1785546249034,diligent-brook-thrasher,2083135581479948559,1334772381232095233,true,
2083358224258900426,1785546282244,terrific-field-stilt,2083014812846477481,1613798066,false,
2083358389686436014,1785546321686,independent-park-lorikeet,2083122404440584389,,true,
2083358429716856996,1785546331229,astonishing-hazelnut-mallard,2083262630240653786,1267963794371862550,true,
2083358437547577571,1785546333096,ingenious-apple-goose,2083256750493331785,,true,
2083358562353336411,1785546362852,cozy-creek-flatbill,2083056971612320165,1630230166587711490,true,
2083358583828484355,1785546367972,hardworking-blossom-owl,2082831857608175840,2079956039953420288,true,
2083358614291419201,1785546516543,cosmic-root-grackle,2083337744676180216,1973351398453444608,true,
2083358642900746455,1785546382056,upstanding-persimmon-goshawk,2083143719679623482,,true,
2083358823302173056,1785546425067,cosmic-acorn-firetail,,,,
2083358842985795733,1785546429760,clean-freshwater-flycatcher,2083234092951224635,239200202,true,
2083358972438843531,1785546460624,clean-freshwater-flycatcher,2083264039954616465,1269778306838204420,true,
2083358983394673056,1785546463236,miraculous-tide-wren,2071534001123373078,1981254932742492164,true,
2083359395753119960,1785546561550,comforting-star-seagull,2083302753682743576,272616327,true,
2083359614997770433,1785546769292,cosmic-root-grackle,2083136121949839560,1621554777191481345,true,
2083359673709629858,1785546627820,great-mountain-brushturkey,2083242540820750447,1943714826116603904,true,
2083359705116598455,1785546635308,hypnotic-glacier-wigeon,2083308318336938475,1903952763790462977,true,
2083359776583336038,1785546652347,celebrated-ocean-seagull,2083346354546307386,,true,
2083359837576937912,1785546666889,witty-wood-crow,2081687639208419369,1618046809519304704,false,
2083359874939798010,1785546675798,cheery-nutmeg-towhee,2083163035972108707,74756085,true,
2083360129005609122,1785546736371,outstanding-garden-swift,2083315157619380476,1234463099341635585,true,
2083360215068778987,1785546756891,vibrant-banana-albatross,2083321115603300745,,true,
2083360322358796627,1785546782470,welcoming-spring-towhee,2083257669687591084,,true,
2083360345628848363,1785546788018,innovative-persimmon-parrotlet,2083226731696316529,358545917,true,
2083360369234342287,1785546793647,innovative-persimmon-parrotlet,2082854956873216131,1389833864122613761,true,
2083360380081062101,1785546796232,hardworking-blossom-owl,2083188271828578550,387210483,true,
2083360392479178946,1785546799189,welcoming-spring-towhee,2082845429717225520,50769180,true,false
2083360446598295721,1785546812091,skillful-blossom-ibis,2083289434959519889,85918337,true,
2083360473454424201,1785546818494,kinetic-leaf-bushlark,2082867951674200240,1633162382804414471,true,false
2083360652697944229,1785546861229,committed-ice-pelican,2083271306154549443,1680173968660234240,true,
2083360897104298351,1785546919500,great-mountain-brushturkey,,,,
2083361155880562836,1785546981198,vibrant-banana-albatross,2083090764419232037,,true,
2083361162209513556,1785546982707,outstanding-garden-swift,2083359067678920823,,true,
2083361189162029408,1785546989133,studious-pond-bunting,2076755841055662216,1403492374106542080,true,
2083361840675893340,1785547144465,zappy-winter-thicketbird,,,,
2083361988437012749,1785547179694,neighborly-rhubarb-chickadee,2083275715206631773,1266326143097061377,true,
2083362108469579882,1785547208312,zappy-winter-thicketbird,2083263035586617575,1435732236628803586,true,
2083362347263889567,1785547265245,superb-cantaloupe-peacock,2083195234914037874,1764856260019593216,true,
2083362348027510840,1785547265427,eloquent-coral-warbler,2083328868635611367,2004722276659593216,false,
2083362366368993522,1785547269800,diligent-brook-thrasher,2083302067368518143,1157689921349521410,true,
2083362723757187328,1785547355009,exceptional-sand-condor,2082475230950527343,2066628822141722624,true,
2083362731672100991,1785547521639,cosmic-root-grackle,2069447413811540258,1879644163769335808,true,
2083362953252761760,1785547409725,joyful-spruce-waterfowl,2083152550820524147,1841342962237861888,true,
2083363020298678600,1785547425710,diligent-brook-thrasher,2083360803332198486,1024699964071522305,true,
2083363029249663315,1785547691229,cosmic-root-grackle,2082742168750342619,2835653131,false,
2083363110954438847,1785547447324,celebrated-ocean-seagull,2083343226077941978,1889648142603124737,true,
2083363187789828398,1785547465642,cheery-nutmeg-towhee,,,,
2083363506976436483,1785547541742,great-mountain-brushturkey,2083329155844694503,1149024099995475968,true,
2083363671036539037,1785547580857,zappy-winter-thicketbird,,,,
2083363781392925038,1785547607168,safe-harvest-scaup,2083350192334516356,1673822076728139778,true,
2083364163225584123,1785547698204,neighborly-rhubarb-chickadee,2083347878995509588,1475870489830699011,true,
2083364349113237751,1785547742524,fortuitous-tide-songlark,,,,
2083364373196599312,1785547748265,logical-slope-needletail,2083067145131380977,2004407425932431361,true,
2083364465781670217,1785547770338,inquisitive-watermelon-nightingale,2083291791587983797,121546530,false,
2083364784934945246,1785547846431,determined-sun-raven,2082866239802601898,1175518965713580035,true,
2083364793423925282,1785547848455,natural-park-cotinga,2082780607222825350,90552683,false,
2083364833307619363,1785547857964,spunky-persimmon-needletail,2083239284006383902,2005659485432647680,true,
2083365085334933508,1785547918053,animated-beech-nightjar,2083340380334858649,1355721251180961792,true,false
2083365178670801006,1785547940305,celebrated-ocean-seagull,,,,
2083365720151245255,1785548069404,diligent-brook-thrasher,2083287297772900747,76766018,true,
2083365809322152173,1785548090664,celebrated-ocean-seagull,2083358669237010703,1644425579498983425,true,
2083365811494781001,1785548091182,cheery-nutmeg-towhee,2083341945448079361,753424463560052736,true,true
2083365819254210979,1785548093033,cheery-nutmeg-towhee,,,,
2083365906458063105,1785548113824,spunky-kelp-songlark,,,,
2083366031251354094,1785548143576,mellow-buckeye-scaup,2082780607222825350,90552683,false,
2083366053824868607,1785548148958,adaptable-reef-sparrowhawk,2083034836097192096,44196397,true,
2083366162772132127,1785548372096,cosmic-root-grackle,2082768161053475150,904630459539312640,true,
2083366166089613553,1785548175724,charismatic-mist-parrot,2083320478392107342,,true,
2083366315633647923,1785548211379,spunky-acorn-pitohui,2083217081382945023,3275352362,true,
2083366364186554779,1785548222955,jazzy-canyon-thrasher,2083262016437780674,,true,
2083366383782400041,1785548227626,wholesome-raspberry-stilt,2083315157619380476,1234463099341635585,true,
2083366393760604178,1785548230005,wholesome-raspberry-stilt,2083198889482420733,2027843808139087875,true,
2083366401801077150,1785548231922,wholesome-raspberry-stilt,2083166896883376239,1555113378720382976,true,
2083366408763711921,1785548233582,wholesome-raspberry-stilt,2082992035443736768,3140501502,true,
2083366411494117588,1785548234233,botanical-avocado-hoopoe,2083235154961584503,38142665,true,
2083366416791617999,1785548235497,wholesome-raspberry-stilt,2083182986271543797,806344552718045184,true,
2083366498651849129,1785548255014,great-mountain-brushturkey,2083347155331191169,4637858597,true,
2083366634857640268,1785548287487,zappy-winter-thicketbird,2083351662589055060,1191122649512062976,true,
2083366649504088266,1785548290980,neighborly-rhubarb-chickadee,2082984307862487055,1945484931842596864,true,
2083366657850765337,1785548292970,diligent-brook-thrasher,,,,
2083366706119065770,1785548304478,peppy-berry-firefinch,2082489475968503993,1188393896,true,
2083366749232119833,1785548746590,cosmic-root-grackle,2083273747700822389,1680173968660234240,true,
2083366929251672359,1785548557103,cosmic-root-grackle,2083284290943529415,1587609797192466434,false,
2083367061686784415,1785548389251,celebrated-ocean-seagull,2083325480392868298,1391841700440645634,true,
2083367078757626318,1785548393321,cheery-nutmeg-towhee,2082962394926690617,1574351837225897984,true,true
2083367088031166498,1785548395532,great-mountain-brushturkey,2083363884241494216,172395137,true,
2083367089960538340,1785548395992,zappy-winter-thicketbird,2083363884241494216,172395137,true,
2083367275252322725,1785548440170,zappy-winter-thicketbird,2083227196831809679,2033729336877191168,true,
2083367349810274778,1785548457946,academic-maple-quail,2083252281378517490,3483707715,true,
2083367382823653624,1785548465817,neighborly-aspen-hornbill,2083155057462181979,23485648,true,
2083367395578487294,1785548468857,neighborly-rhubarb-chickadee,2083101657903292765,783505057031467008,true,
2083367481159164083,1785548489261,adaptable-reef-sparrowhawk,2082986675068698682,1672278464789983240,true,
2083367657181458505,1785548531229,sanguine-tomato-bittern,2083207816651649093,1810137294428573696,true,
2083367762853036197,1785548556422,,,,,
2083368067242106983,1785548628994,convivial-blossom-penguin,2082986228052570432,2504712848,true,
2083368181561802766,1785548656251,celebrated-ocean-seagull,2083326261812957314,1457884439586144256,true,
2083368253540245727,1785548673412,cheery-nutmeg-towhee,2083220970287010194,1752562837560717312,true,
2083368277338935744,1785548679085,shrewd-cypress-bushlark,2082451894656528822,2063365079781736448,true,
2083368305369182479,1785548685769,flourishing-forest-bluejay,2083339472586858777,1665136574093205504,true,false
2083368403788878084,1785549430423,cosmic-root-grackle,2082885960212054387,2015492655619223552,true,
2083368404551889405,1785548709416,great-mountain-brushturkey,2083319933749080534,825236933500559360,true,
2083368781775040813,1785548799352,talented-fjord-pelican,2083295462866714946,,true,true
2083368828445085881,1785548978569,cosmic-root-grackle,2083319260730859847,1852499847133143040,false,
2083369002475082115,1785548851971,zappy-winter-thicketbird,,,,
2083369268448461159,1785548915384,neighborly-rhubarb-chickadee,2083297888759665088,,true,
2083369449587880025,1785548958571,diligent-brook-thrasher,2083355992352321883,1716616704552226816,true,
2083369455367667905,1785548959949,celebrated-ocean-seagull,2083328707452653986,604988212,true,true
2083369517581836789,1785548974782,inspiring-sunlight-puffleg,2077778466976551008,616640684,false,
2083369608132665703,1785548996372,cheery-nutmeg-towhee,2083095467622367588,64354567,true,
2083369681721917442,1785549013916,lovely-frost-dipper,2083330473150026017,1613906409661562880,true,
2083369872172671301,1785549708759,cosmic-root-grackle,2083220806935470225,15207668,false,
2083369917295051166,1785549070081,logical-sunlight-motmot,2083080261491912751,1195240145311563777,true,
2083369933346349189,1785549073908,great-mountain-brushturkey,2082950454888014203,1719497691338846208,true,
2083370096093794585,1785549112710,joyous-summer-sandgrouse,2082756584623509758,,false,
2083370360162951174,1785549175669,zappy-winter-thicketbird,,,,
2083370687440335137,1785549253698,zappy-winter-thicketbird,,,,
2083370722215309386,1785549814640,cosmic-root-grackle,2082473414221336656,1226208523886854144,true,
2083370839525765135,1785549289958,agreeable-rock-stork,2083232624743756162,1059722341,true,
2083370936074416163,1785549312977,neighborly-rhubarb-chickadee,,,,
2083371181667672368,1785549371531,spunky-kelp-songlark,2083260540646728081,1353384573435056128,true,false
2083371240098509271,1785549385462,distinguished-walnut-crake,2083060192514658494,,true,
2083371269148549123,1785549534862,cosmic-root-grackle,2083337744676180216,1973351398453444608,false,
2083371310638322047,1785549402279,serene-trail-pitohui,2083315658448568755,225288825,true,
2083371381190967710,1785549419101,distinguished-cypress-shorebird,2083275715206631773,1266326143097061377,false,
2083371524783067294,1785549453336,inspiring-acorn-drongo,2083183148347658399,2066105928655761408,true,
2083371609725792572,1785549473588,animated-wind-petrel,2082119325213659442,2068029970476044288,false,
2083371633000231289,1785549652023,cosmic-root-grackle,2083216261845331986,815942827968495616,false,
2083371645972910512,1785549482230,diligent-brook-thrasher,2083285200201449921,109813243,true,
2083371780584907172,1785549514324,celebrated-ocean-seagull,2083326442968866880,,true,
2083371872368959646,1785549536207,cheery-nutmeg-towhee,2083179874513264819,565774659,true,
2083371935761891659,1785550070102,cosmic-root-grackle,2081774934536396820,44827503,false,
2083372046248030517,1785549577664,great-mountain-brushturkey,2083299173915386326,1903620705671077888,true,
2083372086127362406,1785549587171,,2083319260730859847,1852499847133143040,true,
2083372255942496701,1785549627658,astute-kiwi-crossbill,2083210895006511442,,true,false
2083372387681067516,1785549659067,agreeable-rock-stork,2083232626698314086,1059722341,true,
2083372439287787929,1785549671371,zappy-winter-thicketbird,2083189738102821357,432990415,true,
2083372618346811453,1785549714062,resplendent-avocado-duck,2083314602537087311,2431258854,true,
2083372652434194811,1785549901019,cosmic-root-grackle,2082768161053475150,904630459539312640,true,
2083372659262517465,1785549723817,brilliant-hill-barbet,2083029183891153360,1870655058179952640,true,
2083372771480863065,1785549750572,wholesome-raspberry-stilt,2083151312020029634,1447343363129331712,true,true
2083373096896246244,1785549828157,happy-sand-tern,2083229357930406247,1227285477318774784,false,
2083373385032057031,1785549896854,mannerly-papaya-songlark,2083210895006511442,,false,false
2083373724602888422,1785549977814,neighborly-rhubarb-chickadee,2083303417166844019,,true,true
2083373815090798685,1785549999389,diligent-brook-thrasher,2083326285393134061,2081863830976540672,true,
2083374143156924670,1785550219315,cosmic-root-grackle,2082920003532108048,1700224618978533376,false,
2083374249507725676,1785550102962,brave-mangrove-blackbird,2083149307541111276,2050623281846173696,true,true
2083374255182348770,1785550326580,cosmic-root-grackle,2069234054667333969,1879644163769335808,true,
2083374330617176199,1785550122299,enlightened-apricot-bushlark,2083204992450847205,1695275254850228224,true,
2083375362604425364,1785550368344,innovative-persimmon-parrotlet,2082768161053475150,904630459539312640,true,
2083375413250642165,1785550380419,magnificent-basswood-friarbird,2068333046906974415,15212187,true,
2083375576937595202,1785550419445,transcendent-harvest-songlark,2083230907431899480,1534274063144730626,true,
2083375600647987290,1785550425099,agreeable-rock-stork,2083232621736452179,1059722341,true,
2083375667085787542,1785550440938,neighborly-rhubarb-chickadee,2083269602868359317,1510089273684500480,true,
2083375670831309286,1785550441831,celebrated-ocean-seagull,2083269602868359317,1510089273684500480,true,
2083375687331688867,1785550445765,delightful-mesa-bunting,2083136121949839560,1621554777191481345,true,
2083375854940287470,1785550485726,enchanting-moonlight-osprey,2083226224084869136,1776819549616427008,true,true
2083375919280836930,1785550501067,magnificent-basswood-friarbird,2070260200100049036,,true,
2083376166153441724,1785550559926,cheery-nutmeg-towhee,,,,
2083376201184231925,1785550568277,diligent-brook-thrasher,,,,
2083376339759800671,1785550601316,creative-fern-wigeon,2083112569758241082,1972606604718596096,true,
2083376374744514773,1785550609658,great-mountain-brushturkey,2083273747700822389,1680173968660234240,true,
2083376644249530483,1785550673912,carefree-moon-parakeet,2083176100029501801,1532361527705190404,true,
2083376649937223720,1785550675268,thrilled-coast-songbird,2082760612959211859,1665298286096576512,true,
2083377005446238247,1785550760029,zappy-winter-thicketbird,2083325689412091973,1571635652,true,
2083377042113155504,1785550768770,logical-sunlight-motmot,2082742005432824239,42816371,true,
2083377377858449695,1785550848818,neighborly-rhubarb-chickadee,,,,
2083377389841613095,1785550851675,celebrated-ocean-seagull,2083297158569267441,1845978020206571520,true,true
2083377430375408007,1785550861339,diligent-brook-thrasher,2083026321962385498,1117094155375632384,true,
2083377529096663549,1785550884877,contemporary-cactus-lovebird,2082744288878682134,814452134951456769,true,
2083377583719133250,1785550897899,celebrated-ocean-seagull,2083134599832408208,1226636978256564226,true,
2083377600664088691,1785550901939,cheery-nutmeg-towhee,,,,
2083378007641579820,1785550998970,calm-seawater-condor,2083139913562607764,4494925180,false,
2083378083789177270,1785551017126,great-mountain-brushturkey,,,,
2083378385103810901,1785551088964,zappy-winter-thicketbird,2083222731483717707,,true,
2083378469585752267,1785551275924,cosmic-root-grackle,2083221773869301913,1713614835898888192,false,
2083378496865235165,1785551115611,neighborly-rhubarb-chickadee,,,,
2083378501483208789,1785551116711,cheery-nutmeg-towhee,2083229977537814987,1499176385226620938,true,
2083378542264365146,1785551126434,great-mountain-brushturkey,,,,
2083378549596078273,1785551128182,zappy-winter-thicketbird,2083128294288011334,1164200820377817092,true,
2083378551529603521,1785551128643,diligent-brook-thrasher,2083128294288011334,1164200820377817092,true,
2083378580705128556,1785551135599,hypnotic-lumber-goldfinch,2072761465287884908,2162812627,true,
2083378581795733864,1785551346698,cosmic-root-grackle,2072761465287884908,2162812627,true,
2083379175642071362,1785551277443,celebrated-ocean-seagull,,,,
2083379221380919508,1785551288349,neighborly-rhubarb-chickadee,,,,
2083379733811622262,1785551410521,diligent-brook-thrasher,2083262199443697909,1285957965518966784,true,
2083379795786670504,1785551425297,celebrated-ocean-seagull,,,,
2083379829005513030,1785551433217,cheery-nutmeg-towhee,2083317485915492476,1518701417178931200,true,
2083379951105958188,1785551462329,exciting-oak-triller,2083289465959702677,2041946282143432705,true,
2083380087714644334,1785551494898,sublime-melon-swift,2083046042447368488,103113614,true,
2083380116789309602,1785551501830,great-mountain-brushturkey,2083305298098302981,2082551374462509056,true,
2083380172347277468,1785551515076,inquisitive-autumn-flowerpecker,2083026521091105149,1807719012547407872,false,
2083380822833279188,1785551670164,wholesome-raspberry-stilt,2083352692466852323,763094579491008512,true,
2083380830911549831,1785551672091,wholesome-raspberry-stilt,2083230907431899480,1534274063144730626,true,
2083380835953098963,1785551673293,wholesome-raspberry-stilt,2083195143692198313,251922581,true,
2083380841325977804,1785551674574,wholesome-raspberry-stilt,2083228160305619243,21023210,true,
2083380846703120697,1785551675855,wholesome-raspberry-stilt,2083233684270846297,1810961188995616769,true,
2083380866080706988,1785551680475,zappy-winter-thicketbird,2083202437251215463,,true,
2083380874280604080,1785551682430,brainy-peanut-duck,2083367250053275906,210424042,true,
2083380949409255520,1785551700342,peppy-creek-tern,2083195224189460714,1824382702356926464,true,
2083381104958939142,1785551737428,modern-sand-thrasher,2083360803332198486,1024699964071522305,true,
2083381214958833841,1785551763654,neighborly-rhubarb-chickadee,2083367190317895762,,true,
2083381233967370608,1785551768187,chipper-desert-seagull,2083319260730859847,1852499847133143040,false,
2083381502201475570,1785551832138,diligent-brook-thrasher,,,,
2083381574280646788,1785551849323,memorable-root-towhee,2083113214443765819,1156645175244075009,true,false
2083381674469920826,1785551873210,versatile-leaf-penguin,2082957556784218356,2930250457,true,
2083382035456958839,1785551959276,celebrated-ocean-seagull,2083307976497283106,1931839474696409088,true,
2083382069720195137,1785551967445,cheery-nutmeg-towhee,2083237783326642675,1635390564882579456,true,
2083382106743337261,1785551976272,empowering-canyon-drongo,2083323343487328540,18927441,true,
2083382199215181923,1785551998319,great-mountain-brushturkey,,,,
2083382228357415248,1785552226514,cosmic-root-grackle,2080506369564717103,1552795969959636992,false,
2083382313770176924,1785552025631,tidy-bamboo-pipit,2083282933566013889,1212908836870164481,true,
2083382616359649352,1785552097774,zappy-winter-thicketbird,2083242755082363316,823584120391483392,true,
2083382635598844348,1785552102361,neighborly-rhubarb-chickadee,2083346134005891505,1399133612469932036,true,
2083382669421728252,1785552110426,scholarly-watermelon-chicken,2083213592984186954,878247600096509952,true,
2083382696886018401,1785552270856,cosmic-root-grackle,2083303042934350239,741976783952695297,false,
2083382790288982124,1785552139242,academic-olive-catbird,2083291088182272171,428454304,false,
2083383170783961116,1785552229959,fancy-sky-petrel,2083164457241632824,3016910445,true,
2083383303365652904,1785552261569,kind-sunlight-grouse,2083367003239174260,124304031,true,
2083383488850362648,1785552305792,diligent-brook-thrasher,2083108436678488305,145524255,true,
2083383715766448163,1785552359893,celebrated-ocean-seagull,2083249784010248376,1594364066742640643,true,
2083383865629081777,1785552395623,elated-beach-petrel,2083266744786001941,871827642818977792,true,
2083384036425183557,1785552436345,brave-sky-kite,2083221914361692384,25159286,true,
2083384278147342453,1785552493975,tectonic-sapling-treepie,2083279883950862631,1230404765827256320,true,
2083384290491158750,1785552720822,cosmic-root-grackle,2083303042934350239,741976783952695297,false,
2083384333604167817,1785552507197,celebrated-basswood-pelican,2083228554037260780,1335132884278108161,false,
2083384583643435359,1785552566811,wise-prairie-grebe,2083306709607452783,753424463560052736,false,
2083384661309641175,1785552585328,contemplative-grove-dove,2083113214443765819,1156645175244075009,false,
2083384701406835017,1785552594888,cheery-nutmeg-towhee,2083220201881903470,1514934116411658250,true,
2083384731865960875,1785552602150,cheery-nutmeg-towhee,2083199550546641251,1976873611622244352,true,
2083384837352853929,1785552627300,impeccable-cove-raven,2083223785613021674,1823003367846957056,true,
2083384931523199055,1785552649752,virtuous-horseradish-dipper,2083291088182272171,428454304,false,
2083385266577068465,1785552729635,easygoing-snow-leaflove,2083341082793038156,2067596592811835392,true,
2083385526657110094,1785552933018,cosmic-root-grackle,2083339807204200660,,false,
2083385913418059936,1785552883854,incredible-hill-logrunner,2083216933487317241,46302096,true,
2083386324808093739,1785552981938,great-mountain-brushturkey,,,,
2083386406781546534,1785553001482,polished-boulder-duck,2083280499477205332,1605744364940034048,true,
2083386616173752642,1785553051405,motivational-cliff-junco,2083279401072951714,1779667348707799040,true,
2083386772390633965,1785553088649,fortuitous-autumn-snowfinch,2083322213525037559,1455323819065888776,true,
2083386976900919713,1785553137409,wholesome-raspberry-stilt,2083295462866714946,,true,
2083386984844910757,1785553139302,wholesome-raspberry-stilt,2083208731702047152,1249148165112160257,true,
2083387066415525914,1785553158751,zappy-winter-thicketbird,2083226224084869136,1776819549616427008,true,true
2083387226419814790,1785553196898,neighborly-rhubarb-chickadee,2083028577491013950,1604925935664320513,true,
2083387400059777081,1785553238298,flying-daylight-spoonbill,2083063398426951877,1600295791,true,
2083387417713635769,1785553242506,diligent-brook-thrasher,2083344962263929045,1342835784773152768,true,
2083387501864239370,1785553262569,sunny-hillside-raven,2083206061096673304,2044414907349700610,true,
2083387518184026280,1785553266461,motivational-cliff-junco,2082979627337736500,2721646139,true,
2083387677936586830,1785553304549,motivational-cliff-junco,2083229447948234969,1903876407630929921,true,
2083387946925765085,1785553368681,,2083299290592551171,2050263830408679424,true,
2083387957986168907,1785553371317,motivational-cliff-junco,2083280802679312619,259359647,true,
2083388110533005691,1785553407687,motivational-cliff-junco,2083141114794541337,1281673395889934339,true,
2083388168854986855,1785553421592,flying-blueberry-lark,2083084528151650536,,false,
2083388314757804162,1785553456378,great-mountain-brushturkey,2083297154752565679,,true,
2083388361239093490,1785553467460,celebrated-ocean-seagull,,,,
2083388403517710665,1785553477540,zappy-winter-thicketbird,,,,
2083388622074450270,1785553529648,zappy-winter-thicketbird,2083329533588197779,423692278,true,
2083388925431923078,1785553601975,intellectual-mango-mallard,2082908470626422832,130537001,false,
2083388967093674247,1785553611907,polite-sand-egret,2083366274650775918,1468657319647006733,true,
2083389076070105534,1785553637889,neighborly-rhubarb-chickadee,2083046369129083268,1323918699028312071,true,
2083389104340050400,1785553644629,cool-lowland-turkey,2083005081440616681,1464328043187654656,true,false
2083389107913592962,1785553645481,enthralling-marble-nighthawk,2083388634531852699,1563166185591488512,true,
2083389130487034060,1785553650864,neighborly-rhubarb-chickadee,2083258568103375297,1604687316257210372,true,
2083389428706238541,1785553721964,giving-raisin-songbird,2080798936172752968,,true,
2083389546100621784,1785553749953,diligent-brook-thrasher,2083380097554301231,1775606921514418176,true,
2083389777584238684,1785553805143,celebrated-ocean-seagull,2083227182919540773,750759915774291969,true,
2083389811423945104,1785553968557,cosmic-root-grackle,2083082453519077500,1848201385709596672,true,
2083389850242142369,1785553822466,cheery-nutmeg-towhee,2083305471687934414,1571174195370803201,true,
2083389973273682254,1785553851799,valiant-tide-thrush,2083352784825393449,1432026116420775940,false,
2083390251683201267,1785553918177,great-mountain-brushturkey,,,,
2083390287951335430,1785553926825,creative-orchard-firefinch,2083161955322474866,25029808,true,
2083390327411380675,1785553936232,zappy-winter-thicketbird,,,,
2083390410034954437,1785553955931,lucky-desert-conure,2083183438635430064,755057897583804416,true,false
2083390889573884313,1785554070262,neighborly-rhubarb-chickadee,2083335900357091712,1541981434277253120,true,
2083390899346636852,1785554072593,diligent-brook-thrasher,2083368274469724605,1766208962074992641,true,
2083390990560153659,1785554094339,celebrated-ocean-seagull,2083366387838493011,423692278,true,
2083391033891795438,1785554104670,polite-ocean-towhee,2083338438510882935,1589777534476247041,true,
2083391107770274230,1785554676698,cosmic-root-grackle,2083068604648395015,44196397,false,
2083391126577324073,1785554126768,cheery-nutmeg-towhee,2083322913436893616,1535865027474780160,true,
2083391128619925619,1785554127255,great-mountain-brushturkey,2083189425249350043,1795529733158871040,true,
2083391175675748703,1785554138475,diligent-brook-thrasher,2083315532183302508,,true,
2083391365405118797,1785554183709,zappy-winter-thicketbird,2083208558452281704,192835503,true,
2083391655449682296,1785554252861,insightful-evergreen-nighthawk,2083030885646090647,1132138062,false,
2083391824471773237,1785554293159,enthusiastic-bonsai-swamphen,2083288998655463427,241204643,true,
2083391928637194706,1785554317994,positive-buckeye-parakeet,2083166683858952349,1263783985911652352,true,
2083392180228419595,1785554546316,cosmic-root-grackle,2083136121949839560,1621554777191481345,true,
2083392280610607510,1785554401911,neighborly-rhubarb-chickadee,2083268018033860892,1664304383847194629,true,
2083392389356331472,1785554427839,diligent-brook-thrasher,2083379120616980802,1212903686214582272,true,
2083392391189299624,1785554428275,neighborly-rhubarb-chickadee,2083379120616980802,1212903686214582272,true,
2083392398604882068,1785554430043,celebrated-ocean-seagull,2083076955000467606,,true,
2083392588350976143,1785554475283,cheery-nutmeg-towhee,2083374767839821964,1518679895785697280,true,
2083392625583767609,1785554484160,quick-sea-robin,2083328707452653986,604988212,true,
2083392682479731144,1785554753650,cosmic-root-grackle,2083082453519077500,1848201385709596672,true,
2083392939598680432,1785554559026,diligent-brook-thrasher,2083273747700822389,1680173968660234240,true,
2083393496220877065,1785554691735,miraculous-tide-wren,2083159916525805632,2008360758011441152,true,
2083393503447388594,1785554693459,courageous-river-grassbird,2083300752840171716,329840383,true,
2083393512360288626,1785554695583,great-mountain-brushturkey,2083248214711374112,1026655343693189120,true,
2083393575237058594,1785554710575,zappy-winter-thicketbird,2083378469665128750,1510089273684500480,true,
2083393615577968735,1785554720192,neighborly-rhubarb-chickadee,2083321109697454318,1808314234914365440,true,
2083393857274757350,1785554777818,diligent-brook-thrasher,,,,
2083393887436001439,1785554785008,elated-mountain-nighthawk,2083212978439000401,253311947,true,
2083393897200537807,1785554787337,polished-banana-pigeon,2083183749668196558,2313552080,true,
2083394013890011256,1785554815157,celebrated-ocean-seagull,2083200718794801429,,true,
2083394065161437676,1785554827381,jubilant-rainforest-shorebird,2083165159393231104,,true,
2083394072782463043,1785554829198,tidy-buckeye-penguin,2082876113798467688,369245798,true,true
2083394194110849491,1785554858125,supreme-pine-stork,2083339151664087072,,true,
2083394545337708959,1785554941864,cheery-nutmeg-towhee,2083214015556374964,,true,
2083394798724276357,1785555002276,miraculous-tide-wren,2083317666971095382,576206773,true,
2083394803081842967,1785555003315,great-mountain-brushturkey,,,,
2083394809931124765,1785555004949,zappy-winter-thicketbird,2083152543073566802,1838681177965891587,true,
2083394838775382372,1785555011825,neighborly-rhubarb-chickadee,,,,
2083394945436520679,1785555174946,cosmic-root-grackle,2083141205622161715,385082040,true,true
2083394947353395637,1785555037712,diligent-brook-thrasher,,,,
2083394977523278260,1785555044905,dynamic-raisin-fantail,2083121559691292729,3360174258,true,
2083395350052659578,1785555133724,celebrated-ocean-seagull,2083229977537814987,1499176385226620938,true,
2083395430918824322,1785555153004,wholesome-raspberry-stilt,2083329533588197779,423692278,true,
2083395438116311270,1785555154719,wholesome-raspberry-stilt,2083217158989873403,1967181967675527169,true,
2083395442406994394,1785555155742,wholesome-raspberry-stilt,2083204415322828874,22677397,true,true
2083395445821177953,1785555156556,wholesome-raspberry-stilt,2083283867222642942,1551266822460162051,true,
2083395450460135806,1785555157662,wholesome-raspberry-stilt,2083170059891912841,1200616796295847936,true,
2083395633428459675,1785555201285,tectonic-sapling-treepie,2083200718794801429,,true,
2083395642945393035,1785555203554,trusting-fjord-quail,2083361670257090646,,true,
2083396177601642685,1785555331026,straightforward-fjord-warbler,2083207354850722079,1500128450186985472,true,false
2083396296514453807,1785555359377,inventive-lychee-swift,2083100482109886869,,true,
2083396354399781089,1785555373178,,2083322821271232810,,true,
2083396450227228859,1785555396025,inventive-lychee-swift,2083149197008851236,,true,
2083396454127645111,1785555396955,cheery-nutmeg-towhee,,,,
2083396600781492689,1785555431920,,2082835799679144198,920361603614363648,true,
2083396653017694268,1785555444374,curious-pine-seagull,2083292334318563784,1606305910594600961,true,
2083396793878900892,1785555477958,blooming-daylight-duck,2082966163366240515,1318569899732668418,true,
2083396859947556980,1785555493710,worthy-sand-eagle,2083268018033860892,1664304383847194629,false,
2083396980815048951,1785555522527,heroic-rainforest-egret,2082997163899175198,71154153,true,false
2083397030387589560,1785555534346,blooming-park-antwren,2083143080849629560,120737021,true,
2083397106136408241,1785555552406,celebrated-ocean-seagull,2083249999811383584,1823364229560479745,true,
2083397444897829364,1785555633173,philosophical-berry-brushturkey,2083268018033860892,1664304383847194629,true,
2083397491287032305,1785555644233,stunning-dune-blackbird,2082889266611249246,20437286,true,false
2083397572907958579,1785555663693,memorable-pear-sandgrouse,2083294938222195001,2065055563046678529,true,
2083398358102667512,1785555850898,swift-evergreen-quail,2082763839494619639,2327688720,true,
2083398407113130379,1785555862583,great-mountain-brushturkey,,,,
2083398542631088468,1785555894893,heartwarming-cove-chickadee,2082875701967958131,1387820020403740674,true,
2083398557659168898,1785555898477,cheery-nutmeg-towhee,,,,
2083398688442048995,1785555929658,gumptious-clay-cotinga,2083290457077899455,291701042,true,
2083398691470348316,1785555930379,limber-juniper-friarbird,2083234055336960388,2068257256685342720,true,
2083398744435806689,1785555943008,zappy-winter-thicketbird,2083339076644598200,2015535734711627776,true,
2083399665693991051,1785556162652,magnanimous-flower-sunbird,2083182986271543797,806344552718045184,true,
2083399723353002229,1785556176399,radiant-root-petrel,2083100482109886869,,true,
2083399735814066424,1785556179370,neighborly-rhubarb-chickadee,2083020521722052778,1908733090437992448,true,true
2083399813031141392,1785556197780,spunky-kelp-songlark,2082867538543948212,1557338553595547649,true,true
2083399814411407822,1785556198109,humble-moss-parrot,2083183749668196558,2313552080,false,
2083399870010786071,1785556211366,attentive-bonsai-triller,2083264726549569758,2014285051173773312,false,
2083400029465665708,1785556249382,diligent-brook-thrasher,2083395936978432222,1746694144829927424,true,
2083400071391945147,1785556259379,great-mountain-brushturkey,,,,
2083400136177361124,1785556274824,straightforward-fjord-warbler,2083163183221805381,1505067272599003140,true,
2083400162664386974,1785556281140,motivational-earth-penguin,2083343236438106557,99060282,true,
2083400303895064981,1785556314811,dedicated-coast-grassbird,2083160760562131268,2047140752325832704,true,
2083400716841009541,1785556413266,intellectual-reef-condor,2083208026153246849,2002929840186671104,true,
2083401044302950570,1785556491339,industrious-pecan-kingbird,2083358936565215474,1583886958283042816,false,
2083401056042836025,1785556494138,lucent-kiwi-swamphen,2082974131579187472,,false,
2083401161399267713,1785556519257,celebrated-ocean-seagull,2083397167054520811,818345820,true,
2083401169515237686,1785556521191,cheery-nutmeg-towhee,2083332997143474554,1385003918690750467,true,
2083401317087879195,1785556556375,enthralling-marble-nighthawk,,,,
2083401347177615671,1785556563550,strong-sandalwood-troupial,2083349091241583080,1957182220797415424,true,
2083401584353198117,1785556620097,clean-fig-towhee,2083397627048296865,,true,
2083401876314128459,1785556689706,spunky-kelp-songlark,2083337266638807168,1707763125280219136,true,
2083401905066185019,1785556696560,great-mountain-brushturkey,2083256101500256745,1491450460020133902,true,
2083402047110475794,1785556730427,zappy-winter-thicketbird,2083127345590698404,1648083036678782977,true,
2083402119445356832,1785556747672,neighborly-rhubarb-chickadee,2083217478902055291,46050146,true,
2083402169131171841,1785556759518,merry-pomegranate-kite,2083241949574615369,374699026,true,
2083402330108571759,1785556797899,diligent-brook-thrasher,2083211122207764530,,true,
2083402343865790688,1785556801178,celebrated-ocean-seagull,2083390111757316254,1449826891825774592,true,
2083402398525976791,1785556814211,zappy-winter-thicketbird,2083387253725040662,1138842105856573445,true,
2083402604076564767,1785556863218,genuine-orchard-owl,2083336437248729095,1739355265340727296,true,true
2083402850059882499,1785556921864,alpine-clay-grackle,2083336437248729095,1739355265340727296,true,true
2083403300657934408,1785557029295,spunky-kelp-songlark,2083221108053192984,720472329231462401,true,
2083403302637838773,1785557029767,engaging-melon-puffbird,2083097209235812701,1197895590648016896,true,
2083403366495859188,1785557044992,cheery-nutmeg-towhee,2083176091003289903,2015526080996610048,true,
2083403407944045055,1785557054875,great-mountain-brushturkey,2083335938344656987,1445470769291563012,true,
2083403438793113863,1785557062229,zappy-winter-thicketbird,2083254929754607874,1402327969087909892,true,
2083403478676730180,1785557071739,wholesome-raspberry-stilt,2083229977537814987,1499176385226620938,true,
2083403487656784296,1785557073880,wholesome-raspberry-stilt,2083141205622161715,385082040,true,true
2083403492597563423,1785557075058,wholesome-raspberry-stilt,2083204713114165758,629698642,true,
2083403497727259003,1785557076280,wholesome-raspberry-stilt,2083352784825393449,1432026116420775940,true,true
2083403502135451746,1785557077331,wholesome-raspberry-stilt,2083239584264224806,1207815396356710400,true,
2083403507323793602,1785557078569,wholesome-raspberry-stilt,2083281527396548736,109065990,true,
2083403512180818097,1785557079726,wholesome-raspberry-stilt,2083017774964564459,1367209793686036482,true,
2083403679810335142,1785557119692,neighborly-rhubarb-chickadee,2083241825679388842,61897184,true,
2083403800245920059,1785557148406,wise-oak-bluebird,2082665920455905560,2438597432,true,true
2083403834999599540,1785557156691,merry-rock-chicken,2083204666976817425,2008322415634640900,false,false
2083404063652123055,1785557211207,adaptable-reef-sparrowhawk,2082975108042563665,1252326476554186752,true,
2083404392041189553,1785557289501,active-fig-treepie,2082749587937480776,1629270057439346688,true,
2083404727316853093,1785557369437,dexterous-prairie-pelican,2083384420648554568,,true,
2083404813186818513,1785557389910,warmhearted-cliff-goshawk,2083264542134423723,1521084515078361089,true,
2083404884565504105,1785557406928,hypnotic-acorn-antwren,2083317047165964439,1168861327596642304,true,
2083404952173453616,1785557423047,dexterous-prairie-pelican,2083355894629228913,21434408,true,
2083405257531650463,1785557495850,articulate-acorn-wigeon,2083326261812957314,1457884439586144256,true,
2083405276208640166,1785557500303,dexterous-prairie-pelican,2083355429162078326,,true,
2083405346090209603,1785557516965,independent-reef-peafowl,2083086183547211855,423957723,false,
2083405379732426860,1785557524986,philosophical-berry-brushturkey,2082930066783449241,1116548763168858112,true,
2083405398120308794,1785557529369,serene-rainforest-crane,2082582096107770169,817218037837283328,false,
2083405577502532092,1785557572138,comforting-moon-hillstar,2083191130435584450,144395772,true,
2083405619680227808,1785557582193,smiley-evergreen-piculet,2083227617088409741,1937776037137408000,true,
2083405634985439585,1785557585842,mindful-berry-grouse,2082945032433119266,1988820612932853760,true,
2083405782117482686,1785557620922,diplomatic-pomegranate-flowerpecker,2083245431769989598,18839785,false,
2083405784130695198,1785557863338,cosmic-root-grackle,2083245431769989598,18839785,false,
2083405975206428857,1785557666957,shimmering-marmalade-triller,2083229238522491017,,true,true
2083406124024484221,1785557702438,great-tide-heron,2083045750095729106,2007306348581851136,true,
2083406134111596767,1785557704843,diligent-brook-thrasher,2083318293558169692,,true,
2083406256635543645,1785557734055,dexterous-prairie-pelican,2075584534158995607,763094579491008512,true,true
2083406437196169603,1785558042543,cosmic-root-grackle,2070172607740039567,1879644163769335808,true,
2083406591945064851,1785557813999,spectacular-star-troupial,2083106615201333721,2034510824975536128,true,
2083406901392318533,1785557887778,magnificent-walnut-citril,2083176146577895560,1357351469956096006,true,
2083407079537324132,1785557930250,articulate-acorn-wigeon,2082670123396301243,284915481,true,
2083407196084174849,1785558146082,cosmic-root-grackle,2083394774485102654,1002976672218583041,true,
2083407475643146676,1785558024690,invigorated-apricot-albatross,2083289465959702677,2041946282143432705,false,
2083407868556869787,1785558118367,celebrated-ocean-seagull,2083355413802545663,1300384787169861632,true,
2083408435773616297,1785558253603,cheery-nutmeg-towhee,,,,
2083408473056846045,1785558262491,great-mountain-brushturkey,,,,
2083408489385197640,1785558266385,modest-guava-ostrich,2083252281424675010,1715893001312968704,true,
2083408508528238756,1785558270948,noble-rainfall-wader,2083092275589263669,1085001075495624705,false,
2083408615071752455,1785558296350,zappy-winter-thicketbird,2083394774485102654,1002976672218583041,true,
2083408729291030723,1785558323582,neighborly-rhubarb-chickadee,2083384216767905973,1490760639333101569,true,
2083408884195086514,1785558360514,modest-moonlight-hummingbird,2082989856301437015,2500590782,true,
2083408910023528812,1785558366673,diligent-brook-thrasher,,,,
2083408914163314992,1785558367659,neighborly-rhubarb-chickadee,,,,
2083408960845996350,1785558378789,celebrated-ocean-seagull,,,,
2083409342389256316,1785558729086,cosmic-root-grackle,2083245431769989598,18839785,false,false
2083409657704456649,1785558544934,cheery-nutmeg-towhee,2083317666971095382,576206773,true,
2083409693829947561,1785558553546,experienced-spruce-pelican,2083346723284697321,10252962,true,
2083409843780555241,1785558589297,quirky-mangrove-parrotlet,2082988119788253418,1391859728960167937,true,
2083409876991303877,1785558597215,zesty-lumber-bulbul,2075406965535306028,,true,
2083409913435586945,1785558605904,unique-jackfruit-chicken,2082540195820503089,776460131722756100,true,
2083410029885964306,1785558633668,great-mountain-brushturkey,2083382290952917022,1888240160573399040,true,
2083410268579680573,1785558690578,modest-moonlight-hummingbird,2082999048110325761,282833674,true,
2083410454018248918,1785558734790,wholesome-raspberry-stilt,2083243173803958430,1704277567170375680,true,
2083410465174999119,1785558737449,wholesome-raspberry-stilt,2082679881041842459,2054563255176368128,true,
2083410472552775984,1785558739208,wholesome-raspberry-stilt,2083094525464006861,1985121042155687936,true,
2083410506455421012,1785558747291,zappy-winter-thicketbird,,,,
2083410959901614320,1785558855401,resourceful-cliff-warbler,2083213592984186954,878247600096509952,false,
2083411270447829032,1785558929441,neighborly-rhubarb-chickadee,,,,
2083411430901239824,1785558967697,astute-banana-puffleg,2083368879271850007,2054074358679916544,true,
2083411492074819647,1785558982282,strong-samba-penguin,2083094057325297720,712914636203433984,true,
2083411929272655970,1785559640497,cosmic-root-grackle,2082382747738292285,2313552080,false,
2083411932648759776,1785559087323,diligent-brook-thrasher,2083365763461845443,706114101387243521,true,
2083412128380395825,1785559133988,brave-rain-goldfinch,2083373262935884179,1470584190634708993,true,
2083412183652978875,1785559147167,neighborly-jacaranda-bullfinch,2083283867222642942,1551266822460162051,false,
2083412377572147484,1785559324995,cosmic-root-grackle,2082655819657875858,44196397,true,
2083412567146287251,1785559238598,fancy-hazelnut-bittern,2083322571601170645,1236678257518555136,true,false
2083412702261854686,1785559270813,dazzling-basswood-thrush,2082668433817416154,896626097911078913,true,
2083412758473626011,1785559284214,gentle-ice-swan,2081980461614768429,1949723142324404224,true,
2083412762760225055,1785559285237,calm-winter-egret,2083318913291477421,,true,
2083412821828686272,1785559299319,celebrated-ocean-seagull,2083212893290467600,1793254459910299649,true,
2083412853458125193,1785559306860,optimistic-autumn-bulbul,2083326261812957314,1457884439586144256,true,
2083412903923683637,1785559318893,splendid-sea-kite,2083219893634449827,1654116080175169537,true,true
2083412907199717627,1785559319673,communicative-peanut-wader,2083200417811554440,1794587676668239872,true,
2083413013110112444,1785559344924,refreshing-forest-cacholote,2082907988130758877,94701166,true,
2083413103543451871,1785559366485,positive-coconut-falcon,2083268506565386611,1519434341754966016,true,
2083413246753874134,1785559550621,cosmic-root-grackle,2083276807231684976,1648083036678782977,true,
2083413360477864329,1785559427743,limber-water-tern,2083303042934350239,741976783952695297,true,
2083413583325450337,1785559480875,cheery-nutmeg-towhee,2083367755948929035,3218191185,true,
2083413660114784432,1785559499182,fun-wildflower-blackbird,2083339662270074906,2069107536486096896,true,
2083413690683183232,1785559506470,orderly-cave-toucan,2082249487406542916,1414535223883157506,true,
2083413716641759633,1785559512659,chipper-tigerwood-swift,2083368621389291779,1371711341912748032,true,true
2083413939749040245,1785559565852,cozy-reef-pratincole,2083289366290465067,1543390894258356224,false,
2083414025015079258,1785559586181,helpful-lemon-thrasher,,,,
2083414205017846082,1785559629097,,2083224645625635285,1370641767830233091,true,
2083414290673836368,1785559649519,modest-papaya-dipper,2082322773838291450,1565028828329971713,true,
2083414294285472076,1785559650380,breathtaking-fir-seagull,2083306712878993658,1998524099971170304,true,
2083414469804544068,1785559920222,cosmic-root-grackle,2083303042934350239,741976783952695297,false,
2083414588612116748,1785559720553,great-mountain-brushturkey,2083276807231684976,1648083036678782977,true,
2083414603539636499,1785559724112,zappy-winter-thicketbird,2083336437248729095,1739355265340727296,true,
2083414689506021553,1785559744608,lively-riverbank-cardinal,2083395476062372153,1293856883451691011,true,
2083415121674600836,1785559847645,neighborly-rhubarb-chickadee,2083112467635278331,1085599776924676096,true,
2083415128301818231,1785560329205,cosmic-root-grackle,2083234093353890046,2080423300379926528,false,
2083415261705626097,1785559881031,inclusive-seashore-grackle,2082975551703429196,1778946494818820096,false,
2083415464307564890,1785559929335,positive-coconut-falcon,2083377730020589806,1519434341754966016,true,
2083415539402051610,1785559947240,diligent-brook-thrasher,2083339076644598200,2015535734711627776,true,
2083415616765964604,1785559965683,masterful-seedling-albatross,2083304968325353905,1024711090561855488,true,
2083415852062310556,1785560021783,trusty-lake-quail,2083188689950093497,1966631919598329856,false,
2083415972413620709,1785560050477,celebrated-ocean-seagull,,,,
2083416030030799176,1785560064214,cheery-nutmeg-towhee,2083281808322408496,14934818,true,
2083416497733443599,1785560175723,wholesome-raspberry-stilt,2083215163637821664,2036784443344523264,true,
2083416548073762985,1785560187726,extraordinary-sunflower-gull,2083087186916966692,953693598024810496,true,
2083417036084928563,1785560466887,cosmic-root-grackle,2083245368049869121,1406581994822250496,true,
2083417040803578271,1785560305201,meticulous-riverbank-grassbird,2083194381062791352,1629046976388952064,false,
2083417218201551047,1785560347497,likable-frost-nighthawk,2082922596161470520,,true,true
2083417326523765167,1785560373323,great-mountain-brushturkey,,,,
2083417474502914077,1785560408603,zappy-winter-thicketbird,,,,
2083417919804121195,1785560514771,witty-prairie-flycatcher,2083122983347056652,249603227,true,
2083418066239541443,1785560549685,amicable-clay-parakeet,2082907211651580316,29442313,false,
2083418134179156124,1785560565883,altruistic-rain-stilt,2083317666971095382,576206773,true,
2083418652527980726,1785560689466,invigorated-basswood-firetail,2082785507658903606,2742028695,true,
2083418659536441826,1785560691137,sunny-moon-anhinga,2083184995145859166,3025432383,true,
2083418859386683756,1785560738786,neighborly-rhubarb-chickadee,2083245368049869121,1406581994822250496,true,
2083419010968830283,1785560774925,tectonic-cloud-emu,2083299530959667232,33350634,true,
2083419174274044155,1785560813860,expressive-magnolia-recurvebill,2083149467763556383,400159752,true,
2083419320915304466,1785560848822,hypnotic-tigerwood-ostrich,2083121170283626713,935142655213703168,true,
2083419406240231581,1785560869165,positive-coconut-falcon,2083342799580049497,1519434341754966016,true,
2083419471042281715,1785561111426,cosmic-root-grackle,2067733618596987032,15012486,false,
2083419824172966152,1785560968808,diligent-brook-thrasher,,,,
2083419999239102857,1785561010547,celebrated-ocean-seagull,2083326056954523836,1372638110912241665,true,true
2083420002208874771,1785561011255,altruistic-earth-conure,2083302958213517566,1296326466725175296,true,
2083420042138353972,1785561020775,sturdy-cloud-seagull,2082887203596976629,,true,
2083420151731322953,1785561046904,cheery-nutmeg-towhee,2083186567921766568,2028629778048430080,true,
2083420192579735890,1785561056643,great-mountain-brushturkey,2083289831678017958,1537485324523163648,true,
2083420445127139504,1785561116855,remarkable-seawater-goose,2083142872870588460,1146329871418843136,true,
2083420460746694938,1785561120579,zappy-winter-thicketbird,2083393018774556932,1893107724336144386,true,
2083420461724225773,1785561120812,victorious-rainfall-starling,2082981908955255007,58526365,true,
2083420471236710428,1785561123081,neighborly-rhubarb-chickadee,2083392287623807480,,true,
2083420911567360043,1785561228063,diligent-brook-thrasher,2083184234991378610,1330185403874353158,true,
2083420959680151957,1785561239534,celebrated-ocean-seagull,2083160727301365972,1387812343162277888,true,
2083421001363402989,1785561249472,steady-spring-lovebird,2083355010063028623,1550587875485425664,true,
2083421036603658676,1785561257874,wholesome-birch-fantail,2083188470739300607,,true,
2083421088764272779,1785561270310,fast-blueberry-waxbill,2082798728659017752,,true,
2083421408361955480,1785561346508,resilient-foothill-nighthawk,2083253169732354446,573295531,true,
2083421416070799402,1785561348346,cheery-nutmeg-towhee,2083063419490488514,1232203299211882497,true,
2083421452976435525,1785561357145,great-mountain-brushturkey,2083327051612946647,1550974074842746881,true,
2083421511537582237,1785561371108,methodical-honeydew-sandpiper,2082400713221587311,95588504,true,
2083421636972380504,1785561401013,festive-orchard-goshawk,2083300571487125534,811812979595280384,true,
2083422156730351910,1785561524933,zappy-winter-thicketbird,2083253458111525090,1518667234385829889,true,true
2083422425660920214,1785561589051,helpful-coral-finch,2083213440722641179,,true,
2083422584553578941,1785561626935,neighborly-rhubarb-chickadee,,,,
2083422837008732635,1785561687124,diligent-brook-thrasher,2083198441002324399,1421406615971012614,true,
2083422852863107573,1785561690904,involved-peach-pigeon,2083138342808359375,1569668858453315585,true,
2083423023143743844,1785561731502,knowledgeable-honeydew-bushbird,2083268980056436780,2037608080486088704,true,
2083423168824283427,1785561766235,celebrated-ocean-seagull,2083188668714319898,1952762903108685824,true,
2083423399108395374,1785561821139,frolicsome-marmalade-spoonbill,2072837743466471729,763094579491008512,true,
2083423400635388024,1785561821502,astute-banana-puffleg,2083025356403949574,1549889018,true,
2083423537692352896,1785561854181,jovial-branch-skylark,2082454400463728785,1270247851495501824,true,
2083423690373357613,1785561890583,challenging-island-curassow,2083215358140326283,1948056635869638656,true,
2083424022436704395,1785561969752,astute-banana-puffleg,2055197239442907547,1549889018,true,
2083424377513922884,1785562054410,astute-banana-puffleg,2083387492502573482,1549889018,true,
2083424599996268740,1785562303149,cosmic-root-grackle,2083421910407205365,476848835,true,
2083424663527453129,1785562527395,cosmic-root-grackle,2083263716687229328,54716387,true,
2083424792607375564,1785562153375,polite-rose-sparrow,2083387536995688632,1083438237006188551,true,
2083424853638664325,1785562167926,wholesome-raspberry-stilt,2083251620658483612,1256305337780461568,true,
2083424860903178434,1785562169658,wholesome-raspberry-stilt,2083273747700822389,,true,
2083424865508643131,1785562170756,wholesome-raspberry-stilt,2082899233758236865,919002312949010432,true,
2083424901239898467,1785562179276,polite-rose-sparrow,2083330184649027964,1083438237006188551,true,
2083424972484333624,1785562196261,aquatic-sea-hawk,2083397249598435606,1201594857501995009,true,true
2083425003043946720,1785562203548,polite-rose-sparrow,2083357065553264642,1083438237006188551,true,
2083425509694992770,1785562324342,cool-mulberry-puffin,2083237069418041433,1509771855850266626,true,
2083425758223974424,1785562383597,grateful-rainfall-tanager,2082993201569288260,,true,
2083426103876559067,1785562466006,cheery-nutmeg-towhee,2083335516410274062,1971060514169159682,true,
2083426321133097411,1785562517805,great-mountain-brushturkey,2083193033231884315,104110342,true,
2083426405136921086,1785562537833,upbeat-poplar-auklet,2082961108915323232,1853897648471932928,true,
2083426490524286993,1785562558190,zappy-winter-thicketbird,2083371432260813081,706114101387243521,true,
2083426613429956674,1785562587494,neighborly-rhubarb-chickadee,2083367614428926418,34113632,true,
2083426848747168114,1785562643597,fabulous-sandalwood-mallard,2083225587523494247,7996082,false,
2083427168730612078,1785562719888,industrious-bonsai-starling,2083153201487024638,2359728006,true,
2083427221356646902,1785562732435,beloved-raisin-drongo,2083170814468469100,1386417540331606026,true,
2083427441251639627,1785562947621,cosmic-root-grackle,2083141994986017211,1264203540,false,
2083427506313388362,1785562800373,humorous-sandalwood-cacholote,2083212884067164231,1361748995652149249,true,
2083427637280518198,1785562831598,diligent-brook-thrasher,,,,
2083427735964209324,1785562855127,quiet-honeydew-kingbird,2083224951570461049,1372745266420350981,true,
2083428269328859582,1785562982290,rational-shoreline-kestrel,2082375942572478971,1577236019874652160,true,
2083428425121906917,1785563213715,cosmic-root-grackle,2083157997891793013,1844217942902497280,false,
2083428767788155185,1785563101132,celebrated-ocean-seagull,2083091689338482938,1824834426347417601,true,
2083428920607617463,1785563137567,cheery-nutmeg-towhee,2083396190683742574,30395612,true,
2083428932829766015,1785563140481,diligent-brook-thrasher,2083386632221438164,2459061450,true,
2083428958599573870,1785563146625,humorous-sandalwood-cacholote,2083266752369013057,1361748995652149249,true,
2083429056863719904,1785563170054,great-mountain-brushturkey,2083192206177825175,40131441,true,
2083429080498577511,1785563175688,zappy-winter-thicketbird,,,,
2083429201097510944,1785563204442,neighborly-rhubarb-chickadee,,,,
2083429253836845453,1785563217015,attentive-glacier-parrot,2083244943011701062,1887512310886940672,true,
2083429293498187929,1785563226471,melodious-mist-rooster,2083111476458619285,895594136970985473,true,
2083429293946765361,1785563649364,cosmic-root-grackle,2082547326930022597,1776269230159147008,false,
2083429612923593086,1785563302628,enthusiastic-roots-seagull,2083303401316610136,,true,
2083429621291233486,1785563304623,diligent-brook-thrasher,2083186748406804659,1340384529056485376,true,
2083429664123396247,1785563314836,celebrated-ocean-seagull,2083316441336390048,1484061706556956672,true,
2083429748479328360,1785563334947,intriguing-fig-pheasant,2082955718743761002,44196397,true,
2083429869548130798,1785563363813,alert-mist-mockingbird,2083424989110210727,135065814,true,
2083430074481865009,1785563581023,cosmic-root-grackle,2083057726922641844,1952001883381387265,false,
2083430371438321975,1785563483472,celebrated-ocean-seagull,2083296052699164697,1311418569666699266,true,
2083430522747764872,1785563519547,cheery-nutmeg-towhee,2083336437248729095,1739355265340727296,true,
2083430597897179232,1785563537464,great-mountain-brushturkey,2083207031213977655,45781480,true,
2083430636703175004,1785563546717,faithful-peppermint-kingfisher,2083112427688702077,,true,true
2083430732194554304,1785563569484,valiant-snow-egret,2083369646283968886,,true,false
2083430841712062835,1785563595595,cheery-nutmeg-towhee,2083214737450684889,2075506257939804161,true,
2083430989917806993,1785563630929,inventive-eucalyptus-crimsonwing,2082891517614567672,1572774178616401920,true,
2083431277185691679,1785563699420,imaginative-freshwater-ibis,2083264459192099227,2058244550779404288,true,
2083431349063451021,1785563716556,zappy-winter-thicketbird,,,,
2083431403803361713,1785563729607,neighborly-rhubarb-chickadee,,,,
2083431613359128620,1785563779570,realistic-acorns-kingfisher,2083160315890368988,1920485495160676352,false,
2083431673304093112,1785563793861,diligent-brook-thrasher,2083124128463413339,1976581193748594688,true,
2083431689028862380,1785563797611,invigorated-melon-wader,2083270112732184764,923113340548784128,true,false
2083431990758412548,1785563869548,celebrated-ocean-seagull,2083423832938074548,1603272871157325827,true,
2083432040205365612,1785563881337,tremendous-sun-robin,2083430790621499598,1034994765194964992,true,
2083432072514064575,1785563889040,jovial-rainforest-macaw,2083387531039510624,146229474,false,
2083432105065771506,1785563896801,diligent-brook-thrasher,2083281808322408496,14934818,true,
2083432389754376229,1785563964676,nestling-evergreen-emu,2083409285720273205,3228083760,true,
2083432405956755790,1785563968540,cheery-nutmeg-towhee,2083154085549940942,879251353,true,
2083432422239015048,1785563972421,brawny-mango-grosbeak,2083333452338807105,1169620189836697600,true,
2083432440261992872,1785563976718,ambitious-forest-eagle,2083334512818131199,284003990,true,
2083432526169731403,1785563997200,likable-oak-egret,2083366786536178143,18614466,true,
2083432799810301953,1785564062441,strategic-slope-catbird,2083040900801057128,19236255,true,
2083432985622421679,1785564106742,nestling-evergreen-emu,2083408189387878886,3228083760,true,
2083433017238778335,1785564114280,exquisite-peppermint-anhinga,2082780607222825350,90552683,false,
2083433424266940868,1785564211323,reserved-birch-sparrow,2083403825898262923,,true,
2083433457393205365,1785564219221,fortuitous-seedlings-owl,2083263689344659574,1689393367833313286,true,
2083433738323841127,1785564286201,neat-rhubarb-seabird,2083016340219048447,391445643,true,
2083433785589108998,1785564297470,exquisite-peppermint-anhinga,2083135058357940279,18986695,false,
2083433841176531242,1785564524894,cosmic-root-grackle,2074101417749409833,1722014154322575360,true,
2083434068897636571,1785564365015,great-mountain-brushturkey,2083150574023815352,3207545212,true,
2083434284669383032,1785564416459,zappy-winter-thicketbird,2083223662816084417,1970576231667245058,true,true
2083434486197256453,1785564464507,playful-apple-pigeon,2083214849006285258,375146901,false,
2083434619672969594,1785564496330,stalwart-horseradish-lorikeet,2083221153989251462,1815036640328372224,true,
2083434717509005353,1785564519657,neighborly-rhubarb-chickadee,2083241902644568096,1204730741185273856,true,false
2083434753781334360,1785564528304,diligent-brook-thrasher,2083114641329139840,2004949114874986497,true,
2083434934962642947,1785564571501,cozy-fir-pheasant,2082930831903830429,234868729,true,false
2083435083294191725,1785564606866,outstanding-canyon-grouse,2083267439454732366,1289327088,true,
2083435247337951657,1785564645977,splendid-cedar-kingbird,2082841281609564489,1347427488905928705,true,
2083435376379560434,1785564676743,celebrated-ocean-seagull,2083182136194957476,1777608992639885312,true,
2083435428594463158,1785564689192,zappy-winter-thicketbird,,,,
2083435597415247946,1785564729443,neighborly-rhubarb-chickadee,2083431282675941768,1432014119931162629,true,
2083435619414319495,1785564734687,overjoyed-moonlight-cormorant,2083084038127198505,1072373414029971456,true,false
2083435654659063868,1785564743091,diligent-brook-thrasher,2083266744786001941,871827642818977792,true,
2083435670073188507,1785564746766,celebrated-ocean-seagull,2083280979896996021,568171398,true,
2083435771176845693,1785564770871,cheery-nutmeg-towhee,,,,
2083435920418852875,1785564806452,pioneering-orchard-tailorbird,2083427375824642346,2075506257939804161,true,
2083436073951043740,1785564843057,straightforward-banana-flycatcher,2083254232526778728,1267664300,true,
2083436281522987319,1785564892547,marvelous-pineapple-lapwing,2083311183663099947,1242101574001967105,true,
2083436363727212769,1785564912145,composed-reef-cotinga,2083210459914567735,869526979619561480,false,
2083436509374398913,1785564946871,straightforward-banana-flycatcher,2083409545649365142,3264318585,true,
2083436786768920861,1785565013006,great-mountain-brushturkey,2083425069628625218,1423539825693495302,true,
2083436929542987870,1785565227137,cosmic-root-grackle,2083428039623381437,1964989578424483840,false,
2083437032332792072,1785565071554,expressive-moonlight-kingfisher,2083235680746918122,34442404,true,false
2083437213644169291,1785565114781,brawny-trail-starling,2083327458405986502,1945817837370855424,true,
2083437370314281005,1785565152134,patient-peach-ibis,2083397285124206618,1467643957492744193,true,
2083437374877679977,1785565716131,cosmic-root-grackle,2083370959478849703,2058953590845448192,true,
2083437458239144163,1785565173098,expressive-moonlight-kingfisher,2083219179440890143,7157132,true,true
2083437544704754166,1785565193712,witty-peachtree-tailorbird,2082747076417388668,,true,
2083437559766532589,1785565197303,neighborly-rhubarb-chickadee,2083368274469724605,1766208962074992641,true,
2083437631510110418,1785565214408,expressive-moonlight-kingfisher,2083196836408369399,1547929727960199180,true,
2083437632869056796,1785565214733,balanced-boulder-treerunner,2083384452382597607,1543390894258356224,true,
2083437719121015014,1785565405119,cosmic-root-grackle,2083136121949839560,1621554777191481345,true,
2083437749026312431,1785565242427,brawny-trail-starling,2083229864862056532,3534044246,true,
2083437818911555935,1785565259089,zappy-winter-thicketbird,,,,
2083437840197624245,1785565264164,neighborly-rhubarb-chickadee,2083423941050376476,1582378068563226624,true,true
2083437875786359067,1785565272648,expressive-moonlight-kingfisher,2082213961554874669,15411797,true,
2083437941532037600,1785565288323,diligent-brook-thrasher,2083428171462947279,1488626051194490881,true,
2083438143219376333,1785565336409,victorious-island-bunting,2083187419684205020,1885579549,false,
2083438206364868610,1785565351464,polite-rose-sparrow,2083209734581067929,1868393252040343552,true,false
2083438390553563497,1785565395378,splendid-sea-kite,2083408787273376029,2042167422023589890,true,
2083438397922722070,1785565397135,cheery-nutmeg-towhee,2083393966318432733,,true,
2083438624666796075,1785565451195,philosophical-pond-murrelet,2083219102756204744,1655499145,false,
2083438892603359576,1785565515076,groovy-sapling-piculet,2083420378643485007,,true,true
2083438948634746927,1785565528436,great-mountain-brushturkey,2083323295508627683,1567218796787601416,true,
2083439059167248835,1785565554789,discerning-savanna-swan,2083428171462947279,1488626051194490881,false,
2083439062623441394,1785565555612,zappy-winter-thicketbird,2083370959478849703,2058953590845448192,true,
2083439100099522746,1785565709288,cosmic-root-grackle,2083408787273376029,2042167422023589890,true,
2083439164452749660,1785565579891,diligent-brook-thrasher,,,,
2083439246065471932,1785565599348,celebrated-ocean-seagull,2083323295508627683,1567218796787601416,true,
2083439787084566843,1785565728338,cheery-nutmeg-towhee,2083334498964382081,2591750772,true,
2083439913450746180,1785565758466,jazzy-fir-cardinal,2083420378643485007,,true,
2083440112323432822,1785565805880,neighborly-rhubarb-chickadee,2083408787273376029,2042167422023589890,true,true
2083440147819811313,1785565814343,celebrated-ocean-seagull,2083398429485703454,1316655254306394112,true,
2083440319937347789,1785565855380,cheery-nutmeg-towhee,2083330273853284375,,true,
2083440368415043648,1785565866937,exquisite-lychee-pitohui,2083256709812723751,66947137,true,
2083440819365617751,1785565974452,great-mountain-brushturkey,2083410668644909430,1063791117299265537,true,
2083440919987282083,1785565998442,trusting-fjord-quail,2083418616599363633,,true,
2083441062702670146,1785566032468,motivated-autumn-puffin,2082794208335733122,,true,
2083441223172579489,1785566070727,miraculous-sea-kestrel,2082876113798467688,369245798,false,
2083441259365233023,1785566414140,cosmic-root-grackle,2083263716687229328,54716387,true,
2083441333679640730,1785566097075,industrious-bonsai-starling,2083142299580559402,1193816843519172608,true,
2083441480874557554,1785566699324,cosmic-root-grackle,2083145563672056253,1565187089276084224,true,
2083441617449472211,1785566164731,zappy-winter-thicketbird,2083326648821182587,2684060054,true,
2083441698332364889,1785566342005,cosmic-root-grackle,2083370959478849703,2058953590845448192,true,
2083441712278405476,1785566187339,enthusiastic-pomegranate-lovebird,2082640141735117280,1628167923406876672,true,
2083441836782190924,1785566217024,neighborly-rhubarb-chickadee,2083343856016248953,1689032605503541248,true,
2083442116189900999,1785566283639,philosophical-wind-waxbill,2083369646283968886,,false,
2083442232460226897,1785566311361,diligent-brook-thrasher,,,,
2083442234507018359,1785566311849,great-mountain-brushturkey,,,,
2083442248771863007,1785566315249,overjoyed-creek-nightingale,2082553279943196782,1585809424135995392,true,
2083442415965528072,1785566355112,wondrous-brook-seagull,2082697407129940191,,true,
2083442686434975936,1785566419596,refreshing-riverbank-nighthawk,2083369646283968886,,false,
2083442727903998350,1785566429483,tropical-rock-flamingo,2083203163012685843,1865098149762641920,true,
2083442870246126008,1785566463420,careful-apricot-bluebird,2082540961540854228,9890492,false,
2083442875992330549,1785566464790,zappy-winter-thicketbird,2083342986478330202,1016509788652482562,true,
2083442966215991697,1785566486301,neighborly-rhubarb-chickadee,2083283904778125740,2356079662,true,
2083443036395315286,1785566503034,humorous-ocean-oriole,2083248612583350634,1707333068149997568,true,
2083443502227300833,1785566614097,mesmerizing-lowland-eagle,2083246492664664226,1707333068149997568,true,
2083443523806720400,1785566619242,strong-basswood-hummingbird,2083140884757889266,2323710210,true,
2083443626047426579,1785566643617,suave-rhubarb-parakeet,2082967156715885018,1127612680359956481,true,
2083443709258150318,1785566663457,frolicsome-garden-bullfinch,2083261033884340328,1815816940507512832,true,
2083443940867579995,1785566718676,supreme-pine-stork,2083106486805479875,4020373452,true,
2083444137173377223,1785566765480,celebrated-ocean-seagull,,,,
2083444228386918607,1785566787226,diligent-brook-thrasher,,,,
2083444290357706921,1785566802001,cheery-nutmeg-towhee,,,,
2083444653282521270,1785566888530,dedicated-coast-wader,2083236386354663778,1660677655983792128,true,
2083444839585054922,1785566932948,celebrated-ocean-seagull,,,,
2083444954081485059,1785566960246,enlightened-apricot-bushlark,2083296052699164697,1311418569666699266,true,
2083445008217346083,1785566973153,exuberant-savanna-wheatear,2083156703617716310,790755715,true,
2083445076093812830,1785566989335,miraculous-sea-kestrel,2082482145462014444,369245798,true,
2083445118795673826,1785566999517,beloved-kiwi-wigeon,2083209734581067929,1868393252040343552,false,
2083445176773845413,1785567013339,thankful-mesa-crow,2083179911632859217,1083438237006188551,false,
2083445398073434488,1785567066102,great-mountain-brushturkey,2083436246236369327,1503739729421950978,true,
2083445461692698826,1785567081269,zappy-winter-thicketbird,,,,
2083445496585023775,1785567089589,bright-garden-turkey,2083287297772900747,76766018,false,
2083445634225385881,1785567122404,refreshing-rainfall-finch,2083111412470022371,372812630,false,false
2083445846356447699,1785567172980,soulful-summer-flamingo,2083403671505658355,1668050038809829377,true,
2083446056814313515,1785567223157,logical-rain-flycatcher,2083418530301780039,2075506257939804161,true,
2083446176066514960,1785567929168,cosmic-root-grackle,2083128165715607922,1583448502096502788,true,
2083446491579044155,1785567326814,helpful-granite-piculet,2083084038127198505,1072373414029971456,false,
2083446494170878223,1785567327431,neighborly-rhubarb-chickadee,2083205092610597117,1473647104643981316,true,
2083446567541862692,1785567344924,poetic-evergreen-goldfinch,2083240819188773141,1521559842091057152,true,false
2083446829283176751,1785567407328,luminous-moonlight-flycatcher,2083174852223959299,80820758,true,
2083447265805652240,1785567511403,fantastic-seedling-eagle,2082798728659017752,,false,
2083447687421001808,1785567611924,diligent-brook-thrasher,2083232158546616775,1986760218773270529,true,
2083447716437204994,1785567618842,cheery-nutmeg-towhee,2083334512818131199,284003990,true,
2083447769637765431,1785567631526,futuristic-spring-firetail,2083323737441509409,1118690075611729921,false,
2083447877141950734,1785567657157,powerful-orchard-seedeater,2083188717733175367,2033729336877191168,true,
2083448154565869833,1785567723301,celebrated-ocean-seagull,2083420378643485007,,true,
2083448311810240610,1785567760790,smiley-fir-bluejay,2082837344936132800,15823722,true,
2083448353308684699,1785567770685,great-mountain-brushturkey,2083140177120129514,1639325356439089152,true,
2083448844222681484,1785568040837,cosmic-root-grackle,2083373313364009102,878247600096509952,true,
2083449006164689252,1785567926337,cheery-nutmeg-towhee,,,,false
2083449204827926927,1785567973702,bright-wood-dove,2083147824808476925,1591410694255157248,true,
2083449235245040013,1785567980954,great-mountain-brushturkey,,,,
2083449369110405554,1785568012871,rollicking-bamboo-seagull,2083294518107853175,547173846,true,
2083449423783153704,1785568025906,commendable-grove-antwren,2083230053840679412,133663801,false,
2083449591354048589,1785568065858,zappy-winter-thicketbird,2083355429162078326,,true,
2083449711999004918,1785568094621,neighborly-rhubarb-chickadee,2083350770204713363,3433022621,true,
2083449785478967637,1785568112140,diligent-brook-thrasher,2083432778579034431,1276825208679043075,true,
2083450144851157392,1785568197821,agile-sun-thrush,2083293958528999436,341550199,true,
2083450374547992893,1785568252586,inventive-lychee-swift,,,,
2083450472942243913,1785568276045,celebrated-ocean-seagull,2083356281176289332,,true,
2083450593381609603,1785568304759,faithful-highland-bittern,2083075343729172523,745708855481425920,false,
2083450955383660574,1785568391067,cheery-nutmeg-towhee,2083105224042905861,1185685551489441798,true,
2083450966154616914,1785568393636,great-mountain-brushturkey,2083291165416431882,1572242183767441411,true,
2083451389259153794,1785568494511,yielding-juniper-ibis,2083301063721882110,1269867105794568194,false,
2083451499699450025,1785568520843,zappy-winter-thicketbird,2083322759933833560,1651386864316579843,true,
2083451565336105319,1785568536491,neighborly-rhubarb-chickadee,,,,
2083451810170221037,1785568594865,diligent-brook-thrasher,,,,
2083451939702903193,1785568625747,zappy-winter-thicketbird,2083220496250757466,1621160970432151553,true,
2083451941724574201,1785568626229,celebrated-ocean-seagull,2083220496250757466,1621160970432151553,true,
2083452224051572883,1785568693541,cheery-nutmeg-towhee,2083332273663824263,1215041053906153474,true,
2083452231467122802,1785568695309,neighborly-rhubarb-chickadee,2083280979896996021,568171398,true,
2083452546467991778,1785568770412,funny-holly-peacock,2083291362376446118,1396753556158533633,true,
2083452703066513559,1785568807747,gracious-honeydew-pitohui,2083223868786016390,1169573577454055424,true,
2083452721261425109,1785568812085,encouraging-sky-towhee,2082636360733876585,176703939,true,
2083452959841735102,1785568868968,chirpy-rock-wheatear,2083387392430625133,197324023,true,
2083453081547579664,1785568897984,diligent-brook-thrasher,2083369735475900454,14436030,true,
2083453083472789773,1785568898443,great-mountain-brushturkey,2083369735475900454,14436030,true,
2083453105744855417,1785568903753,jubilant-rainforest-shorebird,2083434114666074283,2075506257939804161,true,
2083453368635191536,1785568966431,pioneering-roots-quail,2083257029775245652,1594871021978652673,true,
2083453414072357064,1785568977264,inventive-lychee-swift,2083382202138825106,764955412646891520,true,true
2083453565138334062,1785569013281,passionate-peat-egret,2083147824808476925,1591410694255157248,false,
2083453685296722270,1785569041930,assuring-maple-chickadee,2083228160305619243,21023210,false,false
2083453991954870373,1785569115042,amiable-rose-siskin,2083271502338703582,34713362,true,
2083454075970945142,1785569135073,approachable-oak-parakeet,2083140918303969742,1702947846645833728,true,
2083454144439001310,1785569151397,lovable-watermelon-hummingbird,2083446124770455657,,true,
2083454178215534826,1785569159450,neighborly-rhubarb-chickadee,,,,
2083454241515991110,1785569174542,diligent-brook-thrasher,2083236465577009415,2025552531334770689,true,
2083454310751358998,1785569191049,celebrated-ocean-seagull,2083434114666074283,2075506257939804161,true,
2083454387213484323,1785569381763,cosmic-root-grackle,2081329170102055161,459427387,true,
2083454498454823417,1785569235802,strong-horseradish-owl,2083099429825806655,2025502062016946177,true,
2083454704881750198,1785569285017,gregarious-raspberry-raven,2083273730617225549,,false,
2083454960235131151,1785569345899,wholesome-raspberry-stilt,2083280751521309169,1586041056692412416,true,
2083454966627205205,1785569347422,wholesome-raspberry-stilt,2083365135482052990,1367209793686036482,true,false
2083454973216473414,1785569348993,wholesome-raspberry-stilt,2083152237375713551,1959693678563471361,true,
2083455112694116425,1785569382248,stellar-star-crake,2083403312020554108,1978699765727596544,true,
2083455619701342484,1785569503127,comforting-hill-guillemot,2081072593222963350,1456323703281954817,false,
2083455674025943509,1785569516080,committed-leaf-thrasher,2082919805728727514,8973062,true,
2083456204739613134,1785569642611,strong-jacaranda-gull,2082829279960949000,1271072166646169600,true,
2083456508445041051,1785569715021,witty-peachtree-tailorbird,2083210443342983249,1494336398211485698,true,
2083456511565603318,1785569715764,sincere-evergreen-cockatoo,2082026980975796242,2005841749248520192,true,
2083456588933685655,1785569734210,cheery-nutmeg-towhee,2083230115438186851,1759729861394870272,true,
2083456713936499180,1785569764013,great-mountain-brushturkey,2083287876675027235,1623932676473225218,true,
2083456754919096586,1785569991434,cosmic-root-grackle,2082742168750342619,2835653131,false,
2083456755611074676,1785569773949,charitable-desert-kingbird,2083106327014838625,2352094645,true,
2083456793972547693,1785569783095,innovative-cliff-pigeon,2083341093203271831,1432805757573943297,true,
2083456816483074086,1785569788462,zappy-winter-thicketbird,2083282224275939682,1618928665273962497,true,
2083456892425105592,1785569806569,festive-meadow-flamingo,2083366149517930939,,true,
2083456954530177172,1785569821376,comforting-hill-guillemot,2083289465959702677,2041946282143432705,false,
2083456966962336188,1785569824340,astute-moon-lorikeet,2083198621336600671,758216347486720000,true,
2083456990869676115,1785569830040,agreeable-peat-penguin,2083372740271280599,432990415,true,
2083457023673237880,1785569837860,contemporary-cedar-lorikeet,2083282313496989933,111556576,true,
2083457126324682910,1785569862334,bubbly-elm-hoopoe,2083302784334545239,105082141,true,
2083457248177881430,1785569891387,spectacular-plum-swift,2083065040815694031,2560450057,true,
2083457371897237898,1785569920884,playful-samba-parrot,2082783490219946219,390655363,true,
2083457450817024352,1785569939699,hypersonic-blossom-goose,2083282313496989933,111556576,false,
2083457475282366524,1785569945532,adventurous-kiwi-owl,2083291340645826587,1744338970186600448,true,
2083457728773513631,1785570005969,mighty-harvest-jacana,2083172046545285366,245147544,true,
2083457828715454847,1785570029798,supreme-willow-quetzal,2083450315257303334,19017675,true,
2083458025814102055,1785570076789,magical-lime-goldfinch,2083418119049986318,1653329723101937669,true,
2083458087172591750,1785570091419,celebrated-ocean-seagull,2083450263784886449,1369576026808942597,true,
2083458226167964100,1785570124558,impeccable-cove-sandgrouse,2082949729793757625,935142655213703168,true,
2083458349853499749,1785570154046,cool-sequoia-crane,2083280751521309169,1586041056692412416,true,true
2083458600878399688,1785570213895,eager-hazelnut-siskin,2083339807204200660,,true,
2083458601272713352,1785570366131,cosmic-root-grackle,2083339807204200660,,false,
2083459293853204563,1785570379113,,,,,
2083459301419389258,1785570380918,neighborly-rhubarb-chickadee,2083295644580499908,2037127642936418304,true,
2083459401911033912,1785570650221,cosmic-root-grackle,2083245431769989598,18839785,false,
2083459507850449350,1785570430134,diligent-brook-thrasher,,,,
2083459568714010896,1785570444646,celebrated-ocean-seagull,2083221398651040023,1761553322698256384,true,
2083459911455768702,1785570526361,supreme-pine-stork,2083321672795578446,1525305912155459584,true,
2083459997732651062,1785570546932,fancy-rain-duck,2083179568190386209,1691961102689878016,true,
2083460021032034755,1785570552487,heroic-foothill-shorebird,2082739812604244190,1324397007923011586,true,
2083460334182948908,1785570627147,cheery-nutmeg-towhee,2083384342487957830,,true,
2083460600999383513,1785570690761,charitable-desert-kingbird,1800472635651866805,2825772353,true,
2083460604417675384,1785570691577,amazing-sea-swan,2083452979869286598,35174708,true,
2083460652819943541,1785570703117,cheery-nutmeg-towhee,2083180442354868713,776950825981661184,true,
2083460696210104659,1785570713461,great-mountain-brushturkey,2083385837761487261,1490643067493560323,true,
2083460937055351003,1785570770884,great-mountain-brushturkey,2083303416067957210,1277594966705963009,true,
2083460975475539969,1785570780043,worthy-nectarine-sunbird,2083080699943559351,2053118492350795776,true,
2083461002843045895,1785570786569,mesmerizing-tomato-thrush,2082810256812310758,1849500209488752640,false,
2083461180622807523,1785570828954,zappy-winter-thicketbird,2083413686467641381,1441477999040270338,true,
2083461264722800778,1785570849005,grateful-wildflower-puffbird,2083265409365561739,3062955261,true,
2083461378560364973,1785570876146,alpine-garden-ibis,2083320478392107342,,true,true
2083461438702793199,1785570890485,sociable-fern-warbler,2082861027545514081,1279621416178970624,true,
2083461491693400470,1785570903120,kind-valley-sunbird,2083098567502086433,28822067,true,
2083461516309774394,1785570908989,extraordinary-lowland-parrot,2083156757585469720,528674835,true,
2083461599587611064,1785570928844,neighborly-rhubarb-chickadee,2083398428805963852,2083392801744510976,true,
2083461634803085503,1785570937240,nice-maple-falcon,2082907211651580316,29442313,true,
2083461641056719142,1785570938730,classy-tigerwood-nightingale,2083159341188956545,1268299521219391488,false,
2083462037837951046,1785571033330,neighborly-rhubarb-chickadee,2083436246236369327,1503739729421950978,true,
2083462369586327607,1785571112425,diligent-brook-thrasher,2083459766710317330,629698642,true,
2083462779122430330,1785571210066,wholesome-raspberry-stilt,2083249183436226951,2027843808139087875,true,
2083462865806381191,1785571781502,cosmic-root-grackle,2083128165715607922,1583448502096502788,true,
2083462870122050026,1785571231763,celebrated-ocean-seagull,2083405756817399830,1290232310059552768,true,
2083462945099694460,1785571249638,joyous-tree-grassbird,2083256378043564201,,true,
2083463287966933162,1785571331384,cheery-nutmeg-towhee,2083254568302125166,1983060304826429440,true,
2083463411996778664,1785571360955,diligent-brook-thrasher,2083447872515719596,2012458872435314688,true,
2083463519446725046,1785571386574,easygoing-island-parrotlet,2083450263784886449,1369576026808942597,true,
2083463589294157936,1785571403227,altruistic-cashew-francolin,2083424376536404324,60886384,true,
2083463636035522894,1785571414371,supreme-willow-quetzal,2083452678483358123,16683666,true,
2083463676380475753,1785571423990,playful-petal-shearwater,2083221770769690920,1672573408595308544,true,
2083463695858839762,1785572053388,cosmic-root-grackle,2083371163196297381,555638028,true,
2083463806689456617,1785571455058,knowledgeable-elm-penguin,2083353887659196477,1660572563008000000,true,true
2083464063070490802,1785571516184,careful-tree-kookaburra,2083103263122227325,,true,
2083464173431017773,1785571542495,great-star-puffbird,2083378868635963870,1542872731342974976,true,
2083464269157265903,1785571565318,famous-kelp-warbler,2083220723951145013,2955315479,true,
2083464319048585258,1785571577213,celebrated-ocean-seagull,2083293207061016958,776460131722756100,true,
2083464428998238659,1785571603428,devoted-mulberry-duck,2083211915824644208,1307971720159035397,true,
2083464492843954642,1785571618649,chirpy-ice-grebe,2083235748829131082,1099056786013712385,true,
2083464569469771994,1785571636919,exceptional-canyon-piculet,2083122735002304708,1083438237006188551,false,
2083464847228797428,1785571703142,encouraging-highland-catbird,2083034836097192096,44196397,false,
2083464868531712301,1785571708220,loyal-twig-spurfowl,2083329451723825367,735278690,true,
2083465068683870482,1785571755940,benevolent-riverbank-finch,2083173259231601110,2830130933,true,
2083465103731548462,1785571764296,brawny-shoreline-puffin,2083452324379328886,1359418375076773888,true,
2083465243498250494,1785571797619,cheery-nutmeg-towhee,2083099733330133347,,true,
2083465324267983291,1785571816877,great-mountain-brushturkey,,,,
2083465565310488659,1785571874346,careful-highland-parrot,2083265409365561739,3062955261,true,
2083465654800138467,1785571895681,zappy-winter-thicketbird,2083405242977120276,1580632039501565957,true,
2083465689117888744,1785571903864,neighborly-rhubarb-chickadee,2083223785613021674,1823003367846957056,true,
2083465725537104196,1785571912546,diligent-brook-thrasher,2083442469996548299,1811520128254902276,true,
2083466172704473401,1785572019159,great-mountain-brushturkey,2083298483201593529,2018267764603883520,true,
2083466530176840039,1785572104387,jubilant-rainforest-shorebird,2083445506479669261,2075506257939804161,true,
2083466548396663191,1785572108731,felicitous-pine-finch,2083142215770017792,1639325356439089152,true,
2083466604017582492,1785572121992,effervescent-reef-cotinga,2083055746237727017,2021105954776023040,true,
2083466948570984545,1785572204140,cosmic-cashew-waxbill,2082867282238218565,832243923846328320,true,
2083467187923067364,1785572261206,safe-granite-partridge,2083278991147061271,716634913487847425,true,
2083467253018759639,1785572276727,celebrated-ocean-seagull,2083196201193832658,2018469652888977408,true,
2083467259515646204,1785572278276,groovy-fern-warbler,2081995122057556013,1353639721038209025,true,
2083467521038926041,1785572340628,famous-peppermint-shearwater,2083167781508239523,1816510118202380288,true,
2083467816372461978,1785572411040,cheery-nutmeg-towhee,2083457001288614007,,true,true
2083467951106052284,1785572443164,zappy-winter-thicketbird,2083383244565987822,1457884439586144256,true,
2083468006659600539,1785572456408,neighborly-rhubarb-chickadee,2083245873606045947,3402184198,true,
2083468029426368827,1785572461836,diligent-brook-thrasher,2083342268874797458,819866529835663360,true,
2083468046320955533,1785572465864,zappy-winter-thicketbird,2083015793470754835,4108317575,true,
2083468550157799664,1785572585988,enthralling-cherry-owl,2082810949195731261,1643904428662226944,true,
2083468770773733698,1785572638588,valorous-meadow-pitohui,2082491431298441260,18093097,true,
2083469122449342956,1785572722433,celebrated-ocean-seagull,2083306857720848775,1648083036678782977,true,true
2083469156968538501,1785572730663,cheery-nutmeg-towhee,2083441052174701010,1504514285678084097,true,
2083469225465712920,1785572947853,cosmic-root-grackle,2083145665517855027,56700135,false,
2083469290724880681,1785572762553,great-mountain-brushturkey,2083130514077257773,2063933108328828928,true,
2083469296110325954,1785572763838,zappy-winter-thicketbird,2083235015496802447,1913404601467908096,true,
2083469478176702819,1785572807245,neighborly-rhubarb-chickadee,2083190109352931787,,true,
2083469667138486743,1785573400488,cosmic-root-grackle,2083228697142976525,56700135,false,
2083469720947142946,1785572865126,diligent-brook-thrasher,2083218417448874200,1945080612873703424,true,
2083469738278060401,1785572869258,calm-cliff-flamingo,2083200356255699384,3334888083,true,
2083469980289356280,1785572926959,valiant-forest-goshawk,2083106151734939738,5402612,true,
2083470065593188778,1785572947297,celebrated-ocean-seagull,2083165869132349564,2912555030,true,
2083470206677000646,1785572980933,cheery-nutmeg-towhee,2083236465577009415,2025552531334770689,true,
2083470469349462411,1785573043560,great-mountain-brushturkey,2083217308135100541,1632177761786769411,true,
2083470539163639948,1785573060204,zappy-winter-thicketbird,2083326603547861254,42626710,true,
2083470745338888682,1785573109360,resilient-foothill-nighthawk,2083383127960178837,1241376995176411137,true,
2083470781787373643,1785573118050,contemporary-seedlings-songlark,2082969931227013612,869526979619561480,true,
2083470851085922784,1785573134572,hypersonic-orchard-tinamou,2082331201319452813,1015748022800564224,true,
2083470900465373393,1785573146345,playful-pecan-softbill,2083063113692463398,1437740849488547846,true,
2083471418751172809,1785573269914,smart-ocean-meadowlark,2083269777364062311,256218292,true,
2083471820318015515,1785573365655,neighborly-rhubarb-chickadee,2083393585395732486,1746694144829927424,true,
2083471836382454226,1785573369485,ecstatic-moonlight-egret,2083386519482744872,1776819549616427008,true,true
2083472029156548655,1785573415446,neighborly-rhubarb-chickadee,,,,
2083472120550678877,1785573437236,expressive-marble-duck,2083419578508738923,1234118379117563904,true,
2083472243795832928,1785574054662,cosmic-root-grackle,2082347765607416285,1292854898397257729,false,
2083472322342903912,1785573485347,smart-isle-catbird,2083367190317895762,,true,
2083472374104563924,1785573497688,tectonic-marble-antwren,2083219998961549811,80820758,false,
2083472492824305876,1785573525993,jolly-meadow-eagle,2083456133449077208,319754733,true,
2083472843208118575,1785573609531,noble-freshwater-shearwater,2083273154135245287,1499400284,true,
2083473135945351446,1785573679325,diligent-brook-thrasher,,,,
2083473144212341189,1785573681297,celebrated-ocean-seagull,2083376443380347152,1616987474718494720,true,
2083473171752337770,1785573687862,smart-isle-catbird,2083434114666074283,2075506257939804161,true,
2083473219156140495,1785573699164,bright-garden-turkey,2083241902644568096,1204730741185273856,false,
2083473233010213187,1785573702467,hypersonic-coast-crow,2080317074262438073,4894231615,false,
2083473323317440698,1785573723999,energetic-canopy-stork,2083315299693072389,1431361042890858503,true,true
2083473340618969099,1785573728123,safe-granite-partridge,2083267277764358164,1161808708315336704,true,
2083473507506155568,1785573767912,cheery-nutmeg-towhee,,,,
2083473509460947103,1785573768378,impeccable-mulberry-swift,2083436565410226507,795188519115358208,true,
2083473591425700139,1785573787920,noble-freshwater-shearwater,2083211730763591899,1499400284,true,
2083473802135306264,1785574029490,cosmic-root-grackle,2072350341253746899,1601768561650941954,false,
2083473891985424493,1785573859580,charismatic-peppermint-falcon,2083123333814460485,710949102733885440,true,
2083474078069915843,1785573903945,great-mountain-brushturkey,2083024254942269545,291921816,true,
2083474088090030493,1785573906334,committed-leaf-thrasher,2083450315257303334,19017675,false,
2083474127688528023,1785573915775,profound-persimmon-wader,2083224353328472230,,true,
2083474279941931405,1785573952075,likable-apricot-bunting,2083164774578434065,1449757144014675968,true,
2083474295985189357,1785573955901,smart-isle-catbird,2083233929138688253,,true,
2083474320983048665,1785573961860,zappy-winter-thicketbird,,,,
2083474420912558224,1785573985685,captivating-redwood-songlark,2083033743925862588,401294009,true,
2083474485521322049,1785574001090,neighborly-rhubarb-chickadee,2083469330717536441,1985121042155687936,true,
2083474552483725705,1785574017054,dependable-strawberry-antwren,2083149333202112908,369475378,true,
2083474572767051794,1785574021890,diligent-brook-thrasher,2083309967885431084,1501524688471740417,true,
2083474617243431270,1785574032494,diligent-brook-thrasher,2083353024551174568,1128849543238258688,true,
2083474793945239967,1785574074623,pleasant-olive-tern,2082968903957770527,45139191,false,false
2083474850522214720,1785574088112,fancy-rain-duck,2083077984571863275,2194243029,true,
2083474893488685135,1785574098356,eager-fir-wigeon,2083231937133768861,2069079032986226688,true,
2083474905421492242,1785574101201,celebrated-ocean-seagull,2083310167345500470,1733458492445392896,true,
2083474933397467373,1785574107871,majestic-water-bushlark,2083273154135245287,1499400284,true,
2083474948996169967,1785574111590,chirpy-hill-murrelet,2069553826705616913,21434408,true,
2083475378857812104,1785574214078,witty-field-citril,2083290880492843314,36889519,true,true
2083475431097876777,1785574226532,remarkable-freshwater-swan,2083166532205469745,1349364644,true,
2083475544172355628,1785574253491,nestling-evergreen-emu,2083464748860080521,2066697866824065024,true,
2083475766344303005,1785574306462,thrilled-star-lovebird,2083358821804888366,,true,
2083475780139438123,1785574309750,cheery-nutmeg-towhee,,,,
2083476096100827618,1785574385081,nestling-evergreen-emu,2083464788366291146,2066697866824065024,true,
2083477152293662879,1785574636898,whimsical-boulder-cuckoo,2083205103687987624,1109163883082637312,true,
2083477318719173109,1785574676576,diligent-brook-thrasher,2083214737450684889,2075506257939804161,true,
2083477360171446557,1785574686460,celebrated-ocean-seagull,2083213025557856762,237923320,true,
2083477382187344364,1785574691708,cheery-nutmeg-towhee,2083347730198417832,1997668405810532353,true,
2083477595757109743,1785574742627,great-mountain-brushturkey,2083209614527431135,1998612400996823040,true,
2083477623712223709,1785575060300,cosmic-root-grackle,2006537246628069598,1855390087472893952,true,
2083477648458522693,1785574755193,majestic-water-bushlark,2083226160687624598,92849144,true,
2083477856034955434,1785574804682,charismatic-lime-drongo,2083399809101394022,799911790398373888,true,
2083477923575501270,1785574820786,zappy-winter-thicketbird,2083195193591750661,1664339656198987799,true,
2083477992391704648,1785575392536,cosmic-root-grackle,2083228697142976525,56700135,false,
2083478256397746661,1785574900136,neighborly-rhubarb-chickadee,,,,
2083478271614943549,1785574903764,fascinating-dogwood-treepie,2083252254258483327,115887279,false,
2083478393132085724,1785574932736,spunky-sandalwood-grouse,2083170814468469100,1386417540331606026,false,
2083478571658440743,1785574975301,expressive-cactus-tern,2083105942699180168,1830919033425743873,true,
2083478729716560298,1785575012985,diligent-brook-thrasher,,,,
2083479076937814277,1785575095768,doughty-peanut-lory,2083242353217925196,1714633928768696321,true,
2083479340617183451,1785575158635,eager-lumber-seabird,2083398912321450078,1461605451724775424,true,
2083479422166786126,1785575178077,brainy-coconut-cuckoo,2083220806935470225,15207668,true,
2083479434611626270,1785575761056,cosmic-root-grackle,2082972759274254346,1308194662537019392,false,
2083479693789999258,1785575242838,tectonic-coral-murrelet,2083214255675908195,1625843518643085312,true,
2083479694544932932,1785575243017,celebrated-ocean-seagull,2083055746237727017,2021105954776023040,true,
2083480459124646038,1785575425307,great-mountain-brushturkey,2083478517728088523,3324689194,true,
2083480491588526228,1785575433048,zappy-winter-thicketbird,2083336765306192150,1545435665558654976,true,
2083480534265504085,1785575443222,neighborly-rhubarb-chickadee,2083424691742466050,1627366217437544449,true,
2083480700737503543,1785575482913,miraculous-leaf-kingfisher,2083420395303063988,1261823515,true,
2083480855163576352,1785575519730,masterful-moon-blackbird,2083403312020554108,1978699765727596544,true,
2083481313252712703,1785575628947,revered-sequoia-sunbird,2083340391495925913,1544450553014624256,true,
2083481605297877499,1785575698577,exceptional-redwood-grebe,2083467501099262320,2029459609811836928,true,
2083481684842860869,1785575717542,electric-vine-egret,2083277086815326367,27270779,true,
2083481960324993350,1785575783221,valiant-garden-hoopoe,2083179922131165395,90540453,false,
2083482052637172000,1785575805231,diligent-brook-thrasher,2083478039745220867,1597767604998922241,true,
2083482062258901288,1785575807524,memorable-seashore-bulbul,2082955718743761002,44196397,true,
2083482468125208729,1785576147004,cosmic-root-grackle,2083373313364009102,878247600096509952,true,false
2083482561175539803,1785575926475,celebrated-ocean-seagull,2083418530301780039,2075506257939804161,true,
2083482586794316213,1785575932583,cheery-nutmeg-towhee,2083205733559005415,1357348037304045569,true,
2083482705136582701,1785575960799,breathtaking-horseradish-dipper,2083244248195817883,1417831210290659336,true,
2083482753861857308,1785575972415,great-mountain-brushturkey,2083372240436117646,2079952349762854912,true,
2083482788867498200,1785575980762,worthy-elm-chickadee,2083246606841967036,,true,
2083482841816449522,1785575993385,distinguished-spruce-troupial,2083245890618183858,,true,
2083483065343754558,1785576046679,wholesome-blossom-finfoot,2083292938713374726,1462545496900349953,true,
2083483098482692152,1785576054580,bubbly-summer-goose,2083339262959751513,,true,
2083483304851087486,1785576103781,astute-banana-puffleg,2083479360535986561,2054074358679916544,true,
2083483497532891314,1785576149721,zappy-winter-thicketbird,2083425251225223580,1758737546576625664,true,
2083483519100113342,1785576154863,neighborly-rhubarb-chickadee,2083318913291477421,,true,
2083483543070761444,1785576313268,cosmic-root-grackle,2083429313597071824,2056717284610048000,true,
2083483551362674708,1785576162554,memorable-seashore-bulbul,2083077201461711135,217749896,true,
2083483651908436413,1785576186526,diligent-brook-thrasher,2083277086815326367,27270779,true,
2083483788407894459,1785576219071,celebrated-ocean-seagull,2083471737220411651,1397695783047254018,true,
2083484048756818218,1785576281142,energizing-autumn-peacock,2083271477785161736,1784146977967525888,true,
2083484222359044320,1785576322532,zestful-melon-owl,2083175540882620538,1891096312944250880,true,true
2083484703223361926,1785576437179,celebrated-ocean-seagull,2083459937468887292,1583174212461924352,true,
2083484856076689753,1785576473623,faithful-redwood-jacana,2082845609820844217,2049786790723137536,true,
2083484867904291132,1785576681087,cosmic-root-grackle,2083319058192318706,54716387,true,
2083484940969353723,1785576493862,marvelous-strawberry-cuckoo,2083457703054069816,954095616631738369,true,
2083485029733126183,1785576515025,tropical-bamboo-albatross,2083277435336884324,,true,
2083485035542331820,1785576516410,cheery-nutmeg-towhee,2083308167182848012,62204788,true,
2083485315570757808,1785576583174,expressive-moonlight-kingfisher,2082877003267461226,10671602,true,
2083485399524004234,1785576603190,noble-mint-stilt,2083179698339598477,379718466,false,
2083485490339049642,1785576624842,convivial-seedling-finch,2083332184312545554,1249148165112160257,true,
2083485720614727752,1785576679744,cheery-nutmeg-towhee,2083467682418934117,269834386,true,
2083485722762187087,1785576680256,great-mountain-brushturkey,,,,
2083485725069291715,1785576680810,zesty-lumber-bulbul,2083359181487362549,780440592752922624,true,
2083485755213590981,1785576687993,zappy-winter-thicketbird,2083145323225002078,30633434,true,true
2083485799379517937,1785576698524,committed-spring-junco,2083124027602632967,143779403,false,false
2083485985338442207,1785576742859,encouraging-sky-towhee,2080886260676096056,1201151661822996480,true,
2083486342604861554,1785576828038,noble-freshwater-shearwater,2083261041249579326,87886754,true,
2083486554551386280,1785576878570,motivating-poplar-falcon,2083305408651989158,,true,
2083486565242900635,1785576997743,cosmic-root-grackle,2083446128360526306,1261335549215989760,false,
2083486676383404421,1785576907617,expressive-moonlight-kingfisher,2083311389058469993,22841103,true,false
2083486835121004799,1785576945464,pioneering-wind-warbler,2083167215315247236,1875944626848403456,true,
2083486984396308727,1785576981054,yielding-banana-cacholote,2083225202163331284,2434191967,true,
2083487022715453711,1785576990189,neighborly-rhubarb-chickadee,2083462687623901260,711694309,true,false
2083487196284121581,1785577031571,diligent-brook-thrasher,2083340005599224052,1525919360413380608,true,
2083487317373714502,1785577060442,great-mountain-brushturkey,2083389706490818631,90954365,true,
2083487589567225919,1785577125338,miraculous-tide-wren,2083024670706815240,1552210520081842177,true,
2083487681447952629,1785577147243,frank-spruce-lovebird,2083209734581067929,1868393252040343552,true,false
2083488038596804827,1785577232395,unique-twig-drongo,2083279401072951714,1779667348707799040,false,
2083488075624092068,1785577241222,celebrated-ocean-seagull,2083446128360526306,1261335549215989760,true,true
2083488311633482072,1785577297491,safe-lime-kite,2083115584095424688,1595156393153142785,true,
2083488427266203798,1785577325060,cheery-nutmeg-towhee,2083131864588681436,2048714359199895552,true,
2083488491036352520,1785577340264,safe-granite-partridge,2083469470882750651,1701448480500113408,true,
2083488567146184966,1785577358410,great-mountain-brushturkey,2083330972351668641,2033927161560895488,true,
2083488726265606257,1785577396348,zappy-winter-thicketbird,2083479747690958932,1318783690424512514,true,
2083488785065464184,1785577410367,neighborly-rhubarb-chickadee,2083354935404421249,,true,
2083488842149994604,1785577423977,diligent-brook-thrasher,,,,
2083489021334781994,1785577466697,celebrated-ocean-seagull,,,,
2083489061587628050,1785577476294,upstanding-freshwater-parrot,2082812129267028248,1146329871418843136,true,
2083489137827389822,1785577494471,valorous-plum-peacock,2083424548846764039,1225048326850129922,true,
2083489301854147020,1785577533578,majestic-water-bushlark,2083225032474366078,1573789914298257409,true,
2083489371768992068,1785577550247,cheery-nutmeg-towhee,,,,
2083489497438633987,1785577580209,great-mountain-brushturkey,2083221146812690784,1453379263176929284,true,
2083489533270663669,1785577588752,inspired-cherry-tailorbird,2082850673373196377,374699026,false,
2083489752884633945,1785577641112,fearless-flower-pipit,2083136841893691408,30201110,true,
2083489793908912194,1785577650894,zappy-winter-thicketbird,2083149333202112908,369475378,true,
2083489840792809546,1785577662071,neighborly-rhubarb-chickadee,2083480746300469514,2075506257939804161,true,
2083489891329970360,1785577674120,noble-freshwater-shearwater,2083115855848652936,537709549,true,
2083490186734788725,1785577744550,humble-reef-hillstar,2083145649436914105,3324689194,false,
2083490383745405185,1785577791521,expressive-bonsai-firefinch,2083164795977519489,1493119314274230274,true,true
2083490644404719686,1785577853667,beautiful-garden-bushlark,2083265409365561739,3062955261,false,
2083490827880247368,1785577897411,charismatic-freshwater-snowfinch,2083273154135245287,1499400284,false,
2083490937892659424,1785577923640,diligent-brook-thrasher,2083340358541525100,1969434696758280193,true,
2083491023540376049,1785577944060,zappy-winter-thicketbird,2083479302553874667,2075506257939804161,true,
2083491025876574377,1785577944618,celebrated-ocean-seagull,2083479302553874667,2075506257939804161,true,
2083491530057154655,1785578064823,cheery-nutmeg-towhee,2083259881667375370,1794789481104420865,true,
2083491574609035605,1785578075445,exceptional-granite-firefinch,2083460122601197902,1825861781161439232,true,
2083491682100686903,1785578101074,great-mountain-brushturkey,2083353024551174568,1128849543238258688,true,
2083491695027437949,1785578104156,zappy-winter-thicketbird,,,,
2083492090600624376,1785578198467,neighborly-rhubarb-chickadee,2083253169732354446,573295531,true,
2083492140907135322,1785578210461,diligent-brook-thrasher,2083292334318563784,1606305910594600961,true,
2083492212143243566,1785578227446,celebrated-ocean-seagull,2083167215315247236,1875944626848403456,true,
2083492243302719932,1785578234874,cheery-nutmeg-towhee,,,,false
2083492344167346297,1785578258922,great-mountain-brushturkey,2083324422727798832,2035894944834244608,true,
2083492447233900668,1785578283496,zappy-winter-thicketbird,2083244139429478833,2040435702706708480,true,
2083492477969838081,1785578290823,neighborly-rhubarb-chickadee,2083329952980599147,,true,
2083492521284342106,1785578301151,helpful-spruce-curassow,2083436295976607812,,true,
2083492596869951802,1785578319172,diligent-brook-thrasher,,,,
2083492697927496037,1785578343265,majestic-summer-flycatcher,2083129440704274811,1924800790545182721,true,
2083493269028389186,1785578479427,,,,,
2083493375458590990,1785578504801,celebrated-ocean-seagull,2083481627271778781,1979546290380820480,true,
2083493383020933431,1785578506605,explorative-rainfall-junco,2082866481063489907,,true,
2083493426775879904,1785578517036,entrancing-iceberg-crane,2083446645245538772,2011338420317274112,true,
2083493625279680630,1785578564363,cheery-nutmeg-towhee,2083170203748159909,1720532617492074496,true,
2083493678698364946,1785578577100,neighborly-rhubarb-chickadee,2083213025557856762,237923320,true,
2083493689394159893,1785578579649,discerning-sky-mallard,2082824331563090036,523195492,true,
2083493817907577295,1785578798112,cosmic-root-grackle,2083208731702047152,1249148165112160257,true,
2083493999520756201,1785578653589,exceptional-nutmeg-pigeon,2083283608182153373,1281356403194699776,true,
2083494202462155043,1785578701974,expressive-bonsai-firefinch,2083119880992141313,1877002946271121408,true,
2083494498768691337,1785578772620,winning-grass-cormorant,2083206744163951046,801203059359678464,false,
2083494524588838918,1785578778775,doughty-peanut-lory,2083210668669382995,1519988395870720001,true,
2083494560383025428,1785578787309,lovely-samba-firefinch,2083480564766834888,930812934,true,
2083494668403134488,1785578813064,tropical-lagoon-wren,2082966936355553535,1754307711658016768,true,true
2083494672920437060,1785578814140,fancy-rain-duck,2083261041249579326,87886754,true,
2083494751911784899,1785578832973,great-mountain-brushturkey,2083492360197935217,1745136010848071680,true,
2083494766038094290,1785578836341,meticulous-melon-flameback,2083433626469908726,1023170714654916608,true,true
2083494804713869412,1785578845562,zappy-winter-thicketbird,2083231320801726644,843444160900337665,true,
2083495039347433910,1785578901504,insightful-lychee-crane,2083344006491103716,1189289998526402561,true,
2083495148475044221,1785578927521,charismatic-sand-meadowlark,2083468777812041784,88846085,true,
2083495748365352972,1785579070546,fast-valley-robin,2083491930458185741,88846085,true,
2083495854556545060,1785579095865,neighborly-rhubarb-chickadee,2083206061096673304,2044414907349700610,true,
2083495931010298128,1785579114093,striking-ridge-grackle,,,,
2083495952988430656,1785579119332,hip-holly-puffbird,2083451317045940508,105082141,true,
2083496018092372425,1785579134854,diligent-brook-thrasher,,,,
2083496102339494309,1785579154940,effervescent-acorns-blackbird,2083292868731396441,70468535,true,
2083496466035933610,1785579241653,brave-acorns-swan,2082460427821502744,939222089831088129,true,
2083496609589911772,1785579275878,fun-persimmon-antwren,2083247962524676112,1347928939461804035,true,
2083497007931417082,1785579370850,diligent-brook-thrasher,2083484028343095305,1544085788115312642,true,
2083497263876231339,1785579431873,inventive-sunlight-crane,2083326056954523836,1372638110912241665,false,false
2083497271665078619,1785579433730,celebrated-ocean-seagull,2083435070648377395,1316775434680492033,true,
2083497458751926749,1785579478334,majestic-water-bushlark,2083077984571863275,2194243029,true,
2083498347550179585,1785579690240,gregarious-mountain-albatross,2083245126122422697,130537001,true,
2083498363459162188,1785579694033,cheery-nutmeg-towhee,2083182164254842935,818472661,true,
2083498567734333643,1785579742736,great-mountain-brushturkey,,,,
2083498574579438022,1785579744369,zappy-winter-thicketbird,2083439436680065060,1879046016529502208,true,
2083498581206692147,1785579745948,sunny-cactus-shearwater,2083136947644748077,1507329477902483460,false,
2083498686647046248,1785579771087,celebrated-ocean-seagull,2083401887508824065,1559397315042955264,true,
2083498878683197782,1785580357933,cosmic-root-grackle,2083278276517306871,2055572419952140288,true,
2083499190479691919,1785579891210,upbeat-wind-kookaburra,2083419650755609050,2392992996,true,
2083499414849520091,1785579944704,philosophical-spring-duck,2083124813636264421,1808318369226952704,true,
2083499699336511649,1785580012531,terrific-walnut-egret,2083246466282479872,435386502,true,
2083499708002037940,1785580014598,neighborly-rhubarb-chickadee,,,,
2083499818123399543,1785580040852,creative-grapefruit-hummingbird,2083291362376446118,1396753556158533633,true,
2083499833957007377,1785580044627,temperate-aspen-albatross,2082762131125023044,1024255581136322561,true,
2083499846506528837,1785580047619,impeccable-cove-raven,2082821561917354442,,true,true
2083500318441291965,1785580258855,cosmic-root-grackle,2083291362376446118,1396753556158533633,true,true
2083500615641018439,1785580230995,explorative-clay-flameback,2083335074158612587,2724602536,true,
2083500659328819614,1785580241411,diligent-brook-thrasher,2083396041513312496,1449826891825774592,true,
2083500690916413863,1785580248942,wholesome-raspberry-stilt,2083450315257303334,19017675,true,
2083500699577725404,1785580251008,wholesome-raspberry-stilt,2083101145971425587,1055025944744878081,true,
2083500704984125640,1785580252297,wholesome-raspberry-stilt,2083208371113484600,1528943647185678336,true,
2083500947464946055,1785580435129,cosmic-root-grackle,2083498771728535813,1320832971599990790,true,
2083500997108994361,1785580321944,brave-island-pheasant,2083307339193438330,18166778,true,
2083501026959618544,1785580329061,celebrated-ocean-seagull,2083249376059871615,2077806254609850368,true,
2083501111445487648,1785580349204,cheery-nutmeg-towhee,,,,
2083501517433098740,1785580445999,cheery-nutmeg-towhee,,,,
2083501522357248236,1785580447173,great-mountain-brushturkey,2083327801495888309,1254475303289683968,true,
2083501729472032802,1785580496554,terrific-honeydew-wheatear,2083244491926905279,1511074777708085258,true,
2083501918073065898,1785580541519,knowledgeable-holly-crimsonwing,2082839963838623854,100250921,true,
2083502027129180582,1785580567520,zappy-winter-thicketbird,2083172046545285366,245147544,true,
2083502029675114934,1785580568127,great-mountain-brushturkey,2083172046545285366,245147544,true,
2083502263906218456,1785580623972,respectful-horseradish-condor,2083422203161559189,1589777534476247041,true,
2083502355626991792,1785580645840,neighborly-rhubarb-chickadee,2083423271689871462,1730286052043268097,true,
2083502906133651858,1785580777092,marvelous-daylight-songbird,2082979805876953203,1473166885516906496,true,true
2083502981375238514,1785580795030,diligent-brook-thrasher,,,,
2083503176712409376,1785581043485,cosmic-root-grackle,2083446128360526306,1261335549215989760,false,
2083503298884301028,1785580870730,charming-tide-egret,2083398912321450078,1461605451724775424,false,
2083503564081770548,1785581494293,cosmic-root-grackle,2083409891105165572,2317862234,true,
2083504319924482337,1785581114165,playful-savanna-logrunner,2083310013557182570,1897734643048226816,true,
2083504745742798855,1785581215688,celebrated-ocean-seagull,,,,
2083504755960070490,1785581218125,confident-raisin-hillstar,2083387170958573951,1547311866573103107,true,
2083504817985478769,1785581232912,cheery-nutmeg-towhee,,,,
2083504841561612789,1785581238533,great-mountain-brushturkey,2083380447673827442,50079644,true,
2083504855637762148,1785581241889,zappy-winter-thicketbird,2083251468996317286,1691822405704892419,true,
2083504939515445743,1785581261887,captivating-marmalade-starling,2083273872061657583,2033380320012349440,true,
2083504953776341284,1785581265287,beautiful-honeydew-eagle,2083422203161559189,1589777534476247041,true,
2083504955965759550,1785581265809,prudent-daylight-tern,2083234783438557442,,true,
2083504968086987252,1785581268699,neighborly-rhubarb-chickadee,2083254869834559672,1477393800154779650,true,true
2083505204322803899,1785581325022,diligent-brook-thrasher,,,,
2083505220814843969,1785581328954,celebrated-ocean-seagull,2083176100029501801,1532361527705190404,true,
2083505288875843667,1785581345182,cheery-nutmeg-towhee,2083284595907129676,,true,
2083505487090246028,1785581392440,heroic-chestnut-junco,2049165872711770227,1357969979203751937,false,
2083505557252538403,1785581409167,zappy-winter-thicketbird,,,,
2083505641247678784,1785581429193,majestic-water-bushlark,2083156122479767729,1072300501,true,
2083505653960568979,1785581432224,civil-grassland-goshawk,2082644114773094901,892220239479316480,false,
2083505663380951462,1785581434471,lively-iceberg-brownbul,2083238818568900855,1246088314144223232,true,false
2083505802241851578,1785581467577,noteworthy-rosewood-meadowlark,2083139252485779752,1757302242309246976,true,
2083505832273068185,1785581474737,sanguine-harvest-cacholote,2083257692252971087,3056307455,true,
2083505914523394282,1785582020215,cosmic-root-grackle,2083409891105165572,2317862234,true,
2083506076281155827,1785581532913,phenomenal-bamboo-hawk,2083360414037938609,1711603780649672704,true,true
2083506308813029842,1785581809239,cosmic-root-grackle,2068838733932020205,2233154425,false,
2083506478556516472,1785581628823,noteworthy-branch-waterfowl,2082842734855921670,1977787670211289088,true,
2083506531581239590,1785581792101,cosmic-root-grackle,2082702654728200575,2061262336564842504,false,
2083506695545000063,1785581680557,beautiful-honeydew-eagle,2083389706490818631,90954365,true,
2083507058121244859,1785581767003,great-mountain-brushturkey,2083290212646408323,1858070086751313921,true,
2083507133115494731,1785581784882,wholesome-raspberry-stilt,2083423271689871462,1730286052043268097,true,
2083507141084586124,1785581786783,wholesome-raspberry-stilt,2083276573130498055,2027843808139087875,true,false
2083507205035143208,1785581802029,marvelous-moonlight-firefinch,2083493048156086506,19856081,true,true
2083507271313613043,1785581817831,zappy-winter-thicketbird,2083187172673507796,2030135648137687040,true,
2083507385214112249,1785581844987,neighborly-rhubarb-chickadee,2083353961629888802,2016157409895710723,true,
2083507487295087033,1785581869326,diligent-brook-thrasher,,,,
2083507610897281387,1785581898795,trusting-persimmon-quail,2083412913159917994,1518068034241445889,true,
2083507680631501111,1785581915420,lucent-oak-catbird,2083486196395565293,321603527,true,
2083507820662571313,1785581948806,centered-sun-cacholote,,,,
2083507824781365390,1785581949789,,2083321176336801888,,true,
2083507935506829386,1785581976187,zesty-river-goose,2083306909873184897,1257780824973475842,true,
2083508243217682483,1785582049552,cheerful-kiwi-bluejay,2083219784640975154,1575960874975641630,true,
2083508364273766829,1785582078414,celebrated-ocean-seagull,2083466262504473021,1874171540440326144,true,
2083508451435508074,1785582099194,inspired-rainforest-ibis,2083077984571863275,2194243029,true,
2083508468145680572,1785582103178,great-mountain-brushturkey,2083505784659321135,3324689194,true,
2083508482418806988,1785582106582,zappy-winter-thicketbird,2083302933811048799,1733458492445392896,true,
2083508496742707409,1785582692067,cosmic-root-grackle,2083231491736453599,2018921696112332800,false,
2083508566200111556,1785582126557,centered-sun-cacholote,,,,
2083508577528897603,1785582129257,genial-orchard-dove,2083335074158612587,2724602536,false,false
2083508649469632755,1785582146409,stunning-cactus-sunbird,2083502556181823763,3292982985,true,
2083508755560591569,1785582354222,cosmic-root-grackle,2083479163860599267,19644592,false,
2083508813433573517,1785582185502,ecstatic-lowland-condor,2083476922164719714,,true,
2083508878311108674,1785582200970,beautiful-honeydew-eagle,2083383244565987822,1457884439586144256,true,
2083508883365249102,1785582202174,ecstatic-lowland-condor,2083409539257467379,576206773,true,
2083508907314471198,1785582207884,contemporary-star-bluebird,2083505239244611640,231000704,true,
2083508948443996214,1785582217690,ecstatic-lowland-condor,2082150336056148030,576206773,true,
2083508981536792773,1785582225581,sanguine-mango-whistler,2083200356255699384,3334888083,false,
2083509059064316331,1785582244064,celebratory-oak-snowfinch,2083253127398953461,1594871021978652673,false,
2083509078488211472,1785582248696,neighborly-rhubarb-chickadee,2083200356255699384,3334888083,true,
2083509401466322947,1785582325699,miraculous-roots-duck,2082905716528971778,185259044,true,
2083509553509933351,1785582361950,diligent-brook-thrasher,2083347289234633208,1160797373431332870,true,
2083509806845866096,1785582422349,exceptional-rosewood-finch,2083389946740535550,2055458917350551552,true,
2083509810159395194,1785582423139,bright-samba-fantail,2082850344418066581,1015105716,true,
2083510057577091492,1785582482128,celebrated-ocean-seagull,,,,
2083510175852273786,1785582510327,lucent-oak-catbird,2083285126252044686,95894008,true,
2083510235436638287,1785582524533,exceptional-sky-sandpiper,2083203438297448896,1887006851134312448,false,
2083510385831756023,1785582560390,comforting-ice-snowfinch,2083204119137771917,1599498421009891330,true,
2083510500164555063,1785582746215,cosmic-root-grackle,2083493366952784246,56700135,true,
2083510694931239163,1785582634085,beautiful-honeydew-eagle,2082731344766140492,1467643957492744193,true,
2083510726237331884,1785582641549,distinctive-water-bulbul,2083487282074730955,2804793420,true,
2083510800824877489,1785583300507,cosmic-root-grackle,2083409891105165572,2317862234,false,
2083511150222708751,1785582742635,cheery-nutmeg-towhee,2083433626469908726,1023170714654916608,true,
2083511203037397052,1785582755227,great-mountain-brushturkey,2083392459732607167,,true,
2083511639744070075,1785582859346,joyous-tomato-rooster,2083477896606142637,330506567,true,
2083511725412815040,1785582879771,musical-dune-hoopoe,2083187030616408282,26608005,true,
2083511759147602192,1785582887814,magnanimous-summer-penguin,2082581344110977238,1888686084055248896,true,
2083511776490983443,1785582891949,kinetic-harvest-owl,2044334500797456853,1910039014565883904,true,
2083511781427728763,1785582893126,strategic-star-troupial,2083428171462947279,1488626051194490881,true,true
2083511815011528883,1785582901133,dexterous-seawater-firefinch,2083386998731993374,1336091302593769473,true,
2083511866513641540,1785582913412,botanical-bamboo-grosbeak,2083442413092417877,3192815222,true,
2083511953394450876,1785583149059,cosmic-root-grackle,2082832393421857015,1355721251180961792,true,
2083512116338622736,1785582972975,original-island-mockingbird,2083434832663585120,1989027127652675589,true,
2083512194805727526,1785582991684,zappy-winter-thicketbird,,,,
2083512338246709501,1785583556066,cosmic-root-grackle,2083264402514497909,4860807911,true,
2083512501921096059,1785583064905,neighborly-rhubarb-chickadee,,,,
2083512503858827447,1785583065367,diligent-brook-thrasher,,,,
2083512557143277993,1785583078072,celebrated-ocean-seagull,2083204578061713880,2042943080077066241,true,
2083512706431156588,1785583113665,ecstatic-lowland-condor,,,,
2083512771237265697,1785583129115,cheery-nutmeg-towhee,2083337915891941571,1399386716192968715,true,true
2083513310289232073,1785583257635,enjoyable-mango-sandgrouse,2082850101202944398,2035749791972704257,true,
2083513447707549701,1785583473422,cosmic-root-grackle,2083446449485025747,53313935,false,
2083513449867272556,1785583290913,great-mountain-brushturkey,,,,
2083513451557568772,1785583291316,extraordinary-evergreen-robin,2083318865241481657,1319287761048723458,true,
2083513494503113192,1785583301555,zappy-winter-thicketbird,2083264402514497909,4860807911,true,
2083513617711038554,1785583330930,ecstatic-lowland-condor,,,,
2083513619602694484,1785583331381,sparkly-maple-finch,2083421696837689805,108252113,true,
2083513649902068138,1785583338606,neighborly-rhubarb-chickadee,2083285125215764687,434682005,true,
2083513675122344096,1785583344619,jubilant-acorn-stork,2082784422663778520,818455148271964160,true,
2083513806806749429,1785583376015,diligent-brook-thrasher,2083324325764239465,1691428504678629377,true,
2083513820249469141,1785583379219,diligent-brook-thrasher,,,,
2083513837060251975,1785583383227,ambitious-reef-crake,2083397820141514904,102574767,true,
2083513885336678838,1785583394737,celebrated-ocean-seagull,,,,false
2083514014731063325,1785583425587,cheery-nutmeg-towhee,2083331665703952585,1572616332,true,
2083514109501342072,1785583448182,calm-acorns-parrot,2083359819277164718,865593677351190528,true,
2083514110722109700,1785583448474,sensible-frost-fantail,2082876113798467688,369245798,true,true
2083514175121248494,1785583658851,cosmic-root-grackle,2082818698985783600,1792905350879821824,false,
2083514220747055331,1785583474705,tidy-ice-pelican,2083255615716028625,1811058060829335552,true,
2083514259271758286,1785583483890,ecstatic-lowland-condor,,,,
2083514535839940840,1785583549829,beautiful-honeydew-eagle,2083401865782550753,1566718683829145600,true,
2083514562267975917,1785584072201,cosmic-root-grackle,2083264402514497909,4860807911,true,
2083514716107018316,1785583592809,ecstatic-lowland-condor,,,,
2083514992859451527,1785583658792,great-mountain-brushturkey,2083247851048517868,1848745785393020929,true,
2083515010731454911,1785583663052,zappy-winter-thicketbird,2083248012302643287,1929716853280063488,true,
2083515085989769562,1785583680995,neighborly-rhubarb-chickadee,2083485388639723630,2803477274,true,
2083515165392109712,1785583699926,diligent-brook-thrasher,2083318442598572278,,true,
2083515324587278752,1785583737881,ecstatic-lowland-condor,,,,
2083515420452200522,1785583760737,insightful-foothill-spoonbill,2083387392430625133,197324023,false,
2083515468602626244,1785583772217,celebrated-ocean-seagull,,,,
2083515477087736108,1785583774241,cheery-nutmeg-towhee,2083452330041573505,1069502738332033024,true,
2083515672764768492,1785583820894,wholesome-raspberry-stilt,2083285125215764687,434682005,true,
2083515680067121241,1785583822634,wholesome-raspberry-stilt,2083277425287242146,1244068896157708289,true,
2083515784601457039,1785583847557,kind-kiwi-jay,2082975551703429196,1778946494818820096,true,
2083515814934716635,1785584071071,cosmic-root-grackle,2083272422023647374,216776631,false,
2083515833662464440,1785583859254,ecstatic-lowland-condor,,,,
2083515924833874172,1785583880991,dexterous-daylight-tern,2083318956568539204,,true,
2083516003779023116,1785583899814,great-mountain-brushturkey,2083498003499753608,3324689194,true,
2083516054374879529,1785583911876,zappy-winter-thicketbird,,,,
2083516131516567747,1785583930268,neighborly-rhubarb-chickadee,,,,
2083516319677206861,1785583975129,astonishing-grassland-dove,2083240819188773141,1521559842091057152,true,
2083516326908493879,1785583976854,ecstatic-lowland-condor,,,,
2083516457896366480,1785584008083,diligent-brook-thrasher,,,,
2083516834746163494,1785584097931,informative-maple-mockingbird,2083320078573998293,1717664030,true,
2083516940048621863,1785584123038,ecstatic-lowland-condor,,,,
2083517108432888209,1785584163184,jubilant-jacaranda-nightjar,2083037562872979578,245791854,false,
2083517358761492527,1785584222866,ecstatic-lowland-condor,,,,
2083517645593125071,1785584291252,celebrated-ocean-seagull,2083386260580897195,1776992406706991104,true,
2083517962036691112,1785584366698,cheery-nutmeg-towhee,2083502835434750432,1895205185250828292,true,
2083518169642078436,1785584416195,precious-conifer-owl,2083288998655463427,241204643,true,
2083518179796758706,1785584418616,ecstatic-lowland-condor,,,,
2083518225841639534,1785584429594,blazing-riverbank-shorebird,2083425585448047059,1489570016718643206,true,
2083518363746128175,1785584462473,celebrated-ocean-seagull,2083489129950814420,,true,
2083518394423230762,1785584469787,cheery-nutmeg-towhee,,,,
2083518456989983075,1785584484704,famous-savanna-cacholote,2083486920521445769,1999423107564732416,true,
2083518505488408813,1785584496268,great-mountain-brushturkey,,,,
2083518637722198260,1785584527794,astounding-elm-sandgrouse,2083459512984379729,2042730814236954624,true,
2083518767779250590,1785584558803,loyal-star-conure,2083451317045940508,105082141,false,
2083518822334767393,1785584769460,cosmic-root-grackle,2083272422023647374,216776631,false,
2083518995228156093,1785584613030,limber-juniper-friarbird,2083506925854208147,2053829270112518144,true,
2083519061858865519,1785584628916,limber-juniper-friarbird,2083506406670622848,2052570208003633152,true,
2083519172621799438,1785584655324,ecstatic-lowland-condor,2083115463811457054,1327816489,true,
2083519506895208758,1785584735021,exquisite-mango-warbler,2083271501336170832,9695312,true,
2083519666723389684,1785584773127,zappy-winter-thicketbird,2083410388830294523,2011338420317274112,true,
2083519767810277621,1785584797228,humorous-river-grebe,2083368795658453152,3234478658,true,
2083519783639900484,1785584801003,discerning-beech-needletail,2083308167182848012,62204788,false,
2083520057984864574,1785584866411,neighborly-rhubarb-chickadee,2083359040604623353,2075476278958755840,true,
2083520073906507970,1785584870207,contemporary-cactus-lovebird,2082979559083839753,21829541,true,
2083520113248993647,1785584879587,diligent-brook-thrasher,,,,
2083520678079205432,1785585014253,spectacular-dune-friarbird,2083374965693305024,1011407307161337856,true,false
2083520692889244080,1785585017784,celebrated-ocean-seagull,2083496638262149496,,true,
2083520749873061955,1785585031371,lithe-savanna-partridge,2083455587841384664,1537151456121393152,true,
2083520759134081200,1785585033578,congenial-rock-owl,2083155057462181979,23485648,true,false
2083521332478939394,1785585170274,happy-creek-thrasher,2083421768270930019,1886430765090754560,true,
2083521384584749396,1785585182697,chirpy-cave-lory,2083386258362122567,1745265761416056832,true,
2083521409771585708,1785585188702,glowing-berry-hawk,2083471042652282927,1032309548009189381,true,
2083521426364203112,1785585192659,happy-creek-thrasher,2083437173374878102,1886430765090754560,true,
2083521500322365690,1785585210292,happy-creek-thrasher,2083418331546271839,1886430765090754560,true,
2083521682208419988,1785585253656,industrious-pecan-kingbird,2083239179778236662,943491779235528704,true,
2083521788659544206,1785585279037,cheery-nutmeg-towhee,2083466000457162946,,true,
2083522141127885212,1785585363072,imaginative-acorn-spoonbill,2083502264614875477,1895216569,true,
2083522347483508967,1785585412271,great-mountain-brushturkey,2083402889909727706,1421417256446218241,true,
2083522404064923669,1785585571902,cosmic-root-grackle,2083206037335585244,1269209727721975809,true,
2083522426659315970,1785585431147,ardent-autumn-redstart,2083012618927890454,28639864,false,
2083522722915570013,1785585501780,zappy-winter-thicketbird,2083514935112597579,2036831297583333376,true,
2083522846899257626,1785585531340,neighborly-rhubarb-chickadee,2083435714461520126,2034478688314527744,true,
2083523007335546948,1785585569591,smiley-peachtree-dipper,2083441318978896015,21366823,true,
2083523254602621026,1785586251067,cosmic-root-grackle,2083220806935470225,15207668,false,
2083523311045103721,1785585642002,diligent-brook-thrasher,2083389946740535550,2055458917350551552,true,
2083523402531557855,1785585663814,devoted-cantaloupe-bluejay,2083200892283609182,2068161552667037697,true,
2083523600406188378,1785585710991,scholarly-pear-grassbird,2083087186916966692,953693598024810496,true,
2083523625374691623,1785585716943,celebrated-ocean-seagull,,,,
2083523762943668463,1785585749743,cheery-nutmeg-towhee,2083399127845442008,248491362,true,
2083523842920554939,1785585768810,great-mountain-brushturkey,2083518074494361677,,true,
2083523845248462855,1785585769366,zappy-winter-thicketbird,2083518074494361677,,true,
2083523963007684742,1785585797441,neighborly-rhubarb-chickadee,2083206037335585244,1269209727721975809,true,
2083524141336965303,1785585839958,zappy-winter-thicketbird,2083286398115676544,1435674651766689794,true,
2083524175491223621,1785585848101,agile-brook-stork,2052734622237344005,2475453187,true,
2083524284551663639,1785585874103,agile-brook-stork,2083517447718719492,2475453187,true,
2083524391669788771,1785585899642,diligent-brook-thrasher,2083520359924375854,2955315479,true,
2083524631470715189,1785586061594,cosmic-root-grackle,2082988712137273578,112258395,false,
2083524743991341298,1785585983642,celebrated-ocean-seagull,2083488784608296997,1583830278,true,
2083524817891078485,1785586001261,balanced-forest-recurvebill,2082952400927900110,,true,
2083524881342513540,1785586136554,cosmic-root-grackle,2083452772989702517,1180892997170421761,false,
2083525000909254926,1785586044896,smart-willow-seedeater,2083291362376446118,1396753556158533633,false,
2083525144622846069,1785586079160,cheery-nutmeg-towhee,2083518129980739769,1796509639074332672,true,
2083525238394876054,1785586101518,straightforward-banana-conebill,2083091281006195140,83559512,false,
2083525348138836248,1785586127682,neighborly-rhubarb-chickadee,2083501421652029640,1794789481104420865,true,
2083525501323223400,1785586164204,great-mountain-brushturkey,2083459009168932962,,true,
2083525606533439601,1785586189289,easygoing-marmalade-skylark,2083347289234633208,1160797373431332870,true,
2083525626342842502,1785586194012,dedicated-coast-grassbird,2083515587485966819,1950879017625960448,true,
2083525653106741480,1785586659471,cosmic-root-grackle,2083473055821574253,1570680858717159424,false,
2083525840839561663,1785586245152,inspired-moss-jacana,2083476619889389575,211371719,true,
2083526103654949028,1785586307811,ecstatic-lowland-condor,,,,
2083526317883248813,1785586358887,musical-evergreen-seagull,2083036294264033661,1425100579454468096,true,
2083526387902665186,1785586587689,cosmic-root-grackle,2083379691214295367,1570680858717159424,false,
2083526532350239130,1785586410021,hypersonic-rainfall-pigeon,2083177292163879278,1787585694635831296,false,
2083526540101591358,1785586906068,cosmic-root-grackle,2083090351922008526,1180892997170421761,true,
2083526553711899002,1785586415113,genuine-marmalade-falcon,2083277425287242146,1244068896157708289,false,
2083526556584902675,1785586415798,personable-sunflower-penguin,2083502264614875477,1895216569,true,
2083526654538780993,1785586439152,zappy-winter-thicketbird,2083357508534755511,2033206833436098560,true,
2083526663464169911,1785586441280,neighborly-rhubarb-chickadee,2083125489770647944,2081038159861714944,true,
2083526683718832529,1785586446110,flowing-earth-owl,2083152213380350205,2072959485723996161,true,
2083526737531633852,1785586958521,cosmic-root-grackle,2083046586993565944,1180892997170421761,true,
2083526790551679108,1785586471580,diligent-brook-thrasher,,,,
2083527158186590213,1785586559231,celebrated-ocean-seagull,2083171389306290223,1691430624014581760,true,
2083527418875167208,1785586621384,cheery-nutmeg-towhee,2083074367404060748,2075476278958755840,true,
2083527461359460723,1785586631513,enlivened-leaf-songbird,2083420173474873606,,true,
2083527533085987218,1785586648614,great-mountain-brushturkey,2083231985569341769,2075476278958755840,true,
2083527663747297668,1785586679767,convivial-blossom-penguin,2083392564477169689,987018609145741312,true,
2083527702523646315,1785586689011,altruistic-freshwater-chicken,2083068434078933285,1900027589407936512,true,
2083527739089342633,1785586697729,zappy-winter-thicketbird,2083452094028161252,960781239144730624,true,
2083527863093883107,1785586727294,neighborly-rhubarb-chickadee,2083419358768816331,,true,true
2083528067964719111,1785586776139,optimistic-moss-bluejay,2083254892802593073,1328082031474053120,true,
2083528077506703761,1785586778414,diligent-brook-thrasher,2083379691214295367,1570680858717159424,true,
2083528109740204398,1785586786099,flowing-earth-owl,2082045448697848083,1876808228111306752,true,
2083528115335180302,1785586787433,industrious-grassland-egret,2083439152117559485,1901063340664979456,true,
2083528138349236468,1785586792920,celebrated-ocean-seagull,2083519954415239183,111889381,true,
2083528196545241394,1785586806795,witty-spruce-snowfinch,2083373047621271823,1082566450567671809,false,
2083528206884225528,1785586809260,contemplative-poplar-recurvebill,2083317047165964439,1168861327596642304,false,
2083528568491876376,1785586895475,fashionable-beech-conebill,2083136811530899553,,true,
2083528744350724362,1785586937402,cheery-nutmeg-towhee,2083405922613830090,1701351474993762304,true,
2083528790701912177,1785586948453,discerning-flower-grosbeak,2083474912400875867,1978810291933663233,true,
2083528880418103377,1785586969843,zappy-winter-thicketbird,2083121262331605412,754393222563102720,true,
2083528911145591002,1785586977170,neighborly-rhubarb-chickadee,2083469257304883484,97209551,true,
2083529084013777053,1785587018384,altruistic-citrus-spoonbill,2082975551703429196,1778946494818820096,false,
2083529171586703773,1785587039263,kind-ice-flycatcher,2083442135022399913,906957197975998464,true,
2083529371604898162,1785587086951,flowing-earth-owl,2082050751569047960,1749037052648456192,true,
2083529399249326344,1785587093543,versatile-peach-blackbird,2083256545601536217,1151718067401121799,false,
2083529487816294649,1785587114658,groovy-sunlight-kookaburra,2083225669408793009,1902360206992142337,true,
2083529508938736061,1785587119694,hopeful-wood-lark,2082946634980499967,2027843808139087875,true,
2083529586319470951,1785587138143,dauntless-birch-junco,2083231536183132480,966007662541443074,true,
2083529877970440422,1785587207678,diligent-brook-thrasher,2083318921357058528,1967758975157370881,true,true
2083529918076293265,1785587217240,diligent-brook-thrasher,2083522845528006996,1711622907221446656,true,true
2083529996442665385,1785587235924,celebrated-ocean-seagull,2083509107290734858,110451386,true,
2083530066923774158,1785587252728,cheery-nutmeg-towhee,2083516592902533404,795188519115358208,true,
2083530149304402181,1785587272370,enlivened-rock-songlark,2083032490546254049,,true,
2083530366095389091,1785587324057,industrious-grassland-egret,2083196974560608381,2031341800833822726,true,
2083530507762172119,1785587486878,cosmic-root-grackle,2083477061868413112,1994033715421564930,false,
2083530653073915994,1785587848974,cosmic-root-grackle,2083475499507200116,156553345,true,
2083530759013286025,1785587417735,tropical-twig-shearwater,2083515334430965908,971820228,true,
2083530880845287428,1785587446782,industrious-bonsai-starling,2083436932609044710,46085533,true,
2083530916081860711,1785587455183,industrious-grassland-egret,2083484811252142418,1599045921555517440,true,
2083531217157194060,1785587526966,logical-harvest-dove,2082148555628716136,36442519,true,
2083531305971789893,1785587548140,involved-sea-thrush,2082829174205792348,1423629803668660227,true,
2083531329392796123,1785587553725,industrious-grassland-egret,2083039507096781130,2475453187,true,
2083531392298754208,1785587568722,great-mountain-brushturkey,2083440450653077830,,true,
2083531513656713715,1785587597656,zappy-winter-thicketbird,2083440812180877499,1761453486493908992,true,
2083531525111304519,1785587600387,celebrated-ocean-seagull,2083326202484310444,1225234593789423616,true,
2083531534586253426,1785587602646,neighborly-rhubarb-chickadee,2083416030592881148,,true,
2083531609043509636,1785587620398,,2070260200100049036,,true,
2083531727562256613,1785587648655,smiley-grove-petrel,2083465681300070721,1012543202409107456,true,
2083531785103630375,1785587662375,goodhearted-forest-sandpiper,2083276573130498055,2027843808139087875,false,
2083531788442300479,1785587663171,diligent-brook-thrasher,2083449680927854769,,true,
2083531850962616593,1785587678077,bountiful-roots-thrasher,2083209829888188788,959715241176203265,true,
2083531885787906243,1785587686379,interesting-pond-falcon,2083337266638807168,1707763125280219136,false,
2083531967803347038,1785587705934,celebrated-ocean-seagull,2083187313157300454,1986382076757852160,true,
2083532067506446435,1785588143476,cosmic-root-grackle,2083350828023193830,1823860578093572096,false,
2083532155011858724,1785587750567,hypersonic-magnolia-thrasher,2083337266638807168,1707763125280219136,false,
2083532165589975280,1785587753089,zappy-winter-thicketbird,,,,
2083532270690799820,1785587778147,cheery-nutmeg-towhee,2083443308408307927,2011509884563701761,true,
2083532353629049213,1785587797921,grateful-evergreen-parrotlet,2083280544750604375,1412491640917331975,true,
2083532418384802102,1785587813360,happy-lowland-bittern,2083296650135548281,1674068070032109569,true,
2083532479126798700,1785587827843,hilarious-dune-swamphen,2083518219684606463,1661197929691115521,true,
2083532481320440107,1785587828365,transcendent-papaya-peacock,2083477847151100287,1533342582,true,true
2083532524609740853,1785587838687,neighborly-rhubarb-chickadee,2083484320069718478,1923705425196675072,true,
2083532541634510978,1785587842745,curious-chestnut-waterfowl,2083203924702667202,2069155908345896960,false,
2083532722941681758,1785587885972,great-mountain-brushturkey,2083410423240364033,72445899,true,
2083532774867177476,1785587898353,zappy-winter-thicketbird,2083129063049171176,1212139325728518144,true,
2083532886297239696,1785587924919,neighborly-rhubarb-chickadee,2083331665452048579,1988820612932853760,true,
2083532921781047699,1785587933380,diligent-brook-thrasher,2083475499507200116,156553345,true,
2083532923806830670,1785587933862,celebrated-ocean-seagull,2083475499507200116,156553345,true,
2083533061451374766,1785587966679,determined-ocean-bluebird,2072782725866521033,718112006,true,
2083533101934764246,1785587976332,noteworthy-sun-swamphen,2083425464727589281,260016002,true,
2083533117638238478,1785587980076,cheery-nutmeg-towhee,2083528169345437731,753424463560052736,true,true
2083533161523257740,1785587990539,accomplished-apricot-guillemot,2083315305116533240,1761071945528029187,true,
2083533379249574264,1785588042449,innovative-juniper-parrot,2083104602338038183,861019010,true,
2083533526473830675,1785588077549,great-mountain-brushturkey,,,,
2083533959766372411,1785588180854,pioneering-passionfruit-friarbird,2083148308889940466,1454231330556981255,true,
2083533998253609375,1785588190030,hypersonic-autumn-osprey,2082985114003493124,1589777534476247041,true,
2083533999344132186,1785588341592,cosmic-root-grackle,2083373313364009102,878247600096509952,false,
2083534153220329963,1785588226977,zappy-winter-thicketbird,2083403463703077138,1190530000916795392,true,
2083534156688932902,1785588227805,generous-papaya-ostrich,2053975356118306996,1551266822460162051,true,
2083534220283220167,1785588242967,involved-sea-thrush,2083384714841452711,1576102262581080065,true,
2083534314411602131,1785588265408,gracious-juniper-cockatoo,2083498875071992312,50109331,true,
2083534349228462091,1785588273709,kinetic-forest-flamingo,2083246543331631195,1671995301769404416,true,
2083534431730414068,1785588293379,celebrated-ocean-seagull,2083463908254527545,1922182887203627008,true,
2083534475229532477,1785588303750,splendid-sky-egret,2082421900324614279,36889519,true,
2083534519358062957,1785588314271,mindful-mist-eagle,2083020019970285637,2045499032835887104,true,
2083534566979973321,1785588325626,resilient-pond-flameback,2083012669443903496,23318036,true,
2083534616372166996,1785588337402,experienced-island-ostrich,2083334512818131199,284003990,false,
2083534692423229833,1785588355533,neighborly-rhubarb-chickadee,2083194298237923607,457060718,true,
2083534783578022025,1785588377266,thriving-boulder-barbet,2083370575917924379,31047836,true,
2083535061261951277,1785588443472,cheery-nutmeg-towhee,2083526306726105254,1486409484297773063,true,
2083535122981081280,1785588458186,diligent-brook-thrasher,2083512246588846090,,true,
2083535157500219732,1785588466416,dexterous-prairie-pelican,2068907439982796950,1620183298696790017,true,
2083535315604578479,1785588504111,hardy-nectarine-hoopoe,2083129741293371714,1996223982589313025,true,
2083535357606339025,1785588514125,mindful-mist-eagle,2081863624390590870,1435388182778941440,true,
2083535374819758190,1785588680100,cosmic-root-grackle,2082969931227013612,869526979619561480,false,false
2083535414267396356,1785589031039,cosmic-root-grackle,2083145563672056253,1565187089276084224,false,
2083535503329226873,1785588706361,cosmic-root-grackle,2083236332491661810,22703645,true,
2083535673177616674,1785588589363,mindful-mist-eagle,2082382059872625071,1074920997772390401,true,
2083535901834031579,1785588643879,celebrated-ocean-seagull,2083397451529240908,,true,true
2083535969404195131,1785588659989,enterprising-island-kingbird,2083339066846716054,284775228,true,
2083536012597416068,1785588670287,mindful-mist-eagle,2082848409833349541,436569540,true,
2083536182772892040,1785588710860,mindful-mist-eagle,2083107665341972606,204245399,true,
2083536202909565239,1785588715661,positive-desert-lorikeet,2083398158680285646,1156042022656118784,true,
2083536253811618294,1785588727797,mindful-mist-eagle,2082802657975239002,1240672056,true,
2083536302864293937,1785588739492,mindful-mist-eagle,2082838390735818973,957637129,true,
2083536333725639074,1785588914534,cosmic-root-grackle,2083473055821574253,1570680858717159424,false,
2083536334401024073,1785588747012,cheery-nutmeg-towhee,,,,
2083536396434977110,1785588761802,mindful-mist-eagle,2083433493359698377,1895697809296564224,true,
2083536410812797335,1785588765229,great-mountain-brushturkey,2083208107384041810,1851429474,true,true
2083536435013951648,1785588771000,transcendent-garden-lovebird,2083508710123409732,215792549,true,
2083536582791856321,1785588806232,zappy-winter-thicketbird,2083447566419816521,750759915774291969,true,
2083536594137460994,1785588808937,neighborly-rhubarb-chickadee,,,,
2083536595395772708,1785588809237,mindful-mist-eagle,2082975434057097595,154415900,true,
2083536599279599871,1785588810163,reliable-holly-spoonbill,2083374180368531871,1512804115109527554,true,
2083536657622434135,1785588824074,diligent-brook-thrasher,2083377236959506869,2061967710163202048,true,
2083536713670856915,1785588837436,celebrated-ocean-seagull,2083205659341079028,754652093672067072,true,
2083536725842804937,1785588840338,cheery-nutmeg-towhee,2083191449076572382,942292992706170880,true,
2083537796904456423,1785589095699,great-mountain-brushturkey,2083216091765997915,2282060660,true,
2083537804567482802,1785589097526,courteous-orchard-puffin,2082732630496170094,1427610139981385736,true,
2083537957169078652,1785589133909,efficient-honeydew-treerunner,2083419956134187281,1328525867501428736,true,
2083538138622808145,1785589177171,zappy-winter-thicketbird,2083223684173693041,6240732,true,
2083538140883530116,1785589177711,great-mountain-brushturkey,2083223684173693041,6240732,true,
2083538219665109409,1785589196493,impeccable-pistachio-bunting,2083505266692096083,718747351792398336,true,
2083538225272881250,1785589197830,effervescent-snow-kite,2083342383802904801,1385659797652004864,true,
2083538843391652294,1785589345201,neighborly-rhubarb-chickadee,,,,
2083538953710260724,1785589371503,diligent-brook-thrasher,2083528252140741008,,true,true
2083538956637901151,1785589372201,celebrated-ocean-seagull,2083433869307703377,2060866352286691328,true,
2083539092239782245,1785589404532,cheery-nutmeg-towhee,2083487143448469730,1885083427600556032,true,
2083539094898909354,1785589405165,zappy-winter-thicketbird,,,,
2083539183654559941,1785589426326,invigorated-fig-swift,2083241949574615369,374699026,true,
2083539521669325123,1785589506915,,2083223684173693041,6240732,true,
2083539683682746589,1785589545542,responsible-spruce-brownbul,2082773062492082370,1713729033865768960,true,
2083539850385367256,1785589585287,,2083236186210947333,931286316,true,
2083539877077913981,1785589591651,great-mountain-brushturkey,2083273134153793637,1689393367833313286,true,
2083539927237878266,1785589603610,friendly-sand-grassbird,2083359814613442686,,true,
2083540032451674520,1785589628695,zappy-winter-thicketbird,,,,
2083540042203439571,1785589631021,neighborly-rhubarb-chickadee,2083293391769702515,2032049246837620738,true,
2083540224974417965,1785589674596,witty-peachtree-tailorbird,2082819322800480293,1615140994692915200,false,
2083540303206633613,1785589693249,diligent-brook-thrasher,2083063113692463398,1437740849488547846,true,
2083540316569891047,1785589696434,wonderful-grapefruit-cardinal,2083201650806710368,797960677822496770,true,
2083540456042836282,1785589729688,thoughtful-rhubarb-lark,2083082453519077500,1848201385709596672,true,
2083540750222946408,1785589799825,winning-sandalwood-canary,2083508710123409732,215792549,false,
2083540788936352012,1785589809055,altruistic-plum-bluebird,2083537305223012434,19017675,true,
2083541023578263858,1785589864998,celebrated-ocean-seagull,2083377868646543632,1601768561650941954,true,
2083541088649003031,1785589880513,wonderful-grapefruit-cardinal,2083395178342367671,492622328,true,
2083541455990132749,1785589968093,cheery-nutmeg-towhee,2083309030613606861,1536460086566166533,true,true
2083541470989152466,1785589971669,thrilled-star-lovebird,2083443643747295600,1771151520920391680,true,true
2083541555714126008,1785589991869,funny-daylight-ibis,2083032490546254049,,true,
2083541583169761410,1785589998416,engaging-lumber-bunting,2083025108042391823,1985912741677453312,true,
2083541743706816950,1785590036690,thankful-field-raven,2082972759274254346,1308194662537019392,true,false
2083541755576648031,1785590039520,hypnotic-clay-oriole,2082924593271164967,1684620163709100032,true,
2083541820097671603,1785590054903,neighborly-rhubarb-chickadee,2083518297786433612,1969010035239063552,true,
2083541840037658642,1785590059657,gentle-ice-swan,2070358716948582518,1914231064513679360,true,
2083541874254426346,1785590067815,great-mountain-brushturkey,,,,
2083541880168480798,1785590069225,zappy-winter-thicketbird,2083394048363053168,1384706881038467077,true,
2083542062444552386,1785590214354,cosmic-root-grackle,2083355596427067756,,true,true
2083542156858278247,1785590135193,lucky-lumber-goose,2083156424234860595,1452029249368596483,true,
2083542343613898886,1785590179719,grand-plum-kookaburra,2083094240108671395,1337439679327719424,false,
2083542372844253452,1785590186688,upbeat-isle-whistler,2083437109768290608,1914017703888838656,true,
2083542428397822226,1785590352880,cosmic-root-grackle,2083304103799664685,44196397,false,
2083542493522464798,1785590215460,contemporary-cactus-lovebird,2083460724567978305,138882249,true,
2083542636024012946,1785590249436,composed-berry-dipper,2083424251202191776,,false,
2083542639324880998,1785590250223,marvelous-tide-cotinga,2083444082144100762,1621176609137885184,true,
2083542751912612082,1785590277065,neighborly-rhubarb-chickadee,2083216599490924648,2043305234278023168,true,
2083542753615524312,1785590277471,colorful-lemon-canary,2083217412904661176,31416615,true,true
2083542800218370280,1785590288582,cordial-water-stilt,2083260090623136002,1456351902703230978,true,
2083542807466414165,1785590290310,involved-sea-thrush,2083092382812381245,1453379263176929284,true,
2083542845059637315,1785590299273,diligent-brook-thrasher,2083510225026359707,,true,true
2083542907475132600,1785590314155,dauntless-tree-egret,2083433626469908726,1023170714654916608,false,
2083543023506399287,1785590341819,fortuitous-sky-parrot,2083511818727891370,8330472,true,
2083543076845314137,1785590533902,cosmic-root-grackle,2083518506675351805,2081863830976540672,true,
2083543079080845608,1785590355068,celebrated-ocean-seagull,,,,
2083543097862943098,1785590359547,hip-pond-crossbill,2083030081048350948,1023255439021096960,true,
2083543129978790304,1785590367203,cheery-nutmeg-towhee,2083381842426654879,1794513520563802114,true,
2083543132596043783,1785590367827,great-mountain-brushturkey,2083406092718178672,1323290841398439937,true,
2083543349957431416,1785590419650,zappy-winter-thicketbird,2083481468836179969,2886307114,true,
2083543561098637753,1785590469990,neighborly-rhubarb-chickadee,2083269754425581746,356817218,true,
2083543673321439535,1785590496746,enjoyable-tigerwood-peafowl,2083253963340632497,1392599327915261953,true,
2083543797254836607,1785590526294,straightforward-snow-pigeon,2083318819767099773,1640224288245706752,true,true
2083543841659822503,1785590536882,diligent-brook-thrasher,,,,false
2083543890796097566,1785590548596,celebrated-ocean-seagull,2083538513920659841,1024699964071522305,true,
2083543948908196296,1785590562451,cheery-nutmeg-towhee,,,,
2083544120962818516,1785590603472,genuine-peachtree-leaflove,2083280703827878190,1779148301859950592,true,
2083544143859519811,1785590608931,great-mountain-brushturkey,,,,
2083544211056464158,1785590624952,zappy-winter-thicketbird,,,,
2083544388366418086,1785590667226,neighborly-rhubarb-chickadee,2083167321523183797,59248519,true,
2083544390543294529,1785590667745,diligent-brook-thrasher,2083167321523183797,59248519,true,
2083544399246471212,1785590669820,diligent-brook-thrasher,2083401865782550753,1566718683829145600,true,
2083544575918919681,1785590711942,celebrated-ocean-seagull,2083540119089447400,,true,
2083544695548825609,1785590740464,celebrated-ocean-seagull,2083462057102586167,,true,
2083544738695684541,1785590750751,celebratory-lagoon-parrotlet,2083456857209999619,2475453187,true,false
2083544844371374517,1785590775946,virtuous-moss-macaw,2083319952031842763,629698642,true,
2083544885915799756,1785590785851,prudent-daylight-tern,2083292496759751088,1704982887555342336,true,
2083544951858626742,1785590801573,wholesome-fjord-crow,2083123333814460485,710949102733885440,true,
2083545011786789309,1785590815861,hilarious-summer-frigatebird,2083290696069308714,20280088,true,
2083545132645912822,1785590844676,electric-sequoia-cormorant,2082586759452578279,1006481094760280064,true,
2083545172290249210,1785590854129,cheery-nutmeg-towhee,2083508419865227498,1353604410,true,
2083545190237602201,1785590858407,great-mountain-brushturkey,,,,
2083545247787708687,1785590872128,zappy-winter-thicketbird,2083200892283609182,2068161552667037697,true,
2083545357246476301,1785590898226,neighborly-rhubarb-chickadee,2083304857499271438,499336100,true,
2083545400531628371,1785590908545,polite-ice-drongo,2082936691028025464,1122623265673891840,true,
2083545731026038914,1785590987341,cheery-nutmeg-towhee,2083349813790408767,1026877644,true,
2083545779210162282,1785590998830,determined-marble-pelican,2083216933487317241,46302096,false,
2083546155342778689,1785591088507,diligent-brook-thrasher,2083446124770455657,,true,
2083546266907078836,1785591115106,celebrated-ocean-seagull,2083372285205868646,2024958443610578944,true,
2083546328861134916,1785591129876,kind-ice-flycatcher,2083535040642781592,906957197975998464,true,
2083546332078162116,1785591130644,cheery-nutmeg-towhee,2083506729833394297,134715633,true,
2083546358368108766,1785591136911,great-mountain-brushturkey,,,,
2083546419412033912,1785591151465,winged-star-kingbird,2082996649635332430,1387322082,true,true
2083546438819106888,1785591156093,zappy-winter-thicketbird,2083497344075489548,1845079245199925262,true,
2083546631333367974,1785591201991,commendable-rainforest-piculet,2083500009266254034,1518969512288305153,true,
2083546729329184904,1785591225356,kind-ice-flycatcher,2083537228928544835,906957197975998464,true,
2083546811831132571,1785591245026,neighborly-rhubarb-chickadee,2083544409128448161,,true,
2083547023681163502,1785591295534,diligent-brook-thrasher,2083498659346584056,1855390087472893952,true,
2083547460966707545,1785591399791,enlivened-forest-triller,2083415640686424209,1943714826116603904,true,
2083547466239033725,1785591401048,celebrated-ocean-seagull,,,,
2083547468600398132,1785591401611,diligent-avocado-citril,2082778703411458549,212180157,true,
2083547493267071367,1785591407493,cheery-nutmeg-towhee,2083512830507241763,,true,
2083547501290737758,1785591409406,great-mountain-brushturkey,,,,false
2083547525458411752,1785591415167,zappy-winter-thicketbird,,,,
2083547631599472823,1785591440473,neighborly-rhubarb-chickadee,2083537157004935305,361301678,true,
2083547682673738187,1785591452651,fabulous-grassland-peacock,2083336836580319532,1081231908091027457,true,
2083547682988048782,1785591452725,diligent-brook-thrasher,2083474790531088857,1276825208679043075,true,
2083547725249851662,1785591462801,celebrated-ocean-seagull,2083441491117330454,1108000329017114625,true,
2083547730220351832,1785591463986,happy-creek-thrasher,2083038749613826104,824578420860342272,true,
2083547734204674349,1785591464936,cheery-nutmeg-towhee,,,,
2083547761987703045,1785591471561,admirable-beach-flycatcher,2082556771646722515,1885384434263924736,true,true
2083547848486863347,1785591492183,,2083492882611077613,1718981586941603840,true,
2083548128188223814,1785591558869,glamorous-wildflower-raven,2083357962018377802,,true,
2083548263756493291,1785591591191,smiley-poplar-grassbird,2083259345794400591,,true,
2083548272837235106,1785591593356,attentive-spruce-blackbird,2083136121949839560,1621554777191481345,true,false
2083548701637972393,1785591695590,giving-redwood-mousebird,2083122983347056652,249603227,true,
2083548843325477148,1785591729372,helpful-spring-nighthawk,2083510533022503416,68357219,true,
2083549029468721508,1785591773752,balanced-blueberry-ibis,2082909675360489565,421034048,true,
2083549066017861755,1785591782465,great-mountain-brushturkey,2083525625651102068,,true,true
2083549069482291518,1785591783291,zappy-winter-thicketbird,2083440229164462372,1240672056,true,
2083549126604759086,1785591796910,wonderful-grapefruit-cardinal,2083246677079539896,713209489898471424,true,
2083549193306608079,1785591812813,neighborly-rhubarb-chickadee,2083504003191636306,1367209793686036482,true,
2083549288617988411,1785591835537,outgoing-frost-eagle,2083432554040865147,113571686,true,
2083549290345996492,1785591835950,diligent-brook-thrasher,2083191958047191196,3139846190,true,
2083549300945006603,1785591838477,celebrated-ocean-seagull,2083366679417901387,1279415705398579200,true,
2083549697419935783,1785591933003,cheery-nutmeg-towhee,2083546104738836840,1869186114646421504,true,
2083549724762595451,1785591939522,vivacious-trail-sandpiper,2082853640004321522,1197137733132660737,true,
2083549736456651011,1785591942310,tropical-blossom-starling,2083448523677425877,49540955,true,
2083549763694162381,1785591948804,gracious-flower-towhee,,,,
2083549811408511225,1785591960180,limber-coast-puffin,2083430393546719343,1867533400661536769,true,
2083549836427571324,1785591966145,soulful-buckeye-mousebird,2083403718087577876,1444304648823705607,true,true
2083549884838183377,1785591977687,cosmic-winter-skylark,2083078618419282284,715604466334978048,false,
2083549992141348999,1785592003270,understanding-river-whistler,2083337266638807168,1707763125280219136,false,
2083550008918282566,1785592007270,great-mountain-brushturkey,2083259345794400591,,true,
2083550048647049231,1785592016743,famous-savanna-cacholote,2083468698577465741,1586573869946896385,true,
2083550092565352675,1785592027214,celebrated-ocean-seagull,,,,
2083550154242617459,1785592041918,clean-wood-fantail,2083499913233432592,483347831,true,
2083550185628524948,1785592154970,cosmic-root-grackle,2083546577935704482,,true,true
2083550287281705422,1785592073637,placid-water-raven,,,,
2083550339106525451,1785592085993,zappy-winter-thicketbird,2083433286790181018,112114491,true,
2083550369355870572,1785592093206,supreme-iceberg-tinamou,2083318442598572278,,true,
2083550454504358169,1785592113506,neighborly-rhubarb-chickadee,2083400756808339519,36400985,true,true
2083550726882529288,1785592178446,cheery-nutmeg-towhee,2083139176501846230,2056599972959723520,true,
2083550728933478868,1785592178935,diligent-brook-thrasher,2083139176501846230,2056599972959723520,true,
2083550774374670375,1785592189769,poetic-mist-sandpiper,2083280499477205332,1605744364940034048,false,
2083550792082952647,1785592193991,great-mountain-brushturkey,2083176603019022471,2009094999598845952,true,
2083550871107797350,1785592212832,lionhearted-freshwater-pigeon,2082546774666006711,1837260800958025729,true,
2083550888715518283,1785592217031,celebrated-ocean-seagull,2083540394529128709,138037459,true,
2083550978893041922,1785592238530,cheery-nutmeg-towhee,,,,
2083551117045023038,1785592271469,zappy-winter-thicketbird,2083194298237923607,457060718,true,
2083551361711460765,1785592329801,great-mountain-brushturkey,2083422800799240574,1998628223773728768,true,
2083551407676813820,1785592340760,contemporary-cactus-lovebird,2083544897827525078,1355721251180961792,true,
2083551553026203970,1785592375414,zappy-winter-thicketbird,2083493111943098735,1789206639070896128,true,
2083551732219466139,1785592418137,lucky-avocado-ibis,2082931169297879551,1151084197345447936,true,
2083551823558844512,1785592439914,neighborly-rhubarb-chickadee,2083350440138129758,415810385,true,
2083551848934367662,1785592973750,cosmic-root-grackle,2083252600053395839,1639006932886343681,false,
2083551872829546567,1785592451661,blooming-hazelnut-stork,2083311337367875955,1312100755243847682,true,
2083552037300482198,1785592490875,diligent-brook-thrasher,2083546577935704482,,true,true
2083552063351365768,1785592497086,playful-cloud-piculet,,,,
2083552168846807154,1785592522237,smiley-grove-petrel,2083208187818525144,167389502,true,
2083552175662256379,1785592523862,neighborly-rhubarb-chickadee,2083500656204054975,966885683322175489,true,
2083552336945820023,1785592562315,hypnotic-root-kingbird,2083313211714031669,2898790691,true,
2083552350564655330,1785592565562,celebrated-ocean-seagull,,,,
2083552490155614266,1785592598843,distinctive-mist-condor,2083480694957998503,1551978656733487105,true,
2083552647844446426,1785592636439,humble-woodland-kingfisher,2083206631181943267,44628092,false,
2083552661022908725,1785592639581,cheery-nutmeg-towhee,2083528529178927606,3704218274,true,
2083552690202657280,1785592646538,lively-tigerwood-egret,2083503040267493582,918978248,true,
2083552759748460908,1785592663119,great-mountain-brushturkey,2083441853215789426,1921131419977609216,true,
2083552765632991615,1785592664522,zappy-winter-thicketbird,2083543000450220436,,true,
2083552836890116547,1785592681511,neighborly-rhubarb-chickadee,2083406367482855648,1571428991449567233,true,
2083552842657431695,1785592682886,lucky-grape-auklet,2083376123350765718,972780598145122307,true,
2083552876719215065,1785592691008,comforting-ice-snowfinch,2083299064376897603,1206886541248933888,true,true
2083553021871473020,1785592725614,diligent-brook-thrasher,2083246839399108943,,true,
2083553066746269737,1785592927052,cosmic-root-grackle,2083352389025997011,39002335,false,
2083553124946530462,1785592750189,diligent-brook-thrasher,2083440698183839894,1334628976850051075,true,
2083553130831057380,1785592751592,celebrated-ocean-seagull,2083334210492813583,,true,
2083553159125885021,1785592758338,cheery-nutmeg-towhee,2083461890769027450,,true,true
2083553163240460544,1785592759320,great-mountain-brushturkey,2083499712104067493,268829174,true,
2083553185642483885,1785593231215,cosmic-root-grackle,2083353592757379180,2040838444671217664,false,
2083553349945971133,1785593004075,cosmic-root-grackle,2080012010427662466,1749585241390358529,true,
2083553485329404151,1785592836112,poised-pecan-jacana,2083297573444411826,2060742444170280963,true,true
2083553487468581222,1785592836622,zappy-winter-thicketbird,,,,
2083553502517723419,1785593002799,cosmic-root-grackle,2083299064376897603,1206886541248933888,true,
2083553548965482577,1785592851283,extraordinary-juniper-pheasant,2083356182656205121,20545835,true,
2083553591323672792,1785592861382,celebrated-ocean-seagull,2083424251202191776,,true,
2083553685934649422,1785592883940,neighborly-rhubarb-chickadee,,,,
2083553850322289096,1785592923132,hardworking-blossom-owl,2083418662481072361,,true,
2083553903166341571,1785592935731,noble-roots-albatross,2083191983665803406,1820465364637237248,true,
2083553922187153553,1785592940267,diligent-brook-thrasher,,,,
2083554091477700865,1785592980628,celebrated-ocean-seagull,2083537305223012434,19017675,true,true
2083554255869297139,1785593019822,energetic-dune-skimmer,2083238370264994219,1431149461128892423,true,
2083554395820847467,1785593208643,cosmic-root-grackle,2083283196154687689,1530918172588756998,false,
2083554423972770270,1785593059901,celebratory-glacier-waxbill,2083352389025997011,39002335,true,
2083554426002837841,1785593060385,joyful-strawberry-triller,2083388499546513823,2083164273900191744,true,
2083554599751876968,1785593101811,funny-tomato-songbird,2083491698244551098,2367317370,true,
2083554775178551370,1785593143635,explorative-cliff-lapwing,2083224333267218804,7996082,true,
2083554840697848260,1785593159256,blazing-nectarine-thrasher,2083320258765504625,17469289,true,
2083554900798030018,1785593173585,intelligent-shoreline-finch,,,,
2083554948319490359,1785593184916,cheery-nutmeg-towhee,2083533191445684293,,true,
2083554964392059118,1785593188748,scholarly-blueberry-swan,2083227093572206966,1225855555559985152,true,
2083555143279132770,1785593231397,industrious-avocado-ibis,2082282228109734331,383086203,true,false
2083555256319832287,1785593258349,great-mountain-brushturkey,2083417921317900497,1432014119931162629,true,true
2083555347067781518,1785593279984,zappy-winter-thicketbird,,,,
2083555424762998952,1785593298509,harmonious-vine-osprey,2083296820797518244,1993902245445029889,true,
2083555426990260617,1785593299039,neighborly-rhubarb-chickadee,2083390014713692616,787265558098038784,true,
2083555467930866033,1785593308800,stoic-holly-penguin,2083265097942663574,2999656109,true,
2083555540081201372,1785593326003,keen-poplar-heron,2083537189841813649,,true,
2083555565960061106,1785593332172,relatable-mango-blackbird,2082870136202043827,,true,
2083555612332322922,1785593343228,diligent-brook-thrasher,2083235672513544530,2022703720220479488,true,
2083555794859991398,1785593386746,celebrated-ocean-seagull,2083221961711161580,1011001688298278912,true,
2083555802833379545,1785593388648,philosophical-berry-brushturkey,2083373313364009102,878247600096509952,true,false
2083555898362847691,1785593411423,assuring-moonlight-heron,2083252391810404763,1112474438065377280,true,
2083556080009846995,1785593454731,transcendent-bonsai-whistler,2083304103799664685,44196397,true,
2083556286491222480,1785593503961,cheery-nutmeg-towhee,2083539727009906967,330262748,true,
2083556315155026364,1785593510794,cheery-nutmeg-towhee,2083212884067164231,1361748995652149249,true,
2083556339263869398,1785593516543,great-mountain-brushturkey,,,,
2083556357400305954,1785593520867,intelligent-shoreline-finch,2083376876924588269,226099676,true,
2083556492490469731,1785593553074,masterful-creek-brownbul,2083028768818692542,1355412968620523521,false,
2083556701186175048,1785593602831,fashionable-valley-ibis,2083290268699161006,835338073324015617,true,
2083556708698218609,1785593604622,informative-evergreen-sparrowhawk,2082771812534951951,1722829178,false,
2083556811617996868,1785593629160,daring-peanut-skylark,2082817242970857529,20677726,true,
2083556815078334574,1785593629985,skillful-blossom-ibis,2083478089661591600,14208474,true,
2083556848779612572,1785593638020,zappy-winter-thicketbird,2083251698106085592,1024353990379745281,true,
2083556879649902758,1785593645380,challenging-tigerwood-waxbill,2083420173474873606,,true,
2083556884292751467,1785594329198,cosmic-root-grackle,2083029720740888841,4917783609,false,
2083556901468676230,1785593650583,expressive-earth-partridge,2082976744282485028,1620185280832737280,false,
2083556913694814270,1785593653497,neighborly-rhubarb-chickadee,2083543670574182667,1580437549146841089,true,true
2083557032100077603,1785594254118,cosmic-root-grackle,2082782170947444884,486834036,true,
2083557040895537162,1785593683824,calm-freshwater-lory,2082867282238218565,832243923846328320,true,
2083557051393778069,1785593686328,diligent-brook-thrasher,2083409427089285343,1805071416796368897,true,
2083557055529443336,1785593932305,cosmic-root-grackle,2083209794609954954,269377464,true,
2083557116049301513,1785593701742,poetic-iceberg-kingfisher,2083386258362122567,1745265761416056832,false,
2083557295326179448,1785593744486,kind-glacier-stilt,2083302753682743576,272616327,false,false
2083557479431237881,1785593788379,earnest-chestnut-sunbird,2083479980366090359,2890506943,true,
2083557905530331350,1785594080713,cosmic-root-grackle,2082836135374360796,1313134780326850560,true,
2083557977064153155,1785593907024,celebrated-ocean-seagull,2083265520208327129,2035504534118920192,true,
2083558027177652382,1785593918973,magnificent-basswood-friarbird,2083384420648554568,,true,
2083558159978045653,1785593950634,understanding-earth-eagle,2083083247903461842,1564994200856236032,true,
2083558194966618518,1785593958976,clean-desert-junco,2083322985100857391,102466223,true,
2083558569438544163,1785594048257,trusty-guava-eagle,2082675455254266180,552739663,false,
2083558802213777625,1785594103755,balanced-dune-puffbird,2083115465531150842,85796380,false,
2083558862251061643,1785594118069,amicable-rosewood-sunbird,2083067073044078661,,true,
2083558950054609060,1785594139004,superb-canyon-bullfinch,2083504562942439739,2008907709375299584,true,true
2083558950939591123,1785594139214,cheery-nutmeg-towhee,2083453364596035685,,true,
2083558985999770104,1785594147573,great-mountain-brushturkey,,,,
2083559068170391842,1785594167165,zappy-winter-thicketbird,,,,
2083559174483410989,1785594192511,winning-island-lapwing,2083142931662188986,1158128412453740547,true,
2083559235473051816,1785594330702,cosmic-root-grackle,2083358048375226738,1261335549215989760,false,
2083559433427427720,1785594429714,cosmic-root-grackle,2083352389025997011,39002335,false,
2083559448782450850,1785594257910,neighborly-rhubarb-chickadee,2083554935384244376,1030711922,true,
2083559477530247268,1785594264764,diligent-brook-thrasher,2083280763412226449,,true,
2083559575182086309,1785594288045,celebrated-ocean-seagull,,,,
2083559577497325866,1785594288597,cheery-nutmeg-towhee,2083384995562115114,1776819549616427008,true,
2083559654102024328,1785594306862,great-mountain-brushturkey,2083216599490924648,2043305234278023168,true,
2083559682556248326,1785594313646,magnificent-basswood-friarbird,2072767892324819375,15212187,true,
2083559724981653845,1785594323760,great-mountain-brushturkey,2083510225026359707,,true,
2083559878681833934,1785594360405,rational-seashore-siskin,2083338423046459740,1719257314899918848,false,
2083559883337801978,1785594361516,worthy-nectarine-sunbird,2083402804832706699,1397065753967267841,true,
2083559909568692475,1785594367770,daring-berry-grouse,2083327094310752558,1667904233419440129,true,
2083560064535920736,1785594404716,nestling-evergreen-emu,2083512317879148971,2081488391821045760,true,
2083560166864122013,1785594429113,zappy-winter-thicketbird,2083501610022646241,1955252486220156930,true,true
2083560189375156430,1785594756879,cosmic-root-grackle,2083390875825013188,2018714398576328704,true,
2083560192059318405,1785594435121,neighborly-rhubarb-chickadee,2083527464634953830,1799733205832007681,true,
2083560266466255213,1785594452861,diligent-brook-thrasher,2083413929397801408,,true,
2083560269523853387,1785594453590,celebrated-ocean-seagull,2083097636135903388,,true,true
2083560449736364293,1785594496556,cheery-nutmeg-towhee,,,,
2083560467817996326,1785594500866,prudent-grapefruit-bulbul,2083318230794297692,1333793776599371778,true,
2083560574156239285,1785594526219,straightforward-slope-wheatear,2083555550382477814,330262748,true,
2083560617693315348,1785594536599,trusting-persimmon-quail,2082029464297537966,1699797396589588480,true,
2083560710408188230,1785594558704,placid-water-raven,2083225669408793009,1902360206992142337,true,
2083560729756467641,1785594563317,focused-valley-kestrel,2083226921781936591,1212975941028237313,false,
2083560756625215935,1785594569724,supportive-moon-piculet,2083437359886913706,440204579,true,
2083560760462991483,1785594570639,zappy-winter-thicketbird,2083549853318070554,930453075457921029,true,
2083560882064302234,1785594599630,enjoyable-cactus-bluejay,1504424219614093314,307019415,true,
2083560987613966381,1785594624795,neighborly-rhubarb-chickadee,2083401048039784461,2027652462912671745,true,
2083561036037370148,1785594636341,dexterous-ridge-needletail,2083473056866185519,1747809072001482752,true,
2083561129884995946,1785594658716,worldly-winter-goose,2083382715240644638,1178994547302354945,true,
2083561397137609202,1785594722433,skilled-wind-meadowlark,2083255271690801589,2012551167562141696,true,
2083561532781408479,1785594920018,cosmic-root-grackle,2083423812259807411,2080439801220620288,true,
2083561588418875632,1785594768038,wholesome-raspberry-stilt,2083347967931466095,1881451105454002176,true,
2083561593816703277,1785594769325,diligent-brook-thrasher,2083358300217749905,1890436417102221313,true,
2083561596002160741,1785594769846,wholesome-raspberry-stilt,2083410388830294523,2011338420317274112,true,
2083561898793193852,1785594842037,easygoing-island-parrotlet,2083536464722145763,,true,
2083562090120229125,1785595075183,cosmic-root-grackle,2082491091958575611,16331010,false,
2083562097657409797,1785594889451,miraculous-woodland-greenbul,2083425019036844140,,true,true
2083562202729218120,1785595041465,cosmic-root-grackle,2083537759701012679,27995424,false,
2083562209758842978,1785595049009,cosmic-root-grackle,2083496501020700920,2713801283,true,
2083562391388696744,1785594959481,celebrated-ocean-seagull,2083419286631231511,539016075,true,
2083562412905845240,1785594964611,profound-cantaloupe-raven,2082951942506954927,1929625061805211648,false,
2083562765461991595,1785595048667,cheery-nutmeg-towhee,,,,
2083562804326572436,1785595212654,cosmic-root-grackle,2083460479419306124,2045083659418406912,true,
2083562836953870426,1785595065712,modern-kelp-friarbird,2083518004294254737,1339166129110065152,true,
2083562851562553348,1785595202918,cosmic-root-grackle,2083330845968875784,19834403,false,
2083562952431632756,1785595478859,cosmic-root-grackle,2083481681042747560,2048533070869880832,true,
2083562955044438126,1785595093868,composed-iceberg-osprey,2083436932609044710,46085533,true,
2083563222700044334,1785595157681,kind-kiwi-jay,2083254308850593948,465480510,true,
2083563305659158824,1785595694683,cosmic-root-grackle,2083448434581766473,1978254374867468289,true,
2083563309840974286,1785595178457,kind-kiwi-jay,2083138726314594810,,true,
2083563477818355959,1785595218506,careful-banana-heron,2083540788886044961,1586235684,true,
2083563483384181125,1785595219834,great-mountain-brushturkey,2083423812259807411,2080439801220620288,true,
2083563564141273175,1785595239087,fearless-leaf-penguin,2082892928473542736,19900973,false,false
2083563609423040569,1785595249883,futuristic-lime-sparrowhawk,2083327094310752558,1667904233419440129,false,
2083563640318222412,1785595257249,zappy-winter-thicketbird,2083424278108893245,987018609145741312,true,
2083563708421190000,1785595273486,neighborly-rhubarb-chickadee,2083417442949431429,904630459539312640,true,
2083563752650326204,1785595422366,cosmic-root-grackle,2083500537245302893,1229161845426204675,false,
2083563771742531905,1785595288583,,2083481681042747560,2048533070869880832,true,true
2083563797583646926,1785595294744,diligent-brook-thrasher,2083424088551518281,987018609145741312,true,
2083563882044371130,1785595486893,cosmic-root-grackle,2083537759701012679,27995424,false,
2083564061275426971,1785595357613,exuberant-prairie-motmot,2083538985884803427,3313128290,true,
2083564125267869782,1785595372870,,2083448714698629420,23023236,true,
2083564351147970588,1785595426725,celebrated-ocean-seagull,2083392255507722356,1696809224045551616,true,
2083564419406016534,1785595442998,philosophical-berry-brushturkey,2083410388830294523,2011338420317274112,true,
2083564570057076803,1785595922562,cosmic-root-grackle,2083481681042747560,2048533070869880832,true,
2083564598402150780,1785595485675,cheery-nutmeg-towhee,2083496501020700920,2713801283,true,
2083564605859860777,1785595487453,magical-autumn-fantail,2083308479977030076,2314175554,true,false
2083564614415962179,1785595489492,great-mountain-brushturkey,2083481681042747560,2048533070869880832,true,
2083564619042541983,1785595490596,expressive-earth-partridge,2083208558452281704,192835503,false,
2083564628454547939,1785595664712,cosmic-root-grackle,2083523052843745486,96015533,false,
2083564633718165601,1785595494094,,2083324455909052595,815733290955112448,true,
2083564811317661698,1785595536438,zappy-winter-thicketbird,2083138075476000802,65400066,true,
2083564856397967866,1785595547185,zappy-winter-thicketbird,2083495581356360144,594727354,true,
2083564858197356900,1785595547615,celebrated-ocean-seagull,2083495581356360144,594727354,true,
2083565021087375662,1785595586450,neighborly-rhubarb-chickadee,2083460479419306124,2045083659418406912,true,
2083565112254661032,1785595608186,splendid-sky-egret,2083432773348462705,,true,true
2083565268312457562,1785595645394,quick-summer-cardinal,2082594229667442748,2054383570941362176,true,
2083565279733334424,1785595648116,splendid-cedar-kingbird,2083456857209999619,2475453187,true,
2083565282736701889,1785595648832,nestling-evergreen-emu,2083561822515318844,1944733945930960896,true,
2083565337828606355,1785595661968,diligent-brook-thrasher,2083492940500947246,210236794,true,
2083565338990645336,1785595662244,adaptable-sun-duck,2082345207995998222,1804763040317132800,true,
2083565526387712312,1785595706923,sublime-lowland-penguin,2083256654796128259,2509360928,true,
2083565776238203023,1785595766492,magnanimous-glacier-bushlark,2082892928473542736,19900973,true,
2083565792075903221,1785595770269,celebrated-ocean-seagull,,,,
2083565876536598571,1785595790406,cheery-nutmeg-towhee,2083485474379731407,1540017697802567680,true,
2083565906102206581,1785595797455,peaceful-root-songlark,2083561791196368979,1602645391400259584,true,
2083566019822653643,1785595824567,quick-summer-cardinal,2083506761168986466,2054383570941362176,true,
2083566262903341296,1785596111464,cosmic-root-grackle,2083379691214295367,1570680858717159424,false,
2083566497130303927,1785596050242,cosmic-root-grackle,2083477326243766413,801203059359678464,true,
2083566537768665258,1785595948056,funny-tomato-songbird,2083502264614875477,1895216569,false,
2083566652411765074,1785595975389,valorous-rainfall-piculet,2083545785451319621,1652541,true,
2083566673181942215,1785596444560,cosmic-root-grackle,2083420641345020052,,true,
2083566695268901055,1785595985606,cheery-nutmeg-towhee,,,,
2083567039843590256,1785596067759,great-mountain-brushturkey,,,,
2083567045422010612,1785596246319,cosmic-root-grackle,2083014082521629117,1360103803677212672,false,
2083567095464521898,1785596081020,bookish-seawater-pigeon,2083418723374043145,361301678,true,
2083567221243093306,1785596111008,great-mountain-brushturkey,2083409466905567681,1157689921349521410,true,
2083567295205708248,1785596674443,cosmic-root-grackle,2083528669406912580,,false,
2083567482720178354,1785596173349,modern-ocean-heron,2083320258765504625,17469289,false,
2083567596540981277,1785596200487,winning-island-lapwing,2083156424234860595,1452029249368596483,true,
2083567714275090523,1785596228556,amiable-coral-falcon,2083223684173693041,6240732,true,
2083567728305074386,1785596231901,glowing-kiwi-mousebird,2083518344926257515,,true,
2083567804205203480,1785596249998,zappy-winter-thicketbird,,,,
2083567889400160735,1785596396974,cosmic-root-grackle,2083213155627630984,16293020,true,
2083568078604976468,1785596449500,cosmic-root-grackle,2083515706457419965,1681786328,false,
2083568115330240806,1785596324176,neighborly-rhubarb-chickadee,2083300146633384316,1920838495506984960,true,
2083568137727860931,1785596329515,witty-oak-sparrow,2083482216374419795,314070500,true,
2083568272390177185,1785596361622,diligent-brook-thrasher,2083337661566341481,,true,
2083568313578238161,1785596371441,celebrated-ocean-seagull,2083392578888544602,1619865244615974913,true,
2083568499234861385,1785596415705,joyful-eucalyptus-anhinga,2083224053737783481,1718981586941603840,false,
2083568572672901424,1785596433215,cheery-nutmeg-towhee,2083560988737966556,,true,
2083568575093129333,1785596433791,zappy-winter-thicketbird,2083560988737966556,,true,
2083568634346025046,1785596447919,great-mountain-brushturkey,,,,
2083568659411206275,1785596453894,appreciative-root-nighthawk,2083466628818219065,3285438787,true,
2083568664331124739,1785596455068,zappy-star-swift,2083511413692088328,1108955593031573509,false,
2083568709801480618,1785596465908,zappy-winter-thicketbird,,,,
2083568710627848609,1785596466105,communicative-olive-logrunner,2083246543331631195,1671995301769404416,true,
2083568732706914471,1785596471369,empathetic-banana-swift,2083409427089285343,1805071416796368897,true,
2083568758791045536,1785596477588,neighborly-rhubarb-chickadee,2083420641345020052,,true,
2083568858934243800,1785596501464,artistic-wind-rooster,2083336074600874483,,false,
2083568934515576992,1785596519485,informative-aspen-falcon,2083367113507446994,2062951295514779648,true,
2083569172072517704,1785596576122,glowing-highland-catbird,2083498748018069756,1291803064089948161,true,
2083569198102393207,1785596582329,wholesome-raspberry-stilt,2083390875825013188,2018714398576328704,true,
2083569268545703964,1785597004186,cosmic-root-grackle,2082882666538692666,1943714826116603904,true,
2083569369653637156,1785596623230,diligent-brook-thrasher,2083508345999139113,28785486,true,
2083569506627023067,1785596655887,alpine-riverbank-crake,2083499592608268297,1549045344029270016,true,
2083569506941542768,1785596655962,futuristic-orchard-emu,2083471466276786196,1568266131034480647,true,
2083569709153153109,1785596704172,cheery-nutmeg-towhee,2083546577935704482,,true,
2083569743219376633,1785596712294,great-mountain-brushturkey,2083235682420473899,1179876172911595522,true,
2083570100041371879,1785596797367,warm-root-hillstar,2083297469878698409,21612122,true,
2083570391054778424,1785596866750,polite-eucalyptus-whistler,2082964474877673791,,true,
2083570483404898719,1785596888769,zappy-winter-thicketbird,2083335794626883982,2008250832438128645,true,
2083570575688057258,1785596910770,heartwarming-cove-chickadee,2083294506238046527,1442628114,true,
2083570725219094780,1785596946422,neighborly-rhubarb-chickadee,2083515578715615644,1142686628802158593,true,
2083570748195774743,1785596951899,bold-rain-raven,2083481661774106760,203123011,true,
2083570813848932392,1785596967552,diligent-brook-thrasher,2083437055342678455,2003214978959147008,true,
2083570816738902453,1785596968242,neighborly-rhubarb-chickadee,2083402867981873388,1928437651985534976,true,
2083570897915380081,1785596987596,diligent-brook-thrasher,2083537305223012434,19017675,true,
2083570902265168187,1785596988632,calm-walnut-myna,2083228749999300630,129791851,true,
2083571030325404156,1785597019165,celebrated-ocean-seagull,2083518616994034164,1754506788014342144,true,
2083571237721149507,1785597068612,cheery-nutmeg-towhee,2083389573418143949,1892454722,true,
2083571248039141776,1785597071072,great-mountain-brushturkey,2083479261118152994,,true,
2083571474967753021,1785597125175,fabulous-trail-crane,2083458403637362728,1586327568696758273,true,
2083571566563004439,1785597147013,alpine-wood-wader,2083423812259807411,2080439801220620288,false,
2083571587979133076,1785597152119,respectful-pear-hawk,2082934347741438203,2063880239474696192,false,
2083571594681606598,1785597153718,zappy-winter-thicketbird,2083336858717782158,,true,
2083571701397197036,1785597179161,natural-creek-friarbird,2083571380482609314,2060368927796985860,true,
2083571709823574054,1785597181169,neat-water-falcon,2083320347466576129,2070950515450527744,true,true
2083571780191433181,1785597197946,nestling-acorn-lory,2082883469450023264,,true,
2083571951960809678,1785597238899,bookish-bonsai-hornbill,2083324455909052595,815733290955112448,true,false
2083572132886295002,1785598067207,cosmic-root-grackle,2083363532871975047,1318263321745907713,false,
2083572204177170702,1785597299032,innovative-field-canary,2083397372160381242,1726611713477517312,true,
2083572242747625726,1785597308229,gleeful-elm-wigeon,2083170197184164172,1697024857433645056,true,
2083572297898811786,1785597321378,gracious-savanna-wheatear,2083437109768290608,1914017703888838656,false,
2083572324889186340,1785597327812,vibrant-banana-albatross,2083258736630448521,,true,
2083572334187672003,1785597330029,neighborly-rhubarb-chickadee,2083545569205621191,2064899164996059136,true,
2083572347941031991,1785597333308,jazzy-watermelon-seedeater,2083367190317895762,,true,
2083572372674863257,1785597941793,cosmic-root-grackle,2083480694957998503,1551978656733487105,false,
2083572422326788228,1785597351043,diligent-brook-thrasher,2083568363209723972,,true,
2083572607912120409,1785597395290,,2083326202484310444,1225234593789423616,true,
2083572713046544794,1785597420357,celebrated-ocean-seagull,2083536112652374122,1471996797165916164,true,
2083572805778427954,1785597442465,adventurous-grapefruit-jacana,2083503778255544592,36969785,true,
2083572885134643600,1785597461385,cheery-nutmeg-towhee,2083417460422717491,15483453,true,
2083573023852949872,1785597494458,great-mountain-brushturkey,2083551589084844243,,true,
2083573026684096624,1785597495133,zappy-winter-thicketbird,,,,
2083573128379122131,1785597519380,industrious-blueberry-tanager,2083125786584699381,,true,
2083573185060978924,1785597532893,philosophical-mangrove-thrasher,2040358361405763807,1244046574533083138,true,
2083573217390678235,1785597540602,neighborly-rhubarb-chickadee,,,,
2083573279630205340,1785597555440,miraculous-tide-wren,2081941795555127548,,true,
2083573396248440892,1785597583244,philosophical-mangrove-thrasher,,,,
2083573425889546568,1785597590311,incredible-seedlings-hawk,2081721319884796099,3392883071,true,
2083573588704043147,1785597629129,diligent-brook-thrasher,2083566025417842744,,true,
2083573606433296389,1785597633356,celebrated-ocean-seagull,2083427012052685050,,true,
2083573672166776876,1785597649028,inspirational-tomato-robin,2083347289234633208,1160797373431332870,true,
2083573868002787406,1785597695719,cheery-nutmeg-towhee,2083440309451833442,1342135083252105216,true,
2083574038845095964,1785597736452,shining-maple-troupial,2083130553092485132,17715048,true,
2083574216226460012,1785597778742,great-mountain-brushturkey,2083425883038404760,1605574676306022400,true,
2083574331549131242,1785597806237,miraculous-moss-songbird,2083551016549855739,,true,
2083574361202864469,1785597813307,cool-seawater-chicken,2083290352082198562,271432134,true,
2083574432690294884,1785597830352,zappy-winter-thicketbird,,,,
2083574580937953761,1785597865696,expressive-magnolia-recurvebill,2082805062305259736,1222773302441148416,true,
2083574764480651722,1785597909457,neighborly-rhubarb-chickadee,2083255145043755041,280947815,true,
2083575137035550843,1785597998280,miraculous-tigerwood-nightjar,2083297970221629534,1513410916473192450,true,
2083575158342602798,1785598003360,active-lake-finfoot,2083561917147165060,,true,
2083575231633842303,1785598020834,giving-canyon-myna,2083340949841973300,2037931329870778368,true,
2083575349367947306,1785598048904,brilliant-nectarine-swamphen,2083487778084421693,898910408576303106,true,
2083575370087809231,1785598053844,diligent-brook-thrasher,2083206879191175300,1788298379455279105,true,
2083575379004903655,1785598055971,thankful-granite-blackbird,2083448714698629420,23023236,false,
2083575418477543522,1785598065382,celebrated-ocean-seagull,,,,
2083575550849806398,1785598096941,cheery-nutmeg-towhee,2083571134650359982,1500166468851412998,true,
2083575559045444086,1785598098896,enthralling-sapling-bluebird,2083234192041628090,1549045344029270016,true,
2083575941440114969,1785598190065,great-mountain-brushturkey,2083515587498594434,1163119260786409472,true,
2083575943709286517,1785598190606,zappy-winter-thicketbird,2083458403637362728,1586327568696758273,true,
2083575948020957213,1785598191635,neighborly-rhubarb-chickadee,2083499170258677946,2378742140,true,
2083576006447685979,1785598205564,informative-roots-piculet,2083217771152707734,,true,
2083576037267431503,1785598212913,vibrant-banana-albatross,2082848170997141628,2082608968094863360,true,
2083576193282982173,1785598250109,celebrated-ocean-seagull,2083565787906994489,,true,
2083576382635020401,1785598295254,animated-coconut-egret,2083159326202708057,2013104821470179328,true,
2083576440616874322,1785598309079,cheery-nutmeg-towhee,2083564612579098874,1024016842032078849,true,
2083576785627738381,1785598391335,punctual-blueberry-nighthawk,2083198622582096062,2033729336877191168,true,
2083576832733942271,1785598402566,transcendent-spruce-owl,2083246606841967036,,true,
2083576871149535380,1785598411725,diligent-brook-thrasher,2083517347743310177,363741124,true,
2083576990938874130,1785598440286,celebrated-ocean-seagull,2083471042916528219,1629872655300952064,true,
2083577015576281088,1785598446159,cheery-nutmeg-towhee,2083337696395567405,1047470095927267328,true,
2083577079291875625,1785598461350,great-mountain-brushturkey,2083511807440724060,1687017781839998976,true,true
2083577091908341809,1785598464358,optimistic-peppermint-mallard,2083576487710462161,10671602,true,
2083577196283654491,1785598489244,mannerly-cedar-duck,2083576487710462161,10671602,true,
2083577212822016090,1785598658089,cosmic-root-grackle,2083523175153832052,17137628,false,
2083577314349343114,1785598517392,wonderful-grapefruit-cardinal,2083206992739680601,86764977,true,
2083577344728387711,1785598524635,beautiful-root-seabird,2083550597375246665,15709520,true,
2083577375531688168,1785598531980,kind-kiwi-jay,2083231481711738902,76766018,true,
2083577394418307192,1785598536483,zappy-star-swift,2083559855806349561,1765214863453016064,true,
2083577484470022351,1785598557952,zappy-winter-thicketbird,,,,
2083577563234943251,1785598576731,neighborly-rhubarb-chickadee,2083560152179806512,2885754653,true,
2083577571329847687,1785598578661,diligent-brook-thrasher,,,,
2083577887010029925,1785598653925,celebrated-ocean-seagull,2083569122600763397,1919937535498719232,true,
2083578228912837008,1785598735441,dynamic-birch-pitohui,2083414025019502712,1379459310950879233,false,
2083578249657958568,1785598740387,outgoing-wind-greenbul,2082806874156527855,1295409041049518082,true,
2083578273548628022,1785598746083,great-mountain-brushturkey,2083358300217749905,1890436417102221313,true,
2083578503006498936,1785598800791,cheery-nutmeg-towhee,,,,
2083578543443685800,1785598810432,loyal-reef-frigatebird,2083254892802593073,1328082031474053120,false,false
2083578555510751467,1785598813309,enthusiastic-nutmeg-pigeon,2083276785613996342,2068127778721910784,true,
2083578611865624938,1785598826744,appreciative-rose-bittern,2083401865782550753,1566718683829145600,true,
2083578657021260217,1785598837510,breathtaking-rain-condor,2081764767836864649,1548563461680005120,true,
2083578663367557415,1785598839023,authentic-cherry-seabird,2083001687674130776,1685835800876056576,true,
2083578750717800602,1785598859849,outstanding-snow-tinamou,2083240175203741845,2296889154,true,
2083578764181561750,1785598863060,kinetic-fir-frigatebird,2083222064362615256,302771060,true,
2083578768287780870,1785598864038,zappy-winter-thicketbird,,,,
2083578861615259965,1785598886289,vibrant-banana-albatross,2083480695981461647,,true,
2083579210849820744,1785598969553,great-mountain-brushturkey,,,,
2083579210858385540,1785598969555,authentic-cherry-seabird,2083410117123293660,1586923432968654848,true,
2083579377623679393,1785599009315,zappy-winter-thicketbird,2083408037956505872,932829592313667584,true,
2083579425900331096,1785599126676,cosmic-root-grackle,2083341663259255009,1565471830793756673,true,
2083579456271368280,1785599028066,enthralling-granite-penguin,2083342704432619591,1642281192635473922,true,
2083579509878489212,1785599040847,astute-plum-hawk,2083337792063508488,1577241403,true,
2083579690611069288,1785599083938,contemporary-roots-siskin,2083462934055866649,3292982985,true,
2083579756272865563,1785599099593,astute-plum-hawk,2083222563006619762,1507019839965052942,true,
2083579998934343816,1785599157447,neighborly-rhubarb-chickadee,2083563363343171808,1969010035239063552,true,
2083580134775271932,1785599189834,lucent-rose-skimmer,2083577546940076317,,true,
2083580147840471142,1785599192950,diligent-brook-thrasher,2083346647568822301,1911096563759190016,true,
2083580235514028418,1785599213853,neighborly-rhubarb-chickadee,2083380816793796792,2035681846965772288,true,
2083580252693856502,1785599217948,diligent-brook-thrasher,2083459717247181053,,true,
2083580308490699000,1785599231252,celebrated-ocean-seagull,2083395804790677529,2037931329870778368,true,
2083580330368242099,1785599236467,cheery-nutmeg-towhee,2083560656175821073,1796509639074332672,true,
2083580334252142869,1785599237394,great-mountain-brushturkey,2083560656175821073,1796509639074332672,true,
2083580437704622577,1785599262058,zappy-winter-thicketbird,2083562493557755998,784921318651207680,true,
2083580469375828425,1785599269609,neighborly-rhubarb-chickadee,2083472226955743372,1219507208033009664,true,
2083580506247983272,1785599278400,philosophical-mangrove-thrasher,2083561917147165060,,true,
2083580571528069131,1785599293965,diligent-brook-thrasher,2083360100534612268,1332282181755019264,true,
2083580630135181472,1785599307937,fantastic-watermelon-sparrow,2083403718087577876,1444304648823705607,false,
2083580658090234143,1785599314603,celebrated-ocean-seagull,,,,
2083580664373256596,1785599316101,relatable-lagoon-lovebird,2083366274650775918,1468657319647006733,false,
2083580705599099236,1785599325929,cheery-nutmeg-towhee,2083286635387445583,14780915,true,
2083580836801028184,1785599357210,zappy-winter-thicketbird,,,,
2083580902685192532,1785599372919,great-mountain-brushturkey,,,,
2083581058960724095,1785599410177,peppy-boulder-lovebird,2083158442517086356,2240745937,true,
2083581105622360411,1785599421302,zappy-winter-thicketbird,2083443919954587791,133663801,true,
2083581512356643218,1785599518275,enthusiastic-highland-piculet,2083462737871413694,1929986388482555904,true,
2083581538797519252,1785599524580,neighborly-rhubarb-chickadee,2083379691705294849,22344324,true,
2083581566739988813,1785599531242,spectacular-sandalwood-bittern,2083271390501716021,1804939267992592384,true,false
2083581600646701465,1785599539325,auspicious-trail-egret,2083267374422040586,70723029,true,
2083581722306682998,1785599568331,thoughtful-cypress-snowfinch,2035261615285641533,1806759925680619520,false,
2083581744867946769,1785599573710,diligent-brook-thrasher,2083566716836335908,,true,true
2083581837138620858,1785599595710,suave-rhubarb-parakeet,2083278276517306871,2055572419952140288,true,true
2083581966570393728,1785599626568,philosophical-granite-flamingo,2083482216374419795,314070500,false,
2083581971892969982,1785599627837,celebrated-ocean-seagull,2083456923907862652,1876596156970774528,true,
2083582004675698711,1785599635654,felicitous-beech-conure,2083515334430965908,971820228,false,
2083582132434162175,1785599666113,cheery-nutmeg-towhee,,,,
2083582135097598086,1785599666748,great-mountain-brushturkey,2083559802924327082,1584105527348445184,true,
2083582175308337332,1785599676335,zappy-winter-thicketbird,2083512498213585103,,true,
2083582267738542185,1785599698372,authentic-cherry-seabird,2083450315257303334,19017675,true,
2083582391377965395,1785599892451,cosmic-root-grackle,2083477326243766413,801203059359678464,true,
2083582550728179976,1785599765842,authentic-cherry-seabird,2083021836221108669,2162812627,true,
2083582797600423938,1785599824701,neighborly-rhubarb-chickadee,2083552952237555954,963464875065466880,true,
2083582805800628504,1785599826656,aquatic-field-nightjar,2083579119200280828,,true,
2083582873659924589,1785599842836,diligent-brook-thrasher,2083579672286159071,1235148742631862273,true,
2083583022096367620,1785599878226,thoughtful-iceberg-kestrel,2083556501747007838,19662198,true,
2083583036474700129,1785600462099,cosmic-root-grackle,2083023817375350860,334920737,false,
2083583162077319303,1785599911599,great-tide-heron,2083485388639723630,2803477274,true,
2083583178426417312,1785599915497,neighborly-rhubarb-chickadee,2083274774562717828,260788584,true,
2083583221208653944,1785599925698,aquatic-field-nightjar,2083573109928693785,1513782426870374400,true,
2083583512838316428,1785599995227,commendable-winter-canary,2083444089509367931,883059801747587073,true,
2083583529842053121,1785599999282,jolly-hillside-canary,2083551789144842569,1338002318411763712,true,
2083583531121246696,1785599999586,diligent-brook-thrasher,2083440354574180841,1983022303580770304,true,
2083583609084998121,1785600018174,glamorous-berry-towhee,2082738564152824300,2431547652,true,
2083583856901329251,1785600077259,lionhearted-field-turkey,2083363884241494216,172395137,false,
2083583875729527100,1785600081747,celebrated-ocean-seagull,2083568819264516223,2061098334090059776,true,
2083583917559586964,1785600091720,affable-forest-crimsonwing,2083567932588851704,96785342,true,false
2083583940384976969,1785600097162,aquatic-field-nightjar,2083581783736803426,1513782426870374400,true,
2083583972777279814,1785600104885,cheery-nutmeg-towhee,2083300752840171716,329840383,true,
2083584068147380245,1785600127624,zappy-winter-thicketbird,2083409466905567681,1157689921349521410,true,
2083584107917815992,1785600137105,neighborly-rhubarb-chickadee,,,,
2083584163043791029,1785600150248,animated-basswood-duck,2083577994308686170,,true,
2083584217510740260,1785600163234,diligent-brook-thrasher,2083575559842353497,1749416706160590848,true,
2083584230697648299,1785600166377,resilient-melon-grosbeak,2083293791524429916,478753329,true,
2083584340093747286,1785600192461,fun-pond-condor,2083210895006511442,,false,
2083584424772592125,1785600212649,easygoing-island-parrotlet,2083408037956505872,932829592313667584,true,
2083584487309414671,1785600227560,celebrated-ocean-seagull,,,,
2083584747087835313,1785600289494,cheery-nutmeg-towhee,2083448002732245225,1344916978931179520,true,
2083584793413869793,1785600300542,great-mountain-brushturkey,,,,
2083584829099311199,1785600309048,empathetic-sky-shearwater,2083575369513193780,1456618037210136578,true,
2083584886737129668,1785600322791,zappy-winter-thicketbird,,,,
2083584930919960830,1785600333324,neighborly-rhubarb-chickadee,,,,
2083584974838448448,1785600343796,zestful-seedling-parakeet,2083575480830103626,1747755038657687553,true,false
2083585247866683619,1785600408889,ardent-roots-hawk,2083576487710462161,10671602,true,
2083585525504454703,1785600475086,diligent-brook-thrasher,2083470707204186592,1845201156164763662,true,
2083585527748403224,1785600475620,celebrated-ocean-seagull,,,,
2083585655255203988,1785600506019,keen-petal-gull,2083565860971544665,158092325,false,
2083585672900682007,1785600510226,cheery-nutmeg-towhee,2083530089178804650,2065031475234328576,true,
2083585740428951865,1785600526326,punctual-pistachio-motmot,2082931169297879551,1151084197345447936,false,
2083585923389006106,1785600569948,lionhearted-papaya-cotinga,2083512498213585103,,true,true
2083585938622382563,1785600573579,great-mountain-brushturkey,,,,
2083585956934738164,1785600577946,hysterical-magnolia-curassow,2083277200862654796,4470351255,true,
2083586090636591610,1785600609823,alpine-chestnut-stork,2083138726314594810,,true,true
2083586113382285773,1785600615243,zappy-winter-thicketbird,2083566009206645062,1486409484297773063,true,
2083586202532209073,1785600636501,neighborly-rhubarb-chickadee,2083462891710070943,1359418375076773888,true,
2083586233377358038,1785600884843,cosmic-root-grackle,2083584044281810988,1222182373867032576,false,
2083586270056382812,1785600652599,incredible-hill-logrunner,2082944100156772727,46302096,true,
2083586285789143142,1785600656351,diligent-brook-thrasher,2083400916674474255,1424426376459735042,true,
2083586399886864748,1785601141027,cosmic-root-grackle,2083577994308686170,,true,
2083586803383087267,1785600779754,lucent-glacier-hawk,2083403473089958385,1912474321852985346,true,
2083586937261310185,1785601001548,cosmic-root-grackle,2078562951796047911,52660746,false,
2083586978738516386,1785600821563,brilliant-forest-peacock,2083490126131249361,20596231,true,
2083587112532656363,1785600853461,celebrated-ocean-seagull,2083392564477169689,987018609145741312,true,
2083587141964075349,1785600860479,hypersonic-orchard-nightjar,2083564415392108788,975200486,true,
2083587188449583592,1785600871562,cheery-nutmeg-towhee,2083401485572849667,1625492016896540679,true,
2083587263615602723,1785600889481,great-mountain-brushturkey,2083313830919119119,1265909802858938369,true,
2083587389034021166,1785601496348,cosmic-root-grackle,2083461228782071995,,true,
2083587874943873377,1785601035234,zappy-winter-thicketbird,2083531302586757467,2348886729,true,
2083587877141680232,1785601035758,celebrated-ocean-seagull,2083531302586757467,2348886729,true,
2083588020888809860,1785601070031,neighborly-rhubarb-chickadee,2083367993875247272,16635277,true,
2083588208692978135,1785601114806,empathetic-peach-parakeet,2083502552486699054,271482685,true,
2083588329958748282,1785601143718,enthusiastic-rainforest-troupial,2082677580470038630,945392780834234378,true,
2083588503032770835,1785601184983,festive-poplar-turkey,2083408875294704052,2064678591053635584,true,
2083588531104928161,1785601191675,diligent-brook-thrasher,2083561750629163510,898640923,true,
2083588545298440463,1785601195060,celebrated-ocean-seagull,,,,
2083588571319918895,1785601201263,cheery-nutmeg-towhee,2083548550106120515,1815119552222769152,true,
2083588588927943106,1785601205461,logical-granite-owl,2083347289234633208,1160797373431332870,true,true
2083588781202911655,1785601251304,hypersonic-orchard-nightjar,2083582376685211770,975200486,true,false
2083588784185020748,1785601252014,cheery-nutmeg-towhee,,,,
2083588894260338765,1785601278259,experienced-evergreen-penguin,2083347967931466095,1881451105454002176,false,
2083588925038416226,1785601285596,auspicious-rock-tern,2083449227188039988,1653090035313541120,true,
2083588959658246182,1785601293850,winged-sunlight-dove,2083260914841899356,2028896844978495488,true,
2083589626351034396,1785601452802,great-mountain-brushturkey,,,,
2083589787647156578,1785601491258,great-mountain-brushturkey,2083578970885214525,1186465203858231297,true,
2083589789995995453,1785601491818,neighborly-rhubarb-chickadee,2083578970885214525,1186465203858231297,true,
2083590027674546457,1785601548486,diligent-brook-thrasher,2083276522966720726,1689592041863311360,true,
2083590048864243877,1785601553537,celebrated-ocean-seagull,2083504562942439739,2008907709375299584,true,
2083590352187912373,1785601625855,hypersonic-orchard-nightjar,2083185914474549336,1319287761048723458,true,
2083590454772465709,1785601650313,great-tide-heron,2082121579094581505,230042809,false,
2083591069816476075,1785601796952,limber-woodland-bluejay,2083277622981853531,1730286052043268097,false,
2083591135943881004,1785601812717,cheery-nutmeg-towhee,,,,
2083591153224409351,1785601816837,great-mountain-brushturkey,2083585536573534423,,true,
2083591161629786415,1785601818842,zappy-winter-thicketbird,2083438941747970330,,true,
2083591320778465712,1785601856785,neighborly-rhubarb-chickadee,2083226643783352757,,true,
2083591373718954404,1785601869407,philosophical-marmalade-grosbeak,2083535192896033214,7996522,true,
2083591421999579259,1785602013250,cosmic-root-grackle,2081215937055707287,2041321349474299905,true,
2083591482787701220,1785601895412,intelligent-peachtree-condor,2083330845968875784,19834403,true,
2083591527247265825,1785601906012,zappy-winter-thicketbird,2083573322390843452,2916947506,true,
2083591612949504419,1785601926444,zappy-wood-triller,2083536409160212658,3056307455,true,
2083591840914182228,1785601980796,cool-highland-pelican,2083266016168317363,2012821138104283136,true,
2083591920794607958,1785601999840,astonishing-horseradish-sandgrouse,2083175204826570957,950711970780639232,true,
2083592149526847958,1785602054375,diligent-brook-thrasher,2083577110594289705,1603401008507502596,true,
2083592183139971566,1785602062388,encouraging-eucalyptus-friarbird,2083202830609895521,1508902331370414081,true,true
2083592379408228773,1785602109183,celebrated-ocean-seagull,,,,
2083592385355727124,1785602110600,blooming-wildflower-finch,2083292868731396441,70468535,false,
2083592424073425361,1785602119831,aquatic-redwood-frigatebird,2083301318915965004,1641093538514452480,true,
2083592468725960774,1785602130478,cheery-nutmeg-towhee,2083569466881798293,2004722276659593216,true,
2083592559671029913,1785602152161,neighborly-rhubarb-chickadee,2083425365838778726,2042941891113619456,true,
2083592709583880218,1785602187902,profound-mint-flatbill,2083529836534845904,27703690,true,
2083592785924587658,1785602206103,intriguing-cloud-kestrel,2083583052253700176,1912179661721010176,true,
2083592868308930687,1785602225745,wholesome-raspberry-stilt,2083571663413657629,931286316,true,
2083592876915577140,1785602227798,wholesome-raspberry-stilt,2083338423046459740,1719257314899918848,true,false
2083592916295946337,1785602237186,funny-avocado-robin,2083407121245172212,1582315457524146176,true,false
2083592923879235697,1785602238994,great-mountain-brushturkey,2083588390033719748,1597767604998922241,true,
2083592973925953938,1785602250926,auspicious-coast-raven,2083199555454025808,1184637024336265216,true,
2083593029819236732,1785602409518,cosmic-root-grackle,2083515914792624202,1604066387030409216,false,
2083593277245186391,1785602323243,zappy-winter-thicketbird,2083556270137557435,2370161756,true,
2083593311512621099,1785602331413,neighborly-rhubarb-chickadee,2083589059650187620,1749188842072965120,true,
2083593563615498320,1785602391519,diligent-brook-thrasher,2083454297849868492,1402857482309959681,true,
2083593762455130410,1785602438926,adept-hill-owl,2082883470162878833,,true,
2083593881728213124,1785602467362,diligent-brook-thrasher,,,,
2083593884089590201,1785602467926,celebrated-ocean-seagull,2083457292830490746,1629110298157420547,true,
2083593961822712155,1785602486459,botanical-moonlight-partridge,2083576487710462161,10671602,true,
2083594005191762061,1785602496799,celebrated-ocean-seagull,,,,
2083594211228516632,1785602545922,cheery-nutmeg-towhee,2083556561604202608,89272855,true,
2083594266656313557,1785602559138,great-mountain-brushturkey,2083330109604257967,1244057090521468934,true,
2083594313242472629,1785602570244,zappy-winter-thicketbird,2083558229687091524,1502672912242851842,true,
2083594490166890794,1785602612426,active-fig-treepie,2083397079897079825,1330185403874353158,true,
2083594501613129913,1785602615155,great-tide-heron,2083533191445684293,,true,
2083594602557452660,1785602639222,imaginative-freshwater-ibis,2083477896606142637,330506567,true,
2083594708777947405,1785602664547,neighborly-rhubarb-chickadee,2083143036100661330,1706267389,true,
2083594803611070874,1785602687157,diligent-brook-thrasher,,,,
2083594916525899977,1785602714078,appreciative-citrus-finch,2083463802092457985,,true,
2083594929540829239,1785602717181,cheery-nutmeg-towhee,2083569633685094600,2839581275,true,
2083595011749237128,1785602736781,fancy-rain-duck,2083211439544643778,1111901164487000064,true,
2083595180578373790,1785602777033,hip-pond-crossbill,2083294093149425724,1289636188673003521,true,
2083595220021637243,1785602786438,celebrated-ocean-seagull,2083547109219873118,1649839950936850433,true,true
2083595295158386773,1785602927654,cosmic-root-grackle,2083564415392108788,975200486,false,
2083595304436207881,1785602806564,great-mountain-brushturkey,2083400941101838741,,true,
2083595384375685464,1785602825622,observant-hillside-crow,2083553582444687493,17269193,false,
2083595479468695591,1785602848294,encouraging-ice-skylark,2083401805807903145,1499502980831367169,true,true
2083595495910330862,1785602852214,cheery-nutmeg-towhee,2083466609369239955,2069867897418080256,true,
2083595625736901068,1785603133446,cosmic-root-grackle,2082969931227013612,869526979619561480,false,
2083595671894978563,1785602894172,great-mountain-brushturkey,2083475117598765434,1313899446552461314,true,
2083595680535220319,1785602896232,thoughtful-rainfall-wheatear,2083525927309320202,584685113,true,
2083595819010142340,1785602929248,flexible-cedar-tailorbird,2083192309709943173,917112559,true,
2083595824148152632,1785602930472,poised-sandalwood-parakeet,2083578729255616704,,true,true
2083596023721541994,1785602978054,positive-mist-crow,2082981900851753308,1473123053047529472,true,
2083596094609486207,1785602994956,chirpy-conifer-grassbird,2083296446711751050,1322712377230581760,true,
2083596107800608811,1785602998100,zappy-winter-thicketbird,,,,
2083596245960908822,1785603031040,neighborly-rhubarb-chickadee,2083555407965122955,2034484819716161536,true,
2083596358670586190,1785603597101,cosmic-root-grackle,2083161064586260702,1880620770092851200,true,
2083596389523579306,1785603065268,zappy-winter-thicketbird,2083470707204186592,1845201156164763662,true,
2083596413510840452,1785603070987,diligent-brook-thrasher,,,,
2083596422184595793,1785603073056,celebrated-ocean-seagull,2083205919354339381,128776689,true,
2083596478744875168,1785603086540,clean-seedling-canary,2083474790531088857,1276825208679043075,false,
2083596547602964896,1785603102957,sociable-citrus-cacholote,2083533414582329514,3005014565,true,
2083596721699921955,1785603144466,cheery-nutmeg-towhee,2083591586806366263,1299674729612222466,true,
2083596878801744076,1785603181921,joyful-hillside-catbird,2082481274179248601,1503656745792647175,true,
2083597047156924675,1785603222060,wholesome-rock-bulbul,2082916826661490803,174083837,true,
2083597238115484143,1785603267588,active-fig-treepie,2083172019416477916,801472438487781376,true,
2083597257652514860,1785603272246,magnificent-pineapple-treerunner,2083472226955743372,1219507208033009664,true,true
2083597331551728066,1785603289866,great-mountain-brushturkey,2083538243924959461,2049325768619053056,true,
2083597355241136307,1785603793175,cosmic-root-grackle,2083586340889719051,,true,
2083597358537887813,1785603296300,lionhearted-lime-wigeon,2083571663413657629,931286316,false,
2083597417941721553,1785603310463,flexible-cedar-tailorbird,2083166465356710033,917112559,true,
2083597440570253762,1785603315857,upstanding-earth-frigatebird,2083477896606142637,330506567,true,
2083597483473506364,1785603326086,cozy-cypress-ibis,2082417234178195672,706801506,true,
2083597598653288637,1785603353548,neighborly-rhubarb-chickadee,,,,
2083597723597426854,1785603383336,astounding-marble-songlark,2083492943994802507,47754867,true,
2083597830833271289,1785603408904,jazzy-branch-cardinal,2083566666718265678,107414992,true,
2083597850341236966,1785603413555,active-fig-treepie,2083400501602005147,1493373113933131777,true,
2083597974656147574,1785604015038,cosmic-root-grackle,2065458817702281437,873724542706962432,true,
2083597982377631975,1785603445034,diligent-brook-thrasher,2083573852534178013,1803752284708364288,true,
2083598002573488565,1785603449849,active-fig-treepie,2083158541465178513,2038972777022255104,true,
2083598014380376158,1785603452665,considerate-valley-murrelet,2083207315717529772,3895214232,true,
2083598070504120555,1785603466045,wholesome-rock-bulbul,2083307811056873853,700691414447841280,true,
2083598074274824357,1785603466945,zappy-winter-thicketbird,2083279827751346574,1738331992629116928,true,
2083598107938619899,1785603474970,confident-sequoia-puffbird,2083586598743195698,4318888514,true,
2083598131803889876,1785603480660,sanguine-melon-waxbill,2083111412470022371,372812630,true,
2083598155908558973,1785603486407,mighty-kiwi-conebill,2083190540653244713,61660254,true,
2083598221746622533,1785603502104,kinetic-harvest-owl,2083091281006195140,83559512,false,false
2083598231934812481,1785603504534,balanced-slope-mockingbird,2083508043505955081,904630459539312640,true,
2083598302944067784,1785603521463,neighborly-rhubarb-chickadee,,,,
2083598340785058147,1785603530485,skilled-hazelnut-sunbird,2083586041139605912,14527699,true,false
2083598376826818682,1785603539078,diligent-brook-thrasher,,,,
2083598512781169083,1785603571493,sociable-peanut-thicketbird,2082866307813519860,1117210361592205312,true,
2083598554845606366,1785603581521,candid-snow-sparrow,2083246931078234286,,true,
2083598689700851800,1785603613673,experienced-winter-nightjar,2082979559083839753,21829541,false,
2083598919049580842,1785603668354,celebrated-ocean-seagull,2083518221689266639,4637858597,true,
2083599183244820825,1785603864483,cosmic-root-grackle,2083569881656463725,537709549,false,
2083599233031057568,1785603743213,cheery-nutmeg-towhee,2083358363510047104,,true,
2083599235333636515,1785603743763,great-mountain-brushturkey,2083471530646757849,1804235868015636480,true,
2083599272671613422,1785603752664,elated-highland-puffin,2083416290543149132,21950364,true,
2083599323284246861,1785603764731,wholesome-raspberry-stilt,2083544897827525078,1355721251180961792,true,
2083599330787918107,1785603766520,wholesome-raspberry-stilt,2083591586806366263,1299674729612222466,true,true
2083599336680931731,1785603767926,wholesome-raspberry-stilt,2083541188569604586,2062032353371820032,true,
2083599406796779755,1785603784642,electric-dogwood-finfoot,2083271116123164859,,true,true
2083599628935524369,1785604428994,cosmic-root-grackle,2082930480480202762,1469938563487875073,true,
2083599638859297064,1785603940707,cosmic-root-grackle,2083560327023673352,911290549541289986,false,
2083599658316648784,1785603844610,inventive-bamboo-peacock,2083346369654263922,1265615874,true,
2083599707008368750,1785603856218,charming-apple-thrush,2083318921357058528,1967758975157370881,true,
2083599707478114811,1785603856331,zappy-winter-thicketbird,2083321459456549119,1831266083245838336,true,
2083599949908881647,1785603914130,neighborly-rhubarb-chickadee,2083510363652338157,1896312853017034752,true,
2083599980825129215,1785603921500,zappy-winter-thicketbird,2083552952237555954,963464875065466880,true,
2083599994326557170,1785603924720,neighborly-rhubarb-chickadee,2083331306965045546,1160797373431332870,true,
2083600185502884184,1785603970301,hysterical-lemon-stork,1461762993411215364,269377464,true,
2083600230876942791,1785603981118,beautiful-water-wader,2083106615201333721,2034510824975536128,false,
2083600257183519109,1785603987390,resilient-mulberry-canary,2083266892085526693,1519378738999398404,true,
2083600484162576459,1785604041506,celebrated-ocean-seagull,2083223816868618737,3232142235,true,
2083600509093441725,1785604047450,cheery-nutmeg-towhee,2083587410596618557,4250473924,true,
2083600565993386059,1785604061017,caring-cactus-bushlark,2083573673764499767,,true,false
2083600657039139315,1785604082723,great-mountain-brushturkey,2083374484720177376,1267701478522679297,true,
2083600719534342332,1785604097623,zappy-winter-thicketbird,2083496660110635410,2020761593932550144,true,true
2083600752438612283,1785604105467,,,,,
2083600866825712097,1785604132740,fancy-rain-duck,2083433090936955005,308323017,true,
2083600934932729943,1785604148978,considerate-coast-myna,,,,false
2083601092760175043,1785604186608,hearty-grass-sandpiper,2083310783669109048,15843059,true,
2083601170174496933,1785604205065,jovial-almond-guillemot,2082776188293099664,1369618736836059139,true,
2083601186427675117,1785604208939,dedicated-summer-hawk,2075586768465015151,2008020513915035648,true,
2083601314576056826,1785604239492,great-mountain-brushturkey,2083448002732245225,1344916978931179520,true,
2083601531379527790,1785604291183,welcoming-reef-macaw,2083544897827525078,1355721251180961792,false,
2083601612040544316,1785604310413,dauntless-mangrove-puffleg,2083520569354428822,1988820612932853760,true,true
2083601640439923075,1785604859659,cosmic-root-grackle,2083125044729762066,1263851651695357952,true,
2083601733708660782,1785604339421,outgoing-lime-jacana,2083099755706790195,,true,
2083602001259114797,1785604403210,funny-beech-conebill,2083525927309320202,584685113,false,
2083602155324264713,1785604439943,diligent-brook-thrasher,,,,
2083602397558108384,1785604643844,cosmic-root-grackle,2083562958999928844,1540357529599102977,true,
2083602459986198789,1785604512580,dedicated-summer-hawk,2083020616274440357,1949723142324404224,true,
2083602538624876821,1785604531328,celebrated-ocean-seagull,2083520368459878885,1507501842028191752,true,
2083602563442581625,1785604537246,resilient-mulberry-canary,2083241336514191424,1347214986515542019,true,
2083602662033854926,1785604560751,cheery-nutmeg-towhee,,,,
2083602866036683016,1785604609389,fancy-rain-duck,2083143017616031858,472412809,true,
2083602926275068027,1785604824498,cosmic-root-grackle,2083306511254888740,1158175160094117889,false,
2083602945593999469,1785604628357,diligent-brook-thrasher,2083562069643653616,1985585083101954048,true,
2083602958520856719,1785604631440,celebrated-ocean-seagull,2083594150377619800,1523728979445829632,true,
2083603163920072737,1785604680410,trusting-eucalyptus-crossbill,2083582461364060247,108568373,true,
2083603378278461587,1785604731518,cheery-nutmeg-towhee,2083165935452532804,34867057,true,
2083603391679217679,1785604734713,shining-bonsai-nighthawk,2082110231643877464,,false,
2083603403423240431,1785604737513,great-mountain-brushturkey,2083401244459020775,1893391236901253120,true,
2083603416421454001,1785604740612,zappy-winter-thicketbird,2083445506479669261,2075506257939804161,true,
2083603517911056851,1785604764808,neighborly-rhubarb-chickadee,2083485551622234594,2505622124,true,
2083603633887703312,1785604792459,diligent-brook-thrasher,2083282313496989933,111556576,true,
2083603732269552043,1785604815915,elated-highland-puffin,2083360097015615569,1127721862455230464,true,
2083603795431366723,1785604830975,celebrated-ocean-seagull,2083581407650087331,,true,
2083603819066212495,1785604836609,cheery-nutmeg-towhee,2083511326647709940,13001192,true,
2083603843305414883,1785604842388,flying-field-bluebird,2083376876924588269,226099676,false,
2083603848854417842,1785604843711,likable-aspen-eagle,2083584357445632051,1018896063904636928,true,
2083604154639921271,1785605084795,cosmic-root-grackle,2083349960829915563,1480383973268377604,false,
2083604269270204832,1785604943946,,2083380775484072235,2415348630,true,
2083604311863439728,1785604954101,great-mountain-brushturkey,2083491327191167187,1896312853017034752,true,
2083604395946565850,1785605116620,cosmic-root-grackle,2083156424234860595,1452029249368596483,true,
2083604517820543272,1785605003206,,2083280966785683949,2373735295,true,
2083604522715558373,1785605004372,classy-leaf-bluebird,2083569737989320753,1785143550717661184,true,
2083604578369425802,1785605017642,frank-horseradish-softbill,2083237750845702183,89307992,false,
2083604615757513149,1785605026556,zappy-winter-thicketbird,,,,
2083604675517898999,1785605040803,neighborly-rhubarb-chickadee,2083532041522393199,887489515501342721,true,
2083604772800831999,1785605063997,miraculous-sea-kestrel,2083339530397159749,824122844258897920,true,
2083604824835146001,1785605076404,diligent-brook-thrasher,2083576965936607698,1990335107430068224,true,
2083605263471239383,1785605180983,appreciative-root-nighthawk,2083488680564445394,2069867897418080256,true,
2083605379750166988,1785605208705,smiley-grape-cockatoo,2083562009983934963,326756275,true,
2083605529121956281,1785605360962,cosmic-root-grackle,2083521274400169987,1507235112,true,
2083605697455915268,1785605284452,sensible-savanna-recurvebill,2083589016323051949,844332836979167233,true,
2083605876716540054,1785605576687,cosmic-root-grackle,2083564415392108788,975200486,true,
2083605923302678925,1785605338298,enthusiastic-hillside-nightjar,2083205298207281406,1824246597410287616,true,
2083606170711769545,1785605397285,celebrated-ocean-seagull,2083260462481965189,2065518542997659648,true,
2083606310503735533,1785605430614,cheery-nutmeg-towhee,2083420491990044860,1507383234337906699,true,
2083606356045566387,1785605441472,great-mountain-brushturkey,2083442070790779332,1962607185546145792,true,
2083606382406668606,1785605447757,zappy-winter-thicketbird,2083420491990044860,1507383234337906699,true,
2083606490946916519,1785605473636,stunning-highland-cormorant,2083550967664877593,122640580,true,
2083606657192403239,1785605513271,neighborly-rhubarb-chickadee,2083276522966720726,1689592041863311360,true,true
2083606789686263872,1785605544860,philosophical-granite-flamingo,2083484473836937423,781293,true,
2083606826596041208,1785605553660,zappy-winter-thicketbird,,,,
2083606930589929739,1785605578454,tectonic-sapling-treepie,2083520368459878885,1507501842028191752,true,
2083606993135378845,1785605593366,lucent-ice-waterfowl,2083388289567076460,1451484363389014034,true,
2083607097355243820,1785605618214,neighborly-rhubarb-chickadee,2083323171453948355,1896312853017034752,true,
2083607102476484942,1785605619435,diligent-brook-thrasher,2083561762113122409,,true,true
2083607167329034300,1785605634897,approachable-grass-woodpecker,2082894914560405715,1309921972772655105,true,
2083607240527774141,1785606226073,cosmic-root-grackle,2083068604648395015,44196397,false,
2083607454709907765,1785605703414,lovely-magnolia-cuckoo,2083253203206893583,2045232802325581824,true,
2083607665679171626,1785605753713,impeccable-moss-spurfowl,,,,false
2083607861590896929,1785605800422,brilliant-wildflower-pelican,2083524487769620637,1530107446294872065,true,
2083607895749632314,1785605808566,courageous-daylight-seedeater,2083554777846382820,,true,
2083607942750699884,1785605819772,suave-slope-robin,2083541188569604586,2062032353371820032,false,
2083608058190541126,1785605847296,insightful-citrus-barbet,2083251638697906295,1396867709481127937,true,false
2083608187899441651,1785605878220,celebrated-ocean-seagull,2083580457476612593,1471141746369302535,true,
2083608242781860145,1785605891306,cheery-nutmeg-towhee,,,,
2083608251728330902,1785605893438,great-mountain-brushturkey,2083469659047657670,1943714826116603904,true,
2083608390865977796,1785605926612,stoic-pine-francolin,2083527529491574947,1534274063144730626,true,false
2083608459937751395,1785605943079,zappy-winter-thicketbird,2083577710937346075,1432014119931162629,true,
2083608818148389356,1785606028483,persistent-highland-bushbird,2083571336308219907,2244673342,true,
2083609091419652183,1785606093637,inspired-aspen-grebe,2083510408262856826,298225776,true,
2083609259896434701,1785606133804,neighborly-rhubarb-chickadee,2083432542401642988,2010635848228978688,true,
2083609262224204108,1785606134359,great-mountain-brushturkey,2083432542401642988,2010635848228978688,true,
2083609378268017000,1785606162026,diligent-brook-thrasher,2083517349764723131,2057842757985591296,true,
2083609517950906675,1785606195330,zappy-winter-thicketbird,2083338750734569877,1272057522657124354,true,
2083609523751727427,1785606196712,celebrated-ocean-seagull,,,,
2083609626277462045,1785606221156,hopeful-field-drongo,2082966936355553535,1754307711658016768,false,
2083609674671120881,1785606232694,cheery-nutmeg-towhee,2083525646915973230,1558415317587599361,true,
2083609776026427767,1785606256859,great-mountain-brushturkey,2083328300928172115,3186626354,true,
2083609914090426682,1785606289776,comforting-samba-flameback,2083564415392108788,975200486,false,
2083610161160024389,1785606348683,zappy-winter-thicketbird,2083511213221093860,1455903807389458436,true,
2083610400185073719,1785606405671,jovial-rose-warbler,2083245939255361599,308367619,true,
2083610461816095133,1785606420364,resplendent-peach-bunting,2083501492833509378,1337846005593763843,true,
2083610468849996170,1785606422041,peachy-lemon-nightjar,2083536268500058522,1349455053116100610,true,
2083610647808319705,1785606464709,neighborly-rhubarb-chickadee,2083416039438573977,1725137521351266304,true,
2083610746751971374,1785606488298,diligent-brook-thrasher,2083294782319644902,19305902,true,
2083610853882859752,1785606513840,superb-hill-ibis,2083593573417816124,1989398302706790400,true,
2083611258750632095,1785606610368,celebrated-ocean-seagull,2083312335741936043,19305902,true,
2083611332746608753,1785606628010,considerate-coast-myna,2083439397597516238,1754506788014342144,true,
2083611344398336504,1785606630789,cheery-nutmeg-towhee,2083208317216952401,,true,
2083611401105330197,1785606644308,great-mountain-brushturkey,2083393440256287166,2034569967690289152,true,
2083611460572270741,1785606658486,zappy-winter-thicketbird,2083599292753662086,1320766819452522499,true,
2083611559754952835,1785606682134,skilled-aspen-cardinal,2083610734760538306,187965811,true,
2083611730870227278,1785606868329,cosmic-root-grackle,2083322946949410934,1386249982781624320,true,
2083611778257195068,1785606734228,methodical-tanoak-chicken,2083239736466948264,1441537415085166599,true,
2083611839649513625,1785606748866,heroic-peat-citril,2083337266638807168,1707763125280219136,true,
2083611897400807744,1785606762634,crafty-fern-bluebird,2082081709290336573,2047628852512382976,true,
2083612012936925195,1785606790180,neighborly-rhubarb-chickadee,2083561697806311557,1865780601887895553,true,
2083612017135346013,1785606791181,diligent-brook-thrasher,2083388499546513823,2083164273900191744,true,
2083612020536934601,1785606791992,celebrated-ocean-seagull,2083538291178041411,2754605251,true,
2083612151277576244,1785606823163,hysterical-vine-warbler,2082874991675380201,,true,false
2083612388746535236,1785606879781,cheery-nutmeg-towhee,2083593810223792360,,true,
2083612399286767912,1785606882293,lionhearted-nectarine-piculet,2083388499546513823,2083164273900191744,false,
2083612421730779487,1785607055617,cosmic-root-grackle,2083082453519077500,1848201385709596672,true,
2083612475916750864,1785606900563,great-mountain-brushturkey,,,,
2083612480283058620,1785606901604,mindful-passionfruit-curassow,2083494016201396368,,true,
2083612538705473716,1785606915533,amazing-beech-citril,2083600335122145681,26981455,true,
2083612553481986317,1785606919056,sensible-tree-oriole,2083388499546513823,2083164273900191744,true,
2083612602836406762,1785606930824,zappy-winter-thicketbird,2083561017334981043,1039727570000994304,true,
2083612790246219944,1785606975505,neighborly-rhubarb-chickadee,2083549942833127843,1835151934401265665,true,true
2083612825532891478,1785606983918,nimble-lumber-magpie,2083579188720668739,,true,true
2083612831514079660,1785606985344,neighborly-rhubarb-chickadee,2083560392521888218,807124055006576640,true,
2083612911516225662,1785607484430,cosmic-root-grackle,2083518129980739769,1796509639074332672,true,
2083613189627855317,1785607070725,diligent-brook-thrasher,2083322946949410934,1386249982781624320,true,
2083613216660213867,1785607077171,celebrated-ocean-seagull,2083299300155564454,2065607636712660992,true,
2083613233441583110,1785607081171,positive-cedar-raven,2082915773203300523,1412368005728722947,true,
2083613287220949009,1785607737708,cosmic-root-grackle,2083152520587686278,842277659358953472,true,
2083613419958067675,1785607125640,cheery-nutmeg-towhee,2083577183633604808,,true,true
2083613679661019543,1785607187558,relatable-cedar-seabird,2083256875433300244,170254080,true,
2083613883000852560,1785607236038,great-mountain-brushturkey,,,,
2083613950504042831,1785607252132,receptive-earth-raven,2083479980366090359,2890506943,true,
2083614529556980140,1785607390190,dexterous-twig-grosbeak,2083604049849377049,,true,
2083614592941326549,1785607405301,informative-cliff-pigeon,2083314743549329532,4852289459,true,
2083614603196686460,1785607529282,cosmic-root-grackle,2083597055058948293,1868140934552047616,true,
2083614607013552579,1785607408657,courageous-sea-penguin,2083380775484072235,2415348630,false,
2083614747258155149,1785607442093,tough-riverbank-flowerpecker,2083355035044327911,69156861,true,
2083614750760382729,1785607442928,zappy-winter-thicketbird,2083280966785683949,2373735295,true,
2083614782968508594,1785607450607,diligent-brook-thrasher,2083484152280604960,,true,
2083615424852164966,1785607603644,neighborly-rhubarb-chickadee,2083359988110491834,1471414739880189955,true,
2083615589637992728,1785607642933,diligent-brook-thrasher,2083542720338120898,1939360458756194304,true,
2083615793883783544,1785607691629,celebrated-ocean-seagull,2083493934458630324,2082717182803181568,true,
2083615856081117559,1785607887295,cosmic-root-grackle,2081347586103882177,2004722276659593216,true,
2083615896459784198,1785607716085,cheery-nutmeg-towhee,2083542791330672946,,true,
2083615958233489574,1785607730812,great-mountain-brushturkey,,,,
2083615970891886624,1785607733830,zappy-winter-thicketbird,2083245734313197721,984058326253297664,true,
2083616046418706841,1785607751837,neighborly-rhubarb-chickadee,2083576644741333365,,true,
2083616079046156490,1785607759616,hysterical-sea-heron,2083231531586179431,15292534,true,
2083616089112465599,1785607762017,punctual-moonlight-waterfowl,2083321805809336424,251726319,true,
2083616101506646173,1785607764972,diligent-brook-thrasher,2083600352054534539,1393728043508813825,true,true
2083616148961087631,1785607776285,celebrated-ocean-seagull,2083508905011765531,1677820368751403008,true,
2083616151146233993,1785607776807,celebrated-ocean-seagull,2083604049849377049,,true,
2083616240782995878,1785607798178,philosophical-juniper-osprey,2083063787020538366,1681515213877649408,true,
2083616274702020732,1785607806264,transcendent-sea-shorebird,2083244923298386348,727034538,true,
2083616323964190929,1785607818009,cheery-nutmeg-towhee,2083526798273298890,1586094313490059266,true,
2083616343455150082,1785607822656,cheery-nutmeg-towhee,2083578464532123975,2970944313,true,
2083616469317824918,1785607852665,great-mountain-brushturkey,2083532487414743508,1919897723916218368,true,
2083616498006753769,1785607859505,considerate-coast-myna,2083336541632446491,173491730,true,
2083616544542671061,1785607870600,committed-rose-cockatoo,2083592685177237963,3207545212,true,
2083616573282029877,1785607877451,artistic-river-peafowl,2083560939366862960,1324336290159071232,true,
2083616827070988356,1785607937959,carefree-mango-ibis,2083500179567657247,,true,true
2083616966971904154,1785607971314,zappy-winter-thicketbird,2083600715184824673,1963246526664519680,true,
2083617039952880098,1785607988714,neighborly-rhubarb-chickadee,,,,
2083617103178039597,1785608003788,vibrant-banana-albatross,2082848170812363142,2082608968094863360,true,
2083617119401398547,1785608007657,celebrated-ocean-seagull,2083579672286159071,1235148742631862273,true,
2083617214444290355,1785608030316,cheery-nutmeg-towhee,2083585765682905314,877357064724520961,true,
2083617236447646161,1785608035562,loyal-lake-bluebird,2083157476338508074,128180355,true,
2083617288305914045,1785608047926,great-mountain-brushturkey,,,,
2083617296434581648,1785608049864,zappy-winter-thicketbird,2083580553949827246,1859985284714102784,true,
2083617298548490511,1785608050369,great-mountain-brushturkey,2083580553949827246,1859985284714102784,true,
2083617331553464607,1785608058237,enjoyable-juniper-kestrel,2083297469878698409,21612122,true,
2083617470884053073,1785608091456,neighborly-rhubarb-chickadee,,,,
2083617475560636516,1785608092571,creative-pistachio-tailorbird,2083575997006319737,46302096,true,true
2083617513577873533,1785608247922,cosmic-root-grackle,2083355739419226203,887488334792142848,true,
2083617576660168967,1785608116675,zappy-winter-thicketbird,2083325435388260731,1546497037117579264,true,
2083617611745542436,1785608125040,neighborly-rhubarb-chickadee,2083407253240180756,2058439853499715584,true,
2083617613947510893,1785608125565,celebrated-ocean-seagull,2083407253240180756,2058439853499715584,true,
2083617986439413940,1785608214374,striking-glacier-finch,2083540123480633578,1884145301251837952,true,
2083618001677324385,1785608218007,trusting-sunflower-bluebird,2083610528795046274,,true,true
2083618039149318451,1785608226941,cheery-nutmeg-towhee,2083613537662808505,1465374003229507585,true,
2083618071378309162,1785608234625,legendary-citrus-kingfisher,2083373313364009102,878247600096509952,true,false
2083618111073227262,1785608244089,great-mountain-brushturkey,,,,
2083618168975532198,1785608257894,wondrous-lake-flamingo,2083307157017997442,844332836979167233,true,
2083618171437605121,1785608258482,supreme-mesa-pratincole,2083462891710070943,1359418375076773888,false,
2083618232833855682,1785608273119,miraculous-sunlight-siskin,2083555901697298816,1932070218869657600,true,true
2083618252727656928,1785608277863,valorous-tigerwood-petrel,2083526420287098994,1811298586816131072,true,
2083618268267385291,1785608679400,cosmic-root-grackle,2083281043465937384,368183883,false,
2083618291206021418,1785608287036,cordial-sunlight-flameback,2083544372834979978,257332880,true,
2083618548929413124,1785608348482,profound-conifer-sandpiper,2083205376615596303,1793218202715164672,true,
2083618567438667925,1785608352896,charming-lagoon-goshawk,2083544954987581496,1131214009,true,
2083618604449218891,1785608361719,legendary-grapefruit-fantail,2083613213023760713,1110890216,true,
2083618661080924204,1785608375221,charming-lagoon-goshawk,2083335309811429384,1890089986571333632,true,
2083618789053325524,1785608405732,splendid-cedar-kingbird,2083551299292086683,1667881887757660160,true,
2083618822477557971,1785608413702,insightful-coconut-flamingo,2083444089509367931,883059801747587073,false,
2083618885035503652,1785608428616,enthusiastic-bonsai-swamphen,2083335074158612587,2724602536,true,
2083619086492147885,1785609006299,cosmic-root-grackle,2083492241671123083,1161261376846946305,true,
2083619157388804416,1785608493550,industrious-horseradish-firetail,2083152237375713551,1959693678563471361,true,
2083619577137660231,1785608593627,zappy-winter-thicketbird,2083281043465937384,368183883,true,
2083619621962199172,1785608604313,neighborly-rhubarb-chickadee,2083489648941367739,1708952950335590400,true,
2083619625825124639,1785608605234,enterprising-cave-seabird,2083040302848180682,1395008133542649856,true,
2083619708969128026,1785609259040,cosmic-root-grackle,2083278276517306871,2055572419952140288,true,
2083619776627085549,1785608641188,diligent-brook-thrasher,2083609652848140359,1340653010263953412,true,
2083619819962732953,1785608651520,innovative-twig-peacock,2083218123822436421,1585886762081161217,true,
2083619840200159693,1785608656345,contemporary-star-bluebird,2083528475965558805,1126761835519139840,true,
2083619937155699079,1785608861869,cosmic-root-grackle,2083281043465937384,368183883,false,
2083619956046876875,1785608683965,contemporary-star-bluebird,2083526314418491719,522128259,true,
2083620090394665399,1785608715996,celebrated-ocean-seagull,2083597750248063084,1959409572260769792,true,
2083620195810066479,1785608741129,cheery-nutmeg-towhee,,,,
2083620304580968957,1785608767062,diligent-brook-thrasher,2083281043465937384,368183883,true,
2083620320213086554,1785608770789,,2083572205573533911,1161261376846946305,true,
2083620741656826197,1785608871269,vibrant-horseradish-curassow,2083527529491574947,1534274063144730626,true,false
2083620754491375776,1785608874329,great-mountain-brushturkey,2083610528795046274,,true,
2083620869750804736,1785608901809,zappy-winter-thicketbird,2083586586227155209,1332477587399053313,true,
2083620928429392365,1785608915799,sublime-pond-macaw,2083388499546513823,2083164273900191744,true,
2083621011996488088,1785608935723,insightful-brook-skimmer,2083251638697906295,1396867709481127937,false,
2083621030120329237,1785608940044,mellow-oak-macaw,2083550880020713978,101005636,false,
2083621103117963663,1785608957449,stoic-birch-sunbird,2083247911500976510,2752298752,true,false
2083621269376032985,1785608997088,jolly-pine-bushbird,2083226643783352757,,true,
2083621394685018419,1785609026963,daring-peanut-pheasant,2083473306246578533,,true,
2083621550352416981,1785609064077,happy-watermelon-jacana,2082783339681833063,1872809648471875584,true,
2083621643281420642,1785609086233,thrilled-raspberry-treerunner,2083235672513544530,2022703720220479488,true,
2083621677871587728,1785609454583,cosmic-root-grackle,2041385884235542551,1611623136327512065,true,
2083621701674213768,1785609100156,shining-grape-falcon,2083609652848140359,1340653010263953412,false,
2083621825251033326,1785609129619,resilient-mulberry-canary,2083115327257190902,799915069186469888,true,
2083621895249756443,1785609146308,neighborly-rhubarb-chickadee,2083620131435950442,1816783201152495616,true,
2083621904267555300,1785609148457,celebrated-ocean-seagull,2083420172551897272,80192902,true,
2083621990628299163,1785609169047,cordial-pecan-brownbul,2083550880020713978,101005636,true,false
2083622091400585448,1785609423224,cosmic-root-grackle,2082142042919153728,1585809424135995392,true,
2083622192135233683,1785609217091,cheery-nutmeg-towhee,2083431356692865113,1481735943094784002,true,
2083622413728948226,1785609269922,tough-pistachio-kookaburra,2083505945607336417,142107977,true,
2083622495186284741,1785609289343,great-mountain-brushturkey,2083591572088672606,,true,
2083622757749883003,1785609351944,elegant-earth-waxbill,2083339530397159749,824122844258897920,false,
2083622785893769323,1785609510706,cosmic-root-grackle,2083526160818770402,1736048885619974144,true,
2083623000549589485,1785609409831,diligent-brook-thrasher,2083600877370147140,1744228238233055232,true,
2083623124315394091,1785609439339,brainy-cactus-jay,,,,
2083623213980889209,1785609460718,profound-desert-flameback,2083324109136777519,1791929891920945153,true,
2083623242976444794,1785609618456,cosmic-root-grackle,2083585845139779800,1736048885619974144,true,
2083623426283954295,1785609511334,celebrated-ocean-seagull,2083576912778088766,,true,
2083623754979012845,1785609589701,cheery-nutmeg-towhee,2083599127728820229,2162812627,true,
2083623857982701573,1785609614260,powerful-peach-thrush,2040795230752976990,2500590782,true,
2083623949150085242,1785610109568,cosmic-root-grackle,2082268147546263634,1872569731829604352,false,
2083624336540225958,1785609728356,zappy-winter-thicketbird,2083323171453948355,1896312853017034752,true,
2083624408233464253,1785609745449,great-mountain-brushturkey,,,,
2083624431411188176,1785609750975,contemporary-cactus-lovebird,2083605308555870634,1355721251180961792,true,
2083624522847068599,1785609772775,contemporary-cactus-lovebird,2083607218579018019,1355721251180961792,true,
2083624617906696423,1785609795439,neighborly-rhubarb-chickadee,,,,
2083624681022673290,1785609810488,zappy-winter-thicketbird,2083390008682053779,93910940,true,
2083624724039336316,1785609820743,neighborly-rhubarb-chickadee,,,,
2083624734214992259,1785609823170,prodigious-snow-leaflove,2083541268886417909,25589776,true,
2083624757086257490,1785609828622,diligent-brook-thrasher,2083491351769866440,1630933669513773056,true,
2083624804037623955,1785609839816,contemporary-cactus-lovebird,2083592835949858886,1355721251180961792,true,
2083624974049255626,1785609880350,diligent-brook-thrasher,2083564531733692643,155629354,true,
2083625373976121516,1785609975701,profound-desert-flameback,2083477039646953567,1453379263176929284,true,
2083625393009971311,1785609980238,profound-cliff-hawk,2083559070536282542,101584084,true,
2083625614595015168,1785610033068,celebrated-ocean-seagull,2083328804827668821,2498953909,true,
2083625699009609947,1785610053194,cheery-nutmeg-towhee,2083341932156309904,1213315016348160002,true,
2083625790403735585,1785610074984,sunny-harvest-shearwater,2083578518718263471,1524369665836949505,true,
2083625849383715030,1785610089046,great-mountain-brushturkey,,,,
2083625966400569361,1785610116945,thorough-basswood-lovebird,2083006256457912488,,true,
2083626085787529423,1785610145410,humorous-persimmon-grebe,2083331333758001221,2026853357617557506,true,
2083626188279308538,1785610169845,mighty-sky-warbler,2083613213023760713,1110890216,true,
2083626300841865308,1785610196682,zappy-winter-thicketbird,2083378747072274582,52098306,true,
2083626311696757079,1785610199270,hip-pond-crossbill,2083521428972814678,242430168,true,
2083626659501269381,1785610476804,cosmic-root-grackle,2083330600031936900,846411464885747712,true,
2083626814191157479,1785610319074,profound-desert-flameback,2083412212194939371,1453379263176929284,true,
2083626901218680967,1785610339824,neighborly-rhubarb-chickadee,,,,false
2083626933162745995,1785610347439,playful-moonlight-woodpecker,2083110663396995196,1458593893,true,false
2083627325883547935,1785610441071,diligent-brook-thrasher,,,,
2083627332028277209,1785610442536,breathtaking-beach-raven,2083543333172048362,1316655254306394112,true,true
2083627345647149543,1785610445783,intelligent-peachtree-condor,2083564415392108788,975200486,true,false
2083627391377657878,1785610638802,cosmic-root-grackle,2083136121949839560,1621554777191481345,true,
2083627397664895477,1785610458186,electric-cantaloupe-catbird,2083529836534845904,27703690,false,false
2083627522827145440,1785610488026,skilled-banana-rooster,2083550141030527181,,true,true
2083627586492444698,1785610503205,celebrated-ocean-seagull,2083393440256287166,2034569967690289152,true,
2083627671720800522,1785610523525,cosmic-passionfruit-lory,2083624159809028228,,true,
2083627703022895361,1785610530989,warmhearted-jackfruit-kite,2083567782084440217,,true,
2083627824485724665,1785610559947,kind-honeydew-falcon,2083156424234860595,1452029249368596483,true,
2083627864188920166,1785610569413,glamorous-citrus-junco,2083432540824916457,1073598060339576832,true,
2083627992081916100,1785611134926,cosmic-root-grackle,2083564356340748451,1976438779843051521,true,
2083628117311033723,1785610629762,distinguished-ridge-egret,2083181104824222204,1669906624843239424,false,
2083628196000403897,1785610648523,modern-freshwater-sunbird,2083254892802593073,1328082031474053120,true,
2083628203910869406,1785610815684,cosmic-root-grackle,2083264727594172910,1495644470271897600,true,
2083628210458337592,1785610651970,prudent-coast-pelican,2083583172487368863,481968541,true,
2083628225809305794,1785610655630,celebrated-ocean-seagull,,,,
2083628332462088570,1785610681058,cheery-nutmeg-towhee,2083566356859887960,618385994,true,true
2083628363445629337,1785610688445,vibrant-banana-albatross,2083473556323926087,,true,
2083628387470373326,1785610694174,great-mountain-brushturkey,2083613213023760713,1110890216,true,
2083628521713291468,1785610726179,zappy-winter-thicketbird,2083544999791042664,1722014154322575360,true,true
2083628586888487077,1785610945737,cosmic-root-grackle,2083616082166940133,1560341081576939524,true,
2083628703041417587,1785610769411,compassionate-rosewood-flowerpecker,2083114045725421925,1330137935367245824,true,
2083628862785634675,1785610807497,neighborly-rhubarb-chickadee,2083502128056655894,1495020139787522058,true,
2083628876803006975,1785610810839,diligent-brook-thrasher,,,,
2083628936995688919,1785610825190,civil-moonlight-cotinga,2083610932022833555,1355721251180961792,true,
2083628997531816409,1785611141558,cosmic-root-grackle,2083466402166706542,,true,
2083629086035890338,1785610860724,celebrated-ocean-seagull,2083327673464656359,1458774201142231042,true,
2083629102511050813,1785610864653,resilient-mulberry-canary,2083537272402538775,1412919157230800899,true,
2083629139446165676,1785610873458,cheery-nutmeg-towhee,2083408555621716419,2719977830,true,
2083629141404909949,1785610873925,great-mountain-brushturkey,2083408555621716419,2719977830,true,
2083629336666538350,1785610920479,great-mountain-brushturkey,2083458060396503391,1863344152253181952,true,true
2083629343964582000,1785610922219,zappy-winter-thicketbird,2083299300155564454,2065607636712660992,true,
2083629355687608354,1785610925014,diligent-brook-thrasher,,,,
2083629375749030241,1785610929797,witty-kiwi-antwren,2083570619665269052,27307810,true,
2083629452202840226,1785610948025,zappy-winter-thicketbird,2083190451184496950,166985867,true,
2083629498122096665,1785610958973,incredible-honeydew-thicketbird,2083330845968875784,19834403,false,
2083629589654618391,1785610980796,orderly-tree-pelican,2083579169846255975,1700796065748824064,true,
2083629614526533638,1785610986726,neighborly-rhubarb-chickadee,2083620187333431472,,true,
2083629928902173102,1785611061679,diligent-brook-thrasher,2083264727594172910,1495644470271897600,true,
2083629967926255754,1785611070983,ardent-earth-heron,2083324109136777519,1791929891920945153,false,
2083630010401726747,1785611081110,active-canyon-flameback,2083525479009497152,34546073,true,
2083630038390288615,1785611087783,celebrated-ocean-seagull,2083614772847653242,1879585122175082496,true,true
2083630044778319949,1785611089306,cheery-nutmeg-towhee,2083603163119280213,754718787237281792,true,
2083630153687511107,1785611115272,great-mountain-brushturkey,2083617060215574645,1481706275020886032,true,
2083630337322516644,1785611159054,zappy-winter-thicketbird,2083589511389364480,2045232802325581824,true,
2083630413457588282,1785611177206,vivacious-raspberry-thrush,2083588836777750585,15986949,true,
2083630510866125308,1785611200430,marvelous-cherry-peafowl,2083518616994034164,1754506788014342144,true,
2083630533867643082,1785611205914,balanced-orchard-albatross,2083255001376252357,910990938813681664,true,
2083630556676321281,1785611211353,balanced-orchard-albatross,2083336236140220625,763094579491008512,true,
2083630579514216794,1785611216798,balanced-orchard-albatross,2083425365838778726,2042941891113619456,true,
2083630602373275869,1785611222247,marvelous-cherry-peafowl,2083614772847653242,1879585122175082496,true,true
2083630625047597127,1785611227653,balanced-orchard-albatross,2083526160818770402,1736048885619974144,true,true
2083630647688544402,1785611233051,balanced-orchard-albatross,2083373313364009102,878247600096509952,true,false
2083630670362943903,1785611238458,balanced-orchard-albatross,2083222064362615256,302771060,true,
2083630693037248758,1785611243863,balanced-orchard-albatross,2083523268909113569,1233099130282663937,true,
2083630715741065490,1785611249276,balanced-orchard-albatross,2083484372825518423,2520368154,true,
2083630738633580647,1785611254734,balanced-orchard-albatross,2083417921317900497,1432014119931162629,true,
2083630761282863465,1785611260134,balanced-orchard-albatross,2083521274400169987,1507235112,true,
2083631018800467980,1785611523489,cosmic-root-grackle,2083616082166940133,1560341081576939524,true,
2083631141160989092,1785611350704,celebrated-ocean-seagull,,,,
2083631185260114276,1785611361218,resilient-mulberry-canary,2083499886054383801,1128337957289697281,true,
2083631207309299865,1785611366475,neighborly-rhubarb-chickadee,2083504124721557673,,true,
2083631270714548428,1785611381593,delightful-ocean-wheatear,2082446226197270872,288277167,false,
2083631359940042772,1785611402865,diligent-brook-thrasher,2083487304744652823,1459912154392535050,true,
2083631363505418614,1785611403715,motivated-freshwater-nightingale,2083612607903113479,1722829178,true,
2083631418945523770,1785611416933,celebrated-ocean-seagull,2083605551775400403,,true,
2083631429355749689,1785611419416,merry-grass-oriole,2083529836534845904,27703690,false,
2083631435974615551,1785611420993,vibrant-banana-albatross,2083130029807206460,2008960121028870145,true,
2083631561090478261,1785611617755,cosmic-root-grackle,2069084219653898405,50769180,true,
2083631659430166906,1785611474270,gumptious-birch-frigatebird,2083249017337639302,,true,
2083631732646174919,1785611491725,winged-moon-francolin,2083063787020538366,1681515213877649408,false,
2083631895682712030,1785611530597,cheery-nutmeg-towhee,,,,
2083632036405772661,1785611564147,diligent-brook-thrasher,2083542791330672946,,true,
2083632173383590356,1785611596805,resilient-mulberry-canary,2083499236352512184,1849923559331856389,true,
2083632336982204849,1785612214169,cosmic-root-grackle,2083453174615326750,812958924668338176,true,
2083632410898440203,1785611653433,celebrated-ocean-seagull,2083540914400854350,,true,
2083632481853407624,1785611670351,cheery-nutmeg-towhee,2083404363440030150,1170071269062168576,true,
2083632511180050813,1785611677342,discerning-cave-gull,2083565860971544665,158092325,true,
2083632655120155117,1785611711660,great-mountain-brushturkey,2083406915099611393,2023632790760419331,true,
2083632657682899269,1785611712271,zappy-winter-thicketbird,,,,
2083632832300069014,1785611753903,transcendent-harvest-songlark,2083405040748786171,,true,
2083632861366653244,1785611760834,straightforward-almond-hummingbird,2083543669571785203,21694393,true,
2083632956191445202,1785611783441,delightful-mesa-bunting,2083572205573533911,1161261376846946305,true,false
2083633043852476473,1785611804341,delightful-mesa-bunting,2083324455909052595,815733290955112448,true,
2083633169685733420,1785611834342,delightful-mesa-bunting,2083481681042747560,2048533070869880832,true,
2083633355367522650,1785611878613,commendable-moss-crimsonwing,2083454297849868492,1402857482309959681,true,
2083633385314951524,1785611885753,neighborly-rhubarb-chickadee,,,,
2083633437211050201,1785611898125,celebrated-basswood-kingfisher,2083599079779529084,,true,
2083633506555728329,1785611914658,intentional-almond-wigeon,2083508043505955081,904630459539312640,true,
2083633578366132695,1785611931780,diligent-brook-thrasher,2083380702418985401,74186014,true,
2083633594308694049,1785611935580,intentional-almond-wigeon,2083419358768816331,,true,
2083633621123121642,1785611941973,accomplished-apricot-guillemot,2083406915099611393,2023632790760419331,true,
2083633632371949599,1785611944655,celebrated-ocean-seagull,2083628580509261856,1952394042018533376,true,
2083633680812044708,1785611956204,intentional-almond-wigeon,2083001687674130776,1685835800876056576,true,
2083633685476040823,1785611957316,smiley-cantaloupe-falcon,2083536976452706543,,true,
2083633710939681198,1785611963387,cheery-nutmeg-towhee,,,,
2083633767370072255,1785611976841,intentional-almond-wigeon,2083446128360526306,1261335549215989760,true,
2083633768087138528,1785612150075,cosmic-root-grackle,2083446128360526306,1261335549215989760,true,
2083633839906164993,1785611994135,peachy-peanut-wigeon,2083581209792143574,1891490382,true,
2083633855953776647,1785611997961,intentional-almond-wigeon,2083297970221629534,1513410916473192450,true,
2083633946177491032,1785612699718,cosmic-root-grackle,2083451325912883550,1869092087855005697,false,
2083633977303105829,1785612026893,nestling-mesa-frigatebird,2083223684173693041,6240732,true,
2083633982814503088,1785612028207,enthusiastic-ridge-parakeet,2083614772847653242,1879585122175082496,true,false
2083634015962321313,1785612181656,cosmic-root-grackle,2083590904565428333,156553345,true,
2083634073117843923,1785612049738,nestling-mesa-frigatebird,2083410388830294523,2011338420317274112,true,
2083634135256678459,1785612064552,humble-rain-francolin,2083614772847653242,1879585122175082496,true,
2083634149944868925,1785612068054,exquisite-olive-mousebird,2083369646283968886,,true,
2083634242811273432,1785612090195,accomplished-apricot-guillemot,2083540914400854350,,true,
2083634279373054143,1785612294099,cosmic-root-grackle,2083351406644543799,229241716,false,
2083634281394614299,1785612099394,cheerful-rainfall-seagull,2083557315655991466,1673547277200412672,true,
2083634352181637227,1785612116272,masterful-frost-hillstar,2083334715205988732,2010670375374573570,true,
2083634528661152037,1785612158347,astute-birch-hawk,2083455736575635933,1534763390,false,
2083634549611782308,1785612163342,great-mountain-brushturkey,2083419956134187281,1328525867501428736,true,
2083634812611436943,1785612226046,zappy-winter-thicketbird,2083363584503935159,1446767747711606785,true,
2083634818491752906,1785612227449,neighborly-rhubarb-chickadee,2083542851464331396,1676498668306804737,true,
2083634939220672525,1785612256232,diligent-brook-thrasher,,,,
2083635033907097678,1785612278807,cheery-nutmeg-towhee,2083620022631460899,1616088282336727040,true,
2083635162177262057,1785612482591,cosmic-root-grackle,2075657667457011726,965015705123930114,false,
2083635241038815242,1785612328191,kind-shoreline-curassow,2083277776279445512,160268298,true,
2083635345950961944,1785612353204,inventive-dune-flamingo,2083383874474700852,32804484,false,
2083635497381908980,1785612389309,incomparable-rhubarb-quetzal,2083523268909113569,1233099130282663937,false,
2083635501471244381,1785612390283,celebrated-ocean-seagull,2083612241132401130,239103376,true,
2083635939113583068,1785612494625,terrific-moon-kingbird,,,,
2083635985649373549,1785612505721,felicitous-seedling-raven,2083592755482349615,1841181851538636806,false,
2083636037952188756,1785612518190,,2083453174615326750,812958924668338176,true,
2083636175068184713,1785612550881,cheery-nutmeg-towhee,2083204876713046029,2064853377314344960,true,
2083636184324947980,1785612553088,great-mountain-brushturkey,2083441492383707497,1808674115722825728,true,
2083636288981471697,1785612578040,masterful-frost-hillstar,2082976639684595920,2010670375374573570,true,
2083636303594185010,1785612581524,great-mountain-brushturkey,2083634003542737137,1606545347920142336,true,
2083636318509130033,1785612736477,cosmic-root-grackle,2076281630877008145,190338312,true,
2083636323596775879,1785612586293,zappy-winter-thicketbird,2083343690190184512,1703771092169420800,true,
2083636359525220600,1785612594860,clean-coral-goshawk,2083130230055776407,2052704310400798721,true,
2083636368136118285,1785612596912,zappy-winter-thicketbird,2083612160287215642,2071364641251610624,true,
2083636500822978792,1785612628547,celebrated-ocean-seagull,2083565831758463245,1370641767830233091,true,
2083636558163284467,1785612642218,agile-vine-bunting,2083592755482349615,1841181851538636806,false,
2083636582712508880,1785612648071,dexterous-fig-conebill,2083396409466999218,1715928327758938112,true,
2083636768163688934,1785612692286,steady-sunlight-woodpecker,2083544999791042664,1722014154322575360,true,
2083636925077024836,1785612729697,celebratory-mountain-spurfowl,2083551789144842569,1338002318411763712,false,
2083637240438092279,1785613285917,cosmic-root-grackle,2083451325912883550,1869092087855005697,false,
2083637242996908053,1785612805495,trusting-fjord-quail,2083612160287215642,2071364641251610624,true,
2083637312559145095,1785612822081,sublime-orchard-rooster,2083528126592602158,3313355986,true,
2083637336991223954,1785612827905,enlivened-strawberry-dipper,2083082488969330750,,true,true
2083637473327071590,1785612860411,rational-dune-swan,2083564415392108788,975200486,false,
2083637656311980074,1785612904037,inspired-rainforest-ibis,2083556171806372191,1271445997152014336,true,
2083637734753661080,1785612922739,supreme-cliff-kookaburra,2083149979170824266,1845116142769274882,true,
2083637897182466103,1785612961465,winning-riverbank-falcon,2083562009983934963,326756275,false,
2083638064740548705,1785613001415,swift-rosewood-flamingo,2083306964377838022,112413490,true,
2083638228309971401,1785613040412,courteous-canopy-sparrow,2083234192041628090,1549045344029270016,true,
2083638291648442813,1785613055513,lionhearted-cave-shearwater,2083199555454025808,1184637024336265216,true,
2083638332899156178,1785613065348,gleeful-branch-cuckoo,2083513416774307992,1840811497796354048,true,
2083638396308594886,1785613080467,cheery-nutmeg-towhee,2083617571236925589,1024982780831260673,true,
2083638568342134951,1785613121482,gleeful-branch-cuckoo,2083489217175245279,1840811497796354048,true,
2083638721480724646,1785613157994,peaceful-cove-skylark,2083307266271293610,1648388254566064132,true,
2083638793060733161,1785613175060,independent-ice-nightjar,2082618520794206209,3986414536,true,
2083638856532812243,1785613190192,neighborly-rhubarb-chickadee,2083481781425353005,1919053538719932416,true,
2083638876875194849,1785613328193,cosmic-root-grackle,2083402723089613273,1940762785543000064,false,
2083639113761132601,1785613251521,wise-lychee-meadowlark,2083152540921651435,1722014154322575360,true,
2083639114507690023,1785613251699,diligent-brook-thrasher,2083488644212678883,2082780923989512193,true,
2083639174712697110,1785613266053,great-mountain-brushturkey,2083623493430591694,958695000010821632,true,
2083639178839961750,1785613267036,celebrated-ocean-seagull,2083623493430591694,958695000010821632,true,
2083639286885191854,1785613292796,magical-beech-penguin,2083600335122145681,26981455,false,
2083639567576350938,1785613359718,elated-mountain-nighthawk,2083473215159152861,1715926914207297536,true,true
2083639841334370416,1785613424987,cheery-nutmeg-towhee,2083589294849949956,1549459909049483264,true,
2083639990425169963,1785613460533,great-mountain-brushturkey,2083560628342407528,2048349230264193024,true,
2083639999530983489,1785613462704,knowledgeable-walnut-hoopoe,2083195239477432655,373993917,true,
2083640066602099184,1785613478695,zappy-winter-thicketbird,2083624067190391257,156563457,true,
2083640293082218703,1785613532692,accomplished-apricot-guillemot,2083473215159152861,1715926914207297536,true,true
2083640429363232859,1785613565185,wonderful-sandalwood-pigeon,2083628565417894380,887240185825689601,true,true
2083640442713767949,1785613568367,astonishing-branch-peacock,2083627027517587589,1980038666488532992,true,
2083640466319331651,1785613573995,zappy-winter-thicketbird,,,,
2083640471725756624,1785613575284,magical-passionfruit-sandgrouse,,,,
2083640505552748718,1785613583349,fascinating-desert-antwren,2083256086413332559,1255352738579390464,true,
2083640519524032523,1785614139388,cosmic-root-grackle,2083630089489600943,,false,
2083640522049024161,1785613587282,vibrant-willow-flycatcher,2083373062603358415,953378142198161409,true,
2083640554206773687,1785613594949,neighborly-rhubarb-chickadee,,,,
2083640616861508045,1785613609887,noble-foothill-flatbill,2083462737871413694,1929986388482555904,false,
2083640659924090893,1785613620154,luminous-prairie-partridge,2083212733500035130,1434450096557596680,true,false
2083640784574976427,1785613780957,cosmic-root-grackle,2083524970680901793,900160770989797384,true,
2083640811049087052,1785613656186,diplomatic-ice-kingfisher,2082785688970469784,14293310,true,
2083640926468010342,1785613683704,sunny-rosewood-hornbill,2083574052371759254,1665414046042972162,true,
2083640949213978751,1785613689126,easygoing-island-parrotlet,2082581015651078510,,true,
2083640980407021785,1785613696564,delightful-basswood-crane,2083501539147038753,1036343313773813761,true,
2083640998832349539,1785613700956,diligent-brook-thrasher,2083402723089613273,1940762785543000064,true,
2083641056956977253,1785613714814,neighborly-rhubarb-chickadee,2083308821598904364,1492588857837199364,true,
2083641184929415341,1785613745326,celebrated-ocean-seagull,2083606163732435432,48199048,true,
2083641237026873442,1785613757747,fantastic-watermelon-sparrow,2083620628259639528,52660746,true,false
2083641501666439380,1785613820841,cheery-nutmeg-towhee,2083491351769866440,1630933669513773056,true,
2083641773545431422,1785613885662,great-mountain-brushturkey,2083277776279445512,160268298,true,
2083641791358902454,1785613889909,winning-riverbank-falcon,2082870136202043827,,false,false
2083641957654425707,1785613929557,zappy-winter-thicketbird,2083602412946743360,1290726343307558914,true,
2083642130984034333,1785613970882,glowing-canyon-sparrow,2083183418200768848,,true,
2083642208511566270,1785613989367,smart-ocean-meadowlark,2083577773780525081,847169983,true,
2083642263733748207,1785614002532,neighborly-rhubarb-chickadee,2083335654201504131,,true,
2083642413990420807,1785614038357,diligent-brook-thrasher,,,,
2083642519674577341,1785614063553,,,,,false
2083642618043584536,1785614087006,shrewd-sapling-owl,2083505266692096083,718747351792398336,true,
2083642677308887125,1785614101136,knowledgeable-walnut-hoopoe,2083585890912190816,373993917,true,
2083642705859444886,1785614107943,celebrated-ocean-seagull,2083630089489600943,,true,
2083642758225399887,1785614262051,cosmic-root-grackle,2083136121949839560,1621554777191481345,false,
2083643123758940230,1785614207578,cheery-nutmeg-towhee,,,,
2083643206466474432,1785614227297,thankful-walnut-flowerpecker,2083206884182601882,23549130,true,
2083643221196849157,1785614230810,great-mountain-brushturkey,2083356210330267917,2043084484875108352,true,
2083643276385567178,1785614440826,cosmic-root-grackle,2083642364602569154,17980523,false,
2083643474679934976,1785614291244,civil-sequoia-owl,2083561359216607427,957109125678338048,true,false
2083643589855523003,1785614318704,meticulous-winter-quail,2081973812980289954,,true,
2083643704351555972,1785614346002,lively-cliff-raven,2083439397597516238,1754506788014342144,false,
2083643834681164244,1785614537863,cosmic-root-grackle,2083639564716081233,,true,
2083643982110675440,1785614412225,,2083549175074168953,1724646146,true,
2083644039975321945,1785614426022,fabulous-cliff-rooster,2083458645195706478,,true,
2083644251682795739,1785614476496,easygoing-nutmeg-finfoot,2083561917147165060,,false,
2083644318112207288,1785614492335,cool-hillside-bullfinch,2083571334886412794,1053437975479095296,true,true
2083644335115944327,1785614496388,punctual-cove-finch,,,,
2083644354682409313,1785614501054,tremendous-rain-treepie,2083540721840095609,114060003,true,
2083644374571741371,1785614505795,zappy-winter-thicketbird,2083612581525164329,2019524231088701440,true,
2083644521179427206,1785614540750,diligent-brook-thrasher,2083584011591626990,,true,
2083644544701415851,1785614546357,punctual-cove-finch,2083626868234952706,246939630,true,
2083644633935147361,1785614744649,cosmic-root-grackle,2083236332491661810,22703645,false,
2083644897014202499,1785614630356,neighborly-rhubarb-chickadee,2083594803762037226,787392577,true,
2083645079063789749,1785614673759,diligent-brook-thrasher,2083484703495967064,1200356868733972480,true,
2083645285956505732,1785614723086,cheerful-dune-crimsonwing,2083588301941072277,1631264469572546561,false,
2083645588273258683,1785614795164,exceptional-root-condor,2083249992697815049,2323710210,false,
2083646003165438228,1785614894083,celebrated-ocean-seagull,2083302390485123333,1629496092,true,
2083646196682301490,1785614940221,cheery-nutmeg-towhee,2083472860840853662,1465422155299053568,true,
2083646439444398363,1785614998099,celebrated-ocean-seagull,2083554777846382820,,true,
2083646597980705271,1785615035897,great-mountain-brushturkey,2083578500544651302,753424463560052736,true,
2083646647272108082,1785615047650,lithe-blossom-dipper,2083620628259639528,52660746,true,
2083646759104819218,1785615074312,zappy-winter-thicketbird,,,,
2083646765161410613,1785615075757,eloquent-mountain-flamingo,2083604736884736152,213474069,true,false
2083646794895102295,1785615082846,driven-orchard-macaw,2083323343487328540,18927441,false,false
2083646981591695645,1785615127358,neighborly-rhubarb-chickadee,2083603163119280213,754718787237281792,true,
2083646997853307217,1785615131234,expressive-summer-songbird,2083446072538767747,2033215167341977601,true,true
2083647265898742011,1785615195141,jubilant-walnut-nightingale,2082949260274749851,455198754,true,
2083647266150383854,1785615195202,chipper-conifer-warbler,2083588301941072277,1631264469572546561,true,
2083647362589687910,1785615218194,grand-highland-chickadee,2082119325213659442,2068029970476044288,false,
2083647593863594152,1785615273334,early-magnolia-peacock,2083624830868353531,,true,
2083647787938578456,1785615319605,congenial-grove-bluebird,2083638106511593831,333923305,true,
2083647865247891560,1785615497366,cosmic-root-grackle,2081329170102055161,459427387,true,
2083648011385647498,1785615372879,early-magnolia-peacock,2083636610097164558,,true,
2083648185675722806,1785615414433,diligent-brook-thrasher,2083541996178641365,1511378957890994182,true,
2083648316328333400,1785615445583,stunning-dogwood-siskin,2083620628259639528,52660746,true,false
2083648341448007951,1785615451572,early-magnolia-peacock,2083629205217017910,374752807,true,
2083648461304680465,1785615480148,hypersonic-marmalade-nighthawk,,,,
2083648478392037473,1785615484222,celebrated-ocean-seagull,,,,
2083648574882218396,1785615507227,masterful-passionfruit-seedeater,2082495227214880985,1635911194509705218,true,
2083648702397174151,1785615707604,cosmic-root-grackle,2083524970680901793,900160770989797384,true,
2083649452116787253,1785615716377,happy-canopy-redstart,2083561187216687170,2313552080,true,
2083649763019255814,1785615790502,cheery-nutmeg-towhee,,,,false
2083649794585546968,1785615798028,great-mountain-brushturkey,2083606234704347151,1663773885081239552,true,true
2083649843478614470,1785615809684,zappy-winter-thicketbird,,,,
2083650231476912582,1785616040682,cosmic-root-grackle,2083647390314336755,1081981721413857280,false,
2083650291476394209,1785615916495,cheery-nutmeg-towhee,2083340114869051715,1590529444153892864,true,
2083650448402051426,1785615953909,informative-sky-gull,2083613238000841193,25562342,true,
2083650463606726749,1785616566411,cosmic-root-grackle,2074685819579674789,129047298,true,
2083650575334244747,1785615984172,neighborly-rhubarb-chickadee,2083497156418101347,2040779420953128960,true,true
2083650732704604531,1785616021692,jubilant-lemon-chicken,2083301097586794840,,true,
2083650771627757744,1785616030972,diligent-brook-thrasher,2083588636805881944,158808511,true,
2083651043578302654,1785616095810,outgoing-raisin-frigatebird,2083267839788536156,63805938,true,
2083651162125763061,1785616124074,celebrated-ocean-seagull,,,,
2083651220854489330,1785616138077,zappy-passionfruit-falcon,2083604736884736152,213474069,false,
2083651291562066402,1785616154934,cheery-nutmeg-towhee,2083441318978896015,21366823,true,
2083651324684476690,1785616162831,great-mountain-brushturkey,2083628684624425189,1592975103645581315,true,
2083651468934987780,1785616197223,great-mountain-brushturkey,2083613524543074490,1899590832686039040,true,
2083651493446701298,1785616203068,charitable-horseradish-owl,2083346234127868399,2053121149207298056,true,
2083651600434733534,1785616228575,zappy-winter-thicketbird,2083612241132401130,239103376,true,
2083651676049645694,1785616409731,cosmic-root-grackle,2083374795878490518,,false,
2083651747201863746,1785616263568,neighborly-rhubarb-chickadee,2083256086413332559,1255352738579390464,true,
2083651781096030464,1785616271648,diligent-brook-thrasher,2083560429360480522,1569351986469797888,true,
2083651954836681143,1785616313071,thorough-cedar-kite,2083618109995581806,5889072,true,
2083652006317867146,1785616325345,enthralling-mesa-sparrow,2083598287622345170,1221248402622644224,true,
2083652052207419481,1785616336287,scholarly-root-piculet,2083642009449881726,1750234919454834691,true,true
2083652200304173448,1785616371595,celebrated-ocean-seagull,2083435954099151032,3275261221,true,
2083652205551517996,1785616372846,trusting-fjord-quail,2083620893348037026,1954402777,true,
2083652224887165381,1785616377457,expressive-moonlight-kingfisher,2082807305305743668,203041769,true,
2083652306042487117,1785616396805,cheery-nutmeg-towhee,2083586765051330815,1396816952392396801,true,
2083652464188772581,1785616434510,great-mountain-brushturkey,,,,
2083652472850067893,1785616436576,zappy-winter-thicketbird,2083648730855608415,,true,
2083652486368239694,1785616439799,neighborly-rhubarb-chickadee,2083602323163521095,1240110222481522688,true,true
2083652566039109784,1785616458794,kinetic-beach-dove,2083615362235646213,1486338501650132999,true,
2083652577992827072,1785616461643,diligent-brook-thrasher,2083349037764214856,5693842,true,true
2083652764337627371,1785616506071,sunny-sapling-lovebird,2083563422503895215,290758912,true,
2083653043049132451,1785616572521,fabulous-mango-parrot,2083574111431754024,312887209,false,
2083653156630679809,1785616599601,celebrated-ocean-seagull,,,,
2083653199718912337,1785616609875,chirpy-branch-albatross,2083156428341096947,1382350575556255747,true,
2083653729598017962,1785616736208,imaginative-root-nighthawk,2083586041139605912,14527699,true,
2083653790117282251,1785616750636,sanguine-avocado-grackle,2083648481621602402,1169620189836697600,true,
2083653942815174824,1785616787042,cheery-nutmeg-towhee,2083536478747902333,1923837891584851969,true,
2083653999849251185,1785616800640,great-mountain-brushturkey,2083501539147038753,1036343313773813761,true,
2083654020426572237,1785616805546,zappy-winter-thicketbird,2083631852062204029,1963246526664519680,true,
2083654564868166065,1785616935351,neighborly-rhubarb-chickadee,2083648888393863577,1309312521648521216,true,true
2083654598699438520,1785616943417,diligent-brook-thrasher,2083585971186999585,1328359991150059522,true,
2083654616705634647,1785616947710,celebrated-ocean-seagull,2083589894723580159,1200356868733972480,true,
2083654642362114559,1785616953828,zappy-winter-thicketbird,2083504821307371755,,true,
2083654768287748144,1785616983850,inquisitive-mulberry-jacana,2083296446711751050,1322712377230581760,false,
2083654839599349948,1785617000852,cosmic-raisin-treepie,2083439962280853775,2054125952196866048,true,
2083655074153181225,1785617207726,cosmic-root-grackle,2083622796723392537,1720701343,true,
2083655122026914142,1785617068189,cheery-nutmeg-towhee,,,,
2083655310074425490,1785617113023,active-lake-finfoot,2083577546940076317,,false,
2083655471357981000,1785617151476,lucent-citrus-firefinch,2083416303776505983,1309312521648521216,true,
2083655564509278434,1785617173684,great-mountain-brushturkey,2083368365788479867,720854836418228224,true,
2083655598927761632,1785617181890,intentional-cave-goldfinch,2083479860358582649,245687754,true,
2083655707468156954,1785617207769,fashionable-apple-puffbird,2083578345816490309,340418291,true,true
2083655742561636445,1785617216135,zappy-winter-thicketbird,2083636359034773514,1796509639074332672,true,
2083655768663069093,1785617222359,cosmic-grapefruit-citril,2083590686989762578,946770918,true,
2083655773302014352,1785617223465,peachy-citrus-gull,2083445408219467888,,true,
2083655943007633720,1785617263926,peaceful-lumber-flameback,2083618513743204546,1596524294426730506,true,
2083656450686279725,1785617384966,grand-granite-dove,2083608843741786256,1819254677789462530,true,false
2083656464078410231,1785617388158,neighborly-rhubarb-chickadee,2083570619665269052,27307810,true,
2083656511222391139,1785617399398,diligent-brook-thrasher,,,,
2083656524673560984,1785617402606,celebrated-ocean-seagull,2083625813359145396,1790586907883454464,true,
2083656595351687270,1785617419456,skilled-orchard-pelican,2083525678809362569,1543902776958373889,true,
2083656716869099870,1785617448428,cheery-nutmeg-towhee,2083621752362705099,1651386864316579843,true,
2083656742383055239,1785617454511,noble-freshwater-shearwater,2082956155542794331,1111901164487000064,true,
2083656797475279177,1785617467646,worldly-coral-goose,2083356013445693686,,true,
2083656841398292872,1785617478119,hypersonic-marmalade-nighthawk,2083577433916162157,1784565733579530241,true,
2083656913171140962,1785617495230,bright-cliff-cacholote,2083633046821965837,1274695868793458689,false,
2083656946427523396,1785617503159,neighborly-rhubarb-chickadee,,,,
2083657103181565955,1785617735322,cosmic-root-grackle,2083616082166940133,1560341081576939524,false,
2083657237185048883,1785617572482,heartwarming-bamboo-waterfowl,2083142872870588460,1146329871418843136,false,
2083657309402595803,1785617589701,great-mountain-brushturkey,2083513097419993317,2919907698,true,
2083657327001879020,1785617593896,welcoming-avocado-albatross,2083604573508317289,88016448,true,
2083657365073670639,1785617602973,cheery-nutmeg-towhee,2083308821598904364,1492588857837199364,true,
2083657368102113285,1785617603694,experienced-cove-seedeater,2082950870132486216,1780774664018534400,false,
2083657579910119795,1785617654194,zappy-winter-thicketbird,2083560628342407528,2048349230264193024,true,
2083657585199366348,1785617655454,electric-wildflower-owl,2083577546940076317,,false,false
2083657717395177616,1785617686972,meticulous-coconut-woodpecker,2083593290771730654,2011812958654119936,true,
2083657782155256178,1785617702413,zappy-winter-thicketbird,2083632606869073992,,true,
2083657872647286863,1785617723988,neighborly-rhubarb-chickadee,2083389030364815563,1842530852200423424,true,
2083657973264736295,1785617747976,electric-wildflower-owl,2040358361405763807,1244046574533083138,false,
2083658070530379845,1785617771166,devoted-star-kingbird,2083645701729517986,59591856,true,
2083658125517729906,1785618504232,cosmic-root-grackle,2083630089489600943,,true,
2083658172678750559,1785617795520,gumptious-tide-canary,2083647040953741538,1831435289341894656,false,
2083658226516557917,1785617808356,diligent-brook-thrasher,2083578405191135630,1279365155600678914,true,
2083658547896660353,1785617884980,loyal-leaf-kite,2083557378746696160,,true,
2083658567920611602,1785617889754,cheerful-pond-falcon,2083620946431050050,1451904440177500160,true,
2083658587713486997,1785617894472,tough-buckeye-duck,2083634520528441709,1852499847133143040,false,
2083658649642455513,1785617909238,civil-oak-firefinch,2083580793620701684,1855739751669583872,true,false
2083658842508779760,1785617955220,celebrated-ocean-seagull,2083538373860380824,2032111553823326211,true,
2083658845201588655,1785617955862,cheery-nutmeg-towhee,2083540721840095609,114060003,true,
2083658962902069682,1785617983924,magical-passionfruit-sandgrouse,2083483334030598353,,true,
2083659193014268136,1785618038787,great-mountain-brushturkey,2083205811048771695,1173898058,true,
2083659213419540686,1785618043652,neighborly-rhubarb-chickadee,2083635539270348951,,true,
2083659236995678666,1785618049273,doughty-peanut-lory,2083543669571785203,21694393,false,
2083659262526468158,1785618055361,zappy-winter-thicketbird,2083480446466433272,784636611183214592,true,true
2083659336681656695,1785618073040,celebrated-ocean-seagull,,,,
2083659607348576368,1785618137573,neighborly-rhubarb-chickadee,2083617437912531227,2684060054,true,
2083659637539168363,1785618825181,cosmic-root-grackle,2083518775937085856,1139033883482083329,true,
2083659689074540805,1785618157057,,2083600591796752561,1027349023,true,false
2083659997418782774,1785618230572,,2083244842138685892,1802305651751694336,true,
2083660092113576066,1785618253149,diligent-brook-thrasher,2083323031615668291,1699771139155767296,true,
2083660110564298839,1785618257549,celebrated-ocean-seagull,2083424281644474477,1454231330556981255,true,
2083660182379430351,1785618274671,cosmic-pine-songbird,2083297970221629534,1513410916473192450,false,
2083660233528705517,1785618286866,,2083540721840095609,114060003,true,
2083660555924165111,1785618363730,thoughtful-sun-emu,2083646921537704408,35265021,true,
2083660558725771721,1785618364398,,2083571715494289414,1907448757559431168,true,
2083660560244371463,1785618522854,cosmic-root-grackle,2083571715494289414,1907448757559431168,true,
2083660596512244217,1785618373407,jazzy-wood-pitohui,2082233566952366412,1548977419,false,
2083660754805223426,1785618411147,jazzy-raisin-rooster,2083344461493317787,19778050,true,
2083660999630930305,1785618469518,extraordinary-island-snowfinch,2083312828472254485,2049823946200043520,true,
2083661016202649926,1785618473470,stalwart-cypress-towhee,2083620628259639528,52660746,true,
2083661169764483353,1785618510082,compassionate-seedlings-lapwing,2083594042626265345,1219282049070063617,true,
2083661282700673223,1785618537008,nice-cherry-partridge,2083588989714596190,,true,true
2083661292288582000,1785618539294,masterful-kiwi-redstart,2083565128478232673,1463243063430729732,true,
2083661529740632461,1785618595907,cheery-nutmeg-towhee,2083557976842043804,,true,
2083661569984991680,1785618605502,blooming-chestnut-friarbird,2083613984448819491,41583102,true,
2083661638721221107,1785618621890,zappy-winter-thicketbird,,,,
2083661681054429521,1785618631982,neighborly-rhubarb-chickadee,2083463067916980406,1460441129023905796,true,true
2083661795521102061,1785618659273,diligent-brook-thrasher,2083594089220411841,898410182505488389,true,
2083661824898318824,1785618666278,humble-freshwater-crow,2082886865430933721,28614262,true,
2083661841234862227,1785618670173,celebrated-ocean-seagull,,,,
2083661843873120756,1785618670802,cheery-nutmeg-towhee,2083518775937085856,1139033883482083329,true,
2083661896809431333,1785618683422,cheery-nutmeg-towhee,2083568470042817021,1753467918690508801,true,true
2083662059468628185,1785618722203,futuristic-flower-sparrow,2083568732480114712,98781946,true,
2083662455612293433,1785618816651,great-mountain-brushturkey,2083471466276786196,1568266131034480647,true,
2083662492522160198,1785619306538,cosmic-root-grackle,2083518775937085856,1139033883482083329,true,
2083662611518751200,1785618853823,zappy-winter-thicketbird,2083648522751291585,1339847350173351936,true,
2083662769056878964,1785618891382,lovely-pomegranate-raven,2083523816165118130,537403611,true,
2083662772777234535,1785618892269,neighborly-rhubarb-chickadee,2083620946431050050,1451904440177500160,true,true
2083662875302789620,1785618916713,great-mountain-brushturkey,2083639950315253860,2038391248239665153,true,
2083662972321144860,1785618939845,diligent-brook-thrasher,2083648910074204241,1061762696,true,true
2083663040843497533,1785618956181,resilient-mulberry-canary,2083629667433566563,,true,
2083663100041904559,1785618970295,celebrated-ocean-seagull,,,,
2083663576347091256,1785619083855,genius-elm-flowerpecker,2083474433608388902,2068446384882159616,true,
2083663590746214511,1785619087288,magnificent-bamboo-grackle,2083458060396503391,1863344152253181952,true,
2083663617556197453,1785619093680,thorough-cedar-kite,2083579266541781494,807929852028391424,true,
2083663826222711198,1785619143430,gleeful-highland-hornbill,2083600591796752561,1027349023,false,
2083663839795515441,1785619146666,cheery-nutmeg-towhee,2083660686769488151,1560077672042172419,true,true
2083663991902007615,1785619182931,great-mountain-brushturkey,2083484530090922154,2073260196823023616,true,
2083664050857070662,1785619196987,masterful-frost-hillstar,2083506195701141957,1089998124,true,
2083664514252177858,1785619472200,cosmic-root-grackle,2083623846914167225,1911865944215080960,false,
2083664572825899066,1785619321434,legendary-peppermint-friarbird,2083402567904575692,37789612,true,
2083664856809423306,1785619389141,legendary-canyon-puffin,2083589294849949956,1549459909049483264,false,
2083664942981406874,1785619591953,cosmic-root-grackle,2078556459831337020,2041619914734051328,false,
2083665137668657589,1785619456103,masterful-frost-hillstar,2083307599924191435,80233893,true,
2083665374936002898,1785619512672,zappy-winter-thicketbird,2083637869462032789,1845978020206571520,true,
2083665796585398343,1785619613201,brainy-sand-kingfisher,2083041978996908359,2616962058,true,
2083665881104842906,1785619633352,noteworthy-rose-mockingbird,2083474433608388902,2068446384882159616,false,
2083665895809831330,1785619636859,inspiring-sunlight-puffleg,2081901272689709102,1505266314486562816,true,
2083666341371023457,1785619743088,grand-tide-gull,2083490922638217403,2941338050,true,
2083666410027262460,1785619903913,cosmic-root-grackle,2082474091647258683,970207298,true,
2083666476339253343,1785619775267,neighborly-rhubarb-chickadee,2083627614481043594,1412491640917331975,true,
2083666556102283307,1785619794285,felicitous-magnolia-puffin,2083611207664021580,454918914,true,
2083666668098572562,1785619820986,zappy-winter-thicketbird,2083640683223552248,1850589024416886784,true,
2083667095644975538,1785619922921,experienced-cypress-stilt,2083438387051311439,2282733961,true,true
2083667345382293717,1785620164194,cosmic-root-grackle,2083604379987304668,,true,
2083667506829348953,1785620020955,masterful-frost-hillstar,2083310740862103850,1367209793686036482,true,
2083667563339448813,1785620034428,marvelous-beach-dove,2083620177309049337,,true,
2083667677956968921,1785620061755,diligent-brook-thrasher,,,,
2083668191335612705,1785620184155,celebrated-ocean-seagull,2083620893348037026,1954402777,true,
2083668371170594816,1785620227030,neighborly-rhubarb-chickadee,,,,
2083668466419056914,1785620249740,philosophical-berry-brushturkey,2083503040267493582,918978248,true,
2083668929541492836,1785620360156,cheery-nutmeg-towhee,2083557729059135534,1521877625836347392,true,true
2083669007387824319,1785620378716,great-mountain-brushturkey,,,,
2083669042355753094,1785620387053,zappy-winter-thicketbird,2083661829394637249,1726712518155046912,true,
2083669323722424349,1785620454137,calm-coast-catbird,2083366274650775918,1468657319647006733,false,
2083669476990493085,1785620490678,neat-snow-kingbird,2083550880020713978,101005636,false,
2083669485303865345,1785621207148,cosmic-root-grackle,2083278276517306871,2055572419952140288,true,
2083669684193566966,1785620540079,proactive-wood-chickadee,2083586286703763606,701009472747995136,true,
2083669695505317955,1785620542776,steady-dogwood-seedeater,2083592685177237963,3207545212,false,
2083669753709903938,1785620556653,electric-dune-skylark,2082482437305610708,19709040,true,
2083669892218093816,1785620589676,enthusiastic-tide-kestrel,2083609447834767840,1592695259502370817,true,false
2083670110267404567,1785620641663,neighborly-rhubarb-chickadee,2083607978041807207,706114101387243521,true,
2083670164214833283,1785620654526,profound-field-catbird,2082668433817416154,896626097911078913,false,
2083670255352836140,1785621323450,cosmic-root-grackle,2083561103959757126,138882249,true,
2083670339679031786,1785620868786,cosmic-root-grackle,2083641206030880923,1375544177526767620,true,
2083670344817127778,1785620697584,diligent-brook-thrasher,2083583540445221181,29274419,true,
2083670348449374210,1785620698450,masterful-frost-hillstar,,,,false
2083670395169726888,1785620709589,celebrated-ocean-seagull,2083645498338972063,1490118605522022403,true,
2083670406997619123,1785620712409,unique-cashew-recurvebill,2080724918170169356,1899880577068605440,false,
2083670427784626416,1785620717365,cheery-nutmeg-towhee,2083229855261618485,470956557,true,
2083670580809593120,1785620753849,diligent-brook-thrasher,2083589894723580159,1200356868733972480,true,
2083670704592142703,1785620783361,bubbly-sunlight-seabird,2083568640205500511,1962456345929494528,true,
2083670776901726706,1785620800601,great-mountain-brushturkey,2083655036488258007,1816783201152495616,true,
2083670779116343754,1785620801129,celebrated-ocean-seagull,2083655036488258007,1816783201152495616,true,
2083670796069982347,1785620805171,unique-cashew-recurvebill,2083588301941072277,1631264469572546561,false,
2083670807352414376,1785620807861,peaceful-flower-softbill,2083240191993733379,206655259,true,
2083670843960226075,1785621057841,cosmic-root-grackle,2083543772269543494,,false,
2083670889489469513,1785620827444,flourishing-mango-bulbul,2082524297835233653,1975394251996311552,true,
2083671130586685886,1785620884926,easygoing-island-parrotlet,2083639550992081279,17469289,true,
2083671344122855439,1785621492045,cosmic-root-grackle,2083655264570655035,1983022303580770304,true,
2083671514033930735,1785620976347,cheery-nutmeg-towhee,2083378731058688362,1960691348589436933,true,
2083671678177931740,1785621015482,zappy-winter-thicketbird,2083346982362386847,1911096563759190016,true,
2083671737099514345,1785621195645,cosmic-root-grackle,2083607795887382714,1983022303580770304,true,
2083671860881801516,1785621059042,zappy-winter-thicketbird,2083652524687655042,1957587245587910656,true,
2083671962962788846,1785621083381,sparkly-melon-petrel,2083274548183503181,3430298277,true,
2083671995510665423,1785621091140,neighborly-rhubarb-chickadee,2083641206030880923,1375544177526767620,true,
2083672024430563769,1785621098035,jolly-wind-mousebird,2083452097685549502,2886307114,true,
2083672057385042116,1785621105892,diligent-brook-thrasher,2083612607903113479,1722829178,true,true
2083672059817627655,1785621106472,neighborly-rhubarb-chickadee,2083655184983507021,10926202,true,true
2083672183570616794,1785621135977,celebrated-ocean-seagull,2083623818510397554,1969948769216294912,true,
2083672189220597803,1785621137324,beautiful-honeydew-eagle,2083149665453895725,1449826891825774592,true,
2083672189824618558,1785621522294,cosmic-root-grackle,2083507565980525032,1983022303580770304,false,
2083672247613411483,1785621151246,diligent-brook-thrasher,2083636359034773514,1796509639074332672,true,
2083672308997403097,1785621165881,elegant-pistachio-scaup,2082738424671240495,1546252611875119112,true,
2083672496411132042,1785621210565,amazing-bamboo-tern,2083263767325155773,721638883,true,
2083672656612872244,1785621504059,cosmic-root-grackle,2083388339139543180,1983022303580770304,true,
2083672807200972825,1785621284662,,2083620628259639528,52660746,true,
2083672920514281939,1785621311679,intellectual-lime-recurvebill,2083275912506708066,2056785061039517696,true,
2083673269530431527,1785621394891,generous-sunlight-sparrow,2082499138629853192,1138760994807832577,true,
2083673332910616957,1785621410001,cheery-nutmeg-towhee,2083655264570655035,1983022303580770304,true,
2083673349826154829,1785621414034,reliable-holly-spoonbill,2083549961103216851,1085111917809725441,true,
2083673526188351699,1785621456083,celebrated-ocean-seagull,2083541037742485784,1530414433574563842,true,
2083673656975130875,1785621487265,skilled-sun-auklet,2083564415392108788,975200486,false,false
2083673744770314731,1785621508196,great-mountain-brushturkey,2083388339139543180,1983022303580770304,true,
2083673820792291719,1785621526322,bold-ocean-fantail,2083600075130044701,2015358803735191552,false,
2083673859971076535,1785621535662,zappy-winter-thicketbird,2083635254883913777,978732571738755072,true,
2083673889339568210,1785621542664,neighborly-rhubarb-chickadee,,,,
2083673943177888062,1785621555500,cosmic-canyon-mallard,2083518065845866992,1398973119402889219,true,
2083674016729215368,1785621573036,jazzy-wood-pitohui,2079630311407644816,35516339,false,
2083674162120548613,1785621607701,generous-sunlight-sparrow,2082414078270607821,843974096392261633,true,
2083674257041543413,1785621630332,fantastic-boulder-bluejay,2075652534266474531,1395027991,false,
2083674296350822777,1785621639703,beautiful-honeydew-eagle,2083506729833394297,134715633,true,true
2083674348439654876,1785621652122,diligent-brook-thrasher,2083607795887382714,1983022303580770304,true,
2083674521869955194,1785621693471,generous-sunlight-sparrow,2082463267348160598,1989033997557788672,true,
2083674591654735950,1785621710110,great-mountain-brushturkey,2083621752362705099,1651386864316579843,true,
2083674596302336063,1785621711217,shrewd-star-seagull,2083514227256361230,1249711604985364481,true,
2083674657111060944,1785621725715,altruistic-root-tinamou,2083620628259639528,52660746,false,
2083674778750394592,1785621754716,modern-marble-stilt,2083660651050713416,1622588070246641666,true,
2083674787847754113,1785621756885,bold-island-canary,2083609447834767840,1592695259502370817,false,
2083674865224364090,1785621775333,involved-sea-thrush,2083363959755956281,121379414,true,
2083675000570056973,1785621807603,earnest-frost-curassow,2083155057462181979,23485648,false,
2083675237439434965,1785621864077,driven-trail-needletail,2082408591697547724,816307676812447744,true,
2083675403957190660,1785622096355,cosmic-root-grackle,2083562067613667668,1717914543450431488,true,
2083675461553398071,1785621917509,independent-mint-owl,2083501669753430344,1227171182627127298,true,
2083675477881844159,1785621921403,celebrated-ocean-seagull,2083366917449175149,2025552531334770689,true,
2083675596119302449,1785621949592,cheery-nutmeg-towhee,2083551243985973293,2021799686487912450,true,
2083675756161626123,1785621987750,exuberant-poplar-pigeon,2083601483887436091,1881029912007704576,true,true
2083675758665285719,1785621988347,virtuous-evergreen-bunting,2083581487488630926,2081483045299802112,true,
2083675876793712948,1785622016510,great-mountain-brushturkey,2083607957938614286,,true,
2083675879872340324,1785622017244,zappy-winter-thicketbird,2083315215551377866,1983022303580770304,true,
2083675912344612996,1785622024986,blissful-tide-citril,2083640467590189226,1460169660,true,
2083676031609885000,1785622200128,cosmic-root-grackle,2083175425736401014,1208106830385336320,true,
2083676039666897358,1785622055342,spectacular-sky-starling,2083253458111525090,1518667234385829889,false,
2083676057995968877,1785622059712,snazzy-lime-firefinch,2083645701729517986,59591856,true,
2083676238053281851,1785622102641,zappy-winter-thicketbird,2083649151401591263,1414955600048439298,true,
2083676386732994981,1785622138089,relatable-tigerwood-anhinga,2083407253240180756,2058439853499715584,true,
2083676571869528500,1785622182229,futuristic-sycamore-peacock,2083031650011898192,1834992156303671296,true,
2083676577590661289,1785622183593,clean-freshwater-flycatcher,2083673402531889455,1269778306838204420,true,
2083676619294884052,1785622193536,gracious-mangrove-hummingbird,2083410476961280499,1706267389,true,
2083676695651836129,1785622211741,neighborly-rhubarb-chickadee,,,,
2083676769131933782,1785622229261,neighborly-rhubarb-chickadee,2083598647741038611,,true,
2083676983402299447,1785622280346,vibrant-banana-albatross,2083475831662497932,,true,
2083677054705504335,1785622297347,resilient-tree-snowfinch,2083659539635671040,36889519,true,
2083677088549052795,1785622305415,diligent-brook-thrasher,2083419067583512820,1649432778998464512,true,true
2083677118140187132,1785622312471,passionate-winter-puffbird,2083650054498263396,1534262156413263872,true,
2083677120178380994,1785622312956,celebrated-basswood-kingfisher,2083411452115800572,747111967,true,
2083677239741178265,1785622341462,thoughtful-rock-puffbird,2083674328265064793,,true,
2083677341361094768,1785622365690,flowing-lumber-whistler,2083675746711544226,1542233423661735936,true,
2083677466162266498,1785622395446,eccentric-mint-kingbird,2082961496259084520,403488296,false,false
2083677525478436870,1785622409587,perceptive-riverbank-canary,2083532950436823402,102499715,true,
2083677941985362338,1785623101289,cosmic-root-grackle,2083663823047950808,888118103095115780,true,
2083677971567579212,1785622515943,celebrated-ocean-seagull,2083549961103216851,1085111917809725441,true,
2083678141118083256,1785622556367,humorous-holly-raven,2083638106511593831,333923305,false,
2083678148856782857,1785622723809,cosmic-root-grackle,2083613240890626341,2075694507601907712,false,
2083678227751723386,1785622577023,quick-jackfruit-meadowlark,2083613213023760713,1110890216,false,
2083678464478237159,1785622808875,cosmic-root-grackle,2083620504108142665,1003712331493335040,false,
2083678524250996993,1785622647713,sturdy-cloud-seagull,2083042455599878292,,true,
2083678549651919235,1785622653770,agreeable-autumn-lorikeet,2081948789464612917,,true,
2083678667549397428,1785622681879,smiley-strawberry-mallard,2083626868234952706,246939630,false,
2083678677997400556,1785622684370,celebrated-basswood-kingfisher,2083596241502339113,926018273841504257,true,
2083678721483919451,1785622694738,cheery-nutmeg-towhee,2083613984448819491,41583102,true,true
2083678749128589625,1785622701328,great-mountain-brushturkey,,,,
2083678754396586349,1785622702584,astute-prairie-crimsonwing,2083561359216607427,957109125678338048,false,false
2083678789457109321,1785622875785,cosmic-root-grackle,2083591462726361235,847882255540342784,true,
2083678871954804813,1785622730612,profound-reef-rooster,2080749491658117374,1135361633717489664,false,
2083678920675631410,1785622742228,quick-moonlight-condor,2083520435623444926,2042573071039488000,true,
2083678968012550433,1785622753514,zappy-winter-thicketbird,2083519898383450241,1830880991361011714,true,
2083679034387333395,1785622769339,neighborly-rhubarb-chickadee,2083493827894030672,,true,
2083679122295775252,1785622790298,diligent-brook-thrasher,,,,
2083679180248563950,1785622804115,celebrated-ocean-seagull,2083580285141324275,2054781232861663232,true,
2083679182756684049,1785622804713,diligent-brook-thrasher,2083580285141324275,2054781232861663232,true,
2083679210120310969,1785622811237,cheery-nutmeg-towhee,,,,
2083679220912534015,1785623435191,cosmic-root-grackle,2083023817375350860,334920737,false,
2083679227430256938,1785623301498,cosmic-root-grackle,2083273747700822389,,true,
2083679471937208596,1785622873659,effervescent-tree-puffleg,2083231758305419325,,true,
2083679639021539669,1785622913496,cheery-nutmeg-towhee,,,,
2083679678573810115,1785622922926,great-mountain-brushturkey,,,,
2083679685209198968,1785622924507,clever-fjord-crimsonwing,2083561359216607427,957109125678338048,true,
2083680017033167031,1785623003620,great-mountain-brushturkey,,,,
2083680311540408398,1785623073836,zappy-winter-thicketbird,2083473550728405202,2036784443344523264,true,
2083680413285843022,1785623098094,neighborly-rhubarb-chickadee,2083607049569493380,1410017240599105536,true,
2083680470961725483,1785623241606,cosmic-root-grackle,2083495849892712864,1849781181040164865,true,
2083680578264531413,1785623387462,cosmic-root-grackle,2083352389025997011,39002335,false,
2083680626566123820,1785623148945,diligent-brook-thrasher,2083583115159630026,1651991936692105229,true,
2083680628663284200,1785623149444,celebrated-ocean-seagull,2083637977830301704,1820795369590026240,true,
2083680630542311570,1785623149893,zappy-winter-thicketbird,2083637977830301704,1820795369590026240,true,
2083680633927225587,1785623150699,cheery-nutmeg-towhee,2083594913317269624,279721295,true,
2083680644236816808,1785623153157,great-mountain-brushturkey,2083629311937122567,1790248093696290816,true,true
2083680749908009349,1785623178351,zappy-winter-thicketbird,,,,
2083680845718561243,1785623201194,neighborly-rhubarb-chickadee,2083523387872145595,1811527625929531392,true,
2083681049943683447,1785623249885,hilarious-marmalade-kookaburra,2083620628259639528,52660746,true,
2083681233024811279,1785623293535,diligent-brook-thrasher,,,,
2083681265090490537,1785623301180,beautiful-honeydew-eagle,2082036487907139614,1696526146421313537,true,
2083681525288071256,1785623363216,botanical-mesa-tailorbird,,,,
2083681671660916972,1785623398114,celebrated-ocean-seagull,2083517047988715744,1347476208703909888,true,
2083681733652697142,1785623412895,amicable-flower-ostrich,2083622089039220880,5693842,true,false
2083681772609409318,1785623422183,determined-sun-dipper,2083644473980973355,,true,
2083681895817048527,1785623451558,cheery-nutmeg-towhee,2083660651050713416,1622588070246641666,true,
2083682363092214136,1785623713123,cosmic-root-grackle,2083355739419226203,887488334792142848,true,
2083682371623153928,1785623564998,great-mountain-brushturkey,,,,
2083682638343135539,1785624337254,cosmic-root-grackle,2083466745344397433,1911477624326467584,false,
2083682679476629976,1785623638396,strong-basswood-hummingbird,2083299953737138443,302447523,true,
2083682790994751636,1785623800211,cosmic-root-grackle,2083529398771175783,3025872021,true,
2083682808531153229,1785623669166,zappy-winter-thicketbird,2083309651601330396,1635456343757803520,true,
2083682845973688744,1785623678092,spunky-savanna-eagle,2083589556784287868,266215308,true,
2083682849840824645,1785623679014,neighborly-rhubarb-chickadee,,,,
2083682898180501974,1785623690539,contemplative-reef-egret,,,,false
2083682984582930935,1785623711140,diligent-brook-thrasher,2083662588693401802,537709549,true,true
2083683186421248487,1785623759261,celebrated-ocean-seagull,2083662574822769118,1597947602552627200,true,
2083683235197009941,1785623770891,interesting-bamboo-hawk,2082601628025135517,1875217382375030784,false,
2083683243866669121,1785624731116,cosmic-root-grackle,2083680268586533195,,true,
2083683266133897534,1785623778266,unique-cashew-recurvebill,2083231400346460512,108968018,true,
2083683287105786220,1785623783267,rollicking-shoreline-wigeon,2083680621004546512,1956130377124184065,true,
2083683421940027874,1785623815414,rollicking-shoreline-wigeon,2083680268586533195,,true,
2083683481456918881,1785623829603,cheery-nutmeg-towhee,,,,
2083683553468924411,1785623846772,great-mountain-brushturkey,,,,
2083683635643990326,1785623866364,rollicking-shoreline-wigeon,2083681920534327342,,true,true
2083683692547883143,1785623879932,zappy-winter-thicketbird,,,,
2083684007229661193,1785623954957,neighborly-rhubarb-chickadee,2083533103004303515,1544578700162867200,true,
2083684017715421261,1785623957458,vivacious-peanut-stork,2083683569004663111,10671602,true,
2083684059989860760,1785623967536,diligent-brook-thrasher,2083667116775834013,220981118,true,
2083684115493400783,1785623980769,profound-jacaranda-falcon,2083601227208888829,815942827968495616,false,
2083684116793344153,1785623981080,celebrated-ocean-seagull,2083604885476397435,783489808098287616,true,
2083684154965729436,1785623990180,resilient-melon-treepie,2083608636228608059,1736048885619974144,true,
2083684194321154082,1785623999563,rollicking-shoreline-wigeon,2083681313148600584,1355295908,true,
2083684208749183410,1785624003003,enlivened-walnut-grosbeak,2083308207968023029,718197307896963072,true,true
2083684303964344689,1785624025704,rollicking-shoreline-wigeon,2083682647054885034,,true,
2083684450353754534,1785624304650,cosmic-root-grackle,2083652201730507151,358545917,false,
2083684590011433452,1785624093903,cheery-nutmeg-towhee,2083466745344397433,1911477624326467584,true,
2083684663361425456,1785624111392,great-mountain-brushturkey,2083433578914783400,769193084710248448,true,
2083684673763651783,1785624113871,frolicsome-cedar-bluejay,2083383201620541786,,true,
2083684732030627862,1785624127763,zappy-winter-thicketbird,2083645205165527334,710065312008425472,true,
2083684734211617219,1785624128284,diligent-brook-thrasher,2083645205165527334,710065312008425472,true,
2083685210554556504,1785624241853,frank-peanut-fantail,2083575480830103626,1747755038657687553,false,
2083685262366748985,1785624254205,celebrated-ocean-seagull,2083606230950433232,1694637311030366208,true,
2083685296894304623,1785624262437,neighborly-rhubarb-chickadee,2083592511378096339,1637465746401034240,true,
2083685315336716549,1785624266834,curious-leaf-hoopoe,2083635078907777082,,true,
2083685371771035702,1785624485999,cosmic-root-grackle,2083592210247737503,1281356403194699776,false,
2083685391538811039,1785624285002,cheery-nutmeg-towhee,2083647663631745173,1691545709160304640,true,
2083685471876436104,1785624304156,diligent-brook-thrasher,2083632537419567355,1126578257833406465,true,
2083685475110560112,1785624304928,agile-olive-toucan,2083603795230249292,1465183029144408069,true,
2083685486564897006,1785625158721,cosmic-root-grackle,2083439966911373352,2039091166365265920,true,
2083685525022519477,1785624316828,celebrated-ocean-seagull,2083377580841808268,1966561533728595968,true,
2083685611903332802,1785625036725,cosmic-root-grackle,2083466745344397433,1911477624326467584,false,
2083685663333818449,1785624349804,adept-savanna-robin,2083638751339651400,19245170,true,
2083685826719011086,1785624388757,compassionate-almond-motmot,2083042455599878292,,false,
2083685925478191194,1785624412303,aquatic-sand-warbler,2083389076443644145,1361109013128040448,true,
2083685980251283659,1785624425363,punctual-seawater-ibis,2083625870346879148,1332802550,true,
2083686128402526378,1785624460683,cheery-nutmeg-towhee,2083540834134479317,,true,
2083686161546121450,1785624468586,punctual-seawater-ibis,2083526521650622860,775474080715767808,true,
2083686184732311851,1785624474114,marvelous-cliff-sandgrouse,2083275912506708066,2056785061039517696,false,
2083686287052042702,1785624498509,altruistic-rhubarb-citril,2083637497146277900,1652750708431638540,true,
2083686298552852540,1785624501252,poised-petal-blackbird,2083441318978896015,21366823,true,
2083686491016794392,1785624547139,great-mountain-brushturkey,2083383201620541786,,true,
2083686501880070464,1785624549728,zappy-winter-thicketbird,2083652201730507151,358545917,true,
2083686631270457571,1785625200392,cosmic-root-grackle,2083281043465937384,368183883,true,
2083686659074183219,1785624587207,neighborly-rhubarb-chickadee,2083598516690079900,1243546660845883392,true,
2083686704678924557,1785624598079,diligent-brook-thrasher,,,,
2083686956366803275,1785624658087,knowledgeable-elm-penguin,,,,
2083687094824714698,1785624691097,celebrated-ocean-seagull,2083439966911373352,2039091166365265920,true,
2083687137786937811,1785624701341,cheery-nutmeg-towhee,2083572030734000301,1853527841108893696,true,
2083687263972589971,1785625267984,cosmic-root-grackle,2083680268586533195,,true,
2083687402330263721,1785625227620,cosmic-root-grackle,2083622817103319191,116835497,false,
2083687513315594418,1785624790873,great-mountain-brushturkey,2083593318328397917,2011360475431452672,true,
2083687629451874434,1785624818563,brave-freshwater-thicketbird,,,,
2083687670018928748,1785624828234,cozy-petal-gull,2083477008068088022,4481882014,true,
2083687736238911990,1785624844023,thrilled-star-lovebird,2083517712165458148,1034994765194964992,true,
2083687742593007962,1785624845537,zappy-winter-thicketbird,2083253619810349419,25183700,true,
2083687814722474137,1785624862735,neighborly-rhubarb-chickadee,2083537552758222970,1760498568039673856,true,
2083687835740344388,1785624867745,shimmering-grape-bittern,2083211708777066746,44196397,false,
2083687836763799670,1785624867989,brave-freshwater-thicketbird,2083681393742066091,44390131,true,
2083687838164664507,1785624868323,agile-bamboo-conebill,2083517288553009660,1139217161275101184,true,
2083687914366525837,1785624886491,diligent-brook-thrasher,2083567036546912737,973302847654760448,true,
2083687932301291727,1785624890767,celebrated-ocean-seagull,,,,
2083687970008359114,1785624899757,brave-freshwater-thicketbird,2083677629220114917,109601997,true,
2083688011892683156,1785624909743,aquatic-sand-warbler,2083480786297372688,1290143167895883779,true,
2083688054901084351,1785624919998,observant-guava-kestrel,2083525940974346403,1165828940,true,
2083688092918292482,1785624929061,loyal-glacier-hawk,2083352152031039773,,true,
2083688248589922518,1785624966176,philosophical-winter-duck,2083403343523631256,1253272247973941248,true,
2083688542832914488,1785625036329,fascinating-sun-owl,2083109906887082284,928542076085477378,true,
2083688632850772231,1785625057791,tranquil-chestnut-puffbird,2083260918444548359,,true,
2083688716435095689,1785625077720,loyal-glacier-hawk,2082098028975190315,1561947667885830144,true,
2083688902905168322,1785625122177,cheery-nutmeg-towhee,2083622183017079069,,true,
2083689005724680480,1785625146692,celebratory-pineapple-wren,2083537552758222970,1760498568039673856,false,false
2083689099358327123,1785625169015,knowledgeable-elm-penguin,2083178745586962914,824578420860342272,true,
2083689122154123732,1785625174450,great-mountain-brushturkey,,,,
2083689132640117062,1785625176950,ecstatic-autumn-firefinch,2083129063049171176,1212139325728518144,false,
2083689158724223315,1785625183170,zappy-winter-thicketbird,,,,
2083689344544784628,1785625227472,blooming-petal-whistler,2083488235158667738,1883564177337565184,true,
2083689360323449333,1785625231234,neighborly-rhubarb-chickadee,2083648145817587931,358545917,true,
2083689452900094051,1785625253307,diligent-brook-thrasher,2083497856241930574,1850189258063073280,true,
2083689609956086124,1785625290751,loyal-glacier-hawk,2079952425121939539,1561947667885830144,true,
2083690118540411359,1785625412008,celebrated-ocean-seagull,2083595789402550685,1986852813071392769,true,
2083690167085289957,1785625423581,cheery-nutmeg-towhee,2083643933486452918,1594026558687248385,true,
2083690178976116885,1785625426416,great-mountain-brushturkey,,,,
2083690232512217117,1785625439180,upstanding-rainfall-pigeon,2083687745902227941,2023153658683080704,true,
2083690444911939840,1785625489820,grand-raspberry-hornbill,2083590138152554766,1309563274648842241,true,
2083690445251436796,1785625489901,zappy-winter-thicketbird,2083575773898912003,2072523066115284992,true,
2083690492454199679,1785625501156,neighborly-rhubarb-chickadee,,,,
2083690606803472881,1785625528418,diligent-brook-thrasher,2083352795235967215,,true,
2083690707680653602,1785625552470,dauntless-jacaranda-brushturkey,,,,
2083690745899221218,1785625561581,celebrated-ocean-seagull,2083613736800059398,754718787237281792,true,true
2083690792552702245,1785625572704,chirpy-rainforest-sparrowhawk,2083522249831694605,1616068164323872768,true,
2083690952972030251,1785625610952,cheery-nutmeg-towhee,2083669260451086740,1469795230329286657,true,
2083691020798074997,1785625627121,elated-mountain-nighthawk,2083435954099151032,3275261221,true,
2083691165640008044,1785625661655,passionate-woodland-parrot,2083576203634483677,1883172048546959360,true,
2083691369399472156,1785625710235,delightful-daylight-flamingo,2035073250431312314,3888332513,false,
2083691577348698551,1785625759814,great-mountain-brushturkey,2083681274120536557,1926988169750155264,true,
2083691582578987023,1785625761061,modest-rainfall-grouse,2083476672246845776,916614188327424002,true,
2083691611087671534,1785625767858,heartwarming-conifer-brushturkey,2082850382192259315,1387489102799376388,true,
2083691774585762236,1785625806840,great-mountain-brushturkey,2083486713310052478,1950233622482726912,true,
2083691964860449177,1785625852204,zappy-winter-thicketbird,2083683530144432303,,true,
2083691991339299105,1785625858517,,2083593875722002805,1691084996956524544,true,
2083692053645685065,1785625873372,entertaining-frost-firefinch,2083672988562428350,1169316872539578368,true,
2083692270679671193,1785625925118,entertaining-frost-firefinch,2083621132461015498,2037108450296000512,true,
2083692392226435329,1785625954096,outgoing-autumn-turkey,2083524912371613744,,true,
2083692437076115891,1785625964789,zappy-winter-thicketbird,2083588063637447146,1644689636168531969,true,
2083692565660881017,1785625995446,strategic-cedar-drongo,2083470821448651242,2249380226,true,
2083692567301099959,1785625995837,authentic-cherry-seabird,2083626868234952706,246939630,true,
2083692640004960376,1785626013171,neighborly-rhubarb-chickadee,,,,
2083692828991897839,1785626058230,diligent-brook-thrasher,,,,
2083692929135124910,1785626082105,celebrated-ocean-seagull,,,,
2083693027453788546,1785626105547,great-mountain-brushturkey,2083453058944573827,1347574261972611073,true,
2083693067513508254,1785626115097,zappy-winter-thicketbird,,,,
2083693075202023614,1785626116930,amiable-mango-hillstar,,,,
2083693215752847405,1785626150441,neighborly-rhubarb-chickadee,2083563422503895215,290758912,true,
2083693280714256545,1785626165928,carefree-cloud-cacholote,2083482301313548606,1918777196761747456,true,
2083693391527686321,1785626192349,radiant-snow-drongo,2083632449159073880,4406600653,true,
2083693409194102969,1785626196560,charitable-wood-goldfinch,2083689582927692147,1447734156843225095,true,
2083693522138575338,1785626223489,curious-samba-pelican,2083658738414846456,1847469821711036416,true,
2083693663712915682,1785626257242,animated-wind-petrel,2083589507803140506,1667904233419440129,false,
2083693682126127108,1785626261632,easygoing-island-parrotlet,2083563422503895215,290758912,true,
2083693686014017556,1785626834552,cosmic-root-grackle,2083128234317627531,1023255439021096960,false,
2083693828360519925,1785626296498,agile-vine-bunting,2083686748249616472,1841181851538636806,false,
2083693895045816500,1785626312396,winning-park-nightjar,,,,
2083694074331386209,1785626355142,witty-boulder-lark,2083527645376217347,1542686907963801600,true,
2083694305600835670,1785626410280,diligent-brook-thrasher,2083691318358761659,1688277358334095360,true,
2083694337955643552,1785626417994,lovely-summer-jacana,2083684669334118891,,false,
2083694369673244965,1785626425556,winning-park-nightjar,2083564415392108788,975200486,true,
2083694396206158170,1785626431882,gentle-raspberry-swift,2083684669334118891,,false,
2083694408256704660,1785626434755,noteworthy-boulder-robin,2083110663396995196,1458593893,false,
2083694565077270895,1785626472145,celebrated-ocean-seagull,,,,
2083694726813716483,1785626510705,botanical-moonlight-partridge,2083683569004663111,10671602,true,
2083694783172685983,1785626524142,academic-honeydew-lovebird,2083650054498263396,1534262156413263872,false,
2083694797479428136,1785626527553,cheery-nutmeg-towhee,2083681094478483619,776503480144031744,true,
2083694819432427680,1785626532787,marvelous-cherry-peafowl,2083210901834850555,2027843808139087875,true,
2083694843004383409,1785626538407,innovative-persimmon-parrotlet,2083549175074168953,1724646146,true,
2083694937917309320,1785626561037,devoted-summer-petrel,2083615845385703836,1270029187,true,
2083695058784584055,1785626589854,spectacular-lowland-pipit,2083279401072951714,1779667348707799040,false,
2083695079374606377,1785626594762,shining-seedlings-owl,2083226643783352757,,true,
2083695235989712986,1785626632102,intentional-almond-wigeon,2083463067916980406,1460441129023905796,true,
2083695322316800272,1785626652685,intentional-almond-wigeon,2083257558026838065,1792314129283190784,true,
2083695435990856104,1785626679787,great-mountain-brushturkey,,,,
2083695443804930517,1785626681649,nestling-mesa-frigatebird,2083441318978896015,21366823,true,
2083695485408211219,1785626691590,zappy-winter-thicketbird,2083657135762641028,1221517846821457921,true,
2083695522553242060,1785626700425,memorable-island-seabird,,,,
2083695772340756745,1785626759978,caring-twig-lory,2083691742008930656,801381908,true,
2083695865047199806,1785626782081,neighborly-rhubarb-chickadee,2083674079089865137,,true,
2083695882466152880,1785626786234,diligent-brook-thrasher,2083520435623444926,2042573071039488000,true,
2083695987655077915,1785626811314,celebrated-ocean-seagull,2083568481912471661,2002471346820018177,true,
2083696112603451777,1785626841103,cheery-nutmeg-towhee,2083675984704782522,1978242210488619008,true,
2083696121461776473,1785627488248,cosmic-root-grackle,2065458817702281437,873724542706962432,true,
2083696156702322790,1785626851617,amicable-birch-bushlark,1924108647329829084,1227799690579718144,true,
2083696496860357026,1785626932718,inspiring-juniper-bushbird,2083681507324170457,2055396604769640448,true,
2083696585276633409,1785626953797,memorable-island-seabird,2083695745203314989,,true,true
2083696639743770825,1785626966784,caring-twig-lory,2083648611477606574,1113777591272370176,true,
2083696670252945477,1785626974058,cosmic-samba-parakeet,2083660959646728472,1652437548386361348,true,
2083696731624198335,1785626988689,hysterical-mint-falcon,,,,
2083696802092437850,1785627005491,phenomenal-park-auklet,2083176076654592403,1542228578,false,false
2083696932401070493,1785627036558,great-mountain-brushturkey,2083399938231447643,242143073,true,
2083696989015769202,1785627050056,zappy-winter-thicketbird,2083651298151301553,748258642793725953,true,
2083697004501450937,1785627053748,hysterical-mint-falcon,2083573016093422007,23395456,true,
2083697189474193900,1785627097850,neighborly-rhubarb-chickadee,2083578603560648992,2047989563537211392,true,
2083697205005725988,1785627101552,inspirational-slope-flameback,2082922088042766828,,true,
2083697227751641573,1785627106975,modern-brook-spurfowl,2083467822727122964,1547743049567981571,true,
2083697261289091403,1785627114971,diligent-brook-thrasher,2083659755927568605,1331693418326667265,true,
2083697376762667317,1785627364862,cosmic-root-grackle,2083568160691654830,2048459641248518144,false,
2083697545247699074,1785627796747,cosmic-root-grackle,2083673808594940274,,true,
2083697551761436725,1785627184226,celebrated-ocean-seagull,2083548739726356728,,true,
2083697574586827237,1785627189668,neighborly-rhubarb-chickadee,2083492468025356448,2022097333987815430,true,
2083697576918880395,1785627190223,cheery-nutmeg-towhee,2083492468025356448,2022097333987815430,true,
2083697820062933085,1785627248194,loyal-lake-mockingbird,2083541340449914930,1816050434836160515,true,
2083697873993310258,1785627261052,kinetic-pineapple-falcon,2083214745260212354,862483279,true,
2083698121586974837,1785627320082,zesty-fig-crane,1649110874571911169,1638834091746377728,true,
2083698182169432242,1785627334526,great-mountain-brushturkey,2083575619296620919,1741193273325096960,true,
2083698228801728825,1785627345644,zappy-winter-thicketbird,2083576196189544702,,true,true
2083698267796156785,1785627354941,beloved-wildflower-pigeon,2081749582602478056,1533412466847358977,true,
2083698358154125676,1785627376485,,2083613736800059398,754718787237281792,true,
2083698632117686337,1785627441802,phenomenal-granite-goose,2083170199306633700,1822430797170872320,false,
2083698644977369390,1785627444869,gumptious-acorns-dove,2083054391125315672,1023255439021096960,true,
2083698700228890631,1785627458041,flying-evergreen-magpie,2083261738829377930,143779403,true,
2083698758248698155,1785627471875,spectacular-winter-scaup,2083610876167291068,995458744795398145,true,false
2083698800867062047,1785627482036,beloved-wildflower-pigeon,2080129626358022323,2833721267,true,
2083698959738958152,1785627519914,terrific-moon-kingbird,2083563933017796974,1355721251180961792,true,
2083699052500160758,1785628617934,cosmic-root-grackle,2079559196249395550,834078524277456897,false,
2083699066211565908,1785627545298,determined-grassland-tern,2083325138422939817,1498304226187001856,true,
2083699350195122605,1785627613005,neighborly-rhubarb-chickadee,2083529723854922002,1707846641640730624,true,
2083699365898551658,1785627616749,diligent-brook-thrasher,2083681350079410448,1711926993065857025,true,true
2083699393493090305,1785627623328,loyal-lake-mockingbird,2083573295795044661,89386506,true,
2083699465018335319,1785627640381,dexterous-prairie-pelican,2083401230173507756,,true,
2083699541707047091,1785627658665,charitable-harvest-sunbird,2083695816842096731,15212187,true,
2083699612846612692,1785627675626,celebrated-ocean-seagull,2083568160691654830,2048459641248518144,true,
2083699667297304913,1785627688609,loyal-lake-mockingbird,2083641027739701577,1065350618229788672,true,
2083699668400157015,1785627688871,cheery-nutmeg-towhee,2083578046489977038,909594463214931968,true,
2083699710238327170,1785627698846,dexterous-prairie-pelican,2083663252303888391,,true,
2083699764881690691,1785627711874,uplifting-acorns-bunting,2083648125273588199,156703580,true,
2083699867961233787,1785627736450,loyal-lake-mockingbird,2083575424328794540,89386506,true,
2083700044210045398,1785627778472,loyal-lake-mockingbird,2069602397559910782,89386506,true,
2083700091982917840,1785627789861,great-mountain-brushturkey,2083594280908583391,1629838450580140043,true,
2083700192625504678,1785627813856,adept-passionfruit-fantail,2083533414582329514,3005014565,true,
2083700682419503426,1785627930632,friendly-flower-crane,2083568951146229925,1483663290433630209,true,
2083700798567886966,1785627958324,zappy-winter-thicketbird,,,,
2083700890045919721,1785627980134,alpine-clay-grackle,2083055618781327371,1739355265340727296,true,
2083700918969876692,1785628125550,cosmic-root-grackle,2083672017320939964,1178773799287885825,true,
2083701004554408148,1785628151229,cosmic-root-grackle,2083311608571588670,1533668062930489344,true,
2083701190890754143,1785628051862,logical-sunlight-motmot,2083358821804888366,,true,
2083701195521048755,1785628052965,lithe-mint-friarbird,2083679882412695848,869643503323631617,true,true
2083701237438971933,1785628062960,neighborly-rhubarb-chickadee,2083685118590201956,1711926993065857025,true,true
2083701713001730091,1785628176343,astonishing-horseradish-sandgrouse,2083109480393240823,4044862769,true,
2083701796229317013,1785628196185,thankful-apple-ostrich,2039047493770752006,1471482271441960961,false,
2083701865389191480,1785628212674,sturdy-pineapple-egret,2083646853665702108,1668992579952623618,false,
2083701964874084427,1785628236393,witty-boulder-lark,2083486124362838446,1509899472632889344,true,
2083702086152171851,1785628265309,diligent-brook-thrasher,2083606060066038262,2212305370,true,
2083702130024534176,1785628275768,jazzy-canyon-thrasher,2083669859968090290,1950974737666236416,true,
2083702229308252403,1785628494806,cosmic-root-grackle,2082960054609698960,827279765287559171,false,
2083702252825616667,1785628305046,luminous-watermelon-blackbird,2083637902592839824,33989170,true,
2083702262484848962,1785628307349,diligent-brook-thrasher,,,,
2083702514361286755,1785628565738,cosmic-root-grackle,2083652201730507151,358545917,false,
2083702567234675015,1785628380007,loyal-citrus-puffbird,2083376515450880125,1407407577562902529,true,
2083702683945300446,1785628407834,celebrated-ocean-seagull,,,,
2083702777964896465,1785628430249,celebrated-ocean-seagull,,,,
2083702834365628472,1785628443696,cheery-nutmeg-towhee,2083626179286741003,3183421734,true,
2083702844012782070,1785628445996,keen-coral-nighthawk,2083013613883711706,770373873036500992,true,
2083703022056571180,1785629143711,cosmic-root-grackle,2083663823047950808,888118103095115780,true,
2083703056852513075,1785628496741,great-mountain-brushturkey,2083672017320939964,1178773799287885825,true,
2083703087538000198,1785628504058,zappy-winter-thicketbird,2083670569204027401,,true,
2083703092361474468,1785628505207,contemporary-woodland-parrotlet,2083610876167291068,995458744795398145,false,
2083703212423741683,1785628533832,friendly-flower-crane,2082792494992121897,836375330768113664,true,
2083703256635900003,1785628544373,logical-sunlight-motmot,2082978996300743092,132530402,true,
2083703277242249368,1785628549286,cheery-nutmeg-towhee,2083647123040723408,1582252995911229442,true,
2083703628955861197,1785628633141,astounding-wind-ostrich,2083245072942789114,953378142198161409,true,
2083703631019487508,1785628633633,legendary-acorns-eagle,2083559855806349561,1765214863453016064,true,
2083703880089551237,1785628693016,neighborly-rhubarb-chickadee,2083596639881580650,,true,
2083703903875485839,1785628698687,diligent-brook-thrasher,2083558655564165620,1530130098258595841,true,
2083703935802720494,1785628909125,cosmic-root-grackle,2083658193633214545,1843659927027372032,false,
2083704053687545900,1785628734406,celebrated-ocean-seagull,,,,
2083704149082837360,1785628757150,great-mountain-brushturkey,2083696370427334939,,true,
2083704213570241005,1785628772524,flying-lowland-myna,,,,false
2083704397154963655,1785629010025,cosmic-root-grackle,2083529398771175783,3025872021,true,
2083704526150701459,1785628847050,cheery-nutmeg-towhee,2083671551128526862,1160797373431332870,true,
2083704667242913822,1785628880688,zappy-winter-thicketbird,,,,
2083704700868677980,1785628888706,great-mountain-brushturkey,2083333880166158576,1157545116095143936,true,
2083704701166465443,1785628888777,accomplished-lumber-sparrowhawk,2083421958767841415,2072904375153065984,true,
2083704745600884980,1785628899370,hilarious-summer-frigatebird,2083525726800683094,548384458,true,
2083704762197823733,1785628903329,legendary-valley-woodpecker,2083240819188773141,1521559842091057152,true,
2083704880125100252,1785628931444,brave-raisin-flatbill,2083368901929234463,1939661163345707008,true,
2083704907555549545,1785628937984,zappy-winter-thicketbird,2083571469770993668,1067821592833597442,true,
2083704911800201613,1785628938996,neighborly-rhubarb-chickadee,2083542337242673356,1780974623997206528,true,
2083705019233120604,1785628964609,diligent-brook-thrasher,2083551299292086683,1667881887757660160,true,
2083705079597568507,1785629633389,cosmic-root-grackle,2083432661784432712,2067445280950382592,false,
2083705330991505752,1785629038939,celebrated-ocean-seagull,2083282944848953533,,true,
2083705414835744891,1785629058927,funny-cedar-sparrowhawk,2083683508745052175,1282352242989789185,true,
2083705443126513913,1785629065673,punctual-leaf-pigeon,2083172937436164157,1724753154154414080,true,
2083705484461130176,1785629075528,beloved-wildflower-pigeon,2068968181884961136,1056957124046143495,true,
2083705607505494026,1785629104864,genial-lumber-kingfisher,2083680444197822736,1355295908,true,
2083705659392975242,1785629117235,great-mountain-brushturkey,,,,
2083705714720096436,1785629130426,zappy-winter-thicketbird,2083581000383173025,838871250,true,
2083705817170079862,1785629154852,personable-snow-curassow,2083677359396290620,14594813,true,true
2083705886011220102,1785629171266,celebrated-ocean-seagull,2083600188782915936,2027843808139087875,true,
2083705932274659659,1785629182296,friendly-flower-crane,2083054409953726968,1511974277113085953,true,
2083705933939491258,1785629182693,cheery-nutmeg-towhee,2083628380767785077,,true,
2083706045336347134,1785629209251,charismatic-papaya-hummingbird,2083324455909052595,815733290955112448,false,
2083706120976142345,1785629227284,authentic-blossom-penguin,2083585538225852820,,true,
2083706161631547821,1785629236978,great-mountain-brushturkey,2083658193633214545,1843659927027372032,true,
2083706249338618086,1785629257890,empowering-garden-bunting,2083573016093422007,23395456,false,
2083706283534979479,1785629266042,lucky-cypress-osprey,2083336836580319532,1081231908091027457,true,
2083706333027566039,1785629277842,funny-cedar-sparrowhawk,2083545942154686530,970207298,true,
2083706367047553057,1785629285953,philosophical-berry-brushturkey,2083635539270348951,,true,
2083706433192014099,1785629301724,cozy-bonsai-triller,2083523179977584984,2042122104531738624,true,
2083706513827475929,1785629320948,orderly-cave-toucan,2082821369029652846,122529626,true,
2083706596081738065,1785629340559,zappy-winter-thicketbird,2083694084745757082,1598830244399443970,true,
2083706866425606228,1785629405015,fast-foothill-penguin,2083174249569616012,801517018738524161,true,
2083706909178163375,1785629415208,beloved-wildflower-pigeon,2065832629300089233,1503711526896771077,true,
2083707299575513202,1785629508285,amusing-roots-myna,2083645701729517986,59591856,true,
2083707971104592335,1785629668390,neighborly-rhubarb-chickadee,2083673963993977093,1270175429308166144,true,true
2083707991648514115,1785629673288,winged-snow-blackbird,2082897624483737867,1765641125228838912,false,
2083708097915244967,1785629698624,beloved-wildflower-pigeon,2060996447055585332,1512752618921250818,true,
2083708164663284126,1785629925892,cosmic-root-grackle,2083607795887382714,1983022303580770304,true,
2083708236461383809,1785629731656,neighborly-rhubarb-chickadee,2083439415771218165,2069867897418080256,true,
2083708454171255220,1785629783562,thriving-cliff-goose,2083632449159073880,4406600653,false,
2083708511591317962,1785629797252,agile-juniper-dove,2083681719064936813,1528943647185678336,true,false
2083708614154342543,1785630054468,cosmic-root-grackle,2083543582191898630,1424047853715001349,true,
2083708626078687381,1785629824550,diligent-brook-thrasher,2083618416821485862,245884632,true,
2083708750565949565,1785629854229,genial-lumber-kingfisher,2083680983874711851,1355295908,true,
2083708979243323599,1785629908749,celebrated-ocean-seagull,2083646995516825608,4861982862,true,
2083709017772216726,1785629917935,blazing-spring-robin,2083527651109622099,494615980,true,
2083709109728075949,1785629939859,profound-acorns-oriole,2083696370427334939,,true,
2083709397797155257,1785630008539,cheery-nutmeg-towhee,,,,
2083709412313624795,1785630012002,fortuitous-olive-puffin,2083623079926759798,3264318585,true,
2083709608095285515,1785630058679,great-mountain-brushturkey,2083589225912402201,1830869754535374851,true,true
2083709636453060730,1785630065441,empathetic-pond-falcon,2083596639881580650,,false,
2083709690291061228,1785630078276,imaginative-rainfall-mallard,2083301097586794840,,false,
2083710026468692263,1785630158427,magnetic-nectarine-junco,2083638930537099682,2023856626814644226,true,
2083710095872106603,1785630174975,logical-sunlight-motmot,2083379666765955283,2031341800833822726,true,
2083710124401815663,1785630181777,gentle-orchard-turkey,2083528856137617897,1463277982236114944,true,
2083710220094587175,1785630204591,nimble-ocean-swift,2083565523925660093,,true,
2083710244769996901,1785630210474,courteous-root-parakeet,2083530687215485311,,true,
2083710281906028847,1785630219328,strong-dune-wren,,,,
2083710505101971516,1785630272542,cheerful-pineapple-friarbird,2083613764528558341,1355562651938652162,true,
2083711034800418846,1785630398832,peppy-oak-swan,2083608977720455258,763094579491008512,true,false
2083711146905706636,1785630425560,zappy-winter-thicketbird,2083527089781690629,345525945,true,
2083711224869535771,1785630444148,diligent-brook-thrasher,2083681094478483619,776503480144031744,true,
2083711267882106961,1785631011239,cosmic-root-grackle,2083709213792977086,2162812627,true,
2083711316666233158,1785630466034,melodious-moon-woodpecker,2082296840922464381,1997863244518875136,true,
2083711592198455379,1785630531726,mesmerizing-isle-songbird,2083621543498883267,,true,
2083711691121201412,1785630750984,cosmic-root-grackle,2083553865081770452,183625065,true,
2083711705511497801,1785630558743,neighborly-rhubarb-chickadee,2083490516486824134,,true,true
2083711733651374474,1785630565451,splendid-cedar-kingbird,2083599808393326849,1442698292245118980,true,
2083711739409912150,1785630566824,diligent-brook-thrasher,2083705950956147010,1989433258162229250,true,
2083711800479195337,1785630581384,melodious-moon-woodpecker,2082288976262799840,1470206428766179330,true,
2083711888974619039,1785630602484,fortuitous-watermelon-pigeon,2083616672007561359,801203059359678464,true,
2083711949393813664,1785630616888,elated-rain-mallard,2083288757520970137,1877867820564017152,true,
2083712215585071338,1785630680354,celebrated-ocean-seagull,2083706587525312774,1447734156843225095,true,true
2083712235554095559,1785630685114,neighborly-rhubarb-chickadee,2083520435623444926,2042573071039488000,true,
2083712257666547811,1785630690385,cheery-nutmeg-towhee,,,,
2083712451124539559,1785630736513,classy-elm-hornbill,2083699027447800295,1651215369275580418,true,
2083712498663150053,1785630874073,cosmic-root-grackle,2083683030531485935,116579971,true,
2083712587125145694,1785630768935,melodious-moon-woodpecker,2082324300703629665,1962390587690409984,true,
2083712635023794291,1785630780355,great-mountain-brushturkey,2083530865947075051,367489464,true,
2083712637716607453,1785630780998,diligent-brook-thrasher,2083530865947075051,367489464,true,
2083712692200550477,1785630923115,cosmic-root-grackle,2083341663259255009,1565471830793756673,true,
2083712706977116302,1785630797510,zappy-winter-thicketbird,2083696225086296433,1355721251180961792,true,
2083712995981455601,1785630866414,adaptable-reef-sparrowhawk,2083420491990044860,1507383234337906699,true,
2083713146473078934,1785630902294,neighborly-rhubarb-chickadee,,,,
2083713207303061658,1785630916797,diligent-brook-thrasher,2083553865081770452,183625065,true,
2083713368242729394,1785630955168,tranquil-sky-crow,2083640083991736625,1969122895512420352,true,
2083713407757557929,1785630964589,exceptional-granite-firefinch,2083693704376660105,1825861781161439232,true,
2083713526787416553,1785630992969,celebrated-ocean-seagull,2083695985339851212,929350720888999937,true,
2083713580461887705,1785631005766,trusty-persimmon-finch,2083515122182689076,1354250875603087362,true,
2083713648048869552,1785631652057,cosmic-root-grackle,2083700840410296738,1375864198417223683,true,
2083713695180640500,1785631033116,considerate-canopy-parrot,2083706637504966759,167586422,true,
2083713727958851613,1785631040931,cheery-nutmeg-towhee,2083691800003256422,,true,
2083713844275216487,1785631068663,great-mountain-brushturkey,2083648148962984400,1548072789264936960,true,
2083713905579413553,1785631083279,memorable-island-seabird,2083712823297789997,,true,
2083713917407072572,1785631086099,gumptious-grapefruit-bluejay,2083202876940374174,2042167422023589890,true,
2083714053705203981,1785631737328,cosmic-root-grackle,2083709213792977086,2162812627,true,false
2083714230704848922,1785631160796,original-raisin-cuckoo,2083595903013695982,767134848372842496,true,
2083714310472110241,1785631179814,celebrated-ocean-seagull,2083637869462032789,1845978020206571520,true,
2083714409868738861,1785631203511,philosophical-berry-brushturkey,2083543582191898630,1424047853715001349,true,
2083714411060187403,1785631467134,cosmic-root-grackle,2083543582191898630,1424047853715001349,true,
2083714416244085045,1785631794115,cosmic-root-grackle,2083712055740133840,1355295908,false,
2083714458426208440,1785631215088,zappy-winter-thicketbird,,,,
2083714513203806521,1785631228148,neighborly-rhubarb-chickadee,2083652313307398357,1457884439586144256,true,
2083714605474329014,1785631250147,diligent-brook-thrasher,2083561359216607427,957109125678338048,true,
2083714759044579449,1785631286762,,2083593318328397917,2011360475431452672,true,
2083714859879796824,1785631310802,celebrated-ocean-seagull,,,,
2083714861855338743,1785631311273,adaptable-reef-sparrowhawk,2083578970885214525,1186465203858231297,true,
2083714913474674802,1785631323580,cheery-nutmeg-towhee,2083415777311617026,1630230166587711490,true,
2083715303339688251,1785631416531,gentle-ice-swan,2069038723329884641,3789865093,true,
2083715351380988391,1785631427986,scholarly-iceberg-thicketbird,2083661547772244378,1169664359628509184,true,
2083715393588195465,1785631438048,miraculous-acorns-wigeon,2083313211714031669,2898790691,false,
2083715552170955107,1785631614316,cosmic-root-grackle,2083077580756820154,1915684752545505281,true,
2083715595732914523,1785631486244,excellent-sun-quetzal,2083598241342583002,,true,
2083715668470346056,1785631503585,great-mountain-brushturkey,2083661558438359122,,true,
2083715726909579726,1785631517518,tectonic-petal-firefinch,2083227496598663564,1285687782145482753,true,
2083715745142223160,1785631521865,amusing-pistachio-mockingbird,2083614025619849222,904630459539312640,true,
2083715801865916716,1785631535390,zappy-winter-thicketbird,,,,
2083715959101981075,1785631572877,practical-evergreen-dove,2083146747702816782,1677517584743256064,true,
2083716060402856018,1785631597029,sensible-almond-cockatoo,,,,
2083716119731282129,1785631611174,neighborly-rhubarb-chickadee,,,,
2083716336316784701,1785631662812,devoted-banana-swan,2083596832916062381,1355721251180961792,true,
2083716349541351658,1785631665966,celebrated-ocean-seagull,2083636629265166522,4250473924,true,
2083716384723239357,1785631674353,powerful-acorn-lark,2083208156717437128,1691392180781477888,true,
2083716427970703488,1785631684664,natural-sunlight-jay,2083621133035675884,1594871021978652673,true,
2083716492928200917,1785631700152,gentle-orchard-turkey,2083675979156009372,1271631107310534656,true,
2083716532622811444,1785631709615,cheery-nutmeg-towhee,2083624052279636078,3134219981,true,
2083716649962631461,1785632529361,cosmic-root-grackle,2083709213792977086,2162812627,false,
2083716671529771289,1785631742734,strong-dune-wren,,,,
2083716698738147509,1785631903100,cosmic-root-grackle,2083527082223563157,306410055,false,
2083716847090675736,1785631784590,wise-sunflower-osprey,2083680219328586089,1310355310423539713,true,
2083716934781071786,1785631805497,active-mist-softbill,2083695364348006787,2835451658,true,
2083717064137523632,1785631836338,great-mountain-brushturkey,2083711551245304303,1622588070246641666,true,
2083717153421963573,1785631857625,enthralling-marble-nighthawk,,,,
2083717159541232112,1785631859084,zappy-winter-thicketbird,,,,
2083717184069697596,1785632092321,cosmic-root-grackle,2083600168272670882,1084817523378454529,false,
2083717255292923955,1785632498860,cosmic-root-grackle,2083712055740133840,1355295908,false,
2083717381117927801,1785632172311,cosmic-root-grackle,2083561187216687170,2313552080,true,
2083717402290774279,1785632049776,cosmic-root-grackle,2083683543201313210,1870136689752182784,true,
2083717405218394489,1785631917658,neighborly-rhubarb-chickadee,2083474563686408534,,true,
2083717511418376603,1785631942978,harmonious-samba-dove,2083694353827127694,1822306541917368320,true,
2083717975228477601,1785632053560,diligent-brook-thrasher,2083714044150653154,1427764644685357070,true,
2083718062268694763,1785632074311,cheery-nutmeg-towhee,2083699372156432745,1142894848523026433,true,
2083718064638435452,1785632074877,celebrated-ocean-seagull,2083699372156432745,1142894848523026433,true,
2083718327906578497,1785632137644,intelligent-sun-barbet,2083714382010130831,429566325,true,
2083718569364185536,1785632195212,industrious-fir-hoopoe,2083701095155573091,844332836979167233,true,true
2083718672833519965,1785632219881,brainy-juniper-osprey,2083712970442301923,1225234593789423616,true,
2083718863464886398,1785632265332,celebrated-rain-mockingbird,2082992618229653636,1441172528274173958,true,
2083718914970661081,1785632277611,cheery-nutmeg-towhee,2083641760589258787,2020281184589172736,true,
2083719086178209998,1785632318430,enthralling-marble-nighthawk,,,,
2083719156394848642,1785632335172,great-mountain-brushturkey,,,,
2083719264867913845,1785632361033,great-mountain-brushturkey,,,,
2083719268605043143,1785632361925,zappy-winter-thicketbird,,,,
2083719270609899806,1785632362403,neighborly-rhubarb-chickadee,2083690501287313820,1703886136685244416,true,
2083719487761559819,1785632414176,zappy-winter-thicketbird,2083642009449881726,1750234919454834691,true,
2083719713129934906,1785632467907,authentic-acorn-shearwater,2083588570829218274,989898302442430464,true,
2083719852716703949,1785632501188,heartwarming-lemon-parrotlet,2083553929011372241,1369354272,true,true
2083719920752201729,1785632517408,flourishing-bamboo-finch,2083412949931286863,809455279825821696,true,false
2083720008912208342,1785632538427,diligent-brook-thrasher,2083683543201313210,1870136689752182784,true,true
2083720365730148471,1785632623500,ecstatic-moonlight-scaup,2083695767341146157,,true,
2083720607435231681,1785632681126,celebrated-ocean-seagull,2083437159587914003,1327639130017312768,true,
2083720714444558625,1785632706639,cheery-nutmeg-towhee,2083622909646660085,2017877977942614017,true,
2083721086185648331,1785632795269,neighborly-rhubarb-chickadee,2083524991509770404,2044071367553748992,true,
2083721328113402013,1785632852949,friendly-sun-meadowlark,2082821561917354442,,true,
2083721393854885894,1785632868623,positive-coconut-falcon,2083710852629221579,1842148566027956224,true,
2083721575493427533,1785632911929,centered-river-jay,2083453658906460540,1677345740845367298,true,
2083721696402424107,1785632940756,diligent-brook-thrasher,2083608699608682728,1056047477089013760,true,
2083722082257399916,1785633032751,clean-cave-penguin,2083558799613243607,1212126811,true,true
2083722259311526315,1785633074965,content-iceberg-sandgrouse,2083555416387027104,1587744892352176130,true,
2083722271282155767,1785633077818,cheery-nutmeg-towhee,2083600188782915936,2027843808139087875,true,true
2083722401385267647,1785633108838,great-mountain-brushturkey,,,,
2083722514161963272,1785633378250,cosmic-root-grackle,2083709213792977086,2162812627,false,
2083722517504761955,1785633136522,amazing-evergreen-swan,2083712481650958501,132133755,true,
2083722598764904660,1785633155896,clean-iceberg-pigeon,2083623412077912259,2053878913785270272,true,
2083722914788970978,1785633231243,amiable-mango-hillstar,2083663789107319227,234066462,true,
2083723204325953941,1785633300273,zappy-winter-thicketbird,2083685096503275601,1757206483388047360,true,
2083723215679951286,1785633302980,dynamic-redwood-skylark,2083427012052685050,,false,
2083723232029421850,1785633306879,neighborly-rhubarb-chickadee,,,,
2083723317983236286,1785633327371,diligent-brook-thrasher,2083302958213517566,1296326466725175296,true,
2083723512938684421,1785633373852,cozy-sapling-mockingbird,2083667737784594688,8973622,true,
2083723542407856244,1785633380878,comical-wildflower-motmot,2083593901210816943,3194077638,true,false
2083723542739530206,1785633380957,spunky-mango-cormorant,2083358372137754887,1602770900771753984,true,
2083723613614563426,1785633397856,celebrated-ocean-seagull,2083571683085160502,863727973039472640,true,
2083723655394025748,1785633407816,cheery-nutmeg-towhee,2083644655133167943,,true,true
2083724159306391986,1785633527958,positive-coconut-falcon,2083696205683667237,762470063261704192,true,
2083724345742864893,1785633572408,great-mountain-brushturkey,,,,
2083724527322722440,1785633615700,adaptable-reef-sparrowhawk,2083309030613606861,1536460086566166533,true,
2083724531105993110,1785633616602,zappy-winter-thicketbird,2083703465696497869,3667008029,true,
2083724584654696530,1785633629370,empowering-mist-crow,2083680308323365110,310024279,false,
2083724631446573477,1785633640525,determined-grassland-tern,2083533480399356035,1733497770042908672,true,
2083724716552999203,1785633660817,academic-branch-rooster,2083614772847653242,1879585122175082496,true,
2083724771603198032,1785633673941,great-mountain-brushturkey,,,,
2083724863961788518,1785633695961,neighborly-rhubarb-chickadee,2083717550794293473,,true,
2083724894475554984,1785633703236,eloquent-boulder-seagull,2083580793620701684,1855739751669583872,false,
2083725015745257954,1785633732149,diligent-brook-thrasher,2083710323026976903,1609358722274365441,true,
2083725086331191752,1785633748978,fancy-ice-puffbird,2083231481711738902,76766018,false,
2083725210176414011,1785633778505,marvelous-lagoon-skylark,2083712888485634238,,true,
2083725213842510114,1785634005525,cosmic-root-grackle,2083695767341146157,,true,
2083725586338377862,1785633868189,celebrated-ocean-seagull,2083614025619849222,904630459539312640,true,
2083725690529063036,1785633893030,bright-earth-goose,2083717542615605459,1723356848240447488,true,
2083726007014494703,1785633968486,fancy-ice-puffbird,2083251620658483612,1256305337780461568,false,
2083726015327776957,1785633970469,logical-sunlight-motmot,2083418514703237280,1083438237006188551,true,
2083726093681410190,1785633989150,cheery-nutmeg-towhee,2083609721039110315,1953029806993391616,true,
2083726837662806097,1785634166528,alert-meadow-duck,2083586969150407077,,true,
2083726853760557183,1785634170367,great-mountain-brushturkey,2083629197675958434,1929977817384792065,true,
2083726891001713058,1785634179246,zappy-winter-thicketbird,2083695767341146157,,true,
2083726967069724986,1785634197381,neighborly-rhubarb-chickadee,2083576423604695231,2227912333,true,
2083727389855465844,1785634298182,diligent-brook-thrasher,2083462909682651566,374752807,true,
2083727491391246591,1785634322389,effective-mesa-brownbul,2083548084731068699,1962577464263352320,true,
2083727541978689808,1785634334450,celebrated-ocean-seagull,2083633007026708758,1929977817384792065,true,
2083727589844324835,1785635000529,cosmic-root-grackle,2083673808594940274,,true,
2083727678625001495,1785634367029,academic-sapling-eagle,2083687913842212968,114063305,true,
2083727802008797625,1785634396446,cheery-nutmeg-towhee,,,,
2083727826101100778,1785634402190,easygoing-island-parrotlet,2083695767341146157,,true,
2083728318327673030,1785634519546,ecstatic-moonlight-scaup,2083696340253679917,2054487039098355712,true,
2083728400632660314,1785635288671,cosmic-root-grackle,2083709213792977086,2162812627,false,
2083728405695181001,1785634540376,knowledgeable-elm-penguin,2083331306965045546,1160797373431332870,true,
2083728411118440865,1785634541669,nestling-marble-treepie,2083505303056949392,725699904559976449,true,
2083728529699565705,1785634569941,great-mountain-brushturkey,2083707846253027341,836653298,true,
2083728552843710690,1785634575460,celebrated-ocean-seagull,2083668154144751894,1024353990379745281,true,
2083728566101930237,1785634578620,great-mountain-brushturkey,2083578437952807035,1024353990379745281,true,
2083728652911493415,1785635256431,cosmic-root-grackle,2083697384232718487,1984279143761199105,false,
2083728698851692897,1785634610270,zappy-winter-thicketbird,,,,
2083728719194075596,1785634615120,original-riverbank-goldfinch,2083034836097192096,44196397,false,
2083728825192517813,1785634640392,neighborly-rhubarb-chickadee,,,,
2083729000770441371,1785634857541,cosmic-root-grackle,2083727429307130116,1433178538228822022,true,
2083729139345903779,1785634715292,nifty-bamboo-crossbill,2083614092321780099,300039629,true,true
2083729201950294236,1785634730218,upbeat-wind-kookaburra,2083421333925536032,1299524734258823169,true,
2083729333529587877,1785634761589,supreme-sky-swift,,,,
2083729364819042609,1785634769049,zappy-winter-thicketbird,2083713964874051921,1367209793686036482,true,
2083729403767644367,1785634778336,lithe-tide-goldfinch,2083618054332911684,95800377,true,
2083729590967488606,1785634822967,diligent-brook-thrasher,2083441870580134225,1875603720173711362,true,
2083729593765097818,1785634823634,neighborly-rhubarb-chickadee,2083726508003049582,1375864198417223683,true,
2083729732126781797,1785634856622,discerning-sun-wader,2083601313330319384,3301158760,true,true
2083729898158412141,1785634896207,perceptive-glacier-bushlark,2083613686414155911,1971693701996109824,true,
2083730117386224033,1785634948475,celebrated-ocean-seagull,,,,
2083730128367145005,1785634951093,lithe-tide-goldfinch,2083619896915861600,95800377,true,
2083730151884677194,1785634956700,tranquil-creek-hummingbird,2083448989186490468,2075506257939804161,true,
2083730193039176145,1785634966512,lithe-tide-goldfinch,2083621158302457983,95800377,true,
2083730279294959899,1785634987077,hypersonic-marmalade-nighthawk,2083715856370905296,2011511261461430275,true,
2083730445762805893,1785635026767,smart-desert-needletail,2083689985488585216,1721015278170202112,true,
2083730583356620906,1785635059571,brave-cedar-bulbul,2083412949931286863,809455279825821696,false,
2083730608736387310,1785635883121,cosmic-root-grackle,2083696840487084124,,false,
2083730666580000917,1785635079413,philosophical-berry-brushturkey,2083614025619849222,904630459539312640,true,
2083730863951413457,1785635126470,diligent-brook-thrasher,2083646418103734372,1456763994719596544,true,
2083730906615849227,1785635136642,cheery-nutmeg-towhee,2083701766554587459,1505266314486562816,true,true
2083730982360744112,1785635154701,delightful-ocean-osprey,2080684436572496201,95092020,true,
2083731120818905576,1785635187713,uplifting-cashew-puffin,2083673034918158739,2249073306,true,
2083731396615365005,1785635253468,great-mountain-brushturkey,,,,
2083731682113319038,1785635321535,zappy-winter-thicketbird,2083650889009766519,1743729838035185664,true,true
2083731722177249718,1785635331087,neighborly-rhubarb-chickadee,2083697384232718487,1984279143761199105,true,
2083731779404341438,1785635344731,diligent-brook-thrasher,,,,
2083731883620217088,1785635369579,celebrated-ocean-seagull,,,,
2083732052445159729,1785635409830,cheery-nutmeg-towhee,,,,
2083732147106639944,1785635568194,cosmic-root-grackle,2083681956177322493,14799177,true,
2083732181667696757,1785635999913,cosmic-root-grackle,2083689827271336159,1241968542,true,false
2083732647910510970,1785635551800,orderly-pond-bluejay,2083365205094863154,19738104,true,
2083732772921741668,1785636082828,cosmic-root-grackle,2083436892473753759,1935779344963567618,true,
2083733128363880638,1785635666348,electric-cave-triller,2083548084731068699,1962577464263352320,true,
2083733129261437211,1785635666562,celebrated-ocean-seagull,2083542190723383407,2039836376406102016,true,
2083733151885459690,1785636274660,cosmic-root-grackle,2083218785419313384,1126166617916956672,true,
2083733550256296151,1785635766935,great-mountain-brushturkey,2083673808594940274,,true,
2083733905077678353,1785635851531,zappy-winter-thicketbird,2083563459413696926,1891612640008396801,true,
2083733946223972571,1785635861341,snazzy-sandalwood-sparrow,2083713846535950472,537709549,true,
2083734188206002681,1785635919034,whimsical-leaf-wren,2082061457483862120,,true,
2083734304342102026,1785635946723,lovely-frost-dipper,2083673947116277853,1613906409661562880,true,
2083734310910119953,1785636534285,cosmic-root-grackle,2083696840487084124,,false,
2083734418422726998,1785635973923,neighborly-rhubarb-chickadee,2083577021498581261,1797600643399487488,true,
2083734460248244273,1785635983894,diligent-brook-thrasher,2083658811013767647,,true,
2083734613734637820,1785636020488,celebrated-ocean-seagull,2083724085159194861,776503480144031744,true,
2083734625730326568,1785636023348,cheery-nutmeg-towhee,2083695440071917684,,true,
2083734677995560992,1785636035810,great-mountain-brushturkey,2083627991892938880,1983678829332983812,true,
2083734726087463003,1785636047276,zappy-winter-thicketbird,,,,
2083734740138369172,1785636050625,neighborly-rhubarb-chickadee,2083687678499799417,973261472,true,
2083734970770563560,1785636105612,celebrated-basswood-kingfisher,2083230192084877725,1420698349238472706,true,
2083735087565443177,1785636133458,aquatic-desert-peacock,2083671551128526862,1160797373431332870,false,false
2083735116983959671,1785636140472,diligent-brook-thrasher,2083436892473753759,1935779344963567618,true,
2083735127302054089,1785636142933,logical-sunlight-motmot,2083139247452946562,,true,
2083735925671297266,1785636910030,cosmic-root-grackle,2083706464720580881,,true,
2083736014548304041,1785636354468,scholarly-river-sparrowhawk,2083230524089454773,1480014211413540866,true,
2083736338747052166,1785636431763,orderly-pond-bluejay,2083319021181476866,19738104,true,
2083736529571299352,1785636477259,cordial-blueberry-thicketbird,2083465341708149245,1073202607,true,
2083736545152921716,1785636732462,cosmic-root-grackle,2083263716687229328,54716387,true,false
2083736671401517462,1785636730539,cosmic-root-grackle,2083348477388505588,1649757273487548418,false,
2083736877237190951,1785636560149,scholarly-river-sparrowhawk,2082945806366319026,1585956366929231872,true,
2083737181458157935,1785636632681,celebrated-ocean-seagull,2083720576485478526,1686369626400194560,true,
2083737267831460157,1785636653274,cheery-nutmeg-towhee,2083482265812943202,,true,
2083737302363189430,1785636661508,brilliant-tree-songlark,2083005870343110675,1732227272944529408,true,false
2083737652952551842,1785636745094,logical-ocean-crane,2083729519072960678,1221353787656261632,true,
2083737757772390803,1785636770085,exquisite-peppermint-anhinga,2082666318524809386,,true,
2083738126489436340,1785636857995,great-mountain-brushturkey,,,,
2083738304562737296,1785636900451,zappy-winter-thicketbird,2083584711096762442,1963003618967388160,true,
2083738314989805603,1785636902936,artistic-cave-peacock,2083692504734425102,957455883679813634,true,
2083738456782676208,1785636936743,nice-tomato-magpie,2083110088676700453,,true,
2083738730809213292,1785637722488,cosmic-root-grackle,2083420641345020052,,true,
2083739131448881448,1785637097595,neighborly-rhubarb-chickadee,2083538564587917739,77470773,true,true
2083739238319665505,1785637123075,diligent-brook-thrasher,,,,
2083739484554682737,1785637181782,celebrated-ocean-seagull,2083713430763004261,1251355171147390976,true,
2083739535716786216,1785637193980,charitable-flower-drongo,2083589238361100336,255539553,true,
2083739574505816454,1785637203228,uplifting-tigerwood-thrush,2083568670945501546,174320873,true,
2083739633511432204,1785637360747,cosmic-root-grackle,2083570577839624334,390682767,false,
2083739768941150675,1785637249586,cheery-nutmeg-towhee,2083667418694791649,1990335107430068224,true,
2083739785806409995,1785637253606,great-mountain-brushturkey,2083737939104666059,,true,true
2083739820371894419,1785637261848,patient-peach-ibis,2083318034505109688,216881337,true,
2083739848981242254,1785637268668,transparent-mesa-blackbird,2083607684251574676,1870180488931094530,true,
2083739918405173445,1785637285220,soulful-banana-waterfowl,2083518354409586903,2048957989680488448,true,
2083739994565320822,1785637303378,altruistic-rain-stilt,2083592511378096339,1637465746401034240,true,
2083739999787253973,1785637304623,zappy-winter-thicketbird,2083369479996617095,2836016548,true,
2083740539627659485,1785637433331,jazzy-guava-songlark,2083573016093422007,23395456,true,
2083740578810917351,1785637628413,cosmic-root-grackle,2083669580166070339,96015533,false,
2083740938111955055,1785638208177,cosmic-root-grackle,2083613740503613697,96015533,false,
2083740950338105485,1785637531252,neighborly-rhubarb-chickadee,2083677213573177387,,true,
2083741252433150343,1785637603277,joyful-seashore-swan,2083529468929606038,1657327283542327296,true,
2083741317390029228,1785638550955,cosmic-root-grackle,2083691019955011635,2012556469506285568,true,
2083741787831599105,1785637730926,pioneering-strawberry-ostrich,2083631792905445790,2835514925,true,
2083741815849824507,1785637737606,flexible-pond-cuckoo,2082956011363766686,7622742,true,
2083741834870726665,1785637742141,diligent-brook-thrasher,2083465341708149245,1073202607,true,
2083741849601396957,1785637745656,scholarly-river-sparrowhawk,,,,
2083742116669210627,1785637809328,celebrated-ocean-seagull,2083404748502487507,159828837,true,
2083742148202025334,1785637816845,cheery-nutmeg-towhee,2083727429307130116,1433178538228822022,true,
2083742195975074006,1785637828235,cheery-nutmeg-towhee,2083659650025787591,1511974277113085953,true,
2083742256465375373,1785637842657,effective-sycamore-kookaburra,2082992618229653636,1441172528274173958,false,false
2083742389735153870,1785637874431,receptive-wood-bushlark,2083526521650622860,775474080715767808,true,
2083742492713705885,1785637898984,great-mountain-brushturkey,2083649296595931531,150678121,true,
2083742596262723946,1785637923671,great-mountain-brushturkey,2083594702620631231,122414972,true,
2083742856175382669,1785637985639,memorable-coral-flowerpecker,2083679882412695848,869643503323631617,true,
2083742871220584903,1785637989226,tectonic-sapling-treepie,2083594702620631231,122414972,true,
2083742938941563269,1785638005372,supreme-cactus-dipper,2083154959718318203,3465724576,true,
2083743049591435670,1785638031753,personable-mist-kingfisher,2083225329041355241,1754750720811905025,true,
2083743185935736973,1785638064260,warmhearted-berry-goldfinch,,,,
2083743310473007215,1785638093952,zappy-winter-thicketbird,2083347109030597110,1482501670454296576,true,
2083743572226929146,1785638156359,neighborly-rhubarb-chickadee,2083602408035192879,889709533,true,true
2083743783791857752,1785638206800,zappy-winter-thicketbird,2083642639073808792,1134089212305842176,true,true
2083743786396528934,1785638207421,diligent-brook-thrasher,2083642639073808792,1134089212305842176,true,
2083744212684505515,1785638309056,celebrated-ocean-seagull,2083729908379848910,,true,
2083744256477331841,1785638319497,informative-maple-goldfinch,2083650155824169122,730039732684591104,true,
2083744335900921991,1785638338434,enjoyable-slope-lovebird,2083519954415239183,111889381,true,
2083744368339652954,1785638346167,earnest-vine-cormorant,2083706334495588372,929350720888999937,true,
2083744791653679463,1785638447094,intriguing-conifer-chicken,2083697270625653038,71627462,true,false
2083744961703637387,1785638487636,bubbly-brook-pipit,2083331752097993069,,true,true
2083745058583453801,1785638510734,uplifting-marmalade-swan,2083346234127868399,2053121149207298056,false,
2083745428642636171,1785638598963,neighborly-rhubarb-chickadee,2083709769118884288,2047527078380122112,true,
2083745445667307917,1785638603023,scholarly-river-sparrowhawk,2083408357256262060,1317630645158412293,true,
2083745566849122525,1785638631915,dynamic-dogwood-greenbul,2083528169345437731,753424463560052736,true,
2083745634121564523,1785639245640,cosmic-root-grackle,2083599127728820229,2162812627,true,
2083745830310158792,1785638694728,diligent-brook-thrasher,2083658230522143048,1593290246497640449,true,
2083745835808894976,1785638696039,inspired-blueberry-grebe,,,,
2083745937126826413,1785638720195,frank-watermelon-cardinal,2083177530287353961,1794782726840561664,true,
2083746111483781622,1785638761765,cheery-nutmeg-towhee,2083411149085884818,1829787389817978880,true,
2083746332792005110,1785638814530,great-mountain-brushturkey,2083688897457111260,1323680916208668674,true,
2083746393198666134,1785639072569,cosmic-root-grackle,2083561187216687170,2313552080,true,
2083746459430584440,1785638844722,,2083411149085884818,1829787389817978880,true,
2083746532021702704,1785638862029,inventive-trail-treerunner,2078876011807277158,1053619569363869696,true,
2083746616733995114,1785638882227,lovable-cherry-snowfinch,2083553339632185751,1073598060339576832,true,
2083746675303031015,1785638896190,eager-rain-mallard,2083564520145076369,1041044330092195840,true,
2083746786729177207,1785638922757,reliable-river-wader,2082826103035686983,776460131722756100,true,
2083746851929399802,1785638938301,zappy-winter-thicketbird,2083674363799236671,,true,true
2083746916324765867,1785638953654,musical-ice-finch,2083453658906460540,1677345740845367298,false,false
2083746956426260976,1785638963215,philosophical-berry-brushturkey,2083620606189437249,1499556521457303555,true,
2083747206369247313,1785639211738,cosmic-root-grackle,2083722406544249199,1313921249953935360,true,
2083747241022681232,1785639031068,motivated-wildflower-mallard,2082974738704736323,1034994765194964992,true,
2083747263260618849,1785639036370,inspired-blueberry-grebe,2083706334495588372,929350720888999937,true,
2083747523928178845,1785639098518,philosophical-berry-brushturkey,2083627682319729022,537709549,true,
2083747570615017722,1785639109649,neighborly-rhubarb-chickadee,2083515685733384226,2000516932957769728,true,
2083747613610827936,1785639119900,motivating-sunflower-hummingbird,2083593318328397917,2011360475431452672,true,
2083747637644136772,1785639125630,balanced-orchard-albatross,2083681980139377093,22677397,true,
2083747743424446668,1785639150850,diligent-brook-thrasher,2083596649654591702,2077886733790728192,true,
2083747745597124798,1785639151368,zappy-winter-thicketbird,2083596649654591702,2077886733790728192,true,
2083747891232039241,1785639186090,lovely-ocean-shearwater,2083546908581372283,1083438237006188551,true,
2083748095368573025,1785639234760,whimsical-leaf-songbird,2083629621673615749,,true,true
2083748140482441555,1785639245516,celebrated-ocean-seagull,2083655826699333883,1163653908197257217,true,
2083748367570506067,1785639299659,cheery-nutmeg-towhee,2083440396751778289,1953398648861036545,true,
2083748417126158731,1785639311473,neighborly-rhubarb-chickadee,,,,
2083748437216952467,1785639316263,diligent-brook-thrasher,,,,
2083748610160652450,1785639357496,celebrated-ocean-seagull,2083654571709075798,1571174195370803201,true,
2083748691437900136,1785639376875,neighborly-rhubarb-chickadee,2083588989714596190,,true,
2083748912515449164,1785639429584,perceptive-sycamore-macaw,2083427077512954097,2408963828,true,
2083749667427307567,1785639609568,outstanding-honeydew-chickadee,2067661518217601149,,true,
2083749694275018815,1785639615969,cheery-nutmeg-towhee,2083347954052522314,2342513659,true,
2083749801988857935,1785639641650,great-mountain-brushturkey,,,,
2083749854061224042,1785639654065,zappy-winter-thicketbird,2083704581603590584,36749572,true,
2083750015147663712,1785639692472,snazzy-mist-crossbill,2083601149702394132,93910940,true,
2083750172400513138,1785639729964,neighborly-rhubarb-chickadee,2083696960620409339,513011834,true,true
2083750176615711113,1785639730968,wholesome-raspberry-stilt,2083706464720580881,,true,
2083750184505217162,1785639732849,wholesome-raspberry-stilt,2083636359034773514,1796509639074332672,true,
2083750188871467434,1785639733890,wholesome-raspberry-stilt,2083513097419993317,2919907698,true,
2083750193636188376,1785639735026,wholesome-raspberry-stilt,2083599515194429656,1782940423100481537,true,
2083750200359653381,1785639736630,diligent-brook-thrasher,2083396300176036327,1551978656733487105,true,
2083750401526972800,1785639784592,celebrated-ocean-seagull,2083693186023887099,744418104722128898,true,true
2083750403653489149,1785639785098,diligent-brook-thrasher,2083693186023887099,744418104722128898,true,true
2083750413178659252,1785639787369,cheery-nutmeg-towhee,2083719461362901086,1980202000341176320,true,
2083751047655309379,1785639938640,inspirational-mint-treerunner,2083533339370361015,1728663177368608768,false,
2083751079288668503,1785639946182,great-mountain-brushturkey,2083734826872672668,727557901,true,
2083751148192698577,1785639962611,zappy-winter-thicketbird,,,,
2083751429693436282,1785640029725,neighborly-rhubarb-chickadee,2083734646248833285,171351151,true,
2083751875195641990,1785640135941,festive-mesa-grouse,2083649561336172954,1404897397197709318,true,
2083751889871532467,1785640139440,trusty-valley-waterfowl,2083721314053865863,1041125573236535296,true,
2083752664811045062,1785640324201,diligent-brook-thrasher,2083698741169578254,,true,
2083752671240966590,1785640325733,celebrated-ocean-seagull,2083508644935619005,2043305234278023168,true,
2083752810588299536,1785640358957,reliable-tigerwood-guillemot,2083609016245108902,1660628363566874625,true,
2083752968415805514,1785640396585,masterful-frost-hillstar,2083716088383082520,1470610924100734976,true,
2083753161098207506,1785640442524,limber-juniper-friarbird,2083711696544362917,2054666036079976448,true,
2083753277242462301,1785640470216,blazing-granite-frigatebird,2083697270625653038,71627462,false,
2083753512798994523,1785640526376,hilarious-birch-finch,2083750251463430429,1285518150247698432,true,
2083753529450082372,1785640676616,cosmic-root-grackle,2083237387753136545,1506789747221417987,true,
2083753544146895200,1785640533850,cheery-nutmeg-towhee,2083677358394167676,1358317803904725004,true,
2083753855939195338,1785640778385,cosmic-root-grackle,2083667035976773644,880412538625810432,true,
2083753876075712537,1785640612989,prudent-rock-piculet,2083623951679308246,1709643721824665600,true,
2083753981558362378,1785640638137,great-mountain-brushturkey,2083425636031348861,,true,
2083754007861096764,1785640644408,punctual-twig-grouse,2083575037886644327,705009924690956288,true,
2083754016270430578,1785640809120,cosmic-root-grackle,2083734751286886693,174751002,true,
2083754049950695689,1785640654444,zappy-winter-thicketbird,,,,
2083754431053521099,1785640745305,masterful-frost-hillstar,2082984666059931807,1608459779239706627,true,
2083754480840200488,1785640929109,cosmic-root-grackle,2083646125861462239,147707954,true,
2083754705721737379,1785640810791,witty-peachtree-tailorbird,2083706334495588372,929350720888999937,true,
2083754756195893496,1785640822825,nifty-fir-nightjar,2083721314053865863,1041125573236535296,false,
2083754825171472734,1785640839270,thrilled-star-lovebird,2083446139953782822,,true,
2083754907257979199,1785640858841,neighborly-rhubarb-chickadee,2083521565757436061,769228033299472384,true,true
2083754927000518943,1785640863548,independent-coral-eagle,2083557521965363428,825194056976326656,true,
2083754985624367544,1785640877525,diligent-brook-thrasher,2083740234630476120,473093652,true,
2083755011444494558,1785640883681,celebrated-ocean-seagull,2083601334977040704,1546972236170543110,true,
2083755033057771661,1785640888835,hopeful-garden-lark,2083603402160803990,62957739,true,
2083755102930600153,1785640905494,masterful-frost-hillstar,2082988927103967280,1537035022481473536,true,
2083755332950544674,1785640960335,cheery-nutmeg-towhee,2083685455242141999,1476775519190495232,true,
2083755517378433304,1785641004305,patient-moss-softbill,2083476208138813635,1067492518344966144,true,
2083755588522332271,1785641021267,fun-glacier-bullfinch,2083477622588387817,575075343,true,
2083755637842858385,1785641166065,cosmic-root-grackle,2083667035976773644,880412538625810432,true,
2083755708948824543,1785641049979,celebrated-ocean-seagull,2083737939104666059,,true,true
2083755744734622021,1785641058511,great-mountain-brushturkey,,,,
2083755799772381511,1785641071633,zappy-winter-thicketbird,2083709014982922438,279651761,true,
2083755804872634698,1785641072849,wise-root-firetail,2083648125273588199,156703580,false,
2083755845951644159,1785641082643,experienced-watermelon-troupial,2083322852841816559,1735063892080926720,true,
2083755851584520484,1785641083986,confident-clay-chickadee,,,,
2083755947105865974,1785641106761,charismatic-twig-duck,2083495350288195925,1767789515329118208,true,
2083756082472661221,1785641139034,masterful-frost-hillstar,2083651452723921347,1562209922854449152,true,
2083756291957121067,1785641188979,worldly-spruce-bushbird,2083725517711380854,128058688,true,false
2083756294876377477,1785641189676,terrestrial-mint-osprey,2082770039233708295,1581669463099072512,true,
2083756721697140991,1785641291437,humorous-coconut-wheatear,2083715870035935285,2047081835016978432,true,
2083756749207597074,1785641297996,masterful-frost-hillstar,2083605079941054687,1187915088960917504,true,
2083757032176508961,1785641365461,transparent-prairie-flameback,2083683569004663111,10671602,false,false
2083757079970365679,1785641376856,neighborly-rhubarb-chickadee,2083601313330319384,3301158760,true,
2083757122915865038,1785641387095,sanguine-sandalwood-bluejay,2082421515404865674,1829170310316261377,true,
2083757245246963886,1785641416261,diligent-brook-thrasher,2083723774902305040,1334726477611491329,true,
2083757252465316166,1785641417982,celebrated-ocean-seagull,2083395819420745756,1254456213527543808,true,
2083757255854334202,1785641418791,wholesome-raspberry-stilt,2083482708085256637,1266068181896048640,true,
2083757327727927402,1785641435926,cheery-nutmeg-towhee,,,,
2083757656422895899,1785641514294,great-mountain-brushturkey,2083594660837040212,1191748075083194368,true,
2083757722252833051,1785641529989,involved-leaf-canary,2083587341554434342,1459098750568497158,true,
2083757786559557642,1785641545321,zappy-winter-thicketbird,2083367125805039910,,true,true
2083757835142225995,1785641556903,cheery-nutmeg-towhee,,,,
2083757866637561858,1785641564412,inventive-cave-catbird,2083667447035650287,1496998474952241174,true,
2083757894026350729,1785641570942,sensible-cedar-scaup,2083492165687066930,1445090591155658769,true,
2083757917111554427,1785641576447,faithful-hillside-puffin,,,,
2083758494432510083,1785641714091,joyful-walnut-ostrich,2083111476458619285,895594136970985473,false,
2083758563852226774,1785641730641,great-mountain-brushturkey,2083576612306514022,1674802292178972675,true,
2083758837799010589,1785641795956,masterful-frost-hillstar,,,,false
2083758843809452059,1785641797388,uplifting-buckeye-junco,2083452097685549502,2886307114,false,
2083758906958913716,1785641812444,zestful-lake-logrunner,2083599515194429656,1782940423100481537,false,
2083758951145914492,1785641822980,neighborly-rhubarb-chickadee,2083639712535757293,,true,
2083759224589295965,1785641888173,diligent-brook-thrasher,2083551855561654405,1441878397907468289,true,
2083759312912908348,1785641909231,zappy-winter-thicketbird,2083655247608897892,1988438834863108101,true,
2083759709593505855,1785642003807,neighborly-rhubarb-chickadee,,,,
2083759780892655836,1785642020806,splendid-moss-pigeon,2083576423604695231,2227912333,false,false
2083759865093029906,1785642040881,celebrated-ocean-seagull,2083480759571202051,2040085743175974912,true,
2083759866707841278,1785642041266,warmhearted-berry-goldfinch,,,,false
2083759904532189335,1785642050284,cheery-nutmeg-towhee,2083614914350899377,3166168378,true,
2083760036325585267,1785642081705,great-mountain-brushturkey,,,,
2083760290412581060,1785642142285,futuristic-tide-jay,2083740992969273624,43061739,true,
2083760391595663433,1785642166410,exquisite-peppermint-anhinga,2083757572272652400,33857883,false,
2083760482788262261,1785642188151,zappy-winter-thicketbird,2083637141930643869,1788330412386729984,true,
2083760525754683779,1785642198394,splendid-eucalyptus-tern,2083757572272652400,33857883,false,false
2083760580100288739,1785642211352,neighborly-rhubarb-chickadee,2083741133931159825,2027429188400254976,true,
2083760720533979466,1785642244836,diligent-brook-thrasher,2083622324725498054,182330628,true,
2083760722526302708,1785642245308,celebrated-ocean-seagull,2083622324725498054,182330628,true,true
2083760761088679955,1785642254503,cheery-nutmeg-towhee,,,,
2083760863211630780,1785642278850,great-mountain-brushturkey,2083446933880988051,107955477,true,
2083760973035245887,1785642305034,cheery-nutmeg-towhee,2083719936724353245,1031420690505785349,true,
2083761045449916550,1785642322299,charming-forest-kingfisher,2082969508210221106,290758912,true,
2083761324077809926,1785642388730,gleeful-sapling-owl,,,,
2083761336870207903,1785642391780,zappy-winter-thicketbird,2083498166272598259,1579368380662185984,true,
2083761456462410011,1785642663249,cosmic-root-grackle,2083599127728820229,2162812627,true,
2083761516503851243,1785642434607,neighborly-rhubarb-chickadee,2083573422123364833,2040085743175974912,true,
2083761606438113544,1785642456050,curious-acorn-goose,2083695956978286815,360803030,true,
2083761834050437220,1785642510317,diligent-brook-thrasher,2083506761168986466,2054383570941362176,true,
2083761962178224623,1785642540865,trusty-strawberry-puffin,2083691812955603208,968362230214520833,true,
2083761973045424336,1785642543455,celebrated-ocean-seagull,,,,false
2083762361362444559,1785642636039,cheery-nutmeg-towhee,,,,false
2083762409164939372,1785642647436,great-mountain-brushturkey,2083546574139899929,2070270647163293696,true,
2083762447941263798,1785642656681,placid-maple-needletail,2083705589343867058,1526309625267687425,true,
2083762579587973341,1785643327247,cosmic-root-grackle,2083466745344397433,1911477624326467584,false,
2083762779765223872,1785642959133,cosmic-root-grackle,2083136121949839560,1621554777191481345,false,
2083762975572181151,1785642996628,cosmic-root-grackle,2083593074270220720,63863050,true,
2083763285233631436,1785642856307,patient-moss-softbill,2083654212307542242,,true,
2083763504658485737,1785642908620,zappy-winter-thicketbird,2083652848017915928,1714829916875718656,true,
2083763574187655330,1785642925198,magnanimous-lagoon-parakeet,2083718609680138378,,true,
2083763948231258412,1785643014378,magnetic-guava-bushbird,,,,
2083763964761223380,1785643149449,cosmic-root-grackle,2083763373267640697,417262550,true,
2083764020692029466,1785643031652,great-mountain-brushturkey,2083589304870199419,1277327374061916166,true,
2083764024328482941,1785643282675,cosmic-root-grackle,2083734751286886693,174751002,true,
2083764190737830194,1785643072195,alpine-mulberry-condor,2083708318107775092,1695181896236359680,true,
2083764274028028241,1785643092053,positive-coconut-falcon,2083611713090253285,1535742964558880768,true,
2083764381570207949,1785643117694,wholesome-raspberry-stilt,2083560429360480522,1569351986469797888,true,
2083764389191250008,1785643119511,wholesome-raspberry-stilt,2083501539147038753,1036343313773813761,true,
2083764395751207250,1785643121074,wholesome-raspberry-stilt,2083462909682651566,374752807,true,
2083764422367912249,1785643127421,driven-sunflower-ostrich,2083458444741501057,1446451944281759744,true,
2083764514990829702,1785643307473,cosmic-root-grackle,2083763373267640697,417262550,true,
2083764870584123541,1785643234284,amusing-ocean-piculet,2083756864546976087,,true,
2083765053942030559,1785643277998,neighborly-rhubarb-chickadee,2083455088396304749,2378742140,true,
2083765069989449992,1785643281825,lithe-pineapple-crow,2083571851733721523,1980730051281735681,true,
2083765763165266251,1785643447092,balanced-garden-sparrowhawk,2083384782873059668,1607857129364533249,true,
2083765900323545534,1785643479793,futuristic-cactus-kookaburra,2083406611641676227,2417170392,true,
2083765958934491381,1785643493765,zappy-winter-thicketbird,2083593074270220720,63863050,true,
2083766068862914705,1785643519975,diligent-brook-thrasher,2083731524852109338,1639365926071021571,true,true
2083766111560974497,1785643530155,neighborly-rhubarb-chickadee,,,,
2083766117449748582,1785643531558,celebrated-ocean-seagull,2083650822706188344,,true,
2083766208554237985,1785643736709,cosmic-root-grackle,2083722406544249199,1313921249953935360,false,
2083766419980787844,1785643603687,flowing-lime-towhee,2083743956328657289,148107357,true,
2083766429845721204,1785643606038,diligent-brook-thrasher,,,,
2083766434237497781,1785644150220,cosmic-root-grackle,2083706334495588372,929350720888999937,true,
2083766624922849756,1785643908044,cosmic-root-grackle,2083689827271336159,1241968542,true,false
2083767331054850125,1785643820907,cheery-nutmeg-towhee,,,,
2083767617261535242,1785643889143,great-mountain-brushturkey,2083689874511511850,1949217766671552512,true,
2083767646911078772,1785643896212,zappy-winter-thicketbird,2083750719035781206,513361194,true,
2083767727345344917,1785643915390,altruistic-slope-skylark,2083574111431754024,312887209,true,
2083768046351786167,1785643991445,magnetic-foothill-ostrich,2083442864214933543,2991057146,true,
2083768191822541274,1785644026129,neighborly-rhubarb-chickadee,,,,
2083768355446718492,1785644065140,nestling-evergreen-emu,2083577556813725768,2030488060052586496,true,
2083768400807870714,1785644075955,celebrated-ocean-seagull,2083656566302286216,1584197531252178945,true,
2083768691792240892,1785644145331,friendly-flower-crane,2082773772449591741,237826321,true,
2083768705863794714,1785644148686,diligent-brook-thrasher,,,,
2083768754031247769,1785644160170,celebrated-ocean-seagull,2083766497319498119,790051223131021312,true,
2083768796314325289,1785644170250,mindful-mist-eagle,2083389803849293957,94701166,true,
2083768901243113969,1785644195267,optimistic-autumn-bulbul,2082797327702757668,1457884439586144256,true,
2083768951981380017,1785644207364,cheery-nutmeg-towhee,,,,
2083769062736404762,1785644452380,cosmic-root-grackle,2083600168272670882,1084817523378454529,false,
2083769070541746356,1785644235632,caring-coconut-sandpiper,2083740992969273624,43061739,false,
2083769116922716222,1785644246689,resplendent-mulberry-peacock,2083090485833531893,2836512535,true,
2083769123872596167,1785644248346,mindful-mist-eagle,2083417441653108754,844435147311206402,true,
2083769406992388145,1785644315847,unique-garden-crane,2083404748502487507,159828837,false,
2083769409101770984,1785644316351,great-mountain-brushturkey,2083483247242367349,,true,
2083769427904872863,1785644320832,energizing-poplar-sunbird,2083677734996451687,1578934291945267200,true,
2083769462063571314,1785644328977,hopeful-grapefruit-junco,2083501185361698827,1974258853,true,
2083769532485628004,1785644345768,cheery-nutmeg-towhee,2083681432816267707,1949217766671552512,true,
2083769734005489777,1785644393813,hopeful-grapefruit-junco,2083400197833626110,1599254048385163265,true,
2083769876267835693,1785644600432,cosmic-root-grackle,2083082453519077500,1848201385709596672,true,
2083769912367985085,1785644436338,hopeful-grapefruit-junco,2083484201408680112,969622165,true,
2083769923709338110,1785644439042,hypnotic-prairie-lark,2083351074455556378,2082864054134325248,true,
2083770158510653833,1785644495023,zappy-winter-thicketbird,2083740291719168499,1597095177801318401,true,true
2083770161501446152,1785644495736,hopeful-grapefruit-junco,2083548556254945576,1364967790462066688,true,
2083770334986039802,1785644537098,incomparable-lake-jay,2083613686414155911,1971693701996109824,false,
2083770597943755059,1785644599792,great-mountain-brushturkey,2083642321514688896,1359269381792886788,true,
2083770692344934514,1785644622300,neighborly-rhubarb-chickadee,,,,
2083770749047955678,1785644765224,cosmic-root-grackle,2083715198574375367,1622588070246641666,false,
2083770761169301807,1785644638708,enthusiastic-sequoia-goldfinch,2083694434235924929,885544798152798210,true,true
2083770774935257486,1785644641990,hopeful-grapefruit-junco,2083546529764192328,1311671059796508672,true,
2083771026282791354,1785644701916,,2083322538508062848,1695181896236359680,true,
2083771172483969420,1785644736773,organized-foothill-motmot,2083264727594172910,1495644470271897600,false,
2083771762328613179,1785644877404,bubbly-mangrove-oriole,2083763840982909135,959676853987426304,true,false
2083771882252144750,1785644905995,diligent-brook-thrasher,2083320347466576129,2070950515450527744,true,
2083771938476834986,1785645572105,cosmic-root-grackle,2083700840410296738,1375864198417223683,true,
2083771952360001843,1785644922710,amicable-flower-ostrich,2083676087687471444,1758572646801813504,true,
2083772086175092850,1785644954614,celebrated-ocean-seagull,2083575436827631834,2080899616275365888,true,
2083772136854847630,1785644966697,cheery-nutmeg-towhee,2083453452936720509,1529455459756826625,true,
2083772148641087688,1785644969507,radiant-elm-owl,2083506729833394297,134715633,false,false
2083772159399485871,1785644972072,positive-coconut-falcon,2083341388163264608,1518655911404912642,true,
2083772183382577369,1785645183106,cosmic-root-grackle,2080785077781610875,920408435212083205,true,
2083772219566485631,1785644986418,zappy-winter-thicketbird,2083718336047661065,,true,true
2083772325858590754,1785645011759,great-mountain-brushturkey,,,,
2083772415864353218,1785645033219,logical-sunlight-motmot,2083338001531478420,1040209897340600320,true,
2083772536840499437,1785645062061,wholesome-raspberry-stilt,2083693527985189042,1367209793686036482,true,true
2083772543136137243,1785645063562,wholesome-raspberry-stilt,2083737939104666059,,true,
2083772549586899059,1785645065101,wholesome-raspberry-stilt,2083566639082312189,1229600073295618048,true,
2083772559573889340,1785645067481,warm-leaf-crow,2083628682057245112,1467843136378527752,true,
2083772595191607621,1785645075973,zappy-winter-thicketbird,2083413258074222785,1320899833,true,
2083772747709124659,1785645112336,funny-cashew-junco,2081926429017768300,837889064829276161,true,
2083772818475425888,1785645129208,neighborly-rhubarb-chickadee,2083442413092417877,3192815222,true,
2083772917582635134,1785645152837,matchless-avocado-curassow,2083662299890430143,466992330,true,false
2083773253907316763,1785645233023,captivating-creek-needletail,2083406611641676227,2417170392,true,
2083773602113999113,1785645316044,diligent-brook-thrasher,2083666358512824350,,true,
2083773985066553503,1785645407345,vivacious-raisin-triller,2083654607910117836,1884036238681800704,true,
2083774221285736820,1785645463664,accomplished-apricot-guillemot,2083737939104666059,,true,
2083774294056648820,1785645481015,celebrated-ocean-seagull,2083468504372838414,497537438,true,
2083774379771433370,1785645501450,cheery-nutmeg-towhee,,,,
2083774479818432764,1785645525304,zesty-lumber-bulbul,2075404878801723754,,true,
2083774506502394211,1785645531665,great-mountain-brushturkey,,,,
2083774664661242286,1785645569373,enjoyable-mango-falcon,2081426555792707782,756048732102266880,true,
2083775037400588621,1785645825400,cosmic-root-grackle,2083591036358541500,3247652319,false,
2083775066530296308,1785645665186,logical-sunlight-motmot,2083702667541708924,,true,
2083775488833531930,1785645765871,zappy-winter-thicketbird,2083659373608362140,1413025697996546049,true,
2083775548388753597,1785645780070,relatable-kelp-skimmer,2083495503937810533,1809925244234424320,true,
2083775599756095563,1785645792318,neighborly-rhubarb-chickadee,2083517034894422191,268035216,true,true
2083775678063727022,1785646039273,cosmic-root-grackle,2083068604648395015,44196397,false,
2083775682497106064,1785645812045,supportive-mesa-cotinga,2083746262378058125,2162812627,true,
2083775733592142174,1785645824226,studious-peanut-needletail,2083357065553264642,1083438237006188551,true,
2083775825061749084,1785645951523,cosmic-root-grackle,2083633371188547967,2433426810,true,
2083776089491374419,1785645909079,prudent-coast-pelican,2083482216374419795,314070500,true,
2083776251844501637,1785645947788,amiable-island-hornbill,2083043040546185665,1551266822460162051,false,
2083776286447767862,1785645956038,cool-mist-crow,2083547288828584384,1646042520391155713,true,
2083776300351897644,1785645959352,articulate-acorn-wigeon,2083592511378096339,1637465746401034240,true,
2083776467679555816,1785645999246,studious-peanut-needletail,2083387536995688632,1083438237006188551,true,
2083776763088310640,1785646069679,neighborly-rhubarb-chickadee,2083718609680138378,,true,
2083776969012043914,1785646118773,articulate-acorn-wigeon,2082797327702757668,1457884439586144256,true,
2083776973550014766,1785646119856,incredible-kiwi-tailorbird,2083623951679308246,1709643721824665600,true,
2083777017263124885,1785646130277,diligent-brook-thrasher,2083703504171090102,1920658196215328770,true,
2083777086037102790,1785646146674,ardent-moon-flowerpecker,2083751226705916071,3885498501,true,
2083777138918916393,1785646159282,diligent-brook-thrasher,2083607684251574676,1870180488931094530,true,
2083777247350001999,1785646185134,electric-eucalyptus-triller,2083609652848140359,1340653010263953412,false,
2083777301431336962,1785646198028,celebrated-ocean-seagull,2083473920020062488,1519988988815237120,true,
2083777558731198727,1785646259373,playful-granite-blackbird,2083734751286886693,174751002,true,
2083777574996422730,1785646263251,cheery-nutmeg-towhee,2083698341523648530,4627222575,true,
2083777670848925865,1785646286104,great-mountain-brushturkey,2083681920534327342,,true,
2083777711340744917,1785646295759,zappy-winter-thicketbird,2083633371188547967,2433426810,true,
2083777947560009806,1785646352077,delightful-beech-kite,2083591251706937610,858488252449251328,true,
2083777998671810922,1785646364263,beloved-hillside-dipper,2082374208760189179,2073337174980702208,true,
2083778106930700491,1785646390075,bold-garden-hawk,2083587135374827669,2359671437,true,
2083778184659517543,1785646408606,neighborly-rhubarb-chickadee,2083583292763234454,2082247763429826560,true,
2083778298572689689,1785646435765,neighborly-earth-firefinch,2083632947647631653,950568721,true,
2083778390704767372,1785646457731,motivated-seedlings-woodpecker,2083473076851732586,,true,
2083778395507486858,1785646643100,cosmic-root-grackle,2083734751286886693,174751002,true,
2083778537652199840,1785646492766,diligent-brook-thrasher,2083607620162633800,2809959174,true,
2083778656070254674,1785646520999,witty-ocean-flowerpecker,2083499420663066638,1316989081,true,
2083778754380259720,1785646544439,celebrated-ocean-seagull,2083680983874711851,1355295908,true,
2083778843731472556,1785646565741,great-mountain-brushturkey,2083568337519312944,2027843808139087875,true,
2083778906122027097,1785646580617,informative-kelp-cardinal,2083565772417445905,3107739156,true,
2083778941941064189,1785646589156,zappy-winter-thicketbird,2083517839005171730,150678121,true,
2083779030889726010,1785646610363,electric-eucalyptus-triller,2083731001100931081,1945632283261583360,true,
2083779358162841688,1785646688391,convivial-cloud-parrot,2083613524543074490,1899590832686039040,false,
2083779516053196995,1785646726035,neighborly-rhubarb-chickadee,,,,
2083779622685319607,1785646751458,stalwart-horseradish-lorikeet,2083701446328070278,1815531453033422848,true,
2083779740100362575,1785646779452,appreciative-prairie-toucan,2083615391788458467,40050954,true,
2083779969423970718,1785646834127,diligent-brook-thrasher,2083769259621273740,1485965330543685637,true,
2083780028135784862,1785646848126,engaging-lagoon-sunbird,2083241631818346766,1958274598975459328,true,
2083780352858861915,1785646925545,celebrated-ocean-seagull,2083450155861209589,1319287761048723458,true,
2083780690479636913,1785647006040,trusting-fjord-quail,2083715870035935285,2047081835016978432,true,
2083780703452283343,1785647009134,stoic-prairie-greenbul,2083650889009766519,1743729838035185664,true,
2083780704853528986,1785647009467,wholesome-raspberry-stilt,2083246606841967036,,true,
2083780714357768268,1785647011733,wholesome-raspberry-stilt,2083735047224328483,,true,
2083780719588044911,1785647012980,wholesome-raspberry-stilt,2083670569204027401,,true,
2083780724650611130,1785647014188,wholesome-raspberry-stilt,2083609721039110315,1953029806993391616,true,
2083780729453060372,1785647015332,wholesome-raspberry-stilt,2083434592074166276,1455517450687160320,true,
2083781028208919013,1785647086561,cheery-nutmeg-towhee,2083546105212735572,220041048,true,
2083781216193372219,1785647131380,great-mountain-brushturkey,2083636009435079025,,true,true
2083781717043593284,1785647250792,zappy-winter-thicketbird,2083647009798471849,1783462645376434176,true,
2083781742138446074,1785647256775,cool-mist-crow,2083501406519165101,1646042520391155713,true,
2083781793334050826,1785647268981,dazzling-basswood-thrush,2083703919017120234,1462497348089569280,true,
2083781921088348186,1785647299441,exceptional-jackfruit-quetzal,2083583292763234454,2082247763429826560,false,
2083782140781572448,1785648178057,cosmic-root-grackle,2083689827271336159,1241968542,false,
2083782212340605179,1785647368880,neighborly-rhubarb-chickadee,,,,
2083782332851655042,1785647397612,witty-boulder-lark,2083755730470068270,1851950390297972736,true,
2083782379852775872,1785647592437,cosmic-root-grackle,2083775773563904187,2041555786258579456,false,
2083782538917724331,1785647446742,authentic-cherry-seabird,2083714418597048680,1367209793686036482,true,
2083782757348438496,1785647498820,diligent-brook-thrasher,,,,
2083782761408598528,1785647499789,versatile-dune-sandgrouse,2083236935007441136,36529101,true,
2083782797307584953,1785647508348,diplomatic-petal-crake,2083590571545751726,25356462,true,
2083782873317101794,1785647526470,scholarly-river-sparrowhawk,2083357280008015892,45564482,true,
2083782906120655111,1785647534290,authentic-cherry-seabird,2083698341523648530,4627222575,true,
2083782954459730336,1785647545816,celebrated-ocean-seagull,2083629785247535369,1750825178953613312,true,
2083783057648332834,1785647798412,cosmic-root-grackle,2083680071450021947,1249148165112160257,false,
2083783261667328155,1785647619060,celebrated-ocean-seagull,2083593074270220720,63863050,true,
2083783426553819223,1785647658371,cheery-nutmeg-towhee,,,,
2083783737150459944,1785647732424,independent-ice-nightjar,2083775574607118426,,true,
2083784037651435929,1785647804068,quick-sea-greenbul,2083615845385703836,1270029187,false,
2083784302974677263,1785647867327,marvelous-daylight-songbird,2083735683026555203,1889549984581726209,true,
2083784477382205554,1785647908908,great-mountain-brushturkey,2083705589343867058,1526309625267687425,true,
2083784640775499787,1785648714603,cosmic-root-grackle,2082826103035686983,776460131722756100,false,
2083784807805321441,1785647987687,gentle-orchard-turkey,2083640753138680201,1526854847462375426,true,
2083785230201315573,1785648088394,industrious-pecan-kingbird,2083083127262757316,1697622035898433536,true,
2083786381676155028,1785648362927,harmonious-rain-hornbill,2083442177603199289,2464559412,true,
2083786561770934541,1785648405865,zappy-winter-thicketbird,2083647805042651210,,true,true
2083786567714525419,1785648407282,gentle-orchard-turkey,2083429179618693593,1572475104722026496,true,
2083786587968594425,1785648412112,neighborly-rhubarb-chickadee,2083542118581055638,1857823789666492416,true,true
2083786899609583633,1785648486412,inspirational-maple-firetail,2083688923214270817,275640945,true,
2083786984238006775,1785648506590,,2083714418597048680,1367209793686036482,true,
2083787012780249380,1785649016215,cosmic-root-grackle,2083543088304095379,1763260990408593408,true,
2083787075564732926,1785648740004,cosmic-root-grackle,2083213155627630984,16293020,false,
2083787238543073326,1785648720732,cosmic-root-grackle,2083524970680901793,900160770989797384,false,
2083787554147496266,1785648642466,diligent-brook-thrasher,2083722521275449778,256402505,true,
2083787861824770526,1785648715822,cheery-nutmeg-towhee,2083765410621485542,1421417256446218241,true,
2083787905877647452,1785648969607,cosmic-root-grackle,2083734751286886693,174751002,false,
2083787909493039368,1785648727187,celebrated-ocean-seagull,2083696300227268686,712048634414702593,true,
2083787936256888976,1785648733568,cheery-nutmeg-towhee,2083750131866759229,922725179804938240,true,true
2083788029622174097,1785648755828,great-mountain-brushturkey,2083754165852127577,1222867532178051074,true,
2083788197755023613,1785648795914,doughty-peanut-lory,2083077984571863275,2194243029,true,
2083788386075107674,1785648840814,orderly-raspberry-brushturkey,2083734751286886693,174751002,false,false
2083788867291984260,1785648955544,innovative-pear-lory,2083722521275449778,256402505,true,
2083789058719838394,1785649001184,zappy-winter-thicketbird,,,,
2083789132241813871,1785649018713,great-mountain-brushturkey,2083600994873536970,1715180816853037057,true,
2083789444931264592,1785649093265,neighborly-rhubarb-chickadee,2083519602286272721,1965462968717754368,true,
2083789472681054285,1785649099881,clever-kelp-puffin,2083612937911140398,1682752390255243264,true,
2083789646262411349,1785649341381,cosmic-root-grackle,2083602302259040508,1850589024416886784,false,
2083789696988053992,1785649153359,proactive-hill-stilt,2083001687674130776,1685835800876056576,false,
2083789703292305719,1785649315894,cosmic-root-grackle,2083609447834767840,1592695259502370817,false,
2083789771684319441,1785649171168,alpine-woodland-woodpecker,2083512219795357784,881542775250014213,true,
2083789962919776419,1785649216762,artistic-maple-ibis,2083673007508074917,2072829169939906560,true,true
2083790270546554997,1785649290106,diligent-brook-thrasher,2083714680619774286,1294928430803218435,true,
2083790409390518752,1785649323209,celebrated-ocean-seagull,2083785420912116158,1758493461706133504,true,
2083790433277051034,1785649328904,cheery-nutmeg-towhee,2083584269595852965,2043305234278023168,true,true
2083790726492496193,1785649398812,zappy-winter-thicketbird,2083686856638562657,1187289044893519873,true,
2083790996052025647,1785649463081,logical-sunlight-motmot,,,,
2083791294501896388,1785649534236,great-mountain-brushturkey,2083711882389504062,855481986290524160,true,
2083791314680730098,1785649539047,zappy-winter-thicketbird,2083368087865483712,,true,
2083791340752506928,1785649545263,neighborly-rhubarb-chickadee,,,,
2083791548643426479,1785649594828,logical-sunlight-motmot,2083710796396449801,157057698,true,
2083791559385067929,1785649597389,poised-spring-grebe,2083559070536282542,101584084,false,
2083791828357112103,1785649661518,diligent-brook-thrasher,2083780871421939934,875381655313186817,true,
2083791898364326052,1785649678208,celebrated-ocean-seagull,2083731293033169298,1617238142620426240,true,
2083792371955695955,1785649791122,cheery-nutmeg-towhee,2083746531249934688,,true,true
2083792484233105670,1785649817890,witty-peachtree-tailorbird,2083579728720712088,1960304768074813440,true,
2083792566278140239,1785649837452,clever-sky-nightingale,2080120192408162416,,true,
2083792613522481329,1785649848715,witty-peachtree-tailorbird,2083375734417224047,481595801,true,
2083792709337125218,1785650455990,cosmic-root-grackle,2083708856270811515,1363985661536002049,false,
2083792736944111686,1785649878142,great-mountain-brushturkey,2083632409732407435,1543836088212623360,true,
2083792739997729102,1785649878869,relatable-pineapple-lory,2083013999793467687,1820385544817487872,true,
2083792867282002196,1785649909216,neighborly-jacaranda-auklet,2083699808066543945,1583871458962726912,true,true
2083792889851601338,1785649914597,electric-blueberry-parrotlet,2083462798349156414,1224294229284921347,true,
2083792943211585949,1785649927320,composed-desert-towhee,2083590138152554766,1309563274648842241,true,
2083792997943025978,1785649940368,witty-peachtree-tailorbird,2083444442422456636,2034982524418760705,true,
2083793044806201720,1785649951541,polite-rose-sparrow,2083714680619774286,1294928430803218435,true,true
2083793108769165389,1785649966791,bountiful-mountain-penguin,2083683508745052175,1282352242989789185,false,
2083793187307430291,1785649985516,zappy-winter-thicketbird,2083717695254434290,3186626354,true,true
2083793828222234652,1785650138322,organized-pistachio-mockingbird,2083740291719168499,1597095177801318401,false,
2083793861692846370,1785650146302,neighborly-rhubarb-chickadee,2083717699327422541,1553528614242717700,true,
2083794447012421830,1785650285853,majestic-strawberry-grouse,2083336780338868526,1281403955449192449,true,true
2083794600842633307,1785650322530,polite-rose-sparrow,2083174083345408214,2908241922,true,
2083794672124576178,1785650339524,smart-fern-crake,2083455937646567824,,true,
2083795084902879645,1785650437938,wholesome-raspberry-stilt,2083632409732407435,1543836088212623360,true,
2083795091341148248,1785650439473,wholesome-raspberry-stilt,2083714418597048680,1367209793686036482,true,
2083795096332300465,1785650440663,wholesome-raspberry-stilt,2083696960620409339,513011834,true,
2083795101432610921,1785650441879,wholesome-raspberry-stilt,2083604885476397435,783489808098287616,true,
2083795123633090881,1785650447173,neighborly-rhubarb-chickadee,2083783472330551415,248825507,true,
2083795134563385469,1785650449779,diligent-brook-thrasher,2083770849748816063,1132272453894512643,true,
2083795246098387004,1785650476370,celebrated-ocean-seagull,2083336780338868526,1281403955449192449,true,true
2083795779773456502,1785650603608,enterprising-berry-crake,2083442197081346436,1026713596036886528,true,false
2083796211455131664,1785650706529,zappy-winter-thicketbird,2083583292763234454,2082247763429826560,true,
2083796580847477037,1785650794599,neighborly-rhubarb-chickadee,2083347954052522314,2342513659,true,
2083796615005938175,1785650802744,invigorated-tomato-blackbird,2083582726024646657,1332126475525435392,true,true
2083796675726815270,1785650817220,diligent-brook-thrasher,2083632096371970269,,true,
2083796817594998788,1785650851044,clever-reef-barbet,2083788751713784169,1186247232472961024,true,
2083796853313741192,1785651036372,cosmic-root-grackle,2083532235689296188,39020355,true,
2083796855599612244,1785650860105,cheery-nutmeg-towhee,2083784943063445680,1758737546576625664,true,
2083797000965980632,1785650894763,logical-sunlight-motmot,2083703653408678171,1040209897340600320,true,
2083797148915679356,1785650930037,joyful-freshwater-skimmer,2083632096371970269,,false,
2083797328775782467,1785650972919,genius-lake-catbird,2083645701729517986,59591856,false,false
2083797542718902397,1785651023927,great-mountain-brushturkey,2083784769423470773,,true,true
2083797589439189298,1785651035066,generous-valley-cuckoo,2083615391788458467,40050954,true,
2083797696532423097,1785651060599,curious-sand-conure,2083525174272401900,,true,
2083797973800992817,1785651126705,zappy-winter-thicketbird,2083619148110692404,591736711,true,
2083798108664676671,1785651158859,neighborly-rhubarb-chickadee,2083579458322125302,2062876379985723392,true,
2083798193016394154,1785651178970,thrilled-moonlight-falcon,2083574520514777560,1423042131418038274,true,
2083798314797949219,1785651208005,celebrated-ocean-seagull,2083715664494174276,1510744839280906244,true,
2083798317037687002,1785651208540,diligent-brook-thrasher,2083715664494174276,1510744839280906244,true,
2083798353033224393,1785651217121,early-pineapple-finfoot,2083641390399967659,842153470933241858,true,
2083798431366009271,1785651760723,cosmic-root-grackle,2083754922349380059,1786841191159681024,true,
2083799220335657417,1785651423901,celebrated-ocean-seagull,2083776496469254636,,true,
2083799431527215521,1785651474254,cheery-nutmeg-towhee,2083595289026232357,1671938049331146753,true,
2083799490738217238,1785651488372,cheery-nutmeg-towhee,2083773295070187984,2036677309546242049,true,
2083799538083447156,1785651499659,supreme-sky-swift,2083634368635961638,1783827134751866880,true,
2083799750847951132,1785651550386,straightforward-seedling-puffin,2083562612177125838,2064772374281756672,true,
2083799758615769116,1785651552238,great-mountain-brushturkey,2083460868151632179,927652440,true,
2083799803969061241,1785651563051,enthralling-marble-nighthawk,2083083127262757316,1697622035898433536,true,
2083799857161249096,1785651766840,cosmic-root-grackle,2083311608571588670,1533668062930489344,false,
2083800354571841594,1785651694325,zappy-winter-thicketbird,2083637407455289545,2079618038689832960,true,
2083800357042282897,1785651694914,neighborly-rhubarb-chickadee,2083532235689296188,39020355,true,
2083800414160289822,1785651708532,great-mountain-brushturkey,2083652169199456448,,true,
2083800506946716003,1785651730655,enthusiastic-sea-finch,2081357955128053766,1761074920702787584,true,
2083800735419113916,1785652418547,cosmic-root-grackle,2083613740503613697,96015533,false,
2083800808332685350,1785651802511,diligent-brook-thrasher,2083687112038121611,1372638110912241665,true,true
2083800856407724286,1785651813972,celebrated-ocean-seagull,2083542768303866314,1844938812738371587,true,
2083801080278708243,1785651867347,humble-kiwi-lovebird,2083586802158358657,1885625149111578625,true,
2083801241759408183,1785651905848,zappy-winter-thicketbird,2083754922349380059,1786841191159681024,true,
2083801661747671189,1785652005980,cheery-nutmeg-towhee,2083448789285982547,46282367,true,
2083801935195308206,1785652071176,great-mountain-brushturkey,,,,
2083802015524892962,1785652258403,cosmic-root-grackle,2083529398771175783,3025872021,false,
2083802139265012020,1785652119830,colorful-trail-thicketbird,2082821561917354442,,true,
2083802286426329430,1785652154915,logical-sky-shearwater,2083299953737138443,302447523,false,false
2083802402939916337,1785652182694,zappy-winter-thicketbird,2083583292163477705,1996161846462881792,true,true
2083802449438240824,1785652355989,cosmic-root-grackle,2083764858055430417,1831403210440908801,false,
2083802642715718090,1785652347657,cosmic-root-grackle,2083092701369549097,698852106879504384,true,
2083802683094548789,1785652249488,wholesome-raspberry-stilt,2083713964874051921,1367209793686036482,true,
2083802691055309072,1785652251386,wholesome-raspberry-stilt,2083593074270220720,63863050,true,
2083802698785423784,1785652253230,wholesome-raspberry-stilt,2083344298108436521,1315509788797698051,true,
2083802703248105960,1785652254293,wholesome-raspberry-stilt,2083697045185986985,65400066,true,
2083802786320331169,1785652274099,neighborly-rhubarb-chickadee,2083613238000841193,25562342,true,
2083802919087022577,1785652305754,playful-tanoak-spoonbill,2083575436827631834,2080899616275365888,true,
2083803145415930125,1785652506752,cosmic-root-grackle,2083515141589540984,2009547872463925248,true,
2083803154613731806,1785652361907,diligent-brook-thrasher,2083487930128179278,1986457232889028609,true,
2083803270393352610,1785652389512,celebrated-ocean-seagull,,,,
2083804148236238985,1785652598806,inventive-lychee-swift,2083496047096262719,1896304548597379072,true,
2083804276493590682,1785652629384,cheery-nutmeg-towhee,2083776061427392764,1391715496005824513,true,
2083804513111032175,1785652685799,great-mountain-brushturkey,2083578677757940039,921477887169040384,true,
2083804742405197864,1785652740466,zappy-winter-thicketbird,2083494100104597828,15709520,true,
2083804781781389375,1785652749855,neighborly-rhubarb-chickadee,2083660923341013152,2022754934765256704,true,
2083804898768855220,1785652777746,diligent-brook-thrasher,,,,
2083804947775164578,1785652789431,neighborly-rhubarb-chickadee,2083722521275449778,256402505,true,
2083804989600809254,1785652799402,industrious-root-ostrich,2083352387117261131,961116889278795777,true,
2083805157502996803,1785652839434,blooming-petal-whistler,2083368436973871226,911650432942002176,true,
2083805387812397346,1785652894344,inquisitive-kelp-rooster,2083691474609397937,1469916575545556993,true,
2083805435186860298,1785652905639,celebrated-ocean-seagull,2083748471656333781,757922522562228226,true,
2083805437103685997,1785652906095,responsible-passionfruit-bunting,2083576858247860591,2043923337282199552,true,
2083805666741817569,1785653594214,cosmic-root-grackle,2082502753901777202,1845201156164763662,true,
2083806065796268464,1785653605251,cosmic-root-grackle,2083706464720580881,,true,
2083806170272440612,1785653268627,cosmic-root-grackle,2083667035976773644,880412538625810432,true,
2083806319719448738,1785653116527,sincere-apple-hillstar,2083658129611325838,,true,
2083806505904878053,1785653160918,cool-mist-crow,2083483594140606672,1338412668890226688,true,
2083806898927644837,1785653254621,generous-frost-bluejay,2083659373608362140,1413025697996546049,true,
2083806913767022862,1785653258159,cheery-nutmeg-towhee,,,,
2083807076980326821,1785653297072,notable-cherry-citril,2083674363799236671,,true,
2083807095741120528,1785653301546,independent-evergreen-chickadee,2083567073829990551,1655578713201811463,true,
2083807113659191698,1785653909166,cosmic-root-grackle,2083017774964564459,1367209793686036482,true,
2083807460561928263,1785653590435,cosmic-root-grackle,2083330600031936900,846411464885747712,true,
2083807570003996883,1785653414619,inspired-persimmon-flatbill,2083566639082312189,1229600073295618048,false,
2083807622159876543,1785653427053,adaptable-reef-sparrowhawk,2083419067583512820,1649432778998464512,true,
2083807758906740862,1785653459656,exuberant-pine-ostrich,2083598857829556232,938916988818280448,false,
2083807938171576447,1785653502396,poised-apple-flatbill,2083172741805682796,1185852871880802304,true,
2083807993829773604,1785653515667,great-mountain-brushturkey,2083509583977369728,1068116701588455424,true,
2083808360764461534,1785653603150,hypnotic-tigerwood-ostrich,2083540799938335121,159559782,true,false
2083808388127863247,1785653609674,zappy-winter-thicketbird,2083790484171076054,1699826115341348864,true,
2083808577454502287,1785653654813,neighborly-rhubarb-chickadee,,,,
2083808631095439786,1785653667603,diligent-brook-thrasher,2083503770462277822,2070056316421214208,true,
2083809103688646816,1785653780277,courteous-mint-nightjar,2083229277751799929,2044467340721475584,true,
2083809117097930765,1785653783474,celebrated-ocean-seagull,2083630097655857535,1956391993426554880,true,
2083809433600081924,1785653858934,cheery-nutmeg-towhee,2083741973777981827,1765214863453016064,true,
2083809520325636098,1785653879611,receptive-blueberry-whistler,2083481990041645083,,true,
2083809659526492441,1785653912799,motivational-lychee-cacholote,2083485746351235278,1675032714372870144,true,
2083809783677604137,1785653942399,electric-grassland-seabird,2083495503937810533,1809925244234424320,false,false
2083809788593418366,1785653943571,thoughtful-cloud-stilt,2083446999945461984,,true,
2083809895418085537,1785653969040,great-mountain-brushturkey,2083675751048712591,,true,true
2083809897611681844,1785653969563,diligent-brook-thrasher,2083675751048712591,,true,true
2083809932353085878,1785653977846,celebrated-ocean-seagull,,,,
2083810179611550017,1785654036797,zappy-winter-thicketbird,2083694061329010699,1448316882591883265,true,
2083810260788113613,1785654056152,awesome-pond-firetail,2083490741410500947,1860605680618520576,true,
2083810268367241417,1785654057958,brilliant-avocado-puffleg,2083503770462277822,2070056316421214208,true,
2083810306803875842,1785654067123,mellow-fir-grouse,2083805939833188689,1408101486412800000,true,
2083810352433930279,1785654250274,cosmic-root-grackle,2082655819657875858,44196397,false,
2083810598345683361,1785654136631,neighborly-rhubarb-chickadee,2083628682057245112,1467843136378527752,true,
2083810606344245494,1785654138538,stellar-tide-blackbird,2083618574216708283,2048514368778768384,true,
2083810830697533705,1785654192028,,2083492806719307969,2037768002569990144,true,
2083810914847867208,1785654212091,diligent-brook-thrasher,,,,
2083810928978509971,1785654215461,winged-peachtree-drongo,2083658499226054851,1341912381337776129,true,
2083810978429292807,1785654227250,celebrated-ocean-seagull,,,,
2083811053008257483,1785654245031,cheery-nutmeg-towhee,2083721314053865863,1041125573236535296,true,
2083811087518965952,1785654253260,smiley-fir-bluejay,2083112344532529163,38142665,true,true
2083811136059920723,1785654264833,entrancing-iceberg-condor,2083487448244396177,1844402104980455428,true,
2083811231920746957,1785654702486,cosmic-root-grackle,2083570378216018349,1772646381859049472,true,
2083811250631270834,1785654292148,soothing-redwood-heron,2083256545601536217,1151718067401121799,true,
2083811283514585576,1785654299989,adaptable-daylight-canary,2083742353081184428,166793593,false,
2083811571323830713,1785654368607,early-acorn-robin,2083734407526187300,,true,true
2083811641259421857,1785654385281,great-mountain-brushturkey,2083783902808961508,2055312342804545536,true,
2083811822780739820,1785654428559,suave-rhubarb-parakeet,2083208722193535345,1562038858988064768,true,true
2083811824835899437,1785655169022,cosmic-root-grackle,2083208722193535345,1562038858988064768,true,
2083812446293401954,1785654577217,cool-mist-crow,2083618700150865933,1969588562241994752,true,
2083812638413275169,1785654623021,tolerant-island-owl,2083483584577540442,,true,false
2083812736031506577,1785654646295,zappy-winter-thicketbird,2083791271659786636,1210098544842952705,true,
2083812882290987449,1785654681166,neighborly-rhubarb-chickadee,2083746356599177237,1855390087472893952,true,
2083812923189698962,1785654850518,cosmic-root-grackle,2083598017857196470,1383847413081722882,true,
2083812987958177821,1785654706360,entertaining-cliff-frigatebird,2083230064628686980,2764892677,true,
2083813774604046591,1785654893910,diligent-brook-thrasher,2083766068670050808,,true,
2083813792190992714,1785654898103,beautiful-honeydew-eagle,2083692041268260886,1039727570000994304,true,
2083813809140228485,1785654902144,merry-marble-crow,2083787770624200832,1912420134,true,
2083813947938111711,1785654935236,outstanding-sea-flatbill,2083552631130095814,4239551,false,
2083814077848019061,1785655147158,cosmic-root-grackle,2083212759311736940,3293406121,false,
2083814080771506503,1785654966907,dynamic-rock-whistler,2083617896387764522,1166180439356104704,true,
2083814442865746197,1785655053237,friendly-seawater-nighthawk,2053060519674655018,83559512,false,
2083814489393164338,1785655064329,tolerant-island-owl,2083620407991820414,,true,
2083814648390815941,1785655433758,cosmic-root-grackle,2083495503937810533,1809925244234424320,false,
2083814790498291883,1785655136118,tolerant-island-owl,2083738931896668424,891195860142379008,true,
2083814854897414601,1785655151473,gumptious-coast-macaw,2083584610420568429,2039054472727404544,true,
2083815049169424529,1785655197790,scholarly-pear-grassbird,2083376876924588269,226099676,true,
2083815163681968358,1785655225092,celebrated-ocean-seagull,2083661935921238515,,true,
2083815228534673828,1785655240554,early-acorn-robin,2083692675694465035,,true,
2083815317374222750,1785655261735,limber-juniper-friarbird,2083760879313862956,2068187547159908352,true,
2083815608378912942,1785655331117,enterprising-hillside-chickadee,2083761417694421278,1483506091925327879,true,
2083815911740391637,1785655403444,cheery-nutmeg-towhee,2083746052260458668,1069502738332033024,true,
2083815944808431998,1785655968549,cosmic-root-grackle,2083208722193535345,1562038858988064768,true,
2083816196395114515,1785655471311,logical-apple-hummingbird,2083194298237923607,457060718,true,
2083816315651867125,1785655499743,enthusiastic-roots-seagull,2083633732838187448,1463552247665680392,true,
2083816317375681004,1785655500154,sturdy-tree-crow,2083440309451833442,1342135083252105216,false,
2083816452658782678,1785655532408,exceptional-mist-magpie,2083667501851000868,889709533,true,true
2083816514697003213,1785655547199,peaceful-glacier-grosbeak,2083803971039474031,2075506257939804161,true,
2083816527539634367,1785655550261,expressive-moonlight-kingfisher,2083683569004663111,10671602,true,
2083816637484945502,1785655576474,mindful-papaya-grebe,2083655427661672579,1313464560695889923,true,
2083816771753021810,1785655608486,great-mountain-brushturkey,2083763469371764957,1605310254085980161,true,
2083817216492105867,1785655714520,glowing-nutmeg-sparrowhawk,2083668825858318390,1427724028308070416,true,
2083817428279013762,1785655765014,bookish-avocado-flameback,2083628684624425189,1592975103645581315,false,
2083817522998944001,1785655787597,zappy-winter-thicketbird,2083787328338698448,,true,
2083817548059980125,1785655793572,hardworking-cactus-crake,2083591962708377754,2014835430273761280,true,
2083817549989384566,1785655794032,amicable-sunlight-meadowlark,2083801675211436414,46224994,true,
2083817854185730551,1785655866559,early-acorn-robin,2083178024405725407,,true,
2083818041771761817,1785655911282,auspicious-sea-wren,2083524121183625362,1605166906398216192,true,
2083818272055603527,1785655966186,joyful-rain-parrot,2083222436481229262,,true,
2083818303534006782,1785655973691,beautiful-honeydew-eagle,2083506917851406773,1037908435939905536,true,
2083818311016501257,1785655975475,neighborly-rhubarb-chickadee,2083631181602378085,556633549,true,
2083818392314687599,1785655994858,diligent-brook-thrasher,,,,
2083818481376694395,1785656016092,trusting-fjord-quail,2083791271659786636,1210098544842952705,true,
2083818661878644932,1785656059127,astute-bonsai-junco,2083710633908818402,1843586969248641024,true,
2083818688008839370,1785656065358,celebrated-ocean-seagull,,,,
2083818694270996700,1785656066850,expressive-moonlight-kingfisher,2083640714685247925,77246513,true,
2083818893177438272,1785656114274,noble-peat-parakeet,2083791343512662274,1541362076,true,
2083819046110134428,1785656150734,sturdy-mulberry-finch,2082500788581240847,,true,
2083819087499588071,1785656160603,cheery-nutmeg-towhee,2083547553677603130,1858385856551419904,true,
2083819164267925728,1785656178907,great-mountain-brushturkey,2083571644346278095,1694751665893568525,true,
2083819362977280055,1785656226282,zappy-winter-thicketbird,2083749139179872371,1961966424122855424,true,
2083819473568477615,1785656252650,neighborly-rhubarb-chickadee,2083703397031477397,1934491358045130752,true,
2083819637653864738,1785656291770,diligent-brook-thrasher,,,,
2083819917170942226,1785656556280,cosmic-root-grackle,2083003384466985051,1221267837144195072,false,
2083820131348557885,1785656409476,celebrated-ocean-seagull,2083526288589877290,,true,
2083820142253969559,1785656412076,attentive-glacier-parrot,2083518716965200359,,true,
2083820152886337774,1785656414611,sincere-pecan-nighthawk,2083809626311602632,,true,
2083820210453189068,1785656428337,calm-walnut-myna,2083702483445313825,711224308131954691,true,
2083820747307298821,1785656740085,cosmic-root-grackle,2083003384466985051,1221267837144195072,false,
2083820878098255925,1785656587515,motivated-sea-pipit,2083301635233567064,167146152,true,
2083821106847179237,1785656642054,cheery-nutmeg-towhee,,,,
2083821108726313328,1785656642501,great-mountain-brushturkey,,,,
2083821298614947980,1785656687774,great-mountain-brushturkey,2083787279982834007,1370259486661767169,true,
2083821940372828360,1785656840782,matchless-avocado-curassow,2083613199148957874,,true,false
2083821987143602675,1785656851932,zappy-winter-thicketbird,2083561441550848208,2027843808139087875,true,
2083822032165257447,1785656862666,zappy-winter-thicketbird,,,,
2083822302332960795,1785656927079,neighborly-rhubarb-chickadee,2083655427661672579,1313464560695889923,true,true
2083822304778178966,1785656927662,diligent-brook-thrasher,2083655427661672579,1313464560695889923,true,true
2083822462022934865,1785656965152,early-acorn-robin,2081206685641871720,1806928577629483008,true,
2083822678994284622,1785657016882,hopeful-mulberry-bluebird,2083411241041821917,1627100420719120384,true,
2083822835839991886,1785657054278,approachable-oak-parakeet,2083612382736064748,96019137,true,
2083822922066530351,1785657074836,diligent-brook-thrasher,2083643984685973626,1937257380586147840,true,
2083822950017331672,1785657081500,hilarious-evergreen-flamingo,2083446631689548077,992729386574143488,true,
2083823151293571535,1785657129488,majestic-summer-flycatcher,2083582999967289791,1262895820204056578,true,
2083823241655730299,1785657151032,celebrated-ocean-seagull,2083789275884351510,1739689285794836480,true,
2083823523055779970,1785657218122,charismatic-garden-tern,2083762683820568863,722424513812631553,true,
2083823966762750331,1785657323910,gleeful-rock-albatross,2083606337150181602,1552439605198069760,true,
2083824072085922228,1785657349021,cheery-nutmeg-towhee,,,,
2083825523705127126,1785657695115,fashionable-ocean-tailorbird,2083161531554947580,217930695,true,
2083825691175309638,1785657735042,gregarious-citrus-hawk,2083707411743785269,1992533020721795072,true,
2083825738512474575,1785657746328,aquatic-field-nightjar,2083758435217379546,1678707602606395393,true,
2083825831852356094,1785657768582,great-mountain-brushturkey,2083583200782393808,1535427768703275008,true,
2083825926723244536,1785657938900,cosmic-root-grackle,2083667035976773644,880412538625810432,false,
2083825949045342431,1785657796523,positive-kiwi-thicketbird,2083315658448568755,225288825,false,
2083826034638524639,1785657816930,precious-cactus-whistler,2083690985549128189,844332836979167233,true,
2083826119346737648,1785657837126,wholesome-raspberry-stilt,2083322538508062848,1695181896236359680,true,
2083826128184074453,1785657839233,wholesome-raspberry-stilt,2083701446328070278,1815531453033422848,true,
2083826135838687251,1785657841058,wholesome-raspberry-stilt,2083652296085250451,1528943647185678336,true,
2083826142469890477,1785657842639,wholesome-raspberry-stilt,2083623493430591694,958695000010821632,true,
2083826147578564992,1785657843857,wholesome-raspberry-stilt,2083629311937122567,1790248093696290816,true,true
2083826151806451830,1785657844865,wholesome-raspberry-stilt,2083632096371970269,,true,
2083826234237370454,1785657864518,enlightened-raspberry-leaflove,2083388803545481712,94701166,true,
2083826587586478574,1785657948763,enlightened-apricot-bushlark,2083727530096566561,1564994200856236032,true,
2083826787088220653,1785657996328,zappy-winter-thicketbird,2083749660326322361,1697777345417863168,true,
2083826798580883874,1785657999069,intellectual-cliff-sandpiper,2083517234438377907,1251824880967774208,true,
2083826893787111704,1785658021767,neighborly-rhubarb-chickadee,2083702178666168629,199268588,true,
2083826974930383115,1785658242163,cosmic-root-grackle,2083599127728820229,2162812627,true,
2083826989090091008,1785658044489,diligent-brook-thrasher,,,,
2083827010426536403,1785658049576,flexible-pineapple-puffin,2083489420670353558,83370217,true,true
2083827105624715763,1785658072273,diligent-roots-firefinch,2083489420670353558,83370217,true,true
2083827209626849491,1785658097069,wise-rainforest-rooster,2083534264533127299,1926485085055844353,true,
2083827406918557865,1785658144107,enthralling-marble-nighthawk,2083617442937610579,1636695577491836930,true,
2083827742605209812,1785658768590,cosmic-root-grackle,2082118072694128901,2001895736561328129,true,
2083827936600441231,1785658270393,caring-twig-lory,2083748846220497128,256889689,true,
2083828260022935716,1785658347504,doughty-peanut-lory,2083543993812480438,1714633928768696321,true,
2083828519075983602,1785658409266,meticulous-winter-quail,2083516448299995499,2069282415500312576,true,
2083828624294367377,1785658434352,suave-rhubarb-parakeet,2083746356599177237,1855390087472893952,true,
2083828669076648274,1785658445030,inspired-rainforest-ibis,2083825657809698831,427607370,true,
2083828720876290454,1785658457379,shrewd-sapling-owl,2083452097685549502,2886307114,true,
2083828825486483543,1785658482320,celebrated-ocean-seagull,2083803971039474031,2075506257939804161,true,
2083829598576341502,1785658666639,celebrated-ocean-seagull,2083644726247301142,8721292,true,true
2083829688380592513,1785658688050,cheery-nutmeg-towhee,2083680826626314303,2053453749889220609,true,true
2083829897210826917,1785658737839,great-mountain-brushturkey,2083737447104414144,960526081521541120,true,
2083829954005836017,1785658751380,kinetic-avocado-softbill,2077677872756523393,91354158,true,
2083830242905412088,1785658820259,zappy-winter-thicketbird,2083770492222071076,1950688943072002048,true,
2083830295271223738,1785658832745,stunning-peach-swamphen,2083757572272652400,33857883,false,
2083830502549864539,1785658882164,majestic-sequoia-eagle,2083605726845448577,951576925138333698,false,
2083830826333045109,1785658959359,neighborly-rhubarb-chickadee,2083585718698541512,,true,
2083830971678515225,1785658994012,determined-marble-penguin,2083822153963798599,2586675588,true,
2083831174099611770,1785659042274,diligent-brook-thrasher,2083829287581331554,1375698604334153729,true,true
2083831301287629062,1785659072597,musical-rain-cockatoo,,,,
2083831318274621565,1785659076648,inspired-rainforest-ibis,2083565112086982948,524553804,true,
2083831543236001961,1785659275445,cosmic-root-grackle,2083560439405772881,1985422681265881088,true,
2083831595811684523,1785659142817,engaging-winter-finch,2083813092979311034,83867604,true,
2083831755698491561,1785659180937,courteous-kiwi-tinamou,2083508710123409732,215792549,false,false
2083831771746214264,1785659184763,exceptional-passionfruit-kookaburra,2083420892680671508,130429386,true,
2083832139091521715,1785659272346,breathtaking-coconut-fantail,2083701766554587459,1505266314486562816,true,
2083832325750894987,1785659316849,tough-pistachio-kookaburra,2083566017071215064,18446851,true,
2083832701107208401,1785659406341,optimistic-autumn-penguin,2083713137652433263,452540168,true,false
2083832727917285755,1785659412733,celebrated-ocean-seagull,2083699808066543945,1583871458962726912,true,
2083832772511060291,1785659423364,doughty-peanut-lory,2083575339473645823,1874492187070615552,true,
2083832777179353577,1785659424477,friendly-mango-jay,2082608704256450762,,true,
2083833162195451986,1785659516273,cheery-nutmeg-towhee,2083667217846251678,17594326,true,
2083833182768546173,1785659521177,great-mountain-brushturkey,2083478832497983580,1853776254077440000,true,
2083833207414194429,1785659527053,fast-nectarine-mockingbird,2083613955088646534,2063547270730313728,true,
2083833254692413771,1785659538326,rational-park-turkey,2083661800323621046,1555501700840132608,true,false
2083833343985033588,1785659559615,zappy-winter-thicketbird,2083442040759603615,2480703274,true,
2083833443423559800,1785659583322,neighborly-rhubarb-chickadee,2083705328084885713,1746694144829927424,true,
2083833646817988956,1785659631815,cheery-nutmeg-towhee,2083737303487279214,542962969,true,
2083833724773212183,1785659650401,sociable-grassland-peafowl,2083716461541863466,1903952763790462977,true,
2083833928721543337,1785659699026,jazzy-sky-woodpecker,2083271348613222807,1586923432968654848,true,
2083834005804241330,1785659717404,great-mountain-brushturkey,2083575048133353589,1968552689257807872,true,
2083834083574960545,1785659735946,eloquent-avocado-nighthawk,2083617287890698739,1481616560150265856,true,
2083834496286064996,1785659834344,fast-nectarine-mockingbird,2083776721493610940,1148241891936223232,true,
2083834635981611453,1785659867651,enthusiastic-sea-finch,2083747933959147590,1177909833372196869,true,
2083834723466444989,1785659888508,diligent-brook-thrasher,2083747866523099371,836600441932636160,true,
2083834767263306152,1785659898950,celebrated-ocean-seagull,,,,
2083834878311763979,1785659925426,cheery-nutmeg-towhee,2083806494844166595,1617251418938789894,true,
2083835104309174608,1785660152464,cosmic-root-grackle,2082093794078425162,117777690,false,
2083835115864486372,1785659982063,zappy-winter-thicketbird,,,,
2083835118074876242,1785659982590,great-mountain-brushturkey,,,,
2083835131685470378,1785659985835,zappy-winter-thicketbird,2083745463228936334,1830628828386840577,true,
2083835194709053746,1785660000862,beautiful-grove-skylark,2083604727158239611,2011338420317274112,true,
2083835271569678539,1785660019186,active-samba-puffbird,2083508042449260815,1926349511812677633,true,
2083835387433152602,1785660046810,benevolent-glacier-waterfowl,2083063398426951877,1600295791,true,
2083835475274473616,1785660067753,neighborly-rhubarb-chickadee,2083754165852127577,1222867532178051074,true,
2083836097163882928,1785660216024,diligent-brook-thrasher,2083584610420568429,2039054472727404544,true,
2083836144379146267,1785660227280,neighborly-rhubarb-chickadee,,,,
2083836386956726378,1785660285115,diligent-brook-thrasher,2083832676264599790,3324689194,true,
2083836658424709370,1785660349838,celebrated-ocean-seagull,2083544372834979978,257332880,true,
2083836812921839768,1785660386673,thriving-eucalyptus-warbler,2083462638558667188,27716419,true,true
2083836844576489551,1785660394221,jazzy-sky-woodpecker,2083507693936095538,1116612139,true,
2083837220994048253,1785660483965,celebrated-ocean-seagull,2083683067068109215,2047562083948990464,true,true
2083837900911747518,1785660646071,worthy-elm-chickadee,2082521301554495553,1802489433884602368,true,
2083837927952367687,1785660652518,ecstatic-root-songbird,2083633968377917725,914137592987340800,true,
2083838176561394041,1785660711790,cheery-nutmeg-towhee,2083602866300764516,1338076510247395328,true,
2083838276817858704,1785660735693,great-mountain-brushturkey,2083802737326674192,38395124,true,true
2083838320178585948,1785660746031,zappy-winter-thicketbird,2083800272120291561,819215747830390784,true,
2083838367251185738,1785660757254,cheery-nutmeg-towhee,2083587611377934618,1735515739677741058,true,
2083838446917853597,1785660776248,neighborly-rhubarb-chickadee,2083719017915695243,537663674,true,
2083838555193799130,1785660802063,pleasant-earth-spoonbill,2083819421793951891,2416067982,true,
2083838669601882517,1785660829340,great-mountain-brushturkey,2083791672001823079,1215450575439040513,true,
2083839362945503561,1785660994646,diligent-brook-thrasher,2083611214735888737,2080889157916704768,true,true
2083839385976345033,1785661000137,gregarious-mountain-albatross,2082848433753276428,1857926253438783488,true,
2083839396592451724,1785661002668,nestling-birch-softbill,2083651007461101828,1478354300,true,
2083839487935742239,1785661024446,loyal-jacaranda-curassow,2083661547772244378,1169664359628509184,true,
2083839915977224595,1785661807208,cosmic-root-grackle,2083546936066334834,592305057,false,
2083840154800697490,1785661183440,talented-lowland-tinamou,2083176076654592403,1542228578,true,
2083840590257533043,1785661287261,celebrated-ocean-seagull,2083810292237218146,319774010,true,true
2083840675573813338,1785661307602,cheery-nutmeg-towhee,2083532119771332663,285699246,true,
2083840698923495493,1785661313168,great-mountain-brushturkey,2083801475059490997,1644425579498983425,true,
2083840727079862727,1785661319882,zappy-winter-thicketbird,2083824638623162571,,true,
2083840732712911244,1785661321225,wonderful-hazelnut-mousebird,2083567073829990551,1655578713201811463,false,
2083840809598648816,1785661339555,neighborly-rhubarb-chickadee,2083659033689420117,1926191347,true,
2083840956676092210,1785661374621,joyful-hillside-catbird,2083640068376314184,1169661942354587651,true,
2083840970974720070,1785661378030,easygoing-island-parrotlet,2083624605646794912,1248645289977745410,true,
2083841072300777819,1785661402188,invigorated-kiwi-stilt,2083489817338515550,1989963597108449284,true,
2083841167217885560,1785661424818,cool-mist-crow,2083485731092418971,1646042520391155713,true,
2083841437465010642,1785661489250,focused-woodland-citril,2083658499226054851,1341912381337776129,false,
2083841438769631565,1785661489561,curious-water-jay,2083763404406407600,3343131,true,
2083841529907441743,1785661511291,inspired-rainforest-ibis,2083839884742025283,2365378849,true,
2083841838968889780,1785661584976,diligent-brook-thrasher,,,,false
2083841979771990287,1785661618546,supreme-seedling-blackbird,2082798598245540109,,true,
2083842042849787916,1785661633585,witty-peachtree-tailorbird,2083819782738980924,73623921,true,
2083842122055123266,1785661652469,celebrated-ocean-seagull,2083810741199511979,1216696257093296129,true,
2083842267517792296,1785661687150,ingenious-desert-parakeet,2083801801283846608,1722014154322575360,true,
2083842311180722257,1785661697560,sincere-apple-hillstar,2083672475468984626,1862253132337545216,true,
2083842785891733540,1785661810740,respectful-winter-egret,2083673034918158739,2249073306,true,
2083842812806864948,1785661817157,intelligent-evergreen-ostrich,2083837167399518328,2075506257939804161,true,
2083842907467874618,1785661839726,cheery-nutmeg-towhee,2083831433253007871,1969010035239063552,true,
2083843108391768454,1785661887631,great-mountain-brushturkey,2083824131750162762,,true,
2083843202151329829,1785661909985,calm-wildflower-grackle,2083141327764554138,288263710,true,
2083843284560969809,1785661929632,calm-wildflower-grackle,2082943823785664921,1548656278783901696,true,
2083843341922259262,1785662079482,cosmic-root-grackle,2083375592020320503,1607756844822417412,false,
2083843484704788762,1785661977351,relatable-pineapple-lory,2076564609214107734,1648857343780847616,true,
2083843835168223317,1785662060907,zappy-winter-thicketbird,2083760952671891515,71252317,true,
2083843848699072770,1785662064133,calm-wildflower-grackle,2083561421976047885,1822294856074493952,true,
2083844280456524122,1785662167073,kind-roots-curassow,2083768906338951647,902293514779860992,true,
2083844363533046043,1785662351140,cosmic-root-grackle,2083138143662850499,80802900,false,
2083844671185588486,1785662260229,tectonic-sapling-treepie,2080135323284340959,2009570634582700033,true,
2083844787686224275,1785662288005,resourceful-cloud-petrel,2083583080640512279,1311287143977889800,true,
2083844822884864295,1785662296398,neighborly-rhubarb-chickadee,,,,
2083844878853718168,1785662309741,unique-water-seagull,2083245939255361599,308367619,false,
2083844907081355672,1785662316471,entertaining-moon-quetzal,2083523816165118130,537403611,false,
2083845167946084401,1785662378667,diligent-brook-thrasher,2083530431039721476,266113057,true,
2083845169267314976,1785662378981,frank-watermelon-cardinal,2083537156329574439,1794782726840561664,true,
2083845377963217007,1785662428738,calm-wildflower-grackle,2082970793013612983,1246214295450456066,true,
2083845448108843138,1785662445462,empowered-jacaranda-hoopoe,2083247461250777499,405996527,true,
2083845604828946481,1785662482827,calm-wildflower-grackle,2083126123521601827,73818244,true,
2083845609556205704,1785662483955,winning-tree-cotinga,2083447708992307681,21537504,true,
2083845754297414110,1785662518464,elegant-juniper-swamphen,2083734826872672668,727557901,false,
2083846032811565227,1785662584867,smart-dogwood-crimsonwing,2083638144126099569,577421637,true,true
2083846045511876854,1785662587894,zappy-winter-thicketbird,,,,
2083846086871986485,1785662597755,strong-lime-wigeon,2083519092586430536,1008233849774460928,true,
2083846250944659852,1785662636873,neighborly-rhubarb-chickadee,2083737447104414144,960526081521541120,true,
2083846298751369628,1785662648271,uplifting-root-shorebird,2083815961929351639,1392864463204782082,true,
2083846436471402719,1785662681107,adept-lagoon-pipit,2083816608103825813,2868890507,true,
2083846584106684738,1785662716305,courteous-kelp-bushlark,2083647725350883335,78681704,true,
2083846634044096549,1785662728211,diligent-brook-thrasher,2083460868151632179,927652440,true,
2083846853087445341,1785662780435,celebrated-ocean-seagull,2083560812543684794,1654590447438667780,true,
2083846859571781829,1785662781981,cheery-nutmeg-towhee,2083739216773591071,1786938591441997824,true,
2083846893692469529,1785662790116,great-mountain-brushturkey,,,,
2083846988982837395,1785662812835,celebrated-ocean-seagull,2083585718698541512,,true,
2083847089524465865,1785662836806,zappy-winter-thicketbird,2083516186109563307,2883624930,true,
2083847174379512057,1785662857037,neighborly-rhubarb-chickadee,2083727017837822363,1531156031866572800,true,
2083847200287629539,1785662863214,straightforward-banana-flycatcher,2083686004263723052,1571635652,true,
2083847238736863677,1785662872381,rational-granite-stilt,2083590571545751726,25356462,false,
2083847386531504633,1785662907618,cheery-nutmeg-towhee,,,,
2083847458799395062,1785663104912,cosmic-root-grackle,2082496305176154147,1879644163769335808,false,
2083847513946419317,1785662937996,inventive-beech-ibis,2083111476458619285,895594136970985473,false,
2083847536620507166,1785662943402,pleasant-lime-puffbird,2083778016392724951,2293025119,true,
2083848098812481611,1785663077439,diligent-brook-thrasher,2083687406205587507,1720640029,true,
2083848329373397017,1785663132409,celebrated-ocean-seagull,2083824333198381396,1711622907221446656,true,true
2083848331776905614,1785663132982,zesty-glacier-recurvebill,2083799731353121253,750759915774291969,true,
2083848355910701344,1785663138736,cheery-nutmeg-towhee,2083777109466505713,782072075792093184,true,
2083848502522609680,1785663173691,great-mountain-brushturkey,2083682213195874777,2036784443344523264,true,
2083848504682647621,1785663174206,zappy-winter-thicketbird,2083682213195874777,2036784443344523264,true,
2083848726808813583,1785663227166,neighborly-rhubarb-chickadee,2083535787585323275,1313562171335487493,true,
2083848800297529411,1785663244687,prudent-coral-flowerpecker,2083708729044959234,1645940665057148929,true,true
2083849371213562093,1785663380803,superb-seawater-lovebird,2083741973777981827,1765214863453016064,false,
2083849497281499626,1785663410860,fantastic-woodland-duck,2083281795567534578,2027790138198409216,true,
2083849565715710440,1785663427176,diligent-brook-thrasher,2083472174086582722,1880268569298235398,true,
2083849661765255490,1785663450076,lucent-oak-catbird,2083612186820145514,1727977718115913729,true,
2083849839691944097,1785663492497,celebrated-ocean-seagull,2083554132921647303,783402384357724160,true,
2083849859208040642,1785663497151,cheery-nutmeg-towhee,,,,
2083850016255361513,1785663534593,early-lake-flameback,2083557308328497258,1754774307970916352,true,
2083850168856719856,1785663570976,cheery-nutmeg-towhee,2083824196275102181,2017890939465789440,true,
2083850262721028526,1785663593356,great-mountain-brushturkey,2083776448922361991,1319012126921543680,true,
2083850356371394852,1785663615683,authentic-snow-pitohui,2083319075246076150,,true,
2083850364495761713,1785663617620,zappy-winter-thicketbird,2083787181764620566,1808674115722825728,true,
2083850403095941565,1785663758904,cosmic-root-grackle,2083214669230100809,,true,
2083850432556810697,1785663633848,active-coconut-blackbird,2083659037200056774,3319695471,true,true
2083850489662423293,1785663647462,noble-sandalwood-flameback,2083757932404224238,1918642089438699520,true,
2083850612165226954,1785663676669,neighborly-rhubarb-chickadee,2083692912525856814,,true,
2083850633573281980,1785663681774,convivial-blossom-penguin,2083808888886030838,1648497870818136065,true,
2083850637310136342,1785663682665,,2083517047988715744,1347476208703909888,true,
2083850660051648923,1785663688086,matchless-lake-skimmer,2083538243924959461,2049325768619053056,false,
2083850967372492812,1785663761357,composed-glacier-puffbird,2083573399838691702,299699383,true,
2083851006924742660,1785663770788,diligent-brook-thrasher,2083828688722739263,3129095509,true,
2083851027196060003,1785663775621,tranquil-pomegranate-anhinga,2083843931243217308,445118770,true,
2083851030899368346,1785663776503,celebrated-ocean-seagull,2083618412261974378,,true,
2083851042119426469,1785663779178,thrilled-star-lovebird,2083715866475282501,1267701478522679297,true,
2083851142686032346,1785663803155,fancy-rain-duck,2083697351110365184,1204436510,true,
2083851142769815726,1785663803175,hardworking-mulberry-shearwater,2083799315789513146,1274060173112496129,true,true
2083851143264764219,1785663803293,cheery-nutmeg-towhee,,,,
2083851157047300549,1785663806579,great-mountain-brushturkey,2083827425314807902,1620053921673920513,true,
2083851317882097789,1785663844925,safe-rain-lark,2083326848151208439,1648676310120558596,true,
2083851439001206810,1785664073728,cosmic-root-grackle,2083784566507294927,37034483,false,
2083851950748037226,1785663995813,thrilled-star-lovebird,2083678834596131325,,true,
2083851971409408422,1785664000738,hilarious-chestnut-grosbeak,2083697828375793953,2075142971712786433,true,
2083852417569837285,1785664107111,zappy-winter-thicketbird,,,,
2083852428588294295,1785664109738,considerate-wildflower-osprey,2083743030717132975,3044772544,true,
2083852960828637221,1785664236635,suave-rainforest-songlark,2083852104582746122,36969785,true,
2083853002239021461,1785664246507,neighborly-rhubarb-chickadee,2083825113389216081,109065990,true,
2083853019888980331,1785664250715,miraculous-tide-wren,2082416104723644580,,true,
2083853182120178013,1785664289394,transcendent-papaya-peacock,2083811175007916118,983072740289728512,true,
2083853190160695564,1785664291311,diligent-brook-thrasher,2083771539951063274,1482982770913976324,true,
2083853560509612053,1785664891524,cosmic-root-grackle,2083326848151208439,1648676310120558596,true,
2083853572308091372,1785664382423,relatable-pineapple-lory,2075134355694129199,1946822772,true,
2083853933357760675,1785664468503,agreeable-conifer-flamingo,2083063398426951877,1600295791,true,
2083853934293057927,1785664468726,celebrated-ocean-seagull,2083796287284289783,2274592214,true,
2083853985060884491,1785664480831,majestic-water-bushlark,2083679875668251032,1874492187070615552,true,
2083854287264727087,1785664552881,cheery-nutmeg-towhee,2083652243442540547,1334473363184553986,true,
2083854419796332636,1785664584479,congenial-samba-bunting,2083558155275968819,1671105610312478720,false,
2083854486490022250,1785664600380,great-mountain-brushturkey,2083409494403612866,1323290841398439937,true,
2083854763003687211,1785664666306,great-mountain-brushturkey,2083835344839938329,1123143752984477696,true,
2083854940296937704,1785664708576,zappy-winter-thicketbird,,,,
2083855168487972944,1785664762981,calm-watermelon-duck,2083492490678571348,130537001,true,
2083855251434566120,1785664782758,neighborly-rhubarb-chickadee,2083434215216173187,160926993,true,
2083855311467675675,1785664797070,zappy-winter-thicketbird,2083677496910676377,760117147901300736,true,
2083855425670193433,1785665531424,cosmic-root-grackle,2083630089489600943,,true,
2083856087959081437,1785664982200,diligent-brook-thrasher,2083641571954618772,2883624930,true,
2083856091914674629,1785664983143,logical-sunlight-motmot,2083212012742754316,,true,
2083856209845604484,1785665011260,celebrated-ocean-seagull,2083789076533010744,1675068106933256192,true,
2083856229068058636,1785665015843,cheery-nutmeg-towhee,,,,
2083856314887975053,1785665036305,easygoing-island-parrotlet,2083177530287353961,1794782726840561664,true,
2083856323285000218,1785665038306,trusting-fjord-quail,2083771539951063274,1482982770913976324,true,
2083856399537201408,1785665056486,great-mountain-brushturkey,2083646212620845153,949112803176022018,true,
2083856626058952743,1785665110494,zappy-winter-thicketbird,,,,
2083856706707365927,1785665129722,lucky-woodland-turkey,2083546859419930758,827526090130272256,true,
2083856739259019463,1785665137482,lovely-canopy-penguin,2083548035909312661,15748165,true,
2083856762889793919,1785665143117,doughty-peanut-lory,2083505198610202683,1072300501,true,
2083856900706226656,1785665175975,humorous-lemon-spoonbill,2083223918706335829,1748053598552969216,true,
2083856932759031982,1785665183616,smart-ocean-meadowlark,2083482216374419795,314070500,true,
2083857016875835722,1785665203672,zesty-hillside-bullfinch,2083559175758524736,,true,
2083857074958533064,1785665217519,steady-almond-sparrow,2083014227778838715,333923305,false,
2083857287513293009,1785665268197,mannerly-iceberg-magpie,2083600188782915936,2027843808139087875,true,
2083857300482335084,1785665271288,radiant-desert-goshawk,2083846139049345262,1306433450618941442,true,
2083857550152183923,1785665330814,fast-apricot-condor,2083791079346692337,92081306,true,
2083857699817562361,1785665366497,wholesome-dogwood-hoopoe,2083482389330981300,,true,
2083857819145752876,1785665394948,lucky-pecan-catbird,2083534963924730004,1523192114548383744,true,
2083858017779356059,1785665600686,cosmic-root-grackle,2083837703406452780,,true,
2083858368041562147,1785665525815,neighborly-rhubarb-chickadee,,,,
2083858436614230332,1785665542163,fancy-rain-duck,2083502351344714068,1808073821150187520,true,
2083858598875001189,1785665580849,cherished-lake-bushlark,2083505727642186083,2054125952196866048,true,
2083858814651039750,1785665632294,,2083825113389216081,109065990,true,true
2083858867663122632,1785665773234,cosmic-root-grackle,2083498201617711532,,false,
2083858938156786166,1785666258850,cosmic-root-grackle,2083700840410296738,1375864198417223683,false,
2083859096537637167,1785665699501,exquisite-oak-eagle,2083676087687471444,1758572646801813504,true,false
2083859213571297352,1785665727404,zappy-winter-thicketbird,2083632116982555029,2027843808139087875,true,
2083859273755275666,1785665741753,neighborly-rhubarb-chickadee,,,,
2083859368206864817,1785665764273,cheery-nutmeg-towhee,2083742483285168606,1457884439586144256,true,
2083859697988149292,1785665842898,great-mountain-brushturkey,2083851525449719908,1544085788115312642,true,
2083859711808397614,1785665846193,tectonic-seashore-motmot,2083587497636847790,,true,
2083859722323841418,1785665961393,cosmic-root-grackle,2083723920050450586,601535938,true,
2083859780414718162,1785665862551,zappy-winter-thicketbird,2083857368790536235,930453075457921029,true,
2083859964796268585,1785665906510,majestic-coast-cockatoo,2083567764648673499,130557513,true,
2083859996127957453,1785665913980,phenomenal-bamboo-hawk,2083577626745020724,1549746186772430849,true,
2083860069783925043,1785665931541,bountiful-roots-thrasher,2083487981617238066,959715241176203265,true,
2083860160888332599,1785665953262,incredible-strawberry-motmot,2083613298482688157,1730911699920703488,true,
2083860220522954878,1785665967480,gracious-conifer-meadowlark,2083568061882195978,1727836614993346560,true,
2083860224541127114,1785665968438,neighborly-rhubarb-chickadee,,,,
2083860268879143319,1785665979009,amusing-fig-eagle,2083515953162101115,22615655,true,
2083860295781421233,1785665985423,upbeat-blueberry-flatbill,2083305730971742643,1964519637905002505,true,
2083860363184087054,1785666001493,blazing-reef-seabird,2083734533833396675,2044414907349700610,true,
2083860417139429673,1785666014358,logical-sunlight-motmot,2083522025168232789,987174036164591617,true,
2083860667224699010,1785666073982,diligent-brook-thrasher,2083846872909955374,2828212668,true,
2083860810275647530,1785666108088,cozy-petal-gull,2083816619965292663,4481882014,true,
2083860938114150444,1785666138568,attentive-glacier-parrot,2083253474829975684,,true,
2083861313336271250,1785666228028,lovable-blueberry-spurfowl,2083748270434902463,2080725844482555904,true,
2083861363324010611,1785666239945,celebrated-ocean-seagull,2083837703406452780,,true,
2083861429837615244,1785666255803,thorough-sunlight-pelican,2082441005413093757,1848682203993280514,true,
2083861535131132155,1785666485835,cosmic-root-grackle,2083835915428876612,485145852,true,
2083861724575215693,1785666326075,philosophical-foothill-egret,2083650511253938297,64272715,true,
2083861855399743552,1785666357265,responsible-glacier-woodpecker,2083778064320758229,1169620189836697600,true,
2083861982784933936,1785666387637,neighborly-rhubarb-chickadee,2083638144126099569,577421637,true,true
2083862067920929089,1785666407934,alpine-jacaranda-swan,2083676087687471444,1758572646801813504,false,
2083862505978212386,1785666512375,cheery-nutmeg-towhee,2083742129751461953,144772375,true,true
2083862556385378751,1785666719864,cosmic-root-grackle,2083615000120471856,1855813699413696512,false,
2083862587658158450,1785666531850,great-mountain-brushturkey,2083532879834083544,,true,
2083862589734301859,1785666532344,diligent-brook-thrasher,2083532879834083544,,true,
2083862701151809853,1785666558909,mindful-frost-swan,2083350070389317671,,true,
2083862868441899066,1785666829031,cosmic-root-grackle,2083734751286886693,174751002,false,
2083863054148641089,1785666643070,eccentric-eucalyptus-puffleg,2083214287808430093,841252693968605184,true,
2083863057239769486,1785666643806,nimble-peachtree-thrush,1996082068535783899,,false,
2083863195421155407,1785666866952,cosmic-root-grackle,2083136121949839560,1621554777191481345,false,
2083863246088384707,1785666688832,curious-raisin-lorikeet,2083477847151411521,1138842105856573445,true,
2083863628399157750,1785666779981,zappy-winter-thicketbird,2083837167399518328,2075506257939804161,true,
2083864126162386958,1785666898657,celebrated-basswood-kingfisher,2083658230522143048,1593290246497640449,true,
2083864162162118956,1785666907240,cordial-rain-crane,2083634872191746191,416362294,true,
2083864221071167924,1785666921286,lively-bamboo-jay,2083843284548427938,858074831182581761,true,
2083864425186926979,1785666969950,contemporary-cactus-lovebird,2083726741890052215,2054470169007652864,true,
2083864702061621553,1785667035962,hardworking-blossom-owl,2082708421099577506,1434432399572488192,true,
2083864876536004806,1785667077561,neighborly-rhubarb-chickadee,2083817390807097441,1104311159203790849,true,
2083864903195017520,1785667083916,botanical-spring-emu,2083801801283846608,1722014154322575360,false,
2083865303977767120,1785667179470,hardworking-blossom-owl,2083370941875425661,1240532144952229888,true,
2083865439617343706,1785667211810,invigorated-spruce-sandpiper,2082017279253123175,319774010,true,
2083865743506976835,1785667284264,centered-aspen-cotinga,2083560678179135830,15412900,true,
2083865786611896682,1785667294540,wholesome-raspberry-stilt,2083632184338829368,476199422,true,true
2083865797181493680,1785667297059,wholesome-raspberry-stilt,2083832676264599790,3324689194,true,
2083866294177128944,1785667415552,diligent-brook-thrasher,2083833663901376874,2068257256685342720,true,
2083866335512015041,1785667425407,bright-earth-flameback,2083168457487491460,,true,
2083866437756547552,1785667449784,hypersonic-cactus-waterfowl,2083624758785040500,1470421550360899588,true,
2083866521139401013,1785667469664,musical-acorn-grebe,2083825612758675719,1314518050679541762,true,
2083867366195347887,1785667671142,tectonic-sapling-treepie,2083835915428876612,485145852,true,
2083867718919348645,1785667755237,contemporary-cactus-lovebird,1935171190827667641,,true,
2083867814289453217,1785667777976,celebrated-ocean-seagull,2083493382307910130,1875445929018290176,true,
2083868072431997315,1785667839521,crafty-lemon-wigeon,2083757274527326431,1616289160964218880,true,
2083868346462712028,1785667904856,celebrated-basswood-kingfisher,2083787981719040439,1929716853280063488,true,
2083868397624815810,1785667917054,remarkable-samba-peacock,2083366522714517657,1022660824907825153,true,
2083868440503222759,1785667927276,celebrated-ocean-seagull,2083793036107252092,,true,
2083868570161762726,1785667958189,composed-beech-cardinal,2083827088558047325,783245916581011456,true,
2083868683852710158,1785667985295,melodious-raspberry-songbird,2083421303349146107,1866429427875536897,true,
2083868745689162080,1785668000038,cheery-nutmeg-towhee,2083541340344959002,1555120861405118464,true,
2083868875754524994,1785668031049,great-mountain-brushturkey,2083843398469849180,1039497240476360704,true,
2083869016108527709,1785668064511,zappy-winter-thicketbird,2083807157938511906,80820758,true,
2083869349803446526,1785668808062,cosmic-root-grackle,2083208722193535345,1562038858988064768,true,
2083869644557848664,1785668214345,fearless-ocean-stilt,2083452097685549502,2886307114,false,
2083869874103689594,1785668269074,breathtaking-roots-falcon,2083567073829990551,1655578713201811463,true,
2083869946501632251,1785668286334,neighborly-rhubarb-chickadee,2083867373036282030,148931828,true,
2083870125468406049,1785668329003,cheery-nutmeg-towhee,2083782723768832456,1775830657245007872,true,
2083870208653930697,1785668348836,diligent-brook-thrasher,2083741985630752937,511976468,true,
2083870365965512735,1785668386342,unique-valley-myna,2083398088052326783,1350286916403556353,true,
2083870472375017728,1785668411713,great-mountain-brushturkey,2083853602716598325,1608009208091316224,true,
2083870529434316942,1785668425316,celebrated-ocean-seagull,2083787993878233530,436677460,true,
2083870667699609707,1785668458281,magnetic-lowland-treerunner,2083683569004663111,10671602,true,
2083871048253034744,1785668549012,great-mountain-brushturkey,2083794516574982528,1961363997581873152,true,
2083871203295404423,1785668585977,worldly-passionfruit-lark,2083567577721139548,,true,
2083871222127890477,1785668590468,wholesome-raspberry-stilt,2083598049692324093,1686901686185721857,true,
2083871231489532215,1785668592699,wholesome-raspberry-stilt,2083353526164471977,780460754910732288,true,
2083871236736569510,1785668593951,wholesome-raspberry-stilt,2083560812543684794,1654590447438667780,true,
2083871246333186171,1785668596238,wholesome-raspberry-stilt,2083495350288195925,1767789515329118208,true,
2083871254830813542,1785668598264,zappy-winter-thicketbird,2083743587506995564,,true,
2083871378785058939,1785668627817,neighborly-rhubarb-chickadee,2083854122374115706,1044989777379020800,true,
2083871492492947614,1785668795671,cosmic-root-grackle,2083566317873803394,1935542219278286848,true,
2083871588257026238,1785668677759,zappy-winter-thicketbird,,,,
2083871646063132750,1785668861165,cosmic-root-grackle,2083140884757889266,2323710210,true,
2083871839147700692,1785668737576,great-mountain-brushturkey,2083743587506995564,,true,
2083872055888359487,1785668789251,contemporary-cactus-lovebird,2082797471596470550,15987296,true,
2083872145529291164,1785668810623,flying-jackfruit-recurvebill,2083843464945611001,,true,false
2083872159487950962,1785668813951,lovely-creek-barbet,,,,
2083872309555663315,1785669532629,cosmic-root-grackle,2083152520587686278,842277659358953472,false,
2083872345622532502,1785668858329,celebrated-basswood-kingfisher,2082200835598233936,1507784159988752388,true,
2083872474769371364,1785668889120,diligent-brook-thrasher,,,,
2083872586673365357,1785668915800,tranquil-fir-siskin,2083657035950723337,142751658,true,
2083872606801830308,1785668920600,celebrated-ocean-seagull,2083754000424325441,2156581032,true,
2083872711961350396,1785668945671,zappy-winter-thicketbird,,,,
2083872855914139776,1785668979992,altruistic-jacaranda-cacholote,2083837703406452780,,true,
2083872988177609112,1785669011526,cosmic-acorn-firetail,2083406046371135801,744418104722128898,true,
2083873507520156088,1785669135347,centered-sun-cacholote,2083866332936704402,1718741692453462016,true,
2083873601686769764,1785669157799,cosmic-acorn-firetail,2082974131579187472,,true,
2083873788748571044,1785669202397,lovely-creek-barbet,2083607781882593523,107577015,true,
2083873823288336822,1785669210632,neighborly-rhubarb-chickadee,2083566317873803394,1935542219278286848,true,
2083874029212172767,1785669259728,driven-berry-sandgrouse,2082341103819509833,,true,
2083874174724919371,1785669294421,stunning-peachtree-spoonbill,2083536409160212658,3056307455,true,
2083874256019234951,1785669313803,exciting-orchard-duck,2083562612177125838,2064772374281756672,false,
2083874514442600872,1785669375416,tranquil-fir-siskin,2083598899646779755,1807776840083447808,true,
2083874701525295481,1785669420020,cheery-nutmeg-towhee,2083767222715957497,1827239741030322176,true,
2083874862024491347,1785669458286,great-mountain-brushturkey,2083839476359455112,721657435040129024,true,
2083874991393612022,1785669664286,cosmic-root-grackle,2082508870870511993,,false,
2083875043050987806,1785669501446,inspired-rainforest-flatbill,2083549507153711360,2078571464962215936,true,
2083875136550191353,1785669523738,felicitous-grassland-towhee,2083628565417894380,887240185825689601,false,
2083875288283255235,1785669559914,zappy-winter-thicketbird,2083557569797206101,45167431,true,
2083875425718321207,1785669592681,thrilled-coast-songbird,2064882466972971321,1787325242593206272,true,
2083875567506542864,1785669626486,considerate-coast-myna,2080953357875736798,297100174,true,
2083875757084844254,1785669671686,alert-boulder-rooster,2083190540653244713,61660254,true,
2083875879957192981,1785669700980,carefree-star-murrelet,2083541340344959002,1555120861405118464,true,true
2083875881517285537,1785669701352,neighborly-rhubarb-chickadee,2083705299676860550,2048221468333367296,true,
2083875906146169065,1785669707224,diligent-brook-thrasher,2083857368790536235,930453075457921029,true,true
2083876140221911342,1785669763032,loyal-orchard-flamingo,2083566017071215064,18446851,false,
2083876171855388998,1785669770574,perceptive-seawater-bluebird,2083812535061352730,1691404385845116928,true,
2083876182320132222,1785669773069,reliable-holly-spoonbill,2082508870870511993,,true,
2083876308279312411,1785669803100,eccentric-mangrove-heron,2083854318503879039,1556986751452864513,true,
2083876392639324573,1785669823213,blazing-snow-citril,2083571469770993668,1067821592833597442,true,
2083876812157780386,1785669923235,superb-moonlight-thicketbird,2083854760755814400,379050702,true,true
2083877488111829370,1785670084395,magnanimous-bonsai-lapwing,2083647706623291526,1438559190373617667,true,false
2083877537055183006,1785670096063,celebrated-ocean-seagull,2083813720128356494,1623932676473225218,true,
2083877754450448480,1785670147894,beautiful-fir-bluejay,2083524734462115980,346913686,true,
2083877797257494749,1785670615272,cosmic-root-grackle,2083667458913632439,1240324158,true,
2083878022591947022,1785670211823,cheery-nutmeg-towhee,2083756601320575166,,true,
2083878209657999694,1785670256424,wholesome-raspberry-stilt,2083700053403959722,805532293951606785,true,
2083878219007086747,1785670258653,wholesome-raspberry-stilt,2083722952424767520,93910940,true,
2083878464575144019,1785670317201,great-mountain-brushturkey,2083803971039474031,2075506257939804161,true,
2083878472284504516,1785670487980,cosmic-root-grackle,2083698050250211513,1523601670080536581,false,
2083878715851739243,1785670377110,hip-pond-crossbill,2083598304265306140,799369969725227008,true,
2083878800648007925,1785670397327,zappy-winter-thicketbird,2083853578981232681,1659549183442059265,true,
2083878896794022375,1785670420250,neighborly-rhubarb-chickadee,2083824152817848324,1880268569298235398,true,
2083878931351085474,1785670428489,energizing-island-owl,2083872576258949551,,true,
2083879143066964088,1785670478966,dynamic-tree-conebill,2083483625501437983,1845528159065702400,true,
2083879213107495155,1785670495665,diligent-brook-thrasher,2083785293434696022,550377428,true,
2083879297392013316,1785670515761,splendid-sea-kite,2083588288229814499,2018921696112332800,true,
2083879335753044309,1785670524906,celebrated-ocean-seagull,2083576424540110996,1831883282713042944,true,
2083879539680194841,1785670573526,cheery-nutmeg-towhee,2083863183236690145,2063994603607404544,true,
2083879884703547481,1785670655786,contemporary-seedlings-songlark,2083606216685597057,1720665183188922368,true,
2083879945994969484,1785670670400,consistent-berry-nighthawk,2083865177947037747,2037776871924830208,true,
2083880186240450868,1785670727678,diligent-brook-thrasher,2083864497966444680,886491173086523393,true,
2083880367648653312,1785670770929,early-acorn-robin,2083825107756257495,,true,
2083880370496237837,1785670771608,great-mountain-brushturkey,2083868230670532769,,true,
2083880485462381028,1785670799018,lovely-creek-barbet,2083406046371135801,744418104722128898,true,
2083880613325451702,1785670829503,bookish-seedling-condor,2083228165158105206,1126155870151348226,true,
2083880738148012496,1785670859263,graceful-dune-recurvebill,2083473076851732586,,false,
2083880862509154469,1785670888913,polished-ice-skimmer,2083629205217017910,374752807,true,
2083880951235379203,1785670910067,hip-pond-crossbill,,,,
2083880999545450507,1785670921585,zappy-winter-thicketbird,,,,false
2083881083746349163,1785670941660,prodigious-evergreen-cuckoo,2083870428834189808,40953865,true,
2083881196547719274,1785670968554,strategic-water-pigeon,2083660722584821817,23545095,true,true
2083881532494668075,1785671048651,neighborly-rhubarb-chickadee,2083633847904702959,1619512593189666816,true,
2083881573808505126,1785671058500,diligent-brook-thrasher,2083685369334362521,495370625,true,
2083881625813913869,1785671070899,charming-seashore-lovebird,2083704016589189439,1924685935985516544,true,
2083881665860964493,1785671080447,celebrated-ocean-seagull,2083866840422363564,1332068293826519046,true,
2083881677584028062,1785671083242,winning-elm-nightingale,2083619802078179688,1986852813071392769,false,
2083881703035072513,1785671089310,hip-pond-crossbill,2083627020060107152,1187524450809536513,true,
2083881783343329392,1785671108457,committed-daylight-waxbill,2083183811148329444,2045232802325581824,true,
2083881873839718663,1785671130034,cheery-nutmeg-towhee,2083878180604002587,1318303792379662337,true,
2083881891720053100,1785671134296,great-mountain-brushturkey,2083748963635847651,569867444,true,
2083882149602525386,1785671195780,ardent-roots-hawk,2083870428834189808,40953865,true,
2083882509419368852,1785671281568,breathtaking-roots-falcon,,,,
2083882540524323237,1785671288983,academic-apricot-flycatcher,2083627685951979579,1100298347578097664,false,
2083882554688471390,1785671292360,zappy-winter-thicketbird,2083706898046402712,2024601084413784064,true,
2083882584648323548,1785671299504,celebrated-ocean-seagull,2083769613201052009,1717921055463899136,true,
2083882666080829891,1785671318919,neighborly-rhubarb-chickadee,2083730687991943275,289420613,true,
2083882731813896445,1785671334590,diligent-brook-thrasher,2083777007213834612,,true,
2083882800143352260,1785671350881,astonishing-hazelnut-brownbul,2083542617808077311,,true,
2083882886751494335,1785671371531,diplomatic-glacier-hornbill,2083596832916062381,1355721251180961792,false,
2083882997426606455,1785671397917,precious-creek-wader,2083760952671891515,71252317,true,
2083883218000912591,1785671450506,fascinating-boulder-rooster,2083859946890740048,125128723,true,
2083883414223266013,1785672067011,cosmic-root-grackle,2083295851389288631,1973266282666508288,false,
2083884017997221935,1785671641240,considerate-coast-myna,2083381399688524224,133938408,true,
2083884229029429614,1785671691555,bubbly-summer-goose,2081682138684903488,1505247941472268295,true,
2083884264811057218,1785671700085,heroic-boulder-hillstar,2083842169622741339,2582953772,true,
2083884279897931972,1785671703683,fancy-rain-duck,2083636629688795394,1072300501,true,
2083884426627342602,1785671738665,celebrated-ocean-seagull,,,,
2083884449888903390,1785671744212,cheery-nutmeg-towhee,2083472406329328036,2902446154,true,
2083884451944087987,1785671744701,great-mountain-brushturkey,2083472406329328036,2902446154,true,
2083884454397854077,1785671745286,zappy-winter-thicketbird,2083810028990148911,,true,
2083884542000029752,1785671766172,early-sun-partridge,,,,
2083884735504286165,1785671812308,striking-rock-skimmer,2083541592128819249,467823431,true,
2083884992006869213,1785671873462,lionhearted-cedar-tailorbird,2083580627085873577,1308769314,true,
2083885058708865496,1785671889365,neighborly-rhubarb-chickadee,,,,
2083885155303719240,1785671912395,hip-pond-crossbill,2083629087990383025,14436030,true,
2083885208156201423,1785671924996,magnetic-wind-spoonbill,2082396547338420508,2058883120783323136,true,
2083885244046876681,1785671933553,revered-bamboo-goose,2083681056654594337,1552363976985493504,true,
2083885386342826011,1785671967480,diligent-brook-thrasher,2083806852823896301,1255104153921245190,true,true
2083885393552834656,1785671969198,lucent-rain-goldfinch,2083824395001405464,1315167760570171392,false,
2083885395054325819,1785671969556,great-mountain-brushturkey,2083731032570777776,,true,
2083885427082002772,1785671977193,ardent-roots-flamingo,2083873992570524105,1096561792304775168,true,
2083885448380723637,1785671982270,safe-kiwi-wigeon,2083714050551095431,31354355,true,
2083885761439363256,1785672056909,courteous-clay-auklet,2083819782738980924,73623921,false,
2083885973864431957,1785672107555,unique-canyon-oriole,2083770332264149412,195707961,true,
2083886076330914296,1785672131986,witty-peachtree-tailorbird,2083284413412958524,1763693933052272640,true,
2083886122216702016,1785672142925,appreciative-citrus-finch,2083496501020590574,2713801283,true,
2083886154194047281,1785672150549,curious-moon-kingbird,2083309215930597808,1916149319947739136,true,
2083886218090029343,1785672165783,congenial-coconut-peacock,2083607620162633800,2809959174,true,
2083886381609193536,1785672204769,candid-cantaloupe-shearwater,2083204415322828874,22677397,true,
2083886427440632037,1785672215697,thrilled-star-lovebird,2083753859210715142,37685674,true,
2083886666318565461,1785672442993,cosmic-root-grackle,2083667035976773644,880412538625810432,false,
2083886723814043682,1785672286357,celebrated-ocean-seagull,2083657814992400608,1494072723001286658,true,
2083886780315545893,1785672299828,witty-peachtree-tailorbird,2083556797583876291,1883657492565278720,true,
2083887043709460864,1785672362627,cheery-nutmeg-towhee,2083469811091169375,1922907024725073920,true,
2083887063842111705,1785672367426,temperate-daylight-catbird,2083832830149484668,,true,
2083887223767019824,1785672405555,sensible-frost-fantail,2083404748502487507,159828837,true,
2083887312874942638,1785672944551,cosmic-root-grackle,2083208722193535345,1562038858988064768,true,
2083887472954491066,1785672464966,smiley-watermelon-sparrowhawk,2078810724525121962,1764675533214724096,true,
2083887780514713696,1785673203578,cosmic-root-grackle,2083612219162681355,1622837916925071360,false,
2083887794779210218,1785672541695,great-mountain-brushturkey,2083579018540937387,2051719511129182209,true,
2083888020348936263,1785672595476,lovable-park-flamingo,2083828349349089530,462921513,true,true
2083888280844763410,1785672657583,beautiful-honeydew-eagle,2083763037291614573,1037908435939905536,true,
2083888347978649812,1785672673588,witty-peachtree-tailorbird,2083511907588178121,1901234843297652737,true,
2083888483639370042,1785673073541,cosmic-root-grackle,2083596453235106035,1440029644833517574,true,
2083888489569964516,1785672707347,dazzling-plum-peacock,2083263666816741444,49251491,true,
2083888502987501888,1785672710546,melodious-berry-meadowlark,2083708230480351455,1479249840949374977,true,
2083888669958574309,1785672750354,poetic-field-snowfinch,2083705299676860550,2048221468333367296,false,
2083888682445295919,1785672753332,kind-canyon-lorikeet,2083504136327504330,1102225835220623360,false,
2083888691706020021,1785672755539,witty-peachtree-tailorbird,2083310635736068228,1738623129033875457,true,
2083888703886299349,1785672758444,neat-guava-tailorbird,2083799009370452145,1557585580028006400,true,
2083888807879884843,1785672783237,zappy-winter-thicketbird,2083609777477967955,1704121244130611200,true,
2083888898179002843,1785672804766,neighborly-rhubarb-chickadee,2083866460355539066,1153586730,true,
2083888989090590764,1785672826441,consistent-lime-drongo,2081726556343280123,1788983924024307718,false,
2083889068010590233,1785673209393,cosmic-root-grackle,2083570378216018349,1772646381859049472,true,
2083889117239070845,1785672856994,incredible-canopy-anhinga,2083537272402538775,1412919157230800899,false,
2083889261518921841,1785672891393,inclusive-peanut-owl,2083495477245288884,1347476208703909888,true,
2083889280653357334,1785672895955,witty-peachtree-tailorbird,2083799309414543383,1547695908497764352,true,
2083889313117266150,1785672903695,hardy-mint-flycatcher,2083791324721958946,2019599199789051904,true,
2083889314702688677,1785672904073,transparent-tree-kingbird,2083810096593735974,,true,
2083889328015745055,1785672998459,cosmic-root-grackle,2083838343159136574,1556570783056789509,true,
2083889391852773872,1785672922467,admirable-field-blackbird,2083751905831030982,308348487,true,
2083889528951988275,1785672955154,polite-grape-egret,2083887254708404371,2052355371239395336,true,
2083889529996328997,1785672955403,imaginative-redwood-crane,2083802477019943039,1838211812744888320,true,
2083889533553369125,1785672956251,candid-pear-goldfinch,2083791480196608074,1289235667516456962,true,
2083889545171386874,1785672959022,contemporary-cactus-lovebird,2083886936180084906,2054470169007652864,true,
2083889556227789252,1785672961657,positive-coconut-falcon,2083598255456202800,1519434341754966016,true,
2083889599739216351,1785672972031,great-harvest-lorikeet,2083676652455014723,1929440546915033088,true,
2083889601597390869,1785672972474,dexterous-prairie-pelican,2083792308848185436,1612012538660589569,true,true
2083889716416446767,1785672999849,witty-peachtree-tailorbird,2083326047005593657,17612980,true,
2083889732535144957,1785673003692,persistent-pond-turkey,2083571586058141941,2007989778483236864,true,false
2083889750453506157,1785673007964,eloquent-cove-tailorbird,2083791480196608074,1289235667516456962,true,
2083889764290134306,1785673011264,philosophical-berry-brushturkey,2083731032570777776,,true,
2083889857441464573,1785673033473,charming-dune-francolin,2083797881539178580,1014133190993170432,true,
2083890005299298472,1785673185887,cosmic-root-grackle,2083871864644858216,592305057,false,
2083890021984043161,1785673072702,diligent-brook-thrasher,2083813065250820308,2079107455905415168,true,
2083890064539406411,1785673082848,celebrated-ocean-seagull,,,,
2083890118427873611,1785673095696,cheery-nutmeg-towhee,2083887445813141916,1251611181829292039,true,
2083890132575219952,1785673099069,great-mountain-brushturkey,,,,
2083890337521467474,1785673147932,zappy-winter-thicketbird,2083799351613092033,177101260,true,
2083890431407132749,1785673560520,cosmic-root-grackle,2083585845139779800,1736048885619974144,true,
2083890694037344305,1785673232932,zappy-winter-thicketbird,,,,
2083890715919089929,1785673238150,neighborly-rhubarb-chickadee,2083596453235106035,1440029644833517574,true,
2083890751511900252,1785673246635,compassionate-grove-shearwater,2083697401588543916,957946701070954496,true,
2083890754997383230,1785673247467,dexterous-prairie-pelican,2083798070748176459,,true,
2083891072573288749,1785673323182,diligent-brook-thrasher,2083691461451944140,2005924076523819008,true,
2083891117158781369,1785673333813,winged-hill-oriole,2083749312719380948,2044071812754001920,true,
2083891434122539417,1785673409382,notable-almond-skylark,2083113027772264867,2475453187,true,
2083891693489688714,1785673471220,celebrated-ocean-seagull,2083883068029272533,1978242210488619008,true,
2083891772577525985,1785674018585,cosmic-root-grackle,2083393308445827522,1672160565081305088,true,
2083891825836691695,1785673502774,civil-nutmeg-jay,2083578474992893988,1310648626021126145,true,
2083891873677038062,1785673514180,witty-peachtree-tailorbird,2083632041988661653,2009411599774494720,true,
2083891984591380937,1785673540625,relatable-pineapple-lory,2079155607899423125,2050103225895022592,true,
2083892032955637996,1785673552155,brilliant-cliff-shorebird,2083730447402738105,,true,
2083892124131414404,1785673573893,fortuitous-hillside-conebill,2083537137417199788,330178251,true,
2083892130469347606,1785673575404,animated-coconut-egret,2083866987151933672,,true,
2083892416008901084,1785673643482,cheery-nutmeg-towhee,,,,
2083892521193910674,1785673804589,cosmic-root-grackle,2083874584412168652,2011412387988135936,false,
2083892680766181538,1785673706605,heroic-sapling-cotinga,2083439265929945464,1108000329017114625,true,
2083892702848901451,1785673711870,great-mountain-brushturkey,,,,
2083892949172322375,1785673770598,ecstatic-lowland-condor,2083511413692088328,1108955593031573509,true,
2083893041455313069,1785674294601,cosmic-root-grackle,2083534480762098003,1667790782,false,
2083893076465168870,1785673800947,heroic-sapling-cotinga,2083535954049134642,,true,
2083893198284259542,1785673829991,neighborly-sand-auklet,2083359685017567488,1518680588756131841,true,
2083893355105386735,1785673867380,ecstatic-lowland-condor,2083550205719302155,1108955593031573509,true,
2083893430250590557,1785673885296,ecstatic-lowland-condor,2083639652280619420,1108955593031573509,true,
2083893562115277271,1785673916735,positive-coconut-falcon,2083551880446104009,1679954061154570242,true,
2083893871818498137,1785673990574,nice-acorn-albatross,2083534785201467860,,true,
2083894033496060278,1785674029122,neighborly-rhubarb-chickadee,2083813720128356494,1623932676473225218,true,
2083894043621113997,1785674031535,trusty-ice-wren,2083728988686495777,,true,true
2083894051271561226,1785674033359,expressive-moonlight-kingfisher,2083870428834189808,40953865,true,
2083894071244816511,1785674038121,joyful-bamboo-songbird,2083612180457332769,2034510824975536128,true,
2083894158276661694,1785674058872,engaging-grape-softbill,2083767222715957497,1827239741030322176,false,
2083894189259977006,1785674066258,zappy-winter-thicketbird,2083687664708952542,1688311529278480384,true,
2083894283250315583,1785674800584,cosmic-root-grackle,2059759558529102322,1259051577643589632,true,
2083894311184150625,1785674095327,neighborly-rhubarb-chickadee,2083889560019214443,2348886729,true,
2083894441618608385,1785674126425,miraculous-woodland-greenbul,2083611449595711890,,true,
2083894495666405631,1785674139311,eloquent-evergreen-hummingbird,2083881123130618361,1392864463204782082,true,false
2083894822327177567,1785674217193,insightful-evergreen-nighthawk,2083470597879902251,,true,true
2083894942443725012,1785674245832,gumptious-citrus-cotinga,2083698648789979542,1346249609530789894,true,
2083895194265522322,1785674305871,artistic-watermelon-hoopoe,,,,
2083895210774585604,1785674309806,comforting-pecan-nightjar,2083599184452857943,1677704573249781763,true,
2083895315707388199,1785674334824,alert-hazelnut-nightjar,2083731032570777776,,false,
2083895321189376181,1785674336131,diligent-brook-thrasher,2083650742116585975,566749548,true,
2083895325689823559,1785674337204,lovable-avocado-songlark,2083468847017759084,1956491046084603904,true,
2083895420099461315,1785674359714,celebrated-ocean-seagull,2083838715164561562,1570680858717159424,true,
2083895423719080257,1785674360577,cheery-nutmeg-towhee,2083676652455014723,1929440546915033088,true,true
2083895429456916825,1785674361944,great-mountain-brushturkey,2083881408418754730,,true,
2083895568846180709,1785674395191,fancy-rain-duck,2083607169157505436,520486265,true,
2083895585556344972,1785674399161,optimistic-tide-lark,2083859528764756005,80820758,true,
2083895588706267499,1785674399912,zappy-winter-thicketbird,2083789548673200435,,true,
2083895847452909698,1785674461603,neighborly-rhubarb-chickadee,,,,
2083895906068222044,1785674475577,eloquent-root-osprey,2083536597283180865,1826012384017747969,true,
2083895922119856224,1785674479405,personable-isle-pipit,2083834579283034375,286858374,true,
2083895991954997555,1785674496055,futuristic-nutmeg-falcon,2083460057258238155,,true,
2083896100767830288,1785674521997,diligent-brook-thrasher,2083893101261689019,1391715496005824513,true,
2083896277461508300,1785674564125,funny-seedlings-anhinga,2083439921134772529,,true,
2083896335162327357,1785674577881,enjoyable-autumn-seabird,2083439836774404165,,true,
2083896470802243666,1785674784263,cosmic-root-grackle,2083616082166940133,1560341081576939524,false,
2083896635415728565,1785674649467,celebrated-ocean-seagull,2083808516780011595,,true,
2083896641980125513,1785674651032,motivational-poplar-frigatebird,2083522025168232789,987174036164591617,true,
2083896695230775325,1785674663729,diligent-brook-thrasher,2083655473123807680,1429560247,true,
2083897120654794757,1785674765157,astute-raspberry-petrel,2083527082223563157,306410055,true,
2083897150472134988,1785674772267,futuristic-harvest-kite,2083319797274611938,1813198414722588672,true,
2083897236463796489,1785674792768,cheery-nutmeg-towhee,,,,
2083897258484138101,1785674798018,powerful-mint-cacholote,2083847584653975728,1615639552227704832,true,
2083897299831599271,1785674807876,friendly-reef-tern,2083799534304395571,1281403955449192449,true,
2083897392705806426,1785674830020,cordial-forest-kite,2083842769072902321,1521308732805849089,true,
2083897421201862922,1785674836813,great-mountain-brushturkey,2083865795696677174,138037459,true,
2083897740111622536,1785674912847,zappy-winter-thicketbird,2083825793529184508,,true,
2083897805014266121,1785674928322,neighborly-rhubarb-chickadee,,,,
2083897828594577874,1785674933944,diligent-brook-thrasher,2083601269617578397,2082612671187202049,true,
2083897844570730787,1785674937752,celebrated-ocean-seagull,2083872226546262293,735119034,true,
2083897873612091664,1785674944676,heroic-cedar-conure,2083573469405712846,1126138987813527552,true,
2083898372528738411,1785675063627,cheery-nutmeg-towhee,2083888874456014872,1544085788115312642,true,
2083898676200583220,1785675136028,great-mountain-brushturkey,2083472996195581995,2024676727453278208,true,
2083899015637192821,1785675216957,zappy-winter-thicketbird,2083845015458185401,1646042520391155713,true,
2083899245262786794,1785676018734,cosmic-root-grackle,2076277576188768597,2011360475431452672,true,
2083899287285510558,1785675281723,neighborly-rhubarb-chickadee,2083536597283180865,1826012384017747969,true,
2083899382303244651,1785675304376,majestic-summer-flycatcher,2083650377103122508,1709703784182521856,true,
2083899420085526569,1785675313385,celebrated-ocean-seagull,2083691508046131695,1519049128512208897,true,
2083899422476218573,1785675313955,diligent-brook-thrasher,2083691508046131695,1519049128512208897,true,
2083899476561875077,1785675326849,celebrated-ocean-seagull,2083582662531313757,1418836533591871493,true,
2083899621529575664,1785675361413,legendary-wind-crake,2083871538801959308,,true,
2083899782314053829,1785675399746,cheery-nutmeg-towhee,2083730447402738105,,true,
2083899807723147686,1785675405804,cheery-nutmeg-towhee,2083777007213834612,,true,
2083899986513744377,1785675448432,great-mountain-brushturkey,2083447755888886222,,true,true
2083900229422891512,1785675506346,dependable-trail-bluejay,2083715866475282501,1267701478522679297,true,
2083900310020338028,1785675525562,astute-leaf-mockingbird,2083647123040723408,1582252995911229442,true,
2083900346447901001,1785675534246,great-mountain-brushturkey,2083687591954595931,859939300619714560,true,
2083900410910183514,1785675549615,mesmerizing-citrus-toucan,2082751107332452819,,false,
2083900422872268801,1785675552467,patient-peach-ibis,2083884523046285476,1102567484891131904,true,
2083900750992679341,1785675630697,zappy-winter-thicketbird,2083478089661591600,14208474,true,
2083901189867909372,1785675735333,artistic-walnut-drongo,2083591962708377754,2014835430273761280,false,
2083901325805490544,1785675767743,inspired-foothill-bluebird,2083791161366331581,1391715496005824513,false,
2083901489089581157,1785675806673,zappy-winter-thicketbird,2083659032783437974,1073598060339576832,true,
2083901516432224436,1785675813192,neighborly-rhubarb-chickadee,,,,
2083901533624615024,1785675817291,neighborly-rhubarb-chickadee,2083729988810047626,2028026862828720129,true,
2083901619704566027,1785675837814,easygoing-island-parrotlet,2083877585193459730,,true,
2083901627518312645,1785675839678,thoughtful-pine-skylark,2083620628259639528,52660746,true,
2083902044541214825,1785675939103,shimmering-summer-seagull,2083168119040745725,1858163687531347968,true,
2083902085192462535,1785675948795,thriving-marmalade-mallard,2083576423604695231,2227912333,true,false
2083902168310976637,1785675968612,diligent-brook-thrasher,2083813853821804730,2036784443344523264,true,
2083902206290391115,1785675977667,winged-cloud-fantail,2083650511253938297,64272715,true,
2083902315220594961,1785676003638,lively-woodland-bushbird,2083576487710462161,10671602,false,
2083902381834596612,1785676019520,prodigious-isle-nightingale,2083148763900657752,,true,
2083902583903576385,1785676067697,warm-honeydew-kingfisher,2083780594056495387,49678509,true,
2083902811776139614,1785676271203,cosmic-root-grackle,2083698430681969055,188103539,false,
2083902952448598444,1785676155566,hypnotic-lumber-waxbill,2083811175007916118,983072740289728512,false,
2083903177389117720,1785676209196,humble-lagoon-flatbill,2083621878116274253,1810961188995616769,true,
2083903420478415061,1785676430649,cosmic-root-grackle,2083350583625544052,1639221524606377984,true,
2083903546282692823,1785676297147,articulate-acorn-wigeon,2083026714754679147,569867444,true,
2083903842236715312,1785676367707,magical-passionfruit-sandgrouse,2083647706623291526,1438559190373617667,false,
2083903900130726345,1785676381510,clean-wood-fantail,2083221146250686623,815310506596691968,true,
2083904034516406748,1785676413550,articulate-acorn-wigeon,2083851751774679423,118442370,true,
2083904040618827907,1785676415005,crafty-peachtree-waxbill,,,,
2083904175717433789,1785676447215,dexterous-prairie-pelican,2083854991052165512,,true,
2083904190913691699,1785676591581,cosmic-root-grackle,2083757179643875555,,true,
2083904356966125619,1785676651689,cosmic-root-grackle,2082502385201750428,,true,
2083904385256399033,1785677269785,cosmic-root-grackle,2083208722193535345,1562038858988064768,true,
2083904476432281820,1785676518911,diligent-brook-thrasher,2083579018540937387,2051719511129182209,true,
2083904601317572912,1785676548686,dexterous-prairie-pelican,2083768069890232564,,true,
2083905005128425845,1785676644962,luminous-rain-bushlark,2083794932427522428,,true,
2083905025793777733,1785676649890,crafty-peachtree-waxbill,2083826026212143556,2037438364631134208,true,
2083905072765800459,1785676661088,dexterous-prairie-pelican,2083763339294097478,1592975103645581315,true,
2083905103246041279,1785676668355,trusting-fjord-quail,2083746584831852719,1564441780254167043,true,
2083905115455414660,1785676671266,celebrated-ocean-seagull,2083853332741788048,1347706722018848770,true,
2083905151966814324,1785676679971,modern-freshwater-sunbird,2083883235516260641,291229690,true,
2083905204378804344,1785676692467,dexterous-prairie-pelican,2083760200193048892,,true,
2083905242031120818,1785676701444,cheery-nutmeg-towhee,2083732012137877505,1563861742551441410,true,
2083905479239999683,1785676757999,great-mountain-brushturkey,2083866987151933672,,true,
2083905737667784972,1785676819614,zappy-winter-thicketbird,2083757179643875555,,true,
2083905740096377251,1785676820192,celebrated-ocean-seagull,2083757179643875555,,true,true
2083905778398703865,1785676829325,,2083691800003256422,,true,
2083905790042124620,1785676832100,beautiful-water-wader,2083618574216708283,2048514368778768384,false,
2083905812372836814,1785677118005,cosmic-root-grackle,2083897275936596107,,true,
2083905882476470718,1785677026678,cosmic-root-grackle,2076544867384062191,1448727424905142276,false,
2083905896409911671,1785677033915,cosmic-root-grackle,2083569255854100820,8510242,false,
2083905934238339176,1785676866479,heroic-garden-seabird,2083392664326774924,1508654737507373068,true,
2083905975862354187,1785676876403,adept-desert-peacock,2083861787712065840,858014629938769920,true,
2083905988671709654,1785676879458,peaceful-melon-cardinal,2083615065069040001,1450176655868170246,true,true
2083905995936522558,1785676881190,lionhearted-papaya-cotinga,2083763037291614573,1037908435939905536,true,
2083906230980923880,1785676937228,philosophical-berry-brushturkey,2083831433253007871,1969010035239063552,true,
2083906232889258243,1785676937684,crafty-peachtree-waxbill,2083743578312900743,1844100464733978626,true,
2083906308592308515,1785676955733,spunky-birch-oriole,2083637601014009958,54956001,true,
2083906477555683489,1785676996016,cheery-nutmeg-towhee,,,,
2083906532383637561,1785677009088,philosophical-berry-brushturkey,2083763339294097478,1592975103645581315,true,
2083906817713664258,1785677077116,fantastic-watermelon-sparrow,2083840686378336493,425933041,true,
2083906892972073317,1785677095059,clean-wood-fantail,2083544893125730770,1189189174689239042,true,
2083907149470577082,1785677156214,great-mountain-brushturkey,2083903072250511824,1978242210488619008,true,
2083907165824180302,1785677160113,zappy-winter-thicketbird,2083792308848185436,1612012538660589569,true,
2083907167879417988,1785677160603,neighborly-rhubarb-chickadee,2083792308848185436,1612012538660589569,true,
2083907207330972139,1785677170008,neighborly-rhubarb-chickadee,2083794932427522428,,true,
2083907235881640033,1785677176815,diligent-brook-thrasher,2083824967259451899,1373631356895395843,true,
2083907297344909484,1785677191469,diligent-brook-thrasher,2083585834796855479,116370983,true,
2083907299786043581,1785677192051,great-mountain-brushturkey,2083585834796855479,116370983,true,
2083907352097607953,1785677204524,likable-coast-magpie,2083729298444173567,1739355265340727296,true,
2083907630041624654,1785677270790,blazing-sky-rooster,2083815589286412719,1751507660309245952,true,
2083907659074334775,1785677277712,humble-aspen-blackbird,2083883908261667108,1098197906585255938,true,
2083907661460906129,1785677278281,celebrated-ocean-seagull,,,,
2083907787814236669,1785677308406,zappy-winter-thicketbird,,,,
2083907789982687266,1785677308923,neighborly-rhubarb-chickadee,2083731982958371000,,true,
2083907880927785377,1785677330606,extraordinary-aspen-robin,2083695533047066952,2883841,true,
2083908381010481610,1785677449835,extraordinary-aspen-robin,2083618078957391921,33863876,true,
2083908491849163256,1785677476261,diligent-brook-thrasher,2083882845819240870,1732112493550452736,true,
2083908515479843269,1785677481895,superb-harvest-condor,2083837995300618625,35171392,true,
2083908582202913189,1785677497804,warmhearted-jackfruit-kite,2083582742747361322,1170129578,true,false
2083908649689215272,1785677513893,celebrated-ocean-seagull,2083834644365984109,1794789481104420865,true,
2083908697592418593,1785677525314,contemporary-dogwood-parrot,2083859213596418198,1382715137400975361,true,
2083908743570309194,1785677536276,extraordinary-aspen-robin,2083572552249868323,199194717,true,
2083908938836377847,1785678172123,cosmic-root-grackle,2083393308445827522,1672160565081305088,true,
2083909008449040476,1785677599428,cheery-nutmeg-towhee,2083845520930574652,1881682561690406912,true,
2083909022176936058,1785677602701,great-mountain-brushturkey,2083839410064216217,2024942050597371904,true,
2083909134907490356,1785677629578,enthralling-strawberry-lory,2083796399498686569,1139478666012811266,true,
2083909353971564801,1785677681807,zappy-winter-thicketbird,2083669298606649828,1940961969848168448,true,
2083909394664739125,1785677691509,reserved-wood-dove,2083771890284585332,1085225533623783424,true,
2083909398099841066,1785677692328,cheery-nutmeg-towhee,2083684233852158356,,true,
2083909401706905807,1785677693188,tranquil-cashew-crake,2083746052260458668,1069502738332033024,true,
2083909470254494185,1785677709531,supreme-star-magpie,2083680322437239094,119923049,true,
2083909492320669967,1785677714792,altruistic-cashew-sunbird,2083254892802593073,1328082031474053120,false,
2083909557894385754,1785677730427,enjoyable-petal-murrelet,2083501478065381813,46506333,true,
2083909614849130618,1785677744005,aquatic-fig-songlark,2083748963635847651,569867444,true,
2083909791559115228,1785677786137,contemporary-dogwood-parrot,2083813178853540279,1243089313484677122,true,
2083909835154719003,1785677796530,affable-aspen-ostrich,2083739784661381281,1329107256567336960,true,
2083909987642786025,1785677832886,neighborly-rhubarb-chickadee,2083807823545147432,755187659493048320,true,
2083910194589737145,1785677882227,enjoyable-petal-murrelet,2083457747471700003,62458253,true,
2083910216291172841,1785677887400,diligent-brook-thrasher,2083736741567959232,452540168,true,
2083910218778362194,1785678400991,cosmic-root-grackle,2083481681042747560,2048533070869880832,true,
2083910238571254260,1785677892712,stalwart-kelp-firetail,2083855458595492020,,true,
2083910330896245021,1785677914725,celebrated-ocean-seagull,2083724214851313771,1149024099995475968,true,
2083910469438394675,1785677947755,respectful-horseradish-sparrow,2083520199932707055,1002281689283026944,true,
2083910487159525395,1785677951980,articulate-acorn-wigeon,2083909061863706895,319774010,true,
2083910562774241779,1785677970008,sturdy-sky-grouse,,,,
2083910587793150316,1785677975974,great-mountain-brushturkey,,,,
2083910615660126486,1785677982618,enjoyable-petal-murrelet,2083497436283101517,1906104578749448192,true,
2083910682739691595,1785677998610,cheery-nutmeg-towhee,2083874585162719650,,true,
2083910684794909014,1785677999100,great-mountain-brushturkey,2083614236287066428,1446919010487095303,true,
2083910717611315691,1785678172933,cosmic-root-grackle,2083874584412168652,2011412387988135936,true,
2083910825853501680,1785678032731,enjoyable-petal-murrelet,2083444222988820817,970421608362934272,true,
2083910868748714240,1785678042958,cosmic-grove-sunbird,2050058971210297767,,true,
2083910966983401750,1785678066379,groovy-tree-goldfinch,2083677443877986790,760013060,true,
2083910970238550024,1785678067155,articulate-acorn-wigeon,2083750131866759229,922725179804938240,true,
2083911123791699987,1785678103765,articulate-acorn-wigeon,2083808516780011595,,true,
2083911133241442499,1785678106019,enjoyable-petal-murrelet,2083090460004774270,,true,
2083911154183676208,1785678111011,impeccable-lime-falcon,2083858662255206632,1386086411229618181,true,
2083911172638544184,1785678115411,sturdy-sky-grouse,2083875457183941101,2548216772,true,
2083911252431007883,1785678134436,upbeat-jackfruit-whistler,2083099939379261910,15370019,true,
2083911299625353551,1785678145687,natural-maple-mousebird,2083787332038062289,,true,
2083911349315240356,1785678157534,lionhearted-river-logrunner,2083577773780525081,847169983,true,
2083911419704012989,1785678174316,zappy-winter-thicketbird,2083718334390952051,1441946656748945417,true,
2083911421369196684,1785678174713,elegant-petal-recurvebill,2082912738867884159,94701166,true,
2083911536368910763,1785678202132,entrancing-riverbank-triller,2083843464945611001,,true,
2083911566227828819,1785678209250,consistent-sun-triller,2074269365441024273,1808200534148485120,true,
2083911566450458959,1785678209303,inventive-lychee-swift,2083443474796593406,1668982815222816776,true,
2083911575845400624,1785678211544,marvelous-avocado-recurvebill,2083668825858318390,1427724028308070416,false,
2083911720142299575,1785678245946,legendary-bamboo-chickadee,2083106222253961235,1449826891825774592,true,
2083911753319305717,1785678442410,cosmic-root-grackle,2083654758842122523,,false,
2083911877520744844,1785678283468,zappy-winter-thicketbird,2083737880485400851,2034461637781118976,true,
2083912043938083316,1785678323145,neighborly-rhubarb-chickadee,,,,
2083912099521032392,1785678336397,flourishing-forest-robin,2083908561327780261,1989682685825200128,true,
2083912205469163584,1785678361657,beloved-lime-robin,2083373419286954474,1153391118773604352,true,
2083912206626807846,1785678361933,excellent-spruce-shorebird,2083784820958580945,1263491240336769026,true,
2083912239644344784,1785678369805,alpine-rain-ibis,2083898493597351975,29442313,true,
2083912281184760136,1785678379709,neighborly-rhubarb-chickadee,,,,
2083912421513789927,1785678413166,hilarious-coast-lory,2083909612198416576,1997505506714513408,true,
2083912446897512478,1785678419218,diligent-brook-thrasher,2083906146021019750,935996724560015360,true,
2083912559149638080,1785678445981,celebrated-ocean-seagull,2083892946462548059,1928474559151513600,true,
2083912583191335161,1785678451713,cheery-nutmeg-towhee,2083650054565536200,1815574061788848128,true,
2083912765253529924,1785678495121,charitable-sky-firetail,2083795119929434180,1166287265364172803,true,
2083912997659918663,1785678550530,great-mountain-brushturkey,2083734529995669557,1169664359628509184,true,
2083913026969948264,1785679050685,cosmic-root-grackle,2083393308445827522,1672160565081305088,true,
2083913157035098517,1785678588528,zappy-winter-thicketbird,2083707837167866290,2031529186360438784,true,
2083913197245845954,1785678598116,neighborly-rhubarb-chickadee,2083845612844577132,,true,true
2083913318897426899,1785678627120,diligent-brook-thrasher,2083892501136474262,1630245533309706240,true,
2083913332269187185,1785678630307,brainy-rainforest-flameback,2083606183240446086,1958091993428676608,true,
2083913447129923850,1785678657692,diligent-brook-thrasher,2083523397871632495,899796695503953920,true,
2083913512544301411,1785678673288,alert-forest-wren,2083822362462413010,1828720505378971648,true,true
2083913536296698164,1785678678952,grateful-lowland-conebill,2083595289026232357,1671938049331146753,false,
2083913545301790843,1785678681099,celebrated-ocean-seagull,2083910689387909619,753424463560052736,true,true
2083913577627341068,1785678774261,cosmic-root-grackle,2083905926180848023,2049617544856608768,false,
2083913606186373427,1785678695614,cheery-nutmeg-towhee,2083715303238742445,2049227838109241345,true,
2083913645889589373,1785678705080,great-mountain-brushturkey,2083803415461921274,,true,
2083913747962191901,1785678912256,cosmic-root-grackle,2083530791699497279,1847882982133997568,true,
2083913757651058899,1785678731726,natural-maple-mousebird,2080794854695530523,857054846,true,
2083913998446051689,1785678789136,zappy-winter-thicketbird,,,,
2083914019971162435,1785678794268,neighborly-rhubarb-chickadee,2083720414719832095,1772469987279839232,true,
2083914057971912981,1785678803328,humorous-ocean-oriole,2083877171396043159,1458342747291672576,true,
2083914076309123533,1785678807700,diligent-brook-thrasher,,,,
2083914187621724627,1785678834239,celebrated-ocean-seagull,2083622943431524359,2051447483759239168,true,
2083914195796426841,1785678836188,cheery-nutmeg-towhee,2083866417741561896,2000516932957769728,true,
2083914312205090859,1785678863943,elegant-flower-lovebird,2083521808976777632,244240301,true,
2083914323949154464,1785678866742,great-mountain-brushturkey,,,,
2083914348167401556,1785678872516,humorous-ocean-oriole,2083886701609443603,1707079118012235776,true,
2083914426462208401,1785678891183,celebrated-ocean-seagull,,,,
2083914556846350349,1785678922269,cheery-nutmeg-towhee,2083702667541708924,,true,
2083914745128563004,1785678967159,zappy-winter-thicketbird,2083669097506803720,2067510047039471616,true,
2083914764674359623,1785678971819,humorous-ocean-oriole,2083858295413231808,,true,
2083914806772560138,1785678981856,talented-mulberry-bushbird,2082549080035868732,801203059359678464,true,
2083914807896408335,1785678982125,driven-pine-conebill,2083815988550607121,1244057090521468934,true,false
2083914812052943203,1785678983115,rational-citrus-turkey,2083440618689159237,2082027899213815808,true,
2083914815966191751,1785678984048,contemporary-twig-owl,2083609287465542072,1522280625549582339,true,
2083915047818956811,1785679039326,brilliant-harvest-drongo,2083636404513357846,762799939395158016,true,
2083915156187394161,1785679065163,wholesome-raspberry-stilt,2083616214115377658,1992533020721795072,true,
2083915203218125211,1785679076376,logical-sunlight-motmot,2083841901070024960,1457884439586144256,true,
2083915439403389342,1785679132688,sensible-savanna-recurvebill,2083701095155573091,844332836979167233,true,
2083915444210057262,1785679133834,wonderful-forest-songbird,2083681393742066091,44390131,false,
2083915461700227435,1785679138003,neighborly-rhubarb-chickadee,2083894319178792980,3295423333,true,
2083915623973667260,1785679176692,contemporary-marmalade-canary,2083903844258287950,80977052,false,
2083915640872505702,1785679180722,magnificent-root-quail,2083321057058922574,2835451658,true,
2083915973745103087,1785679260084,orderly-mist-jay,2083706334495588372,929350720888999937,true,
2083915983605874913,1785679262435,great-mountain-brushturkey,2083757571056550002,,true,
2083916026064822724,1785679272558,grand-coast-thrasher,2083596453235106035,1440029644833517574,false,
2083916081488408681,1785679285772,diligent-brook-thrasher,2083830876673347858,3185716686,true,
2083916085951094819,1785679286836,cheery-nutmeg-towhee,,,,
2083916157531169028,1785679303902,enlightened-summer-turkey,2083491482221105454,23623562,true,
2083916387152535896,1785679358648,great-mountain-brushturkey,2083791624027709550,1620576853919690754,true,
2083916522867618262,1785679391006,zappy-winter-thicketbird,2083730447402738105,,true,
2083916697665491243,1785679709688,cosmic-root-grackle,2083902502387220916,852964405100892161,true,
2083916805031289156,1785679458278,felicitous-fern-kingfisher,2083871208433700933,,true,
2083916839374012522,1785680220074,cosmic-root-grackle,2083678824328224897,735121930836189184,true,
2083916919950725626,1785679485677,zesty-earth-hillstar,2083295851389288631,1973266282666508288,true,
2083917216018309279,1785679556265,frolicsome-persimmon-mousebird,,,,
2083917221538209844,1785679557581,stoic-banana-seabird,2083797484157972939,1977197785431613440,true,
2083917297060831600,1785679575587,swift-willow-firetail,2083620628259639528,52660746,false,false
2083917303985360946,1785679577238,fabulous-mountain-crake,2083711881844543975,4970411,true,
2083917602922074385,1785679648510,snazzy-watermelon-kite,2083490472216191014,,true,false
2083917716868448513,1785679675677,zappy-winter-thicketbird,2083721281078481184,1469331807036325888,true,
2083917805414445360,1785679696789,neighborly-rhubarb-chickadee,,,,
2083917890319716747,1785679717031,doughty-peanut-lory,2083780594056495387,49678509,true,
2083917917263925297,1785679723455,diligent-brook-thrasher,2083904525442924637,1823135748121665536,true,
2083918018619363384,1785679747620,positive-spruce-cormorant,2083893647137706467,1821681216191655937,true,
2083918045232128116,1785679753965,celebrated-ocean-seagull,2083908254250467371,1537479928677298176,true,
2083918080825335842,1785679921279,cosmic-root-grackle,2083711881844543975,4970411,true,
2083918101360304356,1785679767347,diligent-brook-thrasher,2083712970442301923,1225234593789423616,true,
2083918160059564191,1785679781342,cheery-nutmeg-towhee,2083794206238089470,374752807,true,
2083918172626035188,1785679898637,cosmic-root-grackle,2083896392636895435,1550347852026724354,false,
2083918172739318194,1785679944418,cosmic-root-grackle,2083893803916615913,1587240813871890433,true,
2083918188840997205,1785679788204,great-mountain-brushturkey,2083883007224459670,2055464301935427584,true,
2083918224622588254,1785679796735,zappy-winter-thicketbird,2083786541168734567,1126751391534346241,true,
2083918229010047241,1785680001074,cosmic-root-grackle,2083263716687229328,54716387,false,
2083918377983025643,1785679833299,neighborly-rhubarb-chickadee,2083915729892479272,452540168,true,
2083918416545485113,1785679842493,agile-fig-mockingbird,2083664466550427814,1221835758694215680,true,
2083918444135645438,1785679849071,diligent-brook-thrasher,2083828132277330150,1747809072001482752,true,
2083918623597285649,1785679891858,magnetic-creek-fantail,2083659373608362140,1413025697996546049,false,
2083918658766549024,1785679900244,celebrated-ocean-seagull,2083839155948179902,1961817294952415232,true,
2083918742132490343,1785679920119,celebrated-ocean-seagull,2083839599126925631,1925447824843710468,true,true
2083918759568290118,1785679924276,frolicsome-persimmon-mousebird,2083895607165341729,953378142198161409,true,true
2083918942704132580,1785679967939,upbeat-almond-spoonbill,2083464340980584689,73964776,true,
2083918949565993402,1785679969575,jazzy-papaya-canary,2083492490678571348,130537001,false,
2083918978309603609,1785680168598,cosmic-root-grackle,2083654758842122523,,false,
2083919148338512168,1785680016966,calm-sequoia-petrel,2083853395778216396,1480462725302329344,true,
2083919334192320970,1785680061278,remarkable-grove-hummingbird,2082259071508602991,36756528,true,
2083919482653704314,1785680096673,motivating-poplar-falcon,2083917438735839482,715604466334978048,true,
2083919771750310169,1785680165599,enlightened-summer-turkey,2083086992036724964,1055538130013564928,true,
2083919941678628873,1785680370595,cosmic-root-grackle,2083529398771175783,3025872021,false,
2083920341504544839,1785680301439,cheery-nutmeg-towhee,2083598277094621634,374752807,true,
2083920359758135407,1785680305792,active-poplar-songlark,2083227067768848456,951824700,true,
2083920465966387656,1785680331113,great-mountain-brushturkey,2083612406903632189,374752807,true,
2083920537332355473,1785680348128,marvelous-sapling-hornbill,2083681393742066091,44390131,true,
2083920771844296896,1785680404040,active-poplar-songlark,2083171873504854464,202674661,true,
2083920919286645158,1785680439193,active-poplar-songlark,2083154045171073494,15411797,true,
2083921016125018513,1785680462281,worthy-wind-anhinga,2083865186495045936,1340361396664619009,true,
2083921048383197485,1785680469972,active-poplar-songlark,2083128322104660187,5889072,true,
2083921139722584130,1785680491749,enlightened-summer-turkey,2083194535224496581,2194423693,true,
2083921391020286020,1785680551663,luminous-wind-triller,2083819394313113942,156205211,true,
2083921417758781630,1785680558038,vivacious-marmalade-leaflove,2083695985339851212,929350720888999937,true,
2083921564568052188,1785680593040,magical-lake-osprey,2066497808434340249,324871609,true,
2083921596100596015,1785680600558,scholarly-blueberry-swan,2080373593871901112,1931591990,true,
2083921738572664907,1785680826102,cosmic-root-grackle,2083330600031936900,846411464885747712,true,
2083921838061891846,1785680658246,luminous-wind-triller,2083806288358826392,156205211,true,
2083922156761542883,1785680734230,winged-lake-condor,2083762493248381430,1533065341504745472,false,
2083922188680176128,1785680741840,cheery-nutmeg-towhee,2083907716746256567,922660288284913665,true,
2083922269567697008,1785681374730,cosmic-root-grackle,2083854388431593614,1855813699413696512,true,
2083922368125177959,1785680784623,modern-willow-dipper,2083914006390046910,,true,
2083922418481889699,1785680796630,scholarly-pomegranate-wren,2083196571852665097,1433732840122847248,true,
2083922697520906667,1785680863157,luminous-wind-triller,2066153184696107420,156205211,true,
2083922762012189149,1785680878533,merry-mint-kingfisher,2083917065661100149,,true,
2083922807272992947,1785680889324,motivated-eucalyptus-cotinga,2083457611907703040,1955754790845341701,true,
2083922845067846135,1785680898336,funny-iceberg-stilt,2083523175153832052,17137628,true,
2083922917570539739,1785680915621,centered-sun-cacholote,2083855458595492020,,false,
2083922966673318313,1785680927328,inspiring-nutmeg-peafowl,2083020521722052778,1908733090437992448,true,
2083923057585078341,1785680949003,grand-willow-whistler,2083709921787597138,2072134851088801792,true,
2083923358714872311,1785681020798,great-mountain-brushturkey,2083827435825471584,1887057277527416832,true,
2083923453598466310,1785681043420,tremendous-star-albatross,2083380702418985401,74186014,false,
2083923655071862829,1785681091456,enlightened-summer-turkey,2083780594056495387,49678509,true,
2083923782905815226,1785681121934,zesty-earth-hillstar,2083183811148329444,2045232802325581824,true,
2083923842943135922,1785681136247,zappy-winter-thicketbird,,,,
2083923877776785821,1785681144552,fancy-rain-duck,2083679157695684778,1518969512288305153,true,
2083923931665256550,1785681157400,heroic-grove-songlark,2083778955992252876,1884285344625160192,true,true
2083923932885721241,1785681157692,diligent-brook-thrasher,2083903072250511824,1978242210488619008,true,
2083924125127508031,1785681203525,neighborly-rhubarb-chickadee,2083848491143409765,1153205878226423808,true,
2083924155867501042,1785681210854,noteworthy-granite-spoonbill,2083651398651289816,801203059359678464,true,false
2083924188264386860,1785681218578,elegant-flower-lovebird,2083730029427466474,1633958935743832074,true,
2083924269386305600,1785681237919,diligent-brook-thrasher,2083878600034664908,1428233929,true,true
2083924526811803890,1785681299294,celebrated-ocean-seagull,2083664588659151259,1156613882141691904,true,
2083925570992165196,1785681548246,cheery-nutmeg-towhee,2083860761642979677,571964518,true,
2083925594383802560,1785681553824,great-mountain-brushturkey,2083747644397027733,1630933669513773056,true,
2083925889163681907,1785681624104,spectacular-banana-kite,2083899734193000491,1823356053674946560,true,
2083925938904121368,1785681635964,dexterous-ridge-needletail,2083832574104010880,1574263962442821633,true,
2083926183662477327,1785682316380,cosmic-root-grackle,2083250422702371213,1250344727674675201,true,
2083926224858960179,1785681704141,celebrated-ocean-seagull,2083791176461869559,,true,
2083926247692714210,1785681709584,inventive-grapefruit-tinamou,2083746584831852719,1564441780254167043,false,false
2083926308732473563,1785681724137,philosophical-birch-flamingo,2083293483687674201,1315300696376434689,true,
2083926386109010233,1785681742585,zappy-winter-thicketbird,2083724214851313771,1149024099995475968,true,
2083926663163695223,1785681808640,skilled-valley-ibis,2083799351613092033,177101260,true,
2083926743291703320,1785681827744,contemporary-leaf-cuckoo,2083537394771415220,796413882,true,
2083926816708849771,1785681845249,driven-hazelnut-bushbird,2083559532463034678,1243546660845883392,true,
2083926955666129299,1785681878378,heartwarming-mountain-nighthawk,2083691193741836359,742179616211755008,true,
2083927003116265646,1785681889692,zappy-winter-thicketbird,2083615065069040001,1450176655868170246,true,true
2083927041309618268,1785681898798,neighborly-rhubarb-chickadee,2083580447834182057,1478631229562159105,true,
2083927085152649387,1785681909250,diligent-brook-thrasher,2083566638889042076,1733427878958632961,true,
2083927170460643589,1785681929590,graceful-cliff-goose,2083883642485412349,1110105054,true,
2083928008180617399,1785682129317,motivated-eucalyptus-cotinga,2083661498325282889,1366914800907931659,true,
2083928043270099072,1785682137683,celebrated-ocean-seagull,2083900631635382670,2049325768619053056,true,
2083928049309962407,1785682139123,fancy-rain-duck,2083619148110692404,591736711,true,
2083928275957555233,1785682193161,cheery-nutmeg-towhee,,,,
2083928366949007443,1785682214855,outstanding-root-lark,2083676878032851325,1656286199185809408,true,
2083928370560061511,1785682215715,great-mountain-brushturkey,,,,
2083928467272278504,1785682238774,funny-seedlings-fantail,2083573016093422007,23395456,false,
2083928488705233085,1785682243883,snazzy-lime-chicken,2078115463884943700,1938639790536282112,false,
2083928548234895577,1785682258076,lovely-strawberry-auklet,2083813178853540279,1243089313484677122,false,
2083928585413517552,1785682266940,smart-pineapple-needletail,2083620209760379385,108133590,true,
2083928606749946048,1785682272027,invigorated-spruce-sandpiper,2083887817139409104,1083438237006188551,true,
2083928727285555645,1785682300766,contemporary-leaf-cuckoo,2083880669579493649,796413882,true,
2083928732230615178,1785682301945,understanding-lake-pigeon,2083640520312607198,1371865308558921728,true,
2083928916390002867,1785682345852,relatable-willow-crake,2083815988550607121,1244057090521468934,false,
2083929019876049060,1785682370524,zappy-winter-thicketbird,2083913636628647940,,true,
2083929377201360945,1785682455717,enlightened-summer-turkey,2083826606640930910,1949069192,true,
2083929589760311534,1785682506395,hypersonic-walnut-conure,2083669859968090290,1950974737666236416,false,
2083929592893681677,1785682507142,hardworking-blossom-owl,2083840477187522765,1862002122403024896,true,
2083929659289346499,1785682522972,neighborly-rhubarb-chickadee,2083753402996027814,1536693901230321666,true,
2083929732832190526,1785682540507,spunky-rock-kingfisher,2083811072780239048,2022768641754705920,true,
2083929942954557754,1785682743270,cosmic-root-grackle,2083914006390046910,,true,
2083930032750174340,1785682612012,diligent-brook-thrasher,,,,
2083930069899092103,1785682620869,,2083900631635382670,2049325768619053056,true,
2083930310207525143,1785682678163,admirable-seawater-cotinga,2083898493597351975,29442313,false,
2083930361214419330,1785682690324,neighborly-rhubarb-chickadee,2083631558418698260,1938340551952302080,true,
2083930483168002398,1785682719400,celebrated-ocean-seagull,2083875815826280632,,true,
2083930599258005887,1785682747079,wholesome-raspberry-stilt,2083744898633617604,,true,
2083930733727338568,1785682779139,motivated-poplar-firefinch,2083618574216708283,2048514368778768384,false,
2083930797342347756,1785682794306,cheery-nutmeg-towhee,2083884793951842589,352880476,true,
2083930815558226297,1785682798649,safe-meadow-cardinal,2083707853647597594,706152176717045761,true,
2083930839012778474,1785682804240,great-mountain-brushturkey,2083698217376518424,2183914861,true,true
2083930985935073427,1785682839269,contemporary-leaf-cuckoo,2083885533319528933,796413882,true,
2083931160174882938,1785682880812,zappy-winter-thicketbird,2083707853647597594,706152176717045761,true,true
2083931201153249777,1785682890581,neighborly-rhubarb-chickadee,2083716028656205929,,true,
2083931203585888592,1785682891161,cheery-nutmeg-towhee,2083716028656205929,,true,
2083931366203253051,1785682929932,diligent-brook-thrasher,,,,
2083931495228391559,1785682960694,celebrated-ocean-seagull,2083654155655114975,1248052098891157509,true,
2083931557325070493,1785682975499,cheery-nutmeg-towhee,,,,false
2083931613218439170,1785682988825,doughty-peanut-lory,2083930923540553988,49678509,true,
2083931708148134398,1785683011459,respectful-mountain-tinamou,2083521274400169987,1507235112,true,
2083931783670694320,1785683029464,great-mountain-brushturkey,2083690175515779172,,true,
2083931869800767497,1785683049999,zappy-winter-thicketbird,2083914006390046910,,true,
2083931895478243791,1785683056121,welcoming-island-flycatcher,2083743095535829118,1695609063285932032,true,
2083931910066028760,1785683059599,enlightened-summer-turkey,2083836441428172893,49678509,true,
2083931940789309458,1785683066924,cozy-strawberry-penguin,2083615576593674695,2326660325,true,
2083931974012379354,1785683074845,neighborly-rhubarb-chickadee,2083916326033318342,1521611638176055296,true,
2083932015020130573,1785683084622,great-mountain-brushturkey,2083846253880684622,459269265,true,
2083932017691951235,1785683085259,diligent-brook-thrasher,2083908474958741665,1088722384260120581,true,
2083932200723226847,1785683128897,blazing-star-puffbird,2083898493597351975,29442313,false,
2083932228438942028,1785683135506,celebrated-ocean-seagull,2083728988686495777,,true,
2083932269064958300,1785683145192,cheery-nutmeg-towhee,,,,
2083932446014214613,1785683187380,punctual-frost-canary,2083611320637636776,,true,
2083932492877173097,1785683401814,cosmic-root-grackle,2083706334495588372,929350720888999937,true,
2083932704475656593,1785683249001,great-mountain-brushturkey,2083914804255748143,,true,
2083932756023631941,1785683261292,heartwarming-mountain-nighthawk,2083649561336172954,1404897397197709318,false,
2083932952082502122,1785683308035,mindful-mist-eagle,2083007236373131722,795188519115358208,true,
2083933108315828724,1785683345284,zappy-winter-thicketbird,,,,
2083933121938850028,1785683348533,graceful-horseradish-ostrich,2083867140298318192,3245249330,true,
2083933140779671923,1785683353024,suave-acorns-bushlark,2083123333814460485,710949102733885440,true,
2083933219477393703,1785683371787,neighborly-rhubarb-chickadee,2083734779392889309,3127142765,true,
2083933250033266725,1785683379072,zesty-lumber-bulbul,2083930468471509221,780440592752922624,true,
2083933291984335275,1785683389074,diligent-brook-thrasher,,,,
2083933296833040819,1785683390230,celebrated-ocean-seagull,,,,
2083933312666472574,1785683394006,lucent-freshwater-woodpecker,2083915200516747709,2427602532,true,
2083933321508061551,1785683396113,compassionate-slope-puffbird,2083294093149425724,1289636188673003521,false,
2083933428529979675,1785683421629,sensible-daylight-grosbeak,,,,
2083933437052735674,1785683423661,keen-cherry-shorebird,2083915729892479272,452540168,false,
2083933547664949302,1785683450033,cheery-nutmeg-towhee,,,,
2083933677323493389,1785683675336,cosmic-root-grackle,2083910177342767384,1881451105454002176,false,
2083933693731561887,1785683484859,effective-glacier-puffbird,2083720307722858629,,true,
2083933892675785052,1785683532291,great-mountain-brushturkey,2083633136521638328,1750825178953613312,true,
2083934150244110554,1785684094083,cosmic-root-grackle,2083735714441879910,2048098661553369088,true,
2083934229231260050,1785683819600,cosmic-root-grackle,2083913709622338027,138882249,false,
2083934438124139002,1785683662336,zappy-winter-thicketbird,2083661816136098091,1835788046362451968,true,true
2083934490343444939,1785683674785,amicable-sky-catbird,2083918186647531567,1207783200128479233,true,
2083934574489305182,1785683694847,neighborly-rhubarb-chickadee,,,,
2083934602297532590,1785683701477,diligent-brook-thrasher,2083683206897762336,,true,
2083934716491698339,1785683728703,celebrated-ocean-seagull,2083871890607919249,1777279516592984064,true,
2083934783114035623,1785683744585,animated-wind-petrel,2083518716965200359,,false,
2083934783692791874,1785683744724,zappy-winter-thicketbird,2083518716965200359,,true,
2083934858645045481,1785683762595,humorous-riverbank-raven,2083665376856965387,69425704,true,
2083934861396423046,1785683763251,explorative-sky-whistler,2082893318191497679,1598731442359603215,true,
2083934896481767870,1785683771616,cheery-nutmeg-towhee,2083530164018069533,,true,
2083935253111193793,1785684047417,cosmic-root-grackle,2083853312076431834,138882249,false,
2083935282227802243,1785683863586,great-mountain-brushturkey,2083918464838782992,2048349230264193024,true,
2083935387550879856,1785683888696,poetic-pear-lovebird,2083704016589189439,1924685935985516544,false,
2083935498813476975,1785684604947,cosmic-root-grackle,2083754922349380059,1786841191159681024,true,
2083935867580633564,1785684003142,zappy-winter-thicketbird,2083735714441879910,2048098661553369088,true,
2083935942713160054,1785684021057,beloved-lake-goose,2083596117166473517,1717514918444883968,true,
2083935956134949095,1785684024256,neighborly-rhubarb-chickadee,2083919011734327337,368393575,true,
2083936048879399015,1785684046367,diligent-brook-thrasher,,,,
2083936154210951665,1785684071482,dexterous-strawberry-antwren,2029810294940389582,1382837038529974276,true,
2083936229326725498,1785684089392,celebrated-ocean-seagull,2083916660726022490,2051968874871181312,true,
2083936231235162561,1785684089847,neighborly-rhubarb-chickadee,2083916660726022490,2051968874871181312,true,
2083936324864639065,1785684112169,cheery-nutmeg-towhee,2083662932940906542,1593096145806426115,true,
2083936330581430631,1785684113532,trusting-bonsai-conure,2083659639036813369,1617563356436611093,true,
2083936569379930612,1785684170465,ardent-winter-toucan,2083809626311602632,,true,
2083936872217116966,1785684242670,excellent-holly-skimmer,2083538440637895038,1508936670032416769,true,
2083936917184258544,1785684253390,great-mountain-brushturkey,2083825307711107159,2255229386,true,
2083936958942777526,1785684263344,zappy-winter-thicketbird,2083608249081770233,14326768,true,
2083937039259423089,1785684282495,personable-rain-skimmer,2083535128656003512,1141120572425986049,true,false
2083937248592986595,1785684332404,sensible-reef-thicketbird,2083882008145473928,54671653,true,
2083937254007783535,1785684333693,doughty-peanut-lory,2083809235117220133,1562700642266714112,true,
2083937264149655958,1785684336110,neighborly-rhubarb-chickadee,,,,
2083937458052632972,1785684581626,cosmic-root-grackle,2083935632938647712,96015533,false,
2083937507931029884,1785684394234,magical-passionfruit-sandgrouse,2083690175515779172,,true,
2083937593935176144,1785684414739,enthusiastic-bamboo-mallard,2083719882730779060,133938408,true,
2083937879135330600,1785684482736,diligent-brook-thrasher,2083811816359313571,,true,
2083937898412331077,1785684487332,calm-sequoia-bluebird,,,,
2083938153094594896,1785684548052,celebrated-ocean-seagull,,,,
2083938180835713115,1785684554668,sensible-daylight-grosbeak,2083918464838782992,2048349230264193024,true,
2083938187148242990,1785684556172,thorough-cedar-kite,2083735599350268003,1375864848,true,
2083938188096122944,1785684711442,cosmic-root-grackle,2083917255339847722,,false,
2083938214524440991,1785684562700,cosmic-almond-finfoot,2083485387905720341,1862633860892176384,true,
2083938318761197678,1785684899211,cosmic-root-grackle,2083722952424767520,93910940,true,
2083938346972414144,1785684594277,wholesome-raspberry-stilt,2083583292163477705,1996161846462881792,true,
2083938370145653179,1785684599803,virtuous-evergreen-robin,2083654155655114975,1248052098891157509,false,
2083938444334735579,1785684617491,brave-blossom-waterfowl,2082811831605985465,1957365588948590592,true,
2083938458679079360,1785684620910,diligent-brook-thrasher,2083773415153172494,1581869963538624514,true,
2083938535044718821,1785684639118,celebrated-ocean-seagull,2083697823799726141,1985437637805735936,true,
2083938638631436746,1785684663812,cheery-nutmeg-towhee,2083899734193000491,1823356053674946560,true,
2083938692343672925,1785684676620,cheery-nutmeg-towhee,2083853872167010507,1873498999493394433,true,
2083938764452188385,1785684693811,great-mountain-brushturkey,2083668263402188959,1319287761048723458,true,
2083938833872158802,1785684710363,zappy-winter-thicketbird,2083872564091240531,1347574261972611073,true,
2083938851677163977,1785685050155,cosmic-root-grackle,2083935632938647712,96015533,false,
2083938873315340339,1785684719769,great-mountain-brushturkey,2083924178319941837,1760925386089598977,true,
2083938912486277331,1785684729106,motivating-lime-cormorant,2083451097277235407,,true,
2083938986545000871,1785684746763,blooming-grape-barbet,,,,
2083938992219685326,1785684748116,cosmic-winter-skylark,2083921391741493602,1851233976,true,
2083939079494733879,1785684768926,artistic-moonlight-bullfinch,2083834862000275816,95800377,true,
2083939291009536345,1785684819353,cozy-cloud-curassow,2083676878032851325,1656286199185809408,false,
2083939458085257612,1785685035740,cosmic-root-grackle,2083653828898095382,358545917,true,
2083939466926751794,1785684861295,neighborly-rhubarb-chickadee,2083608313560703425,1812782621879099392,true,
2083939521016586692,1785684874192,motivated-moonlight-brownbul,2083887303093801136,4906917229,true,
2083939525651583218,1785685061962,cosmic-root-grackle,2083591569282654394,,true,
2083939613412827464,1785684896223,diligent-brook-thrasher,2083558619715604983,3895214232,true,
2083939652126294337,1785684905450,celebrated-ocean-seagull,2083896946540855753,3160493296,true,
2083939683491299549,1785684912930,cheery-nutmeg-towhee,2083840233452564965,1138842105856573445,true,
2083939719058956300,1785684921408,curious-evergreen-antwren,2083648125273588199,156703580,true,
2083939729804796269,1785684923970,expressive-moonlight-kingfisher,2083902636429017557,40953865,true,
2083939843474608131,1785684951072,expressive-moonlight-kingfisher,2083904690413355318,40953865,true,
2083939924001083614,1785684970269,groovy-evergreen-hornbill,2083674600169226736,260907612,true,true
2083939972525044161,1785684981839,understanding-seedlings-flamingo,,,,
2083940075608408382,1785685006416,elegant-avocado-wigeon,2083512219795357784,881542775250014213,false,false
2083940087696703770,1785685009298,amiable-evergreen-sparrowhawk,2083754932864426171,1164773715583705096,true,
2083940196933083623,1785685035342,rational-cedar-parakeet,2083865323527356745,2365896248,true,
2083940304344711629,1785685060951,zappy-winter-thicketbird,2083864380613984415,1736352238673498112,true,
2083940488516608483,1785685104861,commendable-lumber-eagle,2083518716965200359,,true,
2083940512591933920,1785685110600,great-mountain-brushturkey,2083919477494755647,1396816952392396801,true,
2083940527930556750,1785685114258,revered-bonsai-falcon,2083199787197776055,4486093643,true,
2083940530673619039,1785685114912,energizing-banana-hawk,,,,
2083940581580083556,1785685127049,kind-kiwi-jay,,,,
2083940677197422993,1785685149847,zappy-winter-thicketbird,2083587193705005253,1636625046318772231,true,
2083940713805345187,1785685158574,charitable-harvest-sunbird,2083933214020899085,1683937299468263424,true,
2083940759267598519,1785685169413,celebratory-shoreline-seabird,2083828330550427724,1227285477318774784,true,
2083940917384294640,1785685207112,neighborly-rhubarb-chickadee,,,,
2083940951328722964,1785685215203,dedicated-coast-wader,2083829929452691618,2054125952196866048,true,
2083940986275639645,1785685223536,diligent-brook-thrasher,2083642593490190641,,true,
2083941183663808711,1785685270597,celebrated-ocean-seagull,2083815589286412719,1751507660309245952,true,
2083941346037895583,1785685309310,cheery-nutmeg-towhee,2083840685589889043,1505101486870732800,true,
2083941363951996933,1785685313581,amiable-conifer-magpie,2083935806037664004,,false,
2083941395862085897,1785685321190,great-mountain-brushturkey,2083922498312147328,1702613046676406272,true,
2083941440766521787,1785685331895,radiant-peppermint-bullfinch,2083174083345408214,2908241922,true,
2083941501709512822,1785685346424,noble-coral-crake,2083923892553343482,1003929842948214784,true,
2083941740088623367,1785685403259,zappy-winter-thicketbird,2083865847467212981,2065286850588426240,true,
2083941968619462785,1785685457745,tranquil-coral-parrotlet,2083722924033245693,1367209793686036482,true,false
2083941969936412982,1785685458058,neighborly-rhubarb-chickadee,2083861103524626504,,true,
2083942067810484388,1785685481394,nimble-kiwi-tinamou,2083615065069040001,1450176655868170246,false,false
2083942074999615968,1785685483108,witty-peachtree-tailorbird,2083676814036062528,1805967736704495616,true,
2083942129668112732,1785685496142,diligent-brook-thrasher,2083554679737274440,1558996520,true,
2083942131589165162,1785685496601,neighborly-rhubarb-chickadee,2083554679737274440,1558996520,true,
2083942218306388327,1785685517276,diligent-brook-thrasher,2083840427015242083,2055272768589967360,true,
2083942221296873558,1785685517988,modest-moonlight-hummingbird,2083935003323326802,1693428679093657600,true,
2083942296622346525,1785685535947,celebrated-ocean-seagull,,,,false
2083942308311859513,1785685538734,cheery-nutmeg-towhee,2083637424228336050,1845978020206571520,true,
2083942435017662726,1785685568943,diligent-snow-swamphen,2083748024644149529,1611922076557770753,true,
2083942438020727083,1785685569658,great-mountain-brushturkey,2083791176461869559,,true,
2083942459323867150,1785685574738,valiant-kiwi-dipper,2083613207537566201,99581811,true,
2083942661891751982,1785685623033,joyful-marble-grosbeak,2083861787712065840,858014629938769920,false,
2083942685560156275,1785685628677,doughty-peanut-lory,2083844138097578080,256214703,true,
2083942764102742501,1785685647403,fancy-rain-duck,2083863769797587333,1808073821150187520,true,
2083942916557349363,1785686250104,cosmic-root-grackle,2082064247115354253,781800801031172096,true,
2083942991253713148,1785685701560,contemplative-reef-egret,2083527082223563157,306410055,true,
2083943052272398370,1785685716107,zappy-winter-thicketbird,2083657058776146010,2162812627,true,
2083943256229068857,1785685892925,cosmic-root-grackle,2083267914354864413,1547232242073849856,true,
2083943417952796731,1785685803293,benevolent-canyon-nightjar,2083854991052165512,,true,
2083943436067983788,1785685807613,neighborly-rhubarb-chickadee,2083811560292843714,1238668787655700480,true,
2083943503738925137,1785685823747,benevolent-riverbank-finch,2083582887262032003,25555639,true,
2083943626942337280,1785685853121,diligent-brook-thrasher,2083895607165341729,953378142198161409,true,
2083943629173686597,1785685853653,zappy-winter-thicketbird,2083895607165341729,953378142198161409,true,
2083943663571537924,1785686012821,cosmic-root-grackle,2083939630140076118,,true,
2083943667241284024,1785685862729,neighborly-rhubarb-chickadee,2083859101600158085,1325872862834659328,true,
2083943676137394284,1785685864849,sunny-ice-francolin,2083846516611940354,305971388,true,
2083943699625513226,1785685870449,content-brook-crow,2083460057258238155,,false,
2083944018736447533,1785685946531,celebrated-ocean-seagull,,,,
2083944027347398964,1785685948586,sunny-ice-francolin,2083847628555530358,1279325003268399104,true,
2083944106229661745,1785685967390,fascinating-juniper-grassbird,2083699791465251215,1473123053047529472,true,
2083944362958831988,1785686028601,diligent-brook-thrasher,,,,
2083944390159139073,1785686035086,kind-kiwi-jay,2083577626745020724,1549746186772430849,true,
2083944510648615343,1785686063813,logical-star-bullfinch,2083830876673347858,3185716686,true,
2083944698121535810,1785686108509,cheery-nutmeg-towhee,,,,false
2083944719084634441,1785686113506,great-mountain-brushturkey,2083701823798407587,151610913,true,
2083944844582441061,1785686143427,zappy-winter-thicketbird,2083749902438285754,1361390263374123010,true,
2083944872159920380,1785686150003,neighborly-rhubarb-chickadee,2083923977102119018,1448727424905142276,true,
2083945006289625397,1785686181982,enchanting-rain-wader,2083896797223682130,,true,
2083945214717067498,1785686231676,dauntless-mangrove-puffleg,2081078845063520529,,true,
2083945234640023688,1785686236426,diligent-brook-thrasher,2083801810557616528,1319287761048723458,true,
2083945401682366921,1785686276251,celebrated-ocean-seagull,2083807228516307059,1535875832282943488,true,
2083945441377296707,1785686285715,celebrated-ocean-seagull,2083876049272610999,,true,
2083945564308377757,1785686959616,cosmic-root-grackle,2070394358919200892,2070152512498499584,false,
2083945770554695799,1785686364197,friendly-cave-parrot,2083065369431069077,1582315457524146176,true,
2083945876876038501,1785686389546,cheery-nutmeg-towhee,2083933297181143488,2066648103906660352,true,
2083945888787955935,1785686517285,cosmic-root-grackle,2083553333176836401,15851753,true,
2083945942231785797,1785686405129,smart-peat-grackle,2083879681053323604,2018749114570182656,true,
2083946000205451579,1785686418950,cheery-nutmeg-towhee,2083539696357888192,1820633537646895104,true,
2083946035131330830,1785686427277,great-mountain-brushturkey,2083910163803631776,776503480144031744,true,
2083946078672482414,1785686437658,great-mountain-brushturkey,2083926654062121357,,true,
2083946227960287329,1785686473252,zappy-winter-thicketbird,2083939630140076118,,true,
2083946230443393163,1785686473843,neighborly-rhubarb-chickadee,,,,
2083946324739723400,1785686496324,diligent-brook-thrasher,2083914654800114149,1049475664804532225,true,
2083946328946516305,1785686497329,celebrated-ocean-seagull,2083896066903064733,14697575,true,
2083946847308017959,1785686620915,merry-freshwater-drongo,2083537552758222970,1760498568039673856,true,
2083947054909301107,1785686670411,cheery-nutmeg-towhee,2083910577382937058,1947674096264794112,true,
2083947328335962424,1785686735601,great-mountain-brushturkey,2083506925854208147,2053829270112518144,true,
2083947344828006595,1785686739533,zappy-winter-thicketbird,2083805780612977035,,true,
2083947411165106424,1785686755350,ingenious-blueberry-eagle,2083860560081211424,978184280,true,
2083947450088202720,1785686764629,neighborly-rhubarb-chickadee,2083553333176836401,15851753,true,
2083947452495696095,1785686765203,diligent-brook-thrasher,,,,
2083947475765711350,1785686770751,sociable-lemon-mallard,2083916866133557380,69069168,true,
2083947670389883071,1785686817153,celebrated-ocean-seagull,2083868434870218805,1720532617492074496,true,true
2083947694737818015,1785686822959,cheery-nutmeg-towhee,2083696508969377808,1837870417526378501,true,
2083947785536295040,1785686844606,sanguine-shoreline-piculet,2083790469062877538,1269723970405875712,true,
2083947949369823594,1785686883667,zappy-winter-thicketbird,2083846253880684622,459269265,true,
2083948167821705235,1785686935750,splendid-sea-kite,2083704097723539946,756202633,true,
2083948252626399586,1785686955969,neighborly-rhubarb-chickadee,2083867151320945144,1859930499319267328,true,
2083948389536854024,1785686988612,diligent-brook-thrasher,,,,
2083948399540174937,1785686990996,quiet-frost-piculet,2083852890884485426,1922771683158511616,true,
2083948403403174367,1785686991918,approachable-watermelon-parakeet,2083787983983968585,,false,
2083948493547184257,1785687013409,earnest-beach-warbler,2083947170332311658,771606164,true,
2083948859919650937,1785687100759,balanced-garden-sparrowhawk,2083735586339192908,1457763430929215491,true,
2083949081051734478,1785687153481,enlightened-summer-turkey,2083922698359460216,303415176,true,
2083949446627230173,1785687240642,great-holly-quail,2083722924033245693,1367209793686036482,true,
2083949478227111997,1785687248175,celebrated-ocean-seagull,2083755783288709586,,true,
2083949522124743126,1785687258642,enjoyable-wood-whistler,2083927782405337573,1595387068842217474,true,
2083949564638224544,1785687268777,cheery-nutmeg-towhee,2083714412485963834,1608301936142426117,true,
2083949582623674641,1785687273065,miraculous-tide-wren,2083843464945611001,,true,
2083949641641734481,1785687287136,stoic-peppermint-grouse,2083851751774679423,118442370,true,
2083949674495639785,1785687294970,miraculous-tide-wren,2083393755143643153,,true,
2083949743508451345,1785687311423,great-mountain-brushturkey,,,,
2083949871644704786,1785687341974,adventurous-persimmon-bunting,2083659639036813369,1617563356436611093,false,
2083949926698905885,1785687355099,marvelous-chestnut-nightingale,2083524912371613744,,false,
2083949959770939796,1785687362984,zappy-winter-thicketbird,2083799315789513146,1274060173112496129,true,
2083949999814246576,1785687372531,positive-pistachio-jacana,2083866649271120237,1328525867501428736,true,
2083950023671517248,1785687378219,likable-canopy-tern,2083885985386189149,2081573594136719360,true,
2083950107330764949,1785687398165,chirpy-lychee-lapwing,2083573016093422007,23395456,true,
2083950505227850195,1785688293011,cosmic-root-grackle,2083492241671123083,1161261376846946305,true,
2083950516594216998,1785687495741,lucent-oak-catbird,2083829164918886450,1533074176298430464,true,
2083950838754521380,1785687572551,neighborly-rhubarb-chickadee,2083646288025780599,2046712313084870656,true,true
2083951103041839387,1785687635561,zappy-winter-thicketbird,2083749639778418717,1436987851,true,
2083951110918754536,1785687637439,sensible-daylight-grosbeak,2083922531421917347,340305102,true,
2083951121098219996,1785687639867,neighborly-rhubarb-chickadee,,,,
2083951271237591237,1785687675663,diligent-brook-thrasher,2083829529609428999,2006414117536780288,true,
2083951543372419460,1785687740544,stellar-cliff-duck,2083077580756820154,1915684752545505281,true,
2083951772628922780,1785687795203,celebrated-ocean-seagull,2083693323034698127,1302313294435438598,true,
2083951980825776590,1785687844841,resplendent-dogwood-songlark,2083950627223179748,1680149096189898752,true,
2083952050623193545,1785687861482,diligent-brook-thrasher,,,,
2083952089059987579,1785688043654,cosmic-root-grackle,2083638281313374638,1606487912123486208,true,
2083952162086748366,1785687888057,cheery-nutmeg-towhee,2083860021515886602,1122183858244419584,true,
2083952277576954106,1785687915592,determined-pear-hawk,2083722952424767520,93910940,true,
2083952416383189406,1785687948686,bubbly-ridge-waxbill,2083907912800329909,288277167,true,
2083952582947414142,1785687988401,celebrated-ocean-seagull,,,,
2083952623472742558,1785687998061,cheery-nutmeg-towhee,,,,
2083952657140527105,1785688006088,great-mountain-brushturkey,2083802507579433344,1895061284,true,
2083952697141583948,1785688015625,zappy-winter-thicketbird,2083654607910117836,1884036238681800704,true,
2083952709938393136,1785688018675,caring-conifer-pipit,2083406046371135801,744418104722128898,false,
2083952839668171003,1785688194111,cosmic-root-grackle,2082655819657875858,44196397,true,
2083953036343267359,1785688096496,nimble-chestnut-nighthawk,2083951710591218012,1806039969276026880,true,
2083953042714763558,1785688098016,calm-walnut-myna,2083073195108941891,2031341800833822726,true,
2083953102512853019,1785688112272,rational-cedar-parakeet,2083573016093422007,23395456,false,
2083953293164695768,1785688157727,intelligent-peachtree-condor,2083764709673800073,,true,true
2083953369979162890,1785688176042,,2083852392051933458,1674092005045960711,true,
2083953520990884039,1785688212045,incredible-strawberry-motmot,2083919416849305915,1792069456069353473,true,
2083953620874109089,1785688235859,neighborly-rhubarb-chickadee,2083937510841860600,1720640029,true,
2083953649093628394,1785688242587,positive-pistachio-jacana,2083854088798916931,1814024113327087616,true,
2083953708258185401,1785688256693,,2083919011734327337,368393575,true,
2083953778617913614,1785688273468,joyful-sequoia-finch,,,,
2083953849123918085,1785688290278,logical-cherry-ostrich,2083893652208660708,,true,
2083954017668133287,1785688330462,funny-ocean-toucan,2083191375001248085,2036061202036703233,true,
2083954043773227025,1785688336686,,2083715303238742445,2049227838109241345,true,
2083954175692374036,1785688368139,swift-fern-sparrowhawk,2083829929452691618,2054125952196866048,true,
2083954387072757825,1785688418535,philosophical-berry-brushturkey,2083695985339851212,929350720888999937,true,
2083954454705897626,1785688434660,poised-canopy-skimmer,2083952674496532807,1567918284,true,
2083954531381989752,1785688452941,diligent-brook-thrasher,,,,
2083954556946256135,1785688680488,cosmic-root-grackle,2083262450389160200,1988438834863108101,true,
2083954563078369610,1785688460499,enjoyable-watermelon-bulbul,2083924573502783723,1353477415503278080,true,
2083954658331034080,1785688483208,enjoyable-watermelon-bulbul,2083661486560264589,1430353521971433479,true,
2083954778917224540,1785688511958,imaginative-highland-kookaburra,2083872828403691970,1720364650783555584,true,
2083954882269118880,1785688536599,precious-pine-swamphen,2083728559122907185,1802031759636451328,true,
2083954952200753265,1785689040835,cosmic-root-grackle,2083814577868009583,831087227983704066,true,
2083955008425296200,1785688566677,great-mountain-brushturkey,2083949571512889846,1356434353623093249,true,
2083955036913025381,1785688573469,celebrated-ocean-seagull,2083943681426432348,,true,true
2083955080244404376,1785688583800,electric-berry-parrot,2083893098837594170,1936231483951185920,true,
2083955184200470669,1785688608585,positive-pistachio-jacana,2083749406076190761,964437680,true,
2083955209085104352,1785688614519,stalwart-peppermint-leaflove,2083558969000309213,1520433056661876736,true,
2083955319168987639,1785688640764,authentic-cherry-seabird,2083715303238742445,2049227838109241345,true,
2083955425163026746,1785688666036,cheery-nutmeg-towhee,2083673949875970450,1744856390710022144,true,
2083955468087763455,1785688828103,cosmic-root-grackle,2083914243871539217,1674551324,true,
2083955510630293609,1785689378506,cosmic-root-grackle,2083503820844237077,707124585196466176,true,
2083955601730638129,1785688708132,great-mountain-brushturkey,2083933882471084216,1148299267481563138,true,
2083955773688762705,1785688749131,fun-highland-sandgrouse,2083901741536297322,145992645,true,
2083955910355882414,1785688781715,diligent-willow-pratincole,2083554122310230022,901921712882806785,true,
2083955948150788521,1785688790725,zappy-winter-thicketbird,2083939064462422509,1148299267481563138,true,
2083955950201762191,1785688791214,neighborly-rhubarb-chickadee,2083811394877542566,2024636219326705664,true,true
2083955988873294272,1785688800434,diligent-brook-thrasher,2083850041790247397,293687050,true,
2083955989649260944,1785688957180,cosmic-root-grackle,2083653828898095382,358545917,false,
2083956049770357136,1785688814953,celebrated-ocean-seagull,2083894901595570662,851277718368829443,true,
2083956112718541036,1785688829961,cheery-nutmeg-towhee,2083936611717316749,1486473049146904576,true,
2083956167970021719,1785688843134,keen-watermelon-waxbill,2082811831605985465,1957365588948590592,true,
2083956235225755876,1785688859170,altruistic-almond-albatross,2083898419467244008,,true,
2083956362178879781,1785688889438,great-mountain-brushturkey,2083864380613984415,1736352238673498112,true,
2083956459671343557,1785688912681,zappy-winter-thicketbird,,,,
2083956524515578311,1785688928141,adaptable-lowland-brushturkey,,,,
2083956537358205002,1785688931203,neighborly-rhubarb-chickadee,2083943460877258942,1405953092609314822,true,
2083956571479122116,1785688939338,philosophical-branch-cotinga,2083610855883894928,2052191532393136128,true,
2083956656191197290,1785688959536,diligent-brook-thrasher,2083684233852158356,,true,
2083956696041357345,1785688969037,precious-blossom-motmot,2083904559928205437,1193761285948743680,true,
2083956862089830812,1785689008625,agreeable-moss-goshawk,2081868409323610602,1081732821914312704,true,
2083956952359370786,1785689030147,celebrated-ocean-seagull,2083921641503867284,1148299267481563138,true,
2083956964233551907,1785689032978,cheery-nutmeg-towhee,,,,
2083957066507370672,1785689057363,lithe-persimmon-cockatoo,2083664466550427814,1221835758694215680,true,
2083957220308357349,1785689094032,diligent-blueberry-lorikeet,2083457073577119841,1731864791357046784,true,
2083957242307440929,1785689099276,great-mountain-brushturkey,2083917438735839482,715604466334978048,true,
2083957317679149229,1785689117246,zappy-winter-thicketbird,2083828978289123817,1221106690080301057,true,
2083957382535594082,1785689132709,zesty-forest-lark,2083652376880455830,187796215,true,false
2083957416589230419,1785689140828,neighborly-rhubarb-chickadee,,,,
2083957464412918042,1785689152231,authentic-cherry-seabird,2083852392051933458,1674092005045960711,true,
2083957889245356070,1785689253518,zappy-winter-thicketbird,2083831531358032098,1369660185489281026,true,
2083957969058701550,1785689272547,quiet-banana-seagull,2083901193399443568,953378142198161409,true,
2083958038038491146,1785689288993,dazzling-petal-wader,2083789701685895570,900876111206387712,true,
2083958046460694660,1785689291002,nestling-pine-lapwing,2083406915099611393,2023632790760419331,true,
2083958291663614292,1785689349462,fun-kelp-grassbird,2083797484157972939,1977197785431613440,true,
2083958347774980128,1785689362841,diligent-brook-thrasher,2083956646816919871,1234463099341635585,true,
2083958367647654340,1785689367578,motivational-garden-rooster,2083733406202970302,1334872317328039936,true,
2083958417841164668,1785689379546,diligent-mist-eagle,2083397744438202668,1463988037277397000,true,
2083958503694012658,1785689400014,modern-willow-dipper,2083951880380514615,,true,
2083958509264130544,1785689401343,peaceful-brook-pipit,2083661547772244378,1169664359628509184,true,
2083958634875129907,1785689431290,celebrated-ocean-seagull,2083825612758675719,1314518050679541762,true,
2083958671541711009,1785689440032,cheery-nutmeg-towhee,,,,
2083958673588584886,1785689440521,great-mountain-brushturkey,,,,
2083958678240088280,1785689441630,wholesome-apricot-murrelet,2083758386844459191,1775874246377660416,true,
2083958695126286737,1785689445655,enjoyable-watermelon-bulbul,2083364282595422553,1167999806549237760,true,false
2083958802689269896,1785689471301,neat-iceberg-chicken,2083589121134547226,1145497202141405184,true,
2083958933891277276,1785689502581,zappy-winter-thicketbird,2083668729070580220,309587728,true,
2083959047946961352,1785689529775,bountiful-frost-raven,2083310451258007740,475446267,true,
2083959051935740151,1785689530725,enjoyable-watermelon-bulbul,2083637640520155498,1740455026265321472,true,
2083959072978608473,1785689535742,neighborly-rhubarb-chickadee,2083745844608516160,1029510969737666561,true,
2083959234291810339,1785689574202,cosmic-acorn-firetail,2083083127262757316,1697622035898433536,true,
2083959264767299896,1785689581468,observant-dune-junco,2083933338834964629,1319287761048723458,true,
2083959265266413978,1785689581587,enjoyable-watermelon-bulbul,2083756230623850886,741404533482389504,true,
2083959375480414631,1785689607864,persistent-highland-bushbird,2083492536312586737,1148272218268479491,true,
2083959458816802946,1785689627733,zesty-earth-hillstar,2082811831605985465,1957365588948590592,true,
2083959486201401777,1785689634262,diligent-brook-thrasher,2083653734673080443,2013540477216104448,true,
2083959505050648922,1785689638756,celebrated-ocean-seagull,2083946049614270876,1836188765926109184,true,
2083959514164785260,1785689640929,enjoyable-watermelon-bulbul,2083607680791257369,31907515,true,
2083959710688960840,1785689687784,inquisitive-cherry-pelican,2083949803470246148,19017675,true,
2083960073920086349,1785690295550,cosmic-root-grackle,2083516694882910533,1911096563759190016,true,
2083960136016560329,1785690433515,cosmic-root-grackle,2083335703501398392,1594055570297847812,true,
2083960317017780326,1785689832344,authentic-cherry-seabird,2083947332555731308,1519441963262484480,true,
2083960537470087182,1785689884904,noble-cypress-falcon,2083825693482221941,4903419047,true,
2083960648736583765,1785689911433,cheery-nutmeg-towhee,2083766247280214431,1205939327865409537,true,
2083960665698685325,1785689915476,joyful-sequoia-finch,2083690658867666977,1901063340664979456,true,
2083960728218644675,1785689930382,gentle-valley-meadowlark,2081904135264432221,2032532228933300224,true,
2083960911195173321,1785689974008,great-mountain-brushturkey,2083840086471217258,,true,
2083960994896769208,1785689993963,intelligent-peachtree-condor,2083548318672564723,120132202,true,true
2083960996276908252,1785689994292,independent-wildflower-whistler,2083622992660349330,16293020,true,
2083961106729767254,1785690020626,wholesome-raspberry-stilt,2083646288025780599,2046712313084870656,true,true
2083961118280843727,1785690023380,carefree-star-murrelet,2083847584653975728,1615639552227704832,true,
2083961130284663145,1785690026242,zappy-winter-thicketbird,2083781722701779368,769214965,true,
2083961145291895115,1785690029821,neighborly-rhubarb-chickadee,2083634990324007210,1385899154807922689,true,
2083961192943436012,1785690041181,neighborly-rhubarb-chickadee,2083909117924487476,,true,true
2083961298170139039,1785690066269,diligent-brook-thrasher,2083942573828173870,820232837773361152,true,
2083961396027343283,1785690089601,celebrated-ocean-seagull,2083942337995010152,2053164102302814210,true,
2083961432194838539,1785690098224,charismatic-lumber-hornbill,2083955358968447256,10671602,true,
2083961433667125437,1785690098574,cheery-nutmeg-towhee,2083928676840669474,,true,true
2083961596208922771,1785690137327,wondrous-tigerwood-owl,2083462638558667188,27716419,true,
2083961656921530582,1785690151802,great-mountain-brushturkey,2083783394211885531,1548072789264936960,true,
2083961658867687901,1785690152266,diligent-brook-thrasher,2083783394211885531,1548072789264936960,true,
2083961727880941653,1785690168721,cosmic-acorn-firetail,2083253169732354446,573295531,true,
2083961736596472202,1785690170798,zesty-earth-hillstar,2083492241671123083,1161261376846946305,true,
2083961788635254995,1785690183205,zappy-winter-thicketbird,2083933297181143488,2066648103906660352,true,
2083961789033881635,1785690782942,cosmic-root-grackle,2082556372495786168,47737880,false,
2083961808671453568,1785690187983,lucent-branch-citril,2083930524389617914,1980295111473856512,true,
2083962036191658247,1785690242227,blazing-cave-barbet,2083930374250336554,1261335549215989760,true,
2083962187685765359,1785690278346,flexible-acorns-goose,2083229864862056532,3534044246,true,
2083962191577772354,1785690279274,neighborly-rhubarb-chickadee,2083920945115246962,1844102906146172928,true,
2083962218421408237,1785690285674,sunny-riverbank-pigeon,2083740861376893262,485325459,true,
2083962364802547722,1785690320574,diligent-brook-thrasher,,,,
2083962400433217908,1785690329069,,2083947332555731308,1519441963262484480,true,
2083962554779394194,1785690365868,celebrated-ocean-seagull,,,,
2083962564451438904,1785690368175,tropical-banana-swift,2083746584831852719,1564441780254167043,false,
2083962618323333343,1785690381019,tremendous-cloud-condor,2083883642485412349,1110105054,false,
2083962739488137247,1785690409906,tidy-reef-seagull,2083516694882910533,1911096563759190016,true,
2083962814532821362,1785690427799,brave-pecan-cuckoo,2083512219795357784,881542775250014213,false,false
2083962839362937075,1785690433719,cheery-nutmeg-towhee,2083910163803631776,776503480144031744,true,
2083962929024499738,1785690455095,celebrated-ocean-seagull,2083947498700144641,1593929531148144645,true,
2083963282306867484,1785690742640,cosmic-root-grackle,2083923492676706663,1148299267481563138,false,
2083963287842980155,1785690540644,inspiring-ocean-bushlark,2083299953737138443,302447523,true,
2083963316787949670,1785690547546,great-mountain-brushturkey,,,,
2083963340741619986,1785690553256,goodhearted-river-seabird,2083867819582591239,112684779,true,
2083963406000722102,1785690568816,dauntless-mangrove-puffleg,2083651452723921347,1562209922854449152,true,
2083963554135200253,1785690604134,swift-creek-puffbird,2083846253880684622,459269265,true,
2083963598842302514,1785690614793,zappy-winter-thicketbird,2083649410651574751,386416401,true,
2083963629045428449,1785690621993,outstanding-papaya-auklet,2083929912117710934,142240353,true,
2083963809903841289,1785690665113,neighborly-rhubarb-chickadee,2083893098837594170,1936231483951185920,true,
2083963876500963809,1785690680991,diligent-brook-thrasher,,,,
2083963955693703678,1785690699873,reliable-holly-spoonbill,2083335703501398392,1594055570297847812,true,
2083964008340902044,1785690712424,brawny-blossom-thrush,2083042386880696631,,true,
2083964080168268205,1785690729550,celebratory-pineapple-wren,2083920945115246962,1844102906146172928,false,
2083964253380169827,1785690770847,matchless-lime-lovebird,2083856446622441930,,true,
2083964270283284863,1785690774876,cheery-nutmeg-towhee,,,,
2083964281524244808,1785690777556,respectful-evergreen-nightingale,2083927782405337573,1595387068842217474,true,
2083964283042320427,1785690777919,miraculous-sky-catbird,2083846970993446937,1374382389049270274,true,
2083964301677580625,1785690782361,great-mountain-brushturkey,2083821660759806197,109065990,true,
2083964357822546118,1785690795748,sensible-daylight-grosbeak,2083928960082035194,340305102,true,
2083964372146122929,1785690799162,botanical-garden-dove,2083536376293712120,1765395653088169984,true,true
2083964493202116778,1785690828025,dauntless-jacaranda-brushturkey,2083920945115246962,1844102906146172928,true,
2083964637209567729,1785690862359,diplomatic-mangrove-towhee,2083376876924588269,226099676,true,
2083964831279804911,1785690908628,celebrated-ocean-seagull,2083938164465369433,2027467071509172224,true,
2083964837365682569,1785690910079,zappy-winter-thicketbird,2083938164465369433,2027467071509172224,true,
2083965008946340177,1785690950987,attentive-rainfall-antwren,2083864422209233123,1477213185581060098,true,
2083965379634696602,1785691039366,cheery-nutmeg-towhee,2083862802641387994,1895879780693917697,true,
2083965747353497699,1785691127037,great-mountain-brushturkey,2083704492369850551,1675790346054164480,true,
2083965761727373394,1785691130465,rational-seedling-wren,2083955358968447256,10671602,false,
2083965882519130429,1785691159263,funny-redwood-songbird,2083693588576157853,139518091,true,
2083965915046015131,1785691167018,loyal-evergreen-cuckoo,2083953021126406515,368211636,true,
2083966087973028177,1785691208247,zappy-winter-thicketbird,2083931188893270373,12273252,true,
2083966205505806784,1785691236269,exquisite-peppermint-anhinga,2083882008145473928,54671653,false,
2083966213365915669,1785691238143,neighborly-rhubarb-chickadee,2083900479717990795,784636611183214592,true,
2083966215240949849,1785691238591,cozy-creek-flatbill,2083617351379935261,,true,true
2083966245045453251,1785691245696,goodhearted-foothill-snowfinch,2083737957320524093,,true,true
2083966254834917841,1785691248030,zesty-earth-hillstar,2083930524389617914,1980295111473856512,true,
2083966653155655816,1785691342998,inventive-magnolia-brushturkey,2083935629994610996,40697405,true,
2083966816540393664,1785691611798,cosmic-root-grackle,2083393308445827522,1672160565081305088,false,
2083967096074215813,1785691448597,devoted-cantaloupe-bluejay,2083962301330206827,1234441999199227905,true,
2083967417596748225,1785691525254,comical-sycamore-thrush,2083492882611077613,1718981586941603840,false,
2083967614431207848,1785691572183,diligent-brook-thrasher,2083921888141570499,1885771608394014720,true,
2083967772057280650,1785692127798,cosmic-root-grackle,2083722952424767520,93910940,true,
2083968044510962167,1785691674722,neighborly-rhubarb-chickadee,2083944227508040162,1689592041863311360,true,
2083968088102375758,1785691685116,hypersonic-rock-owl,2083585971186999585,1328359991150059522,true,
2083968092783165663,1785691686231,dauntless-birch-junco,2083945880856547367,953378142198161409,true,
2083968133019148347,1785691695825,diplomatic-lumber-parrot,2083795519449555426,1404514084721238021,true,
2083968254939201822,1785691724892,diligent-brook-thrasher,2083806087115952289,1434008008669859842,true,
2083968466042642785,1785691775223,comical-creek-pelican,2083832702847873175,1151913018936053760,false,
2083968469217779907,1785691775981,composed-sun-lovebird,2083535128656003512,1141120572425986049,false,
2083968633303183782,1785691815101,intelligent-peachtree-condor,2083628657143095773,1238712829798203393,true,
2083968846885470706,1785691866023,celebrated-ocean-seagull,,,,
2083968889239511525,1785691876121,cheery-nutmeg-towhee,2083566868938240082,1517504399379156998,true,
2083969015593239014,1785691906247,straightforward-root-turkey,2083815961929351639,1392864463204782082,false,
2083969109641896082,1785691928670,celebrated-ocean-seagull,2083860021515886602,1122183858244419584,true,
2083969149219557386,1785691938105,wholesome-raspberry-stilt,2083821660759806197,109065990,true,
2083969159390711832,1785691940530,wholesome-raspberry-stilt,2083704492369850551,1675790346054164480,true,
2083969402475888788,1785691998486,easygoing-island-parrotlet,2083704492369850551,1675790346054164480,true,
2083969578292363690,1785692040404,articulate-peppermint-barbet,2083904655914876956,1212783083272855552,true,
2083969642523918623,1785692055718,great-mountain-brushturkey,2083928816787841171,1803097419342635008,true,
2083969653873721679,1785692058424,zappy-winter-thicketbird,2083678080254529862,1430353521971433479,true,
2083969690205061182,1785692067086,earnest-olive-egret,2083958531846279220,,true,
2083969784434118982,1785692089552,neighborly-rhubarb-chickadee,2083797446778384553,938438307733823489,true,
2083969957457469457,1785692130804,diligent-brook-thrasher,2083636622134853751,1462906824814825474,true,
2083970274177720417,1785692366331,cosmic-root-grackle,2083611651375497449,2071910289768120320,true,
2083970380394369498,1785692231640,celebrated-ocean-seagull,2083956193911873781,1260212890637930496,true,
2083970436849614877,1785692245100,philosophical-berry-brushturkey,2083943681426432348,,true,
2083970613157183895,1785692287135,cherished-seashore-ibis,2083681980139377093,22677397,true,
2083970670724341764,1785692300860,genuine-raisin-cockatoo,2083807255468638522,40633349,true,
2083971118365319321,1785692407586,cheery-nutmeg-towhee,2083945880856547367,953378142198161409,true,
2083971121104228503,1785692408239,great-mountain-brushturkey,2083945880856547367,953378142198161409,true,true
2083971143237574706,1785692413517,zappy-winter-thicketbird,2083938014099579100,1594584039754694656,true,
2083971154042101766,1785692416092,neighborly-rhubarb-chickadee,2083805382669902250,1733784745824415744,true,
2083971222212108295,1785692432345,bold-petal-nighthawk,2083900888436154685,2058508888669077505,true,true
2083971292609331618,1785692449130,diligent-brook-thrasher,,,,
2083971307557777514,1785692452694,celebrated-ocean-seagull,2083967016222798331,1873498999493394433,true,
2083971352596300235,1785692463431,cheery-nutmeg-towhee,2083964762287636690,1160183392094294017,true,
2083971442463420726,1785692484858,calm-cliff-flamingo,2083944975243395536,7996522,true,
2083971456489095375,1785692488201,exquisite-avocado-snowfinch,2083628835820442015,1726712518155046912,false,
2083971509358321818,1785692500807,great-mountain-brushturkey,2083944359423365231,1434008008669859842,true,
2083971588660027777,1785692519714,natural-bamboo-flatbill,2083597319073829371,2055312342804545536,true,
2083971617214874090,1785692768334,cosmic-root-grackle,2083561187216687170,2313552080,true,
2083971835373261066,1785692578535,zappy-winter-thicketbird,2083755432988873104,1511852870886465536,true,
2083971919343124751,1785692598555,ingenious-dogwood-toucan,2083831531358032098,1369660185489281026,false,
2083971972854161861,1785692611313,,,,,
2083971979099455585,1785692612801,courteous-lime-snowfinch,2083563354656813357,1177565733175386113,true,
2083972107411825095,1785692643393,masterful-trail-towhee,2083790469062877538,1269723970405875712,true,
2083972287129116934,1785692919229,cosmic-root-grackle,2083887536867622978,2042129339949420544,false,
2083972311976174023,1785692692165,neighborly-rhubarb-chickadee,,,,
2083972315352625228,1785692692970,diligent-brook-thrasher,2083908928023273839,906230721513181184,true,
2083972430536614379,1785692720432,celebrated-ocean-seagull,2083863758368059805,,true,
2083972461154971669,1785692727732,cheery-nutmeg-towhee,,,,
2083972486564102444,1785692733790,great-mountain-brushturkey,2083869126460858871,1444340220669923334,true,
2083972616180707497,1785692764693,splendid-sea-kite,2083966241815826722,1586923432968654848,true,
2083972674334671142,1785692778559,great-mountain-brushturkey,2083955988189544873,1108829119507238916,true,
2083972712657989710,1785692787695,zappy-winter-thicketbird,2083807878628909240,1627609480111312897,true,
2083972743704322305,1785692795097,noble-coral-crake,2083971166788567196,1003929842948214784,true,
2083972796107878557,1785692807592,zesty-earth-hillstar,2083548318672564723,120132202,true,true
2083972803594748227,1785692809376,neighborly-rhubarb-chickadee,2083631624277655726,,true,
2083972830086234397,1785692815693,goodhearted-sunlight-bluejay,2083964794105626782,19017675,true,
2083972927737798967,1785692838974,fabulous-rainfall-sparrowhawk,2081590007433928926,1823534108276088834,true,
2083972930879258778,1785692839724,diligent-brook-thrasher,2083956785212268812,1645165926394867714,true,
2083973092443824446,1785692878243,celebrated-ocean-seagull,2083958623269773662,1592975103645581315,true,
2083973159775346791,1785692894297,trusting-fjord-quail,2083906794980610396,1515417779066839042,true,
2083973305590247600,1785692929062,playful-earth-bluejay,2083626420375261677,1516922984006623232,true,
2083973306177159576,1785692929202,cheery-nutmeg-towhee,2083933996849705308,34082314,true,
2083973396635799934,1785692950769,keen-raspberry-kite,2083739858766295414,305332545,true,
2083973503158534207,1785692976165,rational-pond-lark,2082408336809394298,334944709,true,
2083973686177206673,1785693019800,bold-field-nighthawk,2083874764389540035,888867384404176896,true,
2083973691918921867,1785693021169,great-mountain-brushturkey,,,,
2083973798735315455,1785693046636,zappy-winter-thicketbird,2083622624283017261,2068057942428172288,true,
2083973859649237452,1785693061159,dauntless-birch-junco,2083924973928808791,953378142198161409,true,true
2083973896785821878,1785693070014,majestic-clay-ostrich,2083721281078481184,1469331807036325888,true,
2083973958177632272,1785693084650,articulate-peach-friarbird,2083859164376318173,1487042513101893634,true,
2083973998132531376,1785693094176,fabulous-rainfall-sparrowhawk,2081418288161280206,1973266282666508288,true,
2083974038959825385,1785693103910,neighborly-rhubarb-chickadee,2083906170624897040,1856509943886561280,true,
2083974155536376246,1785693131704,zesty-wood-hawk,2083922094006350306,1131240732646363136,true,
2083974217599787064,1785693146501,orderly-mist-jay,2081423694547546497,2045232802325581824,true,
2083974252877787641,1785693154912,charitable-harvest-sunbird,2083956741109080417,339061487,true,
2083974306858471809,1785693167782,dauntless-mangrove-puffleg,2050713193048334447,476199422,true,
2083974395354046595,1785693188881,zesty-earth-hillstar,2083206862703300718,2779389582,true,
2083974494616420678,1785693212547,diligent-brook-thrasher,2083916570280047042,2005864412452966400,true,
2083974528468668585,1785693220618,celebrated-ocean-seagull,2083906943874380183,1656157118049792005,true,
2083974609196417512,1785693239866,zappy-winter-thicketbird,2083906943874380183,1656157118049792005,true,
2083974609666289803,1785693239977,doughty-peanut-lory,2083928664169664642,1072300501,true,
2083974622471758050,1785693243031,amiable-lowland-puffbird,2083676878032851325,1656286199185809408,true,
2083974637038313475,1785693246503,hysterical-magnolia-curassow,2083961113188679776,18093097,true,
2083974839375688000,1785693780818,cosmic-root-grackle,2083959540748255604,34438002,true,
2083974882975441229,1785693305140,cheery-nutmeg-towhee,,,,
2083974946230059274,1785693320220,magnificent-pineapple-treerunner,2083766247280214431,1205939327865409537,true,
2083975066023244117,1785693348781,great-mountain-brushturkey,2083955245038841913,,true,
2083975151972921575,1785693369274,zappy-winter-thicketbird,,,,
2083975192293085419,1785693934590,cosmic-root-grackle,2083208722193535345,1562038858988064768,true,
2083975308190072895,1785693882075,cosmic-root-grackle,2083817878437179553,1590031072368111617,false,
2083975325239693469,1785693410583,cherished-oak-kingbird,2083770457514254783,563412222,true,
2083975721295176112,1785693505011,neighborly-rhubarb-chickadee,2083912497308844317,1499705481153204225,true,
2083975939478761620,1785693557029,refreshing-magnolia-skylark,2083921641503867284,1148299267481563138,true,
2083975993035767930,1785693569798,diligent-brook-thrasher,2083962301330206827,1234441999199227905,true,
2083976120232190396,1785693600124,neighborly-rhubarb-chickadee,,,,
2083976122513907743,1785693600669,celebrated-ocean-seagull,,,,
2083976201844990060,1785693619582,cheery-nutmeg-towhee,2083943471950201169,1869385071309754368,true,
2083976239077863848,1785693628459,refreshing-magnolia-skylark,2083933882471084216,1148299267481563138,true,
2083976240487399887,1785693783877,cosmic-root-grackle,2083711881844543975,4970411,false,
2083976685154889889,1785694157932,cosmic-root-grackle,2074123200514961709,1566499424192368641,true,
2083976846249546220,1785694153709,cosmic-root-grackle,2083634620235481535,1552795969959636992,false,
2083976929695150553,1785693793115,lovely-canopy-penguin,2083922134162637094,1733458492445392896,true,
2083977139406131262,1785693843114,exquisite-peppermint-anhinga,2082947307344220180,1929977817384792065,true,
2083977579434766593,1785693948025,great-mountain-brushturkey,2083957872338121056,1826440235338924033,true,
2083977679489917108,1785693971880,zappy-winter-thicketbird,2083879511414763969,2058993583886389248,true,
2083977753167118531,1785693989447,neighborly-rhubarb-chickadee,2083665480339067149,2027781705122385923,true,
2083977829834740182,1785694007725,challenging-beach-owl,2083964794105626782,19017675,false,
2083978044553728309,1785694058918,diligent-brook-thrasher,2083934325494706332,588703829,true,
2083978094386483591,1785694070800,charismatic-wood-bulbul,2083950018935812105,1339619325578240000,true,
2083978265870447003,1785694111684,matchless-fjord-canary,2083860560081211424,978184280,false,
2083978273608917392,1785694113529,charismatic-wood-bulbul,2083951318398337243,889095804312469505,true,
2083978319737802843,1785694124527,celebrated-ocean-seagull,,,,
2083978345788616802,1785694130738,cheery-nutmeg-towhee,2083915252719112236,2064391569663229953,true,
2083978365615378688,1785694135466,groovy-maple-chicken,2083704727372500998,1319342279115550721,true,true
2083978440273768649,1785694153265,diligent-brook-thrasher,2083974263829135373,,true,
2083978478932668809,1785694162483,great-mountain-brushturkey,2083936343776809278,1458220878722961408,true,true
2083978581567287808,1785694186952,zappy-winter-thicketbird,2083961050962002159,1506521665978707969,true,
2083978599569269196,1785694191245,neighborly-rhubarb-chickadee,2083944659751997894,1688905888097009666,true,
2083978775235297559,1785694233126,generous-kelp-lovebird,2083910531623387493,1805962679699525632,true,
2083978962531766500,1785694277782,sincere-moon-myna,2082900290810860002,1884423273490108416,true,
2083979351599550864,1785694370542,,2083956741109080417,339061487,true,
2083979452766412862,1785694556382,cosmic-root-grackle,2083971883314151475,43775786,true,
2083979488694501800,1785694403229,genuine-garden-seabird,2083525085143679358,1638541435548086272,true,
2083979520244330927,1785694410750,contemporary-cactus-lovebird,2083967559913648314,1434964981662076930,true,
2083979577177653283,1785694424324,encouraging-almond-needletail,2083916866133557380,69069168,true,
2083979722334367928,1785694458932,terrific-twig-lorikeet,2083670630906392904,69416519,true,
2083979791342960810,1785694475386,diligent-brook-thrasher,2083923815441027406,,true,
2083979871957701074,1785694494605,vibrant-banana-albatross,2082138611043172467,2058883120783323136,true,
2083979933651464531,1785694509314,celebrated-ocean-seagull,2083707224321405025,1994148576268574720,true,
2083980002274558339,1785694525676,cheery-nutmeg-towhee,2083938411975684264,,true,
2083980004388483578,1785694526179,great-mountain-brushturkey,2083795864074478051,1877073767026847744,true,
2083980116720316919,1785694552961,contemporary-cactus-lovebird,2083904752278995216,1355721251180961792,true,
2083980194784625029,1785694571573,zappy-winter-thicketbird,2083929021084320221,,true,
2083980211754872966,1785694575620,celebrated-ocean-seagull,,,,
2083980263491543095,1785694587955,neighborly-rhubarb-chickadee,2083774518762619330,1830612040920223744,true,
2083980459432874142,1785694634671,sensible-daylight-grosbeak,2083930899234611485,1852499847133143040,true,
2083980815000584300,1785694719445,fascinating-island-towhee,2083935003323326802,1693428679093657600,false,
2083981128093049131,1785695084370,cosmic-root-grackle,2083900888436154685,2058508888669077505,true,
2083981186389463408,1785694807990,colorful-pistachio-bluebird,2083380039727435812,,true,
2083981243138355469,1785694821521,adept-aspen-nightjar,2083951502607978837,1465946855167209477,true,
2083981277854597342,1785694829798,great-mountain-brushturkey,2083530164018069533,,true,
2083981434122067975,1785694867054,excellent-peat-bluebird,2083698285189922846,1552947900002476032,true,
2083981447929401714,1785694870347,diligent-brook-thrasher,2083719424066912296,1376233838,true,
2083981542058258494,1785694892788,knowledgeable-elm-penguin,2083847179689762909,1347427488905928705,true,
2083981543081726104,1785694893032,helpful-island-dove,2082971375120052570,1261685161944629249,true,
2083981616301621567,1785695070386,cosmic-root-grackle,2083600333041734115,861246117689925633,true,
2083981658064076853,1785694920446,calm-sequoia-bluebird,,,,
2083981880291213623,1785694973429,artistic-wildflower-crane,2083711611915677915,,true,
2083981921235661266,1785694983192,celebrated-ocean-seagull,2083902897671012565,2033615102474129408,true,
2083981926025613688,1785694984333,valiant-ocean-meadowlark,2083865323527356745,2365896248,false,
2083981972280615398,1785695457135,cosmic-root-grackle,2083806250119409832,,true,
2083981977728815587,1785694996661,cheery-nutmeg-towhee,2083886425703874711,1584129909676466178,true,
2083981999153262605,1785695001768,sublime-rhubarb-starling,2083829932489121878,1562953761491865601,true,
2083982267106415053,1785695065653,blooming-petal-whistler,2083661816136098091,1835788046362451968,true,
2083982310894932350,1785695076093,great-mountain-brushturkey,,,,
2083982363571396800,1785695088652,involved-leaf-canary,2083763311460728958,217935740,true,
2083982394923921897,1785695096127,flourishing-cactus-skylark,2083552087242330113,625943368,true,
2083982399185076257,1785695097143,wholesome-raspberry-stilt,2083863758368059805,,true,
2083982473633960232,1785695114893,graceful-fern-emu,2083748585586258098,,true,
2083982522665386131,1785695126583,nice-woodland-lark,2083883642485412349,1110105054,false,
2083982618534543592,1785695149441,zappy-winter-thicketbird,2083947180335956178,,true,
2083982651774382368,1785695157365,blooming-petal-whistler,724007758652182528,2836548787,true,
2083982799732928664,1785695312873,cosmic-root-grackle,2083615586110804441,14394076,true,
2083982803851763959,1785695193624,academic-branch-rooster,2083505921179738387,1689361538522497024,true,
2083982854271176898,1785695205644,zappy-winter-thicketbird,2083975854242070588,1260212890637930496,true,
2083982856569627102,1785695206192,diligent-brook-thrasher,2083975854242070588,1260212890637930496,true,
2083982893840322944,1785695215079,celebrated-basswood-kingfisher,2083960814889742603,,true,
2083982961922240864,1785695231310,celebrated-ocean-seagull,2083977716399833359,,true,
2083982966384992455,1785695232374,thankful-highland-piculet,2083972079582347391,1996605153743396864,true,
2083983150192132433,1785695399028,cosmic-root-grackle,2083506526048911713,,false,
2083983186674266246,1785695284895,enthralling-kiwi-logrunner,2083743578312900743,1844100464733978626,true,
2083983235139195136,1785695296450,cheery-nutmeg-towhee,2083855329108914422,255014240,true,
2083983333659418713,1785695319939,heroic-valley-crow,2083956086520820153,1504181287468339208,true,
2083983350788767971,1785695324024,great-mountain-brushturkey,2083971701092520123,,true,
2083983525955395783,1785695365786,amusing-moss-flycatcher,2083974834833309963,3324689194,false,
2083983560893972568,1785695374116,zappy-winter-thicketbird,2083925808742006820,,true,true
2083983563830018511,1785695374817,diligent-brook-thrasher,2083900479717990795,784636611183214592,true,
2083983567101813217,1785695375596,fast-water-swift,2083636622134853751,1462906824814825474,true,
2083983611926392994,1785695386283,resilient-frost-crake,2083687650888724789,897523186144866304,true,false
2083983638153023708,1785695392537,celebrated-ocean-seagull,2083898204219945268,2508356983,true,
2083983643370725778,1785695393780,cheery-nutmeg-towhee,2083919724669501618,1561842129415966721,true,
2083983710114795697,1785695409693,marvelous-daylight-songbird,2083427405037781309,1638549936961724419,true,
2083984057189192067,1785695492442,enterprising-sun-eagle,2083974834833309963,3324689194,true,
2083984183240638970,1785695522495,great-mountain-brushturkey,2083968570707657160,1570680858717159424,true,
2083984420927934764,1785695579164,celebrated-basswood-kingfisher,2083961476784472173,2411308727,true,
2083984521117241804,1785695767984,cosmic-root-grackle,2083971883314151475,43775786,false,
2083984573700980876,1785695615588,agreeable-vine-triller,2083964729496572268,1034070602,true,false
2083984722208932229,1785695650995,cosmic-jackfruit-firetail,2083708856270811515,1363985661536002049,true,
2083984941361062112,1785695703245,enlightened-summer-turkey,2083810924901667091,1299215474581004288,true,
2083985019291193815,1785695721825,zappy-winter-thicketbird,2083921168831029757,854653102389170176,true,
2083985417632702682,1785695975924,cosmic-root-grackle,2083283196154687689,1530918172588756998,false,
2083985418513702935,1785695817008,strong-sun-wigeon,2083863389487472982,559826804,true,
2083985464269086851,1785695827916,studious-marmalade-skimmer,2083954475145023659,18354016,true,
2083985594544234680,1785695999813,cosmic-root-grackle,2083923274233168232,2537825904,true,
2083985609492697106,1785695862540,polished-frost-lorikeet,2083687650888724789,897523186144866304,false,
2083985675678846998,1785695878320,amazing-freshwater-robin,2083887813255204998,266700017,true,
2083985801881206967,1785695908410,neighborly-rhubarb-chickadee,,,,
2083985803940679985,1785695908900,diligent-brook-thrasher,2083976858819788992,2048349230264193024,true,
2083985837394415748,1785695916876,genuine-citrus-catbird,2083824638539235582,1089998124,true,
2083985919309168760,1785695936406,comforting-ice-chicken,2083801359913021951,1121375429884039175,true,false
2083985957108560067,1785695945419,neighborly-pineapple-oriole,2083140747067580814,1868069029157433344,true,
2083986112737857717,1785695982523,celebrated-ocean-seagull,2083787588234530847,1367209793686036482,true,
2083986231281528926,1785696010787,hip-pond-bluebird,2083933996849705308,34082314,true,
2083986239573893120,1785696012763,admirable-sandalwood-softbill,2083916662852522132,1250969431,true,
2083986263049146873,1785696018360,cheery-nutmeg-towhee,2083798033309880349,,true,
2083986409069678994,1785696053174,studious-marmalade-skimmer,2083694458088910947,15292534,true,
2083986628373045665,1785696105460,agreeable-mangrove-chickadee,2083261738829377930,143779403,false,
2083986781675151362,1785696142011,vibrant-banana-albatross,2083520156798693722,2066982352337686528,true,
2083986827694776760,1785696152983,great-mountain-brushturkey,2083927151397523879,,true,
2083987006372053111,1785696195583,steady-mountain-puffin,2083654379635085704,2296138146,true,
2083987121228992683,1785696222967,eccentric-eucalyptus-puffleg,2083082272652054777,1652698693991112704,true,
2083987246961803343,1785696252943,enlightened-summer-turkey,2083465164846756075,73383656,true,
2083987323356660067,1785696271158,zappy-winter-thicketbird,,,,
2083987487983095878,1785696310407,poised-branch-mockingbird,2083904752278995216,1355721251180961792,true,false
2083987581713387959,1785696332754,astute-moon-lorikeet,1980542073628733714,95588504,true,
2083987674382074085,1785696354849,reliable-holly-spoonbill,2083931218156904621,,true,
2083987674411433990,1785696354856,neighborly-rhubarb-chickadee,2083891270108246251,1849914258768674817,true,
2083987727016399021,1785696367397,cheery-nutmeg-towhee,2083938014099579100,1594584039754694656,true,
2083987747245617247,1785696372221,diligent-brook-thrasher,2083984542759624968,1691545709160304640,true,
2083987800165437842,1785696384837,frank-earth-sparrowhawk,2083925457628500149,952535734971281408,true,
2083987806351728755,1785696386312,humble-garden-parrot,2083957433416781915,1595843820280856576,true,false
2083987810265219093,1785696387245,enlightened-summer-turkey,2083557454692983029,73383656,true,
2083988005631717516,1785696433824,adventurous-sky-crimsonwing,2083552087242330113,625943368,false,
2083988085159997875,1785696452786,soulful-wood-wheatear,2083863758368059805,,true,
2083988251069804785,1785696492341,philosophical-banana-tailorbird,2083938777748107647,,true,true
2083988336511987895,1785696512713,giving-rock-pheasant,2083283196154687689,1530918172588756998,true,
2083988391159366043,1785696525741,academic-field-wigeon,2083607944566845921,1423744341235929088,true,
2083988457076965515,1785696541457,celebrated-ocean-seagull,2083928473706590513,2059440261030383616,true,
2083988544712753472,1785696562351,breathtaking-sun-tanager,2083851817717223926,155956621,true,
2083988555190178274,1785696730799,cosmic-root-grackle,2083987414083584464,,false,
2083988648685601274,1785696587141,astute-moon-lorikeet,2049468573782024217,3018719294,true,
2083988705916703173,1785696600785,zesty-wood-hawk,2083984379718545513,1835346517013540864,true,
2083988780285923706,1785696618516,neighborly-rhubarb-chickadee,2083637424228336050,1845978020206571520,true,
2083988846547488896,1785696634314,cheery-nutmeg-towhee,2083547256750285178,1956373507702484993,true,
2083988893532106814,1785696645517,motivating-sunflower-hummingbird,2083517047988715744,1347476208703909888,true,
2083988899773227151,1785696647004,convivial-dogwood-firetail,2083676087687471444,1758572646801813504,false,
2083988909785018471,1785696649392,great-mountain-brushturkey,,,,
2083988916386812227,1785696650965,welcoming-spring-towhee,2083492806719307969,2037768002569990144,true,
2083988939489030581,1785696656473,marvelous-cherry-peafowl,2083620893348037026,1954402777,true,
2083988962599702860,1785696661984,balanced-orchard-albatross,2083631169401155619,1424971259675299840,true,
2083988985324384759,1785696667401,balanced-orchard-albatross,2083707984299884606,1601768561650941954,true,
2083989008443383989,1785696672913,innovative-persimmon-parrotlet,2083846253880684622,459269265,true,
2083989031453388831,1785696678399,motivating-sunflower-hummingbird,2083629311937122567,1790248093696290816,true,
2083989054253666745,1785696683835,marvelous-cherry-peafowl,2083747388519240048,1417279375892942857,true,
2083989078387675571,1785696689589,welcoming-spring-towhee,2083542118581055638,1857823789666492416,true,
2083989101619958238,1785696695128,innovative-persimmon-parrotlet,2083900631635382670,2049325768619053056,true,
2083989121781977218,1785696699936,reliable-holly-spoonbill,2083913167965429970,1944852794764353539,true,
2083989124483056056,1785696700579,marvelous-cherry-peafowl,2083655473123807680,1429560247,true,
2083989147463631179,1785696706058,innovative-persimmon-parrotlet,2083368087865483712,,true,
2083989197786882373,1785696718056,perceptive-pond-cormorant,2083904752278995216,1355721251180961792,false,
2083989283619438689,1785696738520,transcendent-harvest-songlark,2083717695254434290,3186626354,true,
2083989303399501994,1785696743236,valiant-shoreline-tailorbird,2083957561200415113,22637974,true,
2083989320713822631,1785696747365,hopeful-mulberry-bluebird,2083810028990148911,,true,
2083989370617426168,1785696759262,transcendent-harvest-songlark,2083916570280047042,2005864412452966400,true,
2083989429904093448,1785696773397,astute-moon-lorikeet,1980715891785675138,147994804,true,
2083989468604715430,1785696782624,transcendent-harvest-songlark,2083636622134853751,1462906824814825474,true,
2083989522061181259,1785696795369,bountiful-eucalyptus-wren,2083983965891739844,1432766978389905413,false,
2083989559138713837,1785696804209,transcendent-harvest-songlark,2083798033309880349,,true,
2083989643184484863,1785696824248,transcendent-harvest-songlark,2083790571261571352,524583678,true,
2083989729318457694,1785696844784,transcendent-harvest-songlark,2083512219795357784,881542775250014213,true,true
2083989767968985542,1785696853998,motivating-poplar-falcon,2083457998035288365,1964683897850978304,true,
2083989859635441924,1785696875853,delightful-mesa-bunting,2083919011734327337,368393575,true,
2083989903516569918,1785696886315,original-root-quail,2083767222715957497,1827239741030322176,false,
2083989950203097173,1785696897446,delightful-mesa-bunting,2083549961103216851,1085111917809725441,true,
2083989970088587333,1785696902187,carefree-papaya-bullfinch,2083548318672564723,120132202,true,
2083990039860523475,1785696918822,delightful-mesa-bunting,2083577710937346075,1432014119931162629,true,
2083990112464252972,1785696936132,outstanding-maple-gull,2083930775217488305,2926727877,false,
2083990121418744150,1785696938267,delightful-mesa-bunting,2083707224321405025,1994148576268574720,true,
2083990174548013086,1785696950935,outstanding-sycamore-snowfinch,2083974632017637378,1479793571179937796,true,
2083990213320188195,1785696960178,delightful-mesa-bunting,2083655427661672579,1313464560695889923,true,
2083990252486578339,1785696969516,noteworthy-wildflower-frigatebird,2083919444166787312,437020356,true,
2083990256072769978,1785696970371,diligent-brook-thrasher,2083919416849305915,1792069456069353473,true,
2083990271042163151,1785696973940,zappy-winter-thicketbird,2083927432524910605,1541491271805665281,true,
2083990303581581737,1785696981698,delightful-mesa-bunting,2083900888436154685,2058508888669077505,true,
2083990309369774156,1785696983078,neighborly-rhubarb-chickadee,2083771947440316851,1280548095931977728,true,
2083990488399384998,1785697025763,diligent-brook-thrasher,,,,
2083990562110046297,1785697043336,celebrated-ocean-seagull,2083954620364456251,,true,
2083991034917515746,1785697156063,botanical-avocado-rooster,2083927620220051458,778697926323220480,true,
2083991116123111774,1785697175423,virtuous-daylight-thicketbird,2083813344356511957,1455517450687160320,true,true
2083991155893846477,1785697184906,intelligent-slope-curassow,2083950018935812105,1339619325578240000,false,false
2083991259832877081,1785697209687,experienced-strawberry-bittern,2083831264398672215,1593408334257737735,true,
2083991420638052387,1785697248025,gleeful-branch-cuckoo,2083947492291248271,1840811497796354048,true,
2083991516284948578,1785697270829,cheery-nutmeg-towhee,2083978819803685313,1455517450687160320,true,
2083991521980731594,1785697272187,transparent-root-treerunner,2083944513240699333,1635841730,true,
2083991541056475554,1785697276735,great-mountain-brushturkey,2083800353531695282,1637231757241065472,true,
2083991684891762693,1785697311029,zappy-winter-thicketbird,2083901260495831514,4627222575,true,
2083991691757814040,1785697312665,neighborly-rhubarb-chickadee,2083957037197844800,1849226814570266624,true,
2083992127168565483,1785697416476,celebrated-ocean-seagull,2083970688591806866,1313921249953935360,true,
2083992159905046856,1785697424280,diligent-brook-thrasher,,,,
2083992232957186491,1785697441698,celebrated-ocean-seagull,2083967713097994718,1448727424905142276,true,
2083992329916957179,1785697464814,notable-chestnut-magpie,2083915722800169053,1355097382757797889,true,
2083992525224677438,1785697511379,cheery-nutmeg-towhee,,,,
2083992615343530329,1785697532866,great-mountain-brushturkey,2083764172240605482,2800652485,true,
2083992644296847371,1785697539768,eccentric-eucalyptus-puffleg,2083492874872631499,1523363284820406272,true,
2083992655621501068,1785697542468,zappy-winter-thicketbird,,,,
2083992666862203243,1785697545148,neighborly-rhubarb-chickadee,2083819524260864251,2165579774,true,true
2083992725473644557,1785697559122,memorable-oak-sunbird,2083989143516852260,1594139626826072064,true,
2083992795123945548,1785697575729,diligent-brook-thrasher,2083778000659923266,1832133701200965633,true,
2083992797741507055,1785698195394,cosmic-root-grackle,2083986703195459990,,true,
2083993010853802026,1785697627162,celebrated-ocean-seagull,2083875231085555929,1468710297355624457,true,
2083993144878608592,1785697857581,cosmic-root-grackle,2083153514977440240,1640073369641967617,false,
2083993189929615656,1785697669857,cheery-nutmeg-towhee,2083832423863701541,2030001696131444736,true,
2083993413641179447,1785697723194,contemporary-walnut-treerunner,2083925311163449499,1565321691881938944,true,
2083993427423735857,1785697726480,commendable-tomato-chicken,,,,
2083993910548808017,1785697841667,great-mountain-brushturkey,2083723714932404469,1895228797286248448,true,
2083994022729658530,1785697868413,zappy-winter-thicketbird,2083990509266293116,1741916934164381696,true,true
2083994174374748234,1785697904567,keen-cherry-shorebird,2083627682319729022,537709549,true,
2083994207308394857,1785697912419,neighborly-cactus-friarbird,2083990485731865081,,true,
2083994209015718197,1785697912826,lucent-sunflower-oriole,2083907735041573045,154415900,true,
2083994261679399237,1785697925382,positive-tanoak-piculet,2083923872194101456,1836062295518040065,true,
2083994390276546994,1785697956042,inquisitive-poplar-stork,2083654294482415996,1740551082319757312,true,true
2083994491862609931,1785697980263,vivacious-raspberry-thrush,2083989477748596929,22194859,true,
2083994537828184345,1785697991221,helpful-grape-whistler,2083940533194416312,2431258854,true,true
2083994690865795317,1785698027708,trusting-avocado-tinamou,2083757178721378405,177101260,true,
2083994745060069778,1785698040629,majestic-summer-flycatcher,2083829287581331554,1375698604334153729,true,
2083994893328712011,1785698075979,sociable-moon-crake,2083957584181039506,293807001,true,
2083995089634730299,1785698122783,neighborly-rhubarb-chickadee,2083554113048977729,1875249747809710080,true,
2083995239820255715,1785698158589,diligent-brook-thrasher,2083636735070941271,1663817676937117696,true,
2083995261081121197,1785698321738,cosmic-root-grackle,2083898493597351975,29442313,false,
2083995284191789371,1785698169168,loyal-cave-grebe,2083912338961498149,,true,
2083995316890612071,1785698176964,celebrated-ocean-seagull,,,,
2083995322439651725,1785698178288,inquisitive-daylight-albatross,2083950018935812105,1339619325578240000,false,
2083995380312674489,1785698192085,nimble-dune-frigatebird,2083731524852109338,1639365926071021571,true,
2083995387505905910,1785698193800,cheery-nutmeg-towhee,,,,
2083995455210307788,1785698209943,great-mountain-brushturkey,2083981985467294163,1908244155115147264,true,
2083995604728865177,1785698245590,zappy-winter-thicketbird,,,,
2083995836598395374,1785698300872,neighborly-rhubarb-chickadee,2083895729349640361,1306311303598764038,true,
2083996037690032622,1785698348816,diligent-brook-thrasher,2083665486714110368,78681704,true,
2083996195220066514,1785698386374,blissful-daylight-tinamou,2083747669621567915,1977391277185581056,true,
2083996256829907060,1785698401063,celebrated-ocean-seagull,2083848413729509477,2205860274,true,
2083996288295784682,1785698408566,positive-tanoak-piculet,2083659781844123666,1299845086688227328,true,
2083996390821118294,1785698433009,radiant-sky-treepie,2083827904547586396,14394076,true,
2083996411855589544,1785698438025,cheery-nutmeg-towhee,,,,
2083996422009958796,1785698440445,great-mountain-brushturkey,2083893802180223063,468459371,true,
2083996459045675435,1785698449275,zappy-winter-thicketbird,2083943306568908946,1969010035239063552,true,
2083996519313576417,1785698463644,cool-birch-sunbird,2083521808976777632,244240301,false,
2083996771336782252,1785698523731,neighborly-rhubarb-chickadee,2083697215202320675,1309312521648521216,true,
2083997005139820914,1785698579474,diligent-brook-thrasher,2083863267554754598,1571460965840846848,true,
2083997089206350316,1785698599518,,,,,
2083997294232305901,1785698648399,celebrated-ocean-seagull,,,,
2083997353606819872,1785698662555,cheery-nutmeg-towhee,2083748764620103847,10926202,true,
2083997365279555717,1785698665338,genius-buckeye-kite,2083571586058141941,2007989778483236864,true,
2083997593168756866,1785698719672,great-mountain-brushturkey,2083982160902410460,,true,
2083997696189215123,1785698744233,zappy-winter-thicketbird,2083931232639783142,2839581275,true,
2083997805463420985,1785698770286,neighborly-rhubarb-chickadee,,,,
2083997813017612738,1785698772087,fortuitous-sky-parrot,2083874966047690755,8330472,true,true
2083997821053571112,1785698774004,elegant-lagoon-spurfowl,2083795519449555426,1404514084721238021,false,
2083997932261441721,1785698800517,diligent-brook-thrasher,,,,
2083997999751958995,1785699011236,cosmic-root-grackle,2082203893782524068,1612343765062279169,false,
2083998100067090827,1785698840525,celebrated-ocean-seagull,2083779463532437623,1753305882543501312,true,
2083998147487875473,1785698851831,cheery-nutmeg-towhee,2083976590464004563,1394239704288137219,true,
2083998276370530775,1785698882559,courteous-orchard-puffin,2083249934564737244,1452265457319284746,true,
2083998637319946646,1785698968616,ambitious-watermelon-lark,2083965305911382526,1880609804751642624,true,
2083998822007558526,1785699012649,cheery-nutmeg-towhee,2083934010347028712,34082314,true,
2083998906380063179,1785699032765,great-mountain-brushturkey,2083885527900839953,1666657380216586240,true,
2083999026324570117,1785699061363,great-mountain-brushturkey,2083758401591574812,,true,
2083999032809058678,1785699062908,cheery-nutmeg-towhee,2083758401591574812,,true,
2083999093462835237,1785699077369,mighty-hill-cacholote,2083849834465771682,752990100,true,
2083999115768209492,1785699082688,zappy-winter-thicketbird,2083938417335763054,,true,
2083999175725740473,1785699096983,great-mountain-brushturkey,,,,false
2083999576596361532,1785699192557,zappy-winter-thicketbird,2083698893208842533,,true,
2083999589854564373,1785699195719,neighborly-rhubarb-chickadee,2083925808742006820,,true,true
2083999652131569846,1785699210566,neighborly-rhubarb-chickadee,2083855329108914422,255014240,true,
2083999758222233622,1785699235860,blooming-petal-whistler,2083679782311522770,2742168587,true,
2083999988086882657,1785699290665,unique-strawberry-mallard,2083937997901156619,2353819645,true,true
2084000086154191330,1785699314045,miraculous-tide-wren,2083389594498896369,,true,false
2084000182455128155,1785699337006,diligent-brook-thrasher,2083968900958421061,,true,
2084000249022939405,1785699352876,celebrated-ocean-seagull,,,,false
2084000276063694949,1785699482924,cosmic-root-grackle,2083932921300144204,2535931375,true,
2084000412181348501,1785699391776,cheery-nutmeg-towhee,2083770457514254783,563412222,true,
2084000416660939157,1785699392844,great-mountain-brushturkey,,,,
2084000545459585483,1785699423552,cordial-sea-swan,2083813094396956809,1295096801092145154,true,
2084000733532463362,1785699468392,hardworking-highland-emu,2083609112852549756,948229629910888458,true,
2084000823479279691,1785699489838,explorative-buckeye-bushbird,2083938777748107647,,false,
2084000836653392357,1785699492978,whimsical-rain-cockatoo,2083996744690376761,1985422681265881088,true,false
2084000903036870978,1785699508805,prudent-maple-toucan,2083902424289325395,1887591390294777856,true,
2084001002101825940,1785699532425,zappy-winter-thicketbird,2083941828202512720,,true,
2084001029037711389,1785699538846,amazing-aspen-bluebird,2083947267812151347,1675532191424471040,true,
2084001163284816377,1785699570853,swift-mist-skylark,2083942749296803912,1594156502633308161,true,
2084001305513558249,1785699604763,neighborly-rhubarb-chickadee,2083923052388082103,148424079,true,
2084001471595446635,1785699644360,diligent-brook-thrasher,2083894401865019896,1782752374664089600,true,
2084001522703069658,1785699656546,celebrated-ocean-seagull,2083840225206284697,1833064737468555265,true,
2084001637488595388,1785699683913,enlightened-summer-turkey,2083914589113049490,2463325740,true,
2084001955026792615,1785699759619,swift-mist-skylark,2083928280470634931,38242184,true,
2084002051571196136,1785699782637,cheery-nutmeg-towhee,2083951266972201323,2150473845,true,
2084002096303772006,1785699793302,pioneering-pine-rooster,2083752287780978824,1551572583904169984,true,
2084002414487630089,1785699869163,great-mountain-brushturkey,2083985013037830286,1952454905127407617,true,
2084002471580479632,1785699882775,zappy-daylight-fantail,2082500787356504320,,true,
2084002519970197836,1785699894312,radiant-sky-treepie,2083462638558667188,27716419,false,
2084002646566809628,1785699924495,spectacular-glacier-magpie,2083874966047690755,8330472,false,false
2084002707963093389,1785699939133,zappy-winter-thicketbird,2083953008925450339,1316655254306394112,true,
2084002766909825517,1785699953188,neighborly-rhubarb-chickadee,2083827099970707538,432098693,true,
2084002981330960671,1785700004309,diligent-brook-thrasher,,,,
2084003085421035841,1785700029126,noble-fern-citril,2083951243643490523,1213054142597328896,true,
2084003135467753688,1785700494592,cosmic-root-grackle,2083939906246553930,1387820020403740674,true,
2084003156246102455,1785700046013,celebrated-ocean-seagull,2083988703551361389,,true,
2084003170678693916,1785700049453,cheery-nutmeg-towhee,2083953602054533510,2180945265,true,
2084003253054763254,1785700069093,great-mountain-brushturkey,2083796432062947330,,true,
2084003254485373037,1785700069435,easygoing-island-parrotlet,2083941828202512720,,true,
2084003380997820711,1785700099597,zappy-winter-thicketbird,2083763460488224853,1161596213302583296,true,
2084003383027855653,1785700100081,diligent-brook-thrasher,2083763460488224853,1161596213302583296,true,
2084003390476967968,1785700101857,generous-blossom-ostrich,2083700251093880851,,true,
2084003556722421941,1785700141493,effervescent-valley-hummingbird,2083697340502900997,,true,
2084003606265479473,1785700153305,celebrated-ocean-seagull,,,,false
2084003618181763542,1785700156146,sociable-basswood-turkey,2083909150711701941,1829571631989272576,true,
2084003674943070405,1785700169679,neighborly-rhubarb-chickadee,2083999188942000257,,true,
2084003690990772643,1785700173505,enlightened-strawberry-mousebird,2083933140439945711,1593299133292503041,true,
2084003763577291130,1785700190812,congenial-peppermint-chicken,2083972985606582358,16106584,true,
2084004023640744404,1785700252815,cheery-nutmeg-towhee,2083946749345886331,1986852813071392769,true,true
2084004076887679297,1785700265510,legendary-dune-sparrow,2083020032699957334,1122623265673891840,false,
2084004089881370650,1785700268608,effervescent-valley-hummingbird,2083901766870139017,,true,
2084004105916383356,1785700370493,cosmic-root-grackle,2083972217684029746,1986852813071392769,true,
2084004163277730214,1785700286107,amiable-apricot-goshawk,,,,
2084004294471172152,1785700317386,diligent-brook-thrasher,2083990137529102368,1283301645774970880,true,
2084004368345378997,1785700334999,tropical-berry-crow,2083526777087967718,2061098334090059776,true,
2084004389098791275,1785700339947,sturdy-wildflower-mockingbird,2083964729496572268,1034070602,false,
2084004509466976522,1785700368645,great-mountain-brushturkey,,,,
2084004565108580436,1785700381911,amiable-apricot-goshawk,2083998816361930978,76766018,true,true
2084004604770210004,1785700391367,careful-spruce-friarbird,2083951318398337243,889095804312469505,false,
2084004766829490176,1785700430005,cheery-nutmeg-towhee,2083997655517036674,1796509639074332672,true,
2084004985562431656,1785700482155,pleasant-pomegranate-needletail,2083952817144811761,1909952053465509888,true,
2084005188466082242,1785700530531,great-mountain-brushturkey,2083974326047433004,1687149013399736322,true,
2084005216634982697,1785700537248,zappy-winter-thicketbird,2083976586705952953,1691822405704892419,true,
2084005434558488896,1785700589205,diligent-brook-thrasher,2083855420968284238,1571174195370803201,true,
2084005456205304268,1785700594366,daring-lychee-hawk,2083765306657313100,1902020914465636352,true,
2084005530616352867,1785700612106,celebrated-ocean-seagull,2083939906246553930,1387820020403740674,true,
2084005798036808010,1785700675865,splendid-sea-kite,2083786031816646665,1929456331976826880,true,
2084005992757391675,1785700722289,great-mountain-brushturkey,2084002367494664546,,true,
2084005996347744369,1785700723145,celebrated-ocean-seagull,2084002367494664546,,true,
2084006004589568363,1785700725110,zappy-winter-thicketbird,2083882017746210835,1971918332958842881,true,
2084006052505510032,1785700736535,admirable-beach-flycatcher,2082190626406162581,24506246,true,
2084006144276901919,1785700758414,magnetic-lowland-treerunner,2083955358968447256,10671602,true,
2084006211737764152,1785700774498,neighborly-rhubarb-chickadee,2083972217684029746,1986852813071392769,true,
2084006217035219299,1785700775761,diligent-brook-thrasher,2083958441123475483,1985259214659571712,true,
2084006280562196667,1785700790908,spectacular-glacier-magpie,2083862881872085401,8330472,true,
2084006416512168374,1785700823320,distinctive-plum-sparrow,2082889712277356873,1812359479872065536,true,
2084006497571516829,1785700842646,safe-shoreline-tailorbird,2084002796139860139,,true,
2084007079275040854,1785700981336,empathetic-pond-ibis,2083877946645766195,1571071451079360518,true,
2084007171415543977,1785701003304,cozy-twig-mallard,2083961743412269310,,true,
2084007221961080898,1785701015354,diligent-brook-thrasher,2083954620364456251,,true,
2084007261375258758,1785701024751,striking-glacier-mallard,2083659781844123666,1299845086688227328,true,
2084007390454644990,1785701055527,informative-melon-fantail,2083716115067261209,134013272,true,
2084007722551226484,1785701134705,celebrated-ocean-seagull,2083914352336228416,1962250108268863488,true,true
2084007746089972106,1785701140317,wise-raspberry-nightjar,2083991471984873949,,true,
2084007773872759035,1785701146940,humorous-jackfruit-auklet,2083893455181492517,781800801031172096,true,
2084007775911530861,1785701288900,cosmic-root-grackle,2083905291754545638,1290717956696047635,false,
2084008047903375426,1785701212274,cheery-nutmeg-towhee,2083850384460722180,2078924268403109888,true,true
2084008135740514539,1785701233216,elegant-park-warbler,2084004772948939040,,true,
2084008149854372103,1785701236581,keen-cherry-shorebird,2083713846535950472,537709549,true,
2084008185384542379,1785701245053,zesty-earth-hillstar,2083939906246553930,1387820020403740674,true,
2084008242456240504,1785701258660,great-mountain-brushturkey,,,,false
2084008248214999212,1785701260033,zappy-winter-thicketbird,2084000591760470458,,true,
2084008344973611337,1785701283101,safe-shoreline-tailorbird,2083999168519962927,,true,
2084008358571286898,1785701286343,funny-winter-pipit,,,,
2084008384848654740,1785701292609,neighborly-rhubarb-chickadee,,,,false
2084008435708731414,1785701304735,diligent-brook-thrasher,2083946227557962206,1370641767830233091,true,
2084008450124915044,1785701308172,awesome-dune-piculet,2083987000458186856,,true,
2084008555095499059,1785701333198,peaceful-flower-softbill,2084004473408483663,,true,
2084008790781759509,1785701389391,frank-horseradish-softbill,2083801359913021951,1121375429884039175,false,
2084008848369598497,1785701403120,gracious-prairie-hawk,2083993595099361286,3381854758,false,
2084008849569104051,1785701524890,cosmic-root-grackle,2083951318398337243,889095804312469505,true,
2084009007950201260,1785701441167,celebrated-ocean-seagull,2084000027790217468,,true,
2084009040724578610,1785701448981,great-mountain-brushturkey,,,,false
2084009114687177170,1785701466615,resilient-sea-wigeon,2083909150711701941,1829571631989272576,false,false
2084009581315821942,1785701577868,thoughtful-garden-albatross,2083704727372500998,1319342279115550721,false,
2084009610889908327,1785701584919,zappy-winter-thicketbird,2083951206297489542,,true,
2084009837541605800,1785701638957,perceptive-hill-eagle,2083912338961498149,,false,
2084009898929467872,1785701653593,beautiful-ocean-sparrow,2083951318398337243,889095804312469505,false,
2084009945935012298,1785701664800,neighborly-rhubarb-chickadee,2083707333645881725,123276343,true,
2084010063711096991,1785701692880,diligent-brook-thrasher,2083951318398337243,889095804312469505,true,
2084010317386805692,1785701753362,celebrated-ocean-seagull,2083925852233036219,18104734,true,
2084010691749683459,1785701842616,humorous-pineapple-mockingbird,,,,
2084010708908306522,1785701846708,observant-daylight-macaw,2083857064820879577,1986409217998385152,true,
2084010710997029099,1785701847206,tolerant-honeydew-seagull,2083574568598249707,1267179173791109126,true,
2084010735814705427,1785701853122,charismatic-harvest-leaflove,2083636622134853751,1462906824814825474,true,
2084010885513728024,1785701888814,,2083851817717223926,155956621,true,
2084010998965346523,1785701915862,glowing-canyon-sparrow,2083210484203860054,322382629,true,
2084011090674061692,1785701937727,kinetic-mist-penguin,2083950018935812105,1339619325578240000,false,
2084011148861669399,1785701951600,clever-sea-canary,2083912047566237924,1686270312,true,false
2084011253584765007,1785701976569,,2083707333645881725,123276343,true,
2084011275781042366,1785701981860,optimistic-freshwater-seagull,2083460057258238155,,false,
2084011353870573884,1785702000478,zesty-berry-canary,2083719882730779060,133938408,false,false
2084011403141415295,1785702012225,receptive-mango-tanager,2083937554756170039,1341862394214158338,true,
2084011485668491321,1785702031902,mellow-birch-skylark,2083704016589189439,1924685935985516544,false,
2084011665851297873,1785702074860,frank-horseradish-softbill,2083898419467244008,,false,
2084011739163836477,1785702490265,cosmic-root-grackle,2083734529274212840,2078966419593523200,true,
2084011774701887566,1785702100813,cheery-nutmeg-towhee,,,,
2084011827491717590,1785702113398,hypersonic-eucalyptus-leaflove,2083727351536607272,,true,
2084011836962136254,1785702115656,communicative-creek-crimsonwing,2083254892802593073,1328082031474053120,true,
2084011908252803407,1785702132653,celebrated-ocean-seagull,2083928878863749156,1453047382074019844,true,
2084012005883846726,1785702155930,innovative-grove-whistler,2083942493788557316,143395943,true,
2084012024883708305,1785702160460,great-mountain-brushturkey,,,,
2084012143024980306,1785702188628,hypersonic-eucalyptus-leaflove,2083778000659923266,1832133701200965633,true,
2084012174708527423,1785702196181,zappy-winter-thicketbird,,,,
2084012219918848041,1785702206960,cheery-nutmeg-towhee,,,,
2084012266555392069,1785702218079,amiable-marble-puffbird,2083901405694210440,1584952829227241475,true,
2084012895927427197,1785702368133,cheery-nutmeg-towhee,2083991857814474981,2027843808139087875,true,
2084013094091497955,1785702415379,zappy-winter-thicketbird,2083976205968069080,1024353990379745281,true,
2084013181442064737,1785702436206,magnanimous-summer-penguin,2083951796590989511,1547973937035849728,true,
2084013522631934004,1785702517552,independent-mango-cormorant,2031872428562137097,1765063140050419712,true,
2084013889822359609,1785702605097,neighborly-rhubarb-chickadee,2083984910952325306,1240324158,true,
2084014038862676095,1785702640630,celebrated-ocean-seagull,2083921888141570499,1885771608394014720,true,
2084014076292685963,1785702649554,adventurous-sequoia-cockatoo,2083338423046459740,1719257314899918848,true,
2084014099772416165,1785702655152,cheery-nutmeg-towhee,2083734529274212840,2078966419593523200,true,
2084014135767908765,1785702663735,great-mountain-brushturkey,2083964610290278636,7996522,true,
2084014240969498716,1785702688816,zappy-winter-thicketbird,2083982782724759633,1454904542806544385,true,
2084014276679745717,1785702697331,neighborly-rhubarb-chickadee,,,,
2084014394741039241,1785702725478,great-mountain-brushturkey,2083729747092344961,2053105345418158081,true,
2084014528669667687,1785702757410,vibrant-banana-albatross,2082848170942546022,2082608968094863360,true,
2084014540174274879,1785702760153,diligent-brook-thrasher,2083999168519962927,,true,
2084014542493741233,1785702760706,celebrated-ocean-seagull,2083989805440934391,739442503296913408,true,
2084014721930350631,1785702803486,enlightened-pear-sunbird,,,,
2084015001698963756,1785702870188,enthralling-strawberry-lory,2083400501602005147,1493373113933131777,true,
2084015021726531690,1785702874963,kind-peppermint-seabird,2083790571261571352,524583678,false,
2084015026663305476,1785703026316,cosmic-root-grackle,2083717822262161610,21834808,true,
2084015312526320099,1785702944295,magnanimous-summer-penguin,2083906194855362563,415810385,true,true
2084015320193175973,1785702946123,agreeable-papaya-crossbill,2083863758368059805,,true,
2084015385804705979,1785702961766,tectonic-lime-anhinga,2083472382111425021,1588240898751700999,true,
2084015509855494302,1785702991343,great-mountain-brushturkey,2084002796139860139,,true,true
2084015768211951928,1785703052939,zappy-winter-thicketbird,2084005600304787553,,true,
2084016407340286209,1785703205319,smiley-hillside-flowerpecker,2083707333645881725,123276343,true,
2084016429280506133,1785703210549,neighborly-rhubarb-chickadee,2083898709327188475,16353477,true,
2084016481176571993,1785703222923,diligent-brook-thrasher,,,,
2084016528584741015,1785703234226,celebrated-ocean-seagull,2083704727372500998,1319342279115550721,true,true
2084016554169995303,1785703240326,cheery-nutmeg-towhee,2083981615567438278,1649863979563376646,true,
2084016631869845670,1785703258851,modest-rainfall-grouse,2083942493788557316,143395943,false,
2084016654078365808,1785703264146,great-mountain-brushturkey,2083893622382920153,2001097759483682816,true,
2084016679411995038,1785703409772,cosmic-root-grackle,2083936146267283569,1081981721413857280,true,
2084016695010545815,1785703273906,zappy-winter-thicketbird,2083638239768813661,1676916033867730947,true,
2084016763591643232,1785703436342,cosmic-root-grackle,2083934883924369412,1536296941210206208,false,
2084016848647995452,1785703310535,zappy-winter-thicketbird,2084001849326096779,2598128635,true,
2084016959340032348,1785703336926,inspired-sycamore-grouse,2083278708488683530,1070085474515963905,true,
2084017002784420124,1785703347284,shining-wood-firetail,2083981406858785080,46904887,true,
2084017034015482162,1785703354730,swift-buckeye-lapwing,2083944869278699922,1213874306515554306,true,
2084017113233055978,1785703373618,warmhearted-rainfall-starling,2083684135797748108,1853398207495024640,true,
2084017219223409135,1785703398888,easygoing-earth-swift,2083297970221629534,1513410916473192450,false,
2084017253649936787,1785703572160,cosmic-root-grackle,2083989675975602661,1081981721413857280,true,
2084017365398810937,1785703433739,independent-mango-cormorant,2083896392636895435,1550347852026724354,true,
2084017365767929953,1785703628427,cosmic-root-grackle,2083896392636895435,1550347852026724354,false,
2084017444201681352,1785703452526,curious-spring-shearwater,2083616672007561359,801203059359678464,false,false
2084017541014323227,1785703475608,neighborly-rhubarb-chickadee,2083850346372473133,1689393367833313286,true,
2084017543199572000,1785703476130,diligent-brook-thrasher,2083850346372473133,1689393367833313286,true,
2084017649617383554,1785704065435,cosmic-root-grackle,2083700840410296738,1375864198417223683,false,
2084017654847652135,1785703502748,celebrated-ocean-seagull,2083936146267283569,1081981721413857280,true,
2084017658517696991,1785703503623,cheery-nutmeg-towhee,2083944640609218674,,true,true
2084017829745983892,1785703544448,quotable-brook-wader,2083850384460722180,2078924268403109888,true,
2084017845134918117,1785703548116,eccentric-eucalyptus-puffleg,2082490682644607475,1442056331213492230,true,
2084018004527083763,1785703586119,insightful-blossom-flatbill,2084010793499283896,,true,
2084018105211122142,1785703610124,great-mountain-brushturkey,,,,
2084018118893179065,1785703613385,joyful-wildflower-warbler,2083890451795354057,102558152,true,
2084018132935430250,1785703616733,zappy-winter-thicketbird,2083925457628500149,952535734971281408,true,
2084018255560081448,1785703645969,neighborly-rhubarb-chickadee,2084010793499283896,,true,
2084018297448644941,1785703655957,celebrated-ocean-seagull,2083894401865019896,1782752374664089600,true,
2084018303492571404,1785704200341,cosmic-root-grackle,2083678824328224897,735121930836189184,true,
2084018337638457724,1785703665538,chirpy-summer-lovebird,2083483924735693090,,true,true
2084018469830602919,1785703697055,easygoing-rock-leaflove,2083905181469790625,110675273,true,
2084018494534815831,1785703702945,genuine-boulder-goose,2083944735534727407,1439752796497235969,true,
2084018506752766278,1785703705858,cheery-nutmeg-towhee,2083938992320352481,1796509639074332672,true,
2084018519864406390,1785703909526,cosmic-root-grackle,2083961725817102807,,false,
2084018631470415973,1785703735593,resplendent-park-bunting,2083950508188873186,218728050,true,
2084018845136945512,1785703786536,fashionable-peachtree-triller,2083940401673851321,1453384368118919176,true,
2084018865936179588,1785703791495,great-mountain-brushturkey,2084002360087441633,,true,
2084018911998025970,1785703802476,zappy-winter-thicketbird,2083989675975602661,1081981721413857280,true,
2084018920244363307,1785703804443,dauntless-foothill-waxbill,2083906794980610396,1515417779066839042,false,
2084019106370490522,1785703848818,philosophical-berry-brushturkey,2083898709327188475,16353477,true,
2084019114276749568,1785703850703,celebrated-ocean-seagull,,,,
2084019144559669310,1785703857923,cheery-nutmeg-towhee,2083932242821472458,1111546095526653954,true,
2084019201233314221,1785704015392,cosmic-root-grackle,2084017727111405639,,true,
2084019245172576478,1785703881911,neighborly-rhubarb-chickadee,2083938655299645511,950078261643575298,true,
2084019317830513085,1785703899234,diligent-brook-thrasher,2083737940413260237,1671239590001143812,true,
2084019402404749646,1785704078381,cosmic-root-grackle,2083904506589315139,,false,
2084019427901682139,1785703925477,zappy-winter-thicketbird,,,,
2084019482624688342,1785703938524,enlightened-summer-turkey,2083906870297711030,23457312,true,
2084019581165736189,1785703962018,punctual-pond-skimmer,1897071810551972232,83559512,false,
2084019696592920989,1785703989538,content-seedling-lovebird,2083907912800329909,288277167,true,
2084019939053084856,1785704047345,soulful-moon-quetzal,2083957584181039506,293807001,false,
2084020266502701543,1785704125416,commendable-granite-goose,2083598138984521974,271435194,true,false
2084020363097207029,1785704148445,celebrated-ocean-seagull,2083863170368917720,2083516454675292160,true,
2084020432605245930,1785704165017,vibrant-blossom-lorikeet,2083943985920270342,1761140488684310528,true,
2084020514314465376,1785704184498,cheery-nutmeg-towhee,2083983787118252097,1564229753380696065,true,true
2084020527925236052,1785704187744,thankful-twig-duck,2083854991052165512,,true,
2084020595260379604,1785704203797,neighborly-rhubarb-chickadee,2083917472823148861,2082571028350558208,true,
2084020649274564645,1785704216675,great-mountain-brushturkey,2083869675402788997,1347574261972611073,true,
2084020721555316900,1785704233908,cordial-coast-hummingbird,2083962057532354729,,false,
2084020724881055783,1785704234702,zappy-winter-thicketbird,2083994472954691957,1451307790463606786,true,
2084020747073401276,1785704239992,empowered-desert-nighthawk,2083935855467487468,753424463560052736,true,
2084020820251185453,1785704257440,neighborly-rhubarb-chickadee,2083876517323407371,948229629910888458,true,
2084020899922018684,1785704812637,cosmic-root-grackle,2083979405970289054,2510374854,false,
2084020958394994818,1785704388610,cosmic-root-grackle,2083999047455535199,859939300619714560,true,
2084021020831146413,1785704305261,diligent-brook-thrasher,2083989064936567084,,true,
2084021101194002462,1785704324421,realistic-marmalade-towhee,2083803030294528121,2042848131298086912,true,
2084021544783671316,1785704430181,outgoing-raisin-frigatebird,2084020706702970991,,true,
2084021580791795948,1785704438766,celebrated-ocean-seagull,,,,
2084021648567435466,1785704454925,outstanding-rainforest-nightjar,2083827639526011262,,true,
2084021705417105425,1785704468480,cheery-nutmeg-towhee,2083976586705952953,1691822405704892419,true,
2084021748010524910,1785704478634,understanding-river-whistler,2083908254250467371,1537479928677298176,false,
2084021894068445252,1785704513457,diligent-brook-thrasher,2083908148922917113,1720864915542429696,true,
2084021897830793618,1785704514354,celebrated-ocean-seagull,2084009504979513404,,true,
2084021900338991250,1785704514952,cheery-nutmeg-towhee,2083910130564051438,1923061935626399744,true,
2084022164861448564,1785704578019,soulful-wood-wheatear,2083968900958421061,,true,
2084022359208624467,1785704624355,lucent-dune-blackbird,2083647706623291526,1438559190373617667,true,false
2084022396303102110,1785704633199,easygoing-island-parrotlet,2084009504979513404,,true,
2084022404700143709,1785704635201,trusting-fjord-quail,2083908148922917113,1720864915542429696,true,
2084022413185241371,1785704637224,easygoing-island-parrotlet,2083994472954691957,1451307790463606786,true,
2084022420067824000,1785704638865,tectonic-sandalwood-rooster,2083832702847873175,1151913018936053760,false,
2084022574158143622,1785704675603,great-mountain-brushturkey,2083882017746210835,1971918332958842881,true,
2084022767486148944,1785704721697,great-mountain-brushturkey,2083902597946048546,1979218771584634880,true,
2084022822989443438,1785704734930,zappy-winter-thicketbird,2084017681993224419,,true,
2084022825237487852,1785704735465,neighborly-rhubarb-chickadee,2084001681604481262,23511272,true,
2084022890869965240,1785704751113,diligent-brook-thrasher,2083651878395494751,1336459315297869824,true,
2084023051344040149,1785704789374,celebrated-ocean-seagull,2083783025641558276,1959492207251202048,true,
2084023056796660031,1785704790673,cheery-nutmeg-towhee,2083999047455535199,859939300619714560,true,
2084023058923184251,1785704791180,zappy-winter-thicketbird,2083999047455535199,859939300619714560,true,
2084023119640244507,1785704805656,persistent-river-cardinal,2083907740120858781,18004222,true,
2084023309046517821,1785704850814,tectonic-tomato-flamingo,2084020763401785345,,true,
2084023393846718507,1785704871032,energetic-autumn-falcon,2083989064936567084,,true,
2084023555793248514,1785705045673,cosmic-root-grackle,2083889179855892693,4691437897,false,
2084023704976080944,1785704945212,energetic-sand-goldfinch,2082992618229653636,1441172528274173958,false,
2084023720306434129,1785704948867,inventive-park-mallard,2083844694681743691,,true,false
2084024012221579335,1785705018464,lucent-dune-blackbird,2083912338961498149,,true,false
2084024074871742868,1785705033402,great-mountain-brushturkey,,,,
2084024168887009692,1785705055816,zappy-winter-thicketbird,,,,
2084024236172005773,1785705071858,celebrated-ocean-seagull,2084000591760470458,,true,
2084024301573800349,1785705087451,neighborly-rhubarb-chickadee,2083960407748681833,1758258668888371200,true,
2084024329239413030,1785705094047,tectonic-mist-bulbul,2083666712361402500,,true,
2084024618260595024,1785705162955,diligent-brook-thrasher,,,,
2084024626112245927,1785705164827,cool-horseradish-flameback,2083957584181039506,293807001,false,
2084024692264874014,1785705180600,celebrated-ocean-seagull,,,,
2084024814428151823,1785705209725,cheery-nutmeg-towhee,2083800007107629112,1477274077828050947,true,true
2084024821470671230,1785705211404,harmonious-avocado-petrel,2084011146227380322,,true,
2084024844870660106,1785705216983,eager-pineapple-barbet,2083824395001405464,1315167760570171392,true,
2084024877322027218,1785705362486,cosmic-root-grackle,2083932921300144204,2535931375,false,
2084024932011585667,1785705404509,cosmic-root-grackle,2083898493597351975,29442313,false,
2084025116229558649,1785705281680,miraculous-ocean-albatross,2083912778452979901,921964072572157954,false,
2084025237419556909,1785705310575,great-mountain-brushturkey,2083948534995554791,1957587245587910656,true,
2084025270366019698,1785705430799,cosmic-root-grackle,2083667035976773644,880412538625810432,false,
2084025351634665819,1785705876691,cosmic-root-grackle,2083708856270811515,1363985661536002049,false,
2084025422921003125,1785705354802,zappy-winter-thicketbird,,,,false
2084025540521218157,1785705926286,cosmic-root-grackle,2083937397725966337,1664226176272068608,true,
2084025541980495965,1785705383187,neighborly-rhubarb-chickadee,2084000026745831492,1231897368766898176,true,
2084025597370515522,1785705396393,diligent-brook-thrasher,2084009216033878369,,true,
2084025656434642988,1785705410475,celebrated-ocean-seagull,2083839226081390971,1750825178953613312,true,
2084025677859205335,1785705415583,great-mountain-brushturkey,2084010751111376940,,true,
2084025841407971499,1785705454577,interesting-kiwi-jay,2083993590200402323,1533534642325815298,true,
2084025844591206791,1785705455335,zappy-winter-thicketbird,2083882745973899340,494169650,true,
2084025893945589960,1785705467102,neighborly-rhubarb-chickadee,2084010250823139553,,true,true
2084025924207403481,1785705474317,diligent-brook-thrasher,2083944099804225683,2041030314131357696,true,
2084026126809133297,1785705522621,convivial-twig-kingfisher,2083843777676910924,1958879939232706560,true,
2084026143930212801,1785705697671,cosmic-root-grackle,2083479163860599267,19644592,false,
2084026218228092958,1785705544418,virtuous-evergreen-bunting,,,,
2084026424352997879,1785705593561,cheery-trail-brushturkey,2083677696119152724,184095603,true,
2084026472008732879,1785705604923,doughty-spruce-goose,2083863758368059805,,true,
2084026530758267185,1785705618930,celebrated-ocean-seagull,2083808935195058247,1780793937365475328,true,
2084026671586234775,1785705652507,studious-pecan-partridge,2083788123394519518,1720827412357971968,true,
2084026809226502289,1785705685323,cheery-nutmeg-towhee,2083955577315790917,1022516559493746688,true,
2084026852536950890,1785705695648,great-mountain-brushturkey,2083982087749538064,2333988375,true,
2084026984829431855,1785705727189,zappy-winter-thicketbird,2083999678987702737,1766453803954417664,true,
2084026986704302125,1785705727636,neighborly-rhubarb-chickadee,2084019854852682177,,true,
2084027037929386446,1785705739850,diligent-brook-thrasher,,,,
2084027040773394552,1785705740527,shimmering-snow-hummingbird,2084016359898591285,,true,
2084027130208280711,1785705761850,independent-mango-cormorant,2083552005516132485,1458973196963700736,true,
2084027386031423725,1785705822843,magnanimous-summer-penguin,2083870437721657498,1922771683158511616,true,false
2084027475542306902,1785705844184,spunky-river-murrelet,2083620628259639528,52660746,false,
2084027487567417816,1785705847051,virtuous-evergreen-bunting,,,,
2084027606735962294,1785705875463,smart-sequoia-thrush,2083908705137963496,2682474410,true,
2084027665590149606,1785705889495,celebrated-ocean-seagull,2083993897806516686,1779808482964729856,true,
2084027681557844392,1785705893302,outstanding-field-grackle,2083637772372320344,,true,
2084027687878758481,1785705894809,cheery-nutmeg-towhee,2083680956729172143,2027782800133525510,true,
2084027689657336041,1785705895234,noteworthy-clay-nightingale,2083847970215338246,1578141850053275648,true,
2084027689862635541,1785705895282,great-mountain-brushturkey,2083680956729172143,2027782800133525510,true,
2084027798361133061,1785705921150,helpful-pecan-crossbill,2083922929536860556,14515799,true,
2084027850894541309,1785705933675,zappy-winter-thicketbird,2083777321413083218,2033687769386782722,true,
2084027873300467741,1785705939017,cheery-nutmeg-towhee,2084009126292578490,,true,
2084027886655414562,1785706410009,cosmic-root-grackle,2083959540748255604,34438002,false,
2084028239131889761,1785706026238,zesty-earth-hillstar,2083968900958421061,,true,
2084028263773696406,1785706032113,philosophical-dogwood-junco,2083952404899467617,348197129,true,true
2084028268957544847,1785706033349,enlightened-summer-turkey,2083822748883710422,1961488048379891712,true,
2084028382644187416,1785706060455,great-mountain-brushturkey,2084009039776686116,,true,
2084028622663307696,1785706117679,zappy-winter-thicketbird,2083928878863749156,1453047382074019844,true,
2084028655210991660,1785706125439,great-peanut-flowerpecker,2083925340619936220,70744910,false,
2084028663775793318,1785706325869,cosmic-root-grackle,2083980966633390180,23718667,true,
2084028860933283877,1785706174488,auspicious-moonlight-lark,2084017135001743757,,true,
2084029003745173818,1785706208536,great-mountain-brushturkey,2084018742141587950,,true,
2084029160402378894,1785706245886,fun-forest-friarbird,2083951318398337243,889095804312469505,false,
2084029177838117173,1785706250044,neighborly-rhubarb-chickadee,2083987390126060029,2045232802325581824,true,
2084029330196488193,1785706286368,cozy-frost-petrel,2083784027010711599,,true,
2084029697432658030,1785706373924,worthy-pine-grouse,2083757885004406940,,true,
2084029733608767561,1785706382550,devoted-mulberry-duck,2083899807991562349,183625065,true,
2084029830715126212,1785706405701,zappy-winter-thicketbird,2083791446902026585,1002281689283026944,true,
2084030258685088210,1785706507737,agreeable-mangrove-mallard,2083993590200402323,1533534642325815298,false,
2084030304642093379,1785706518694,diligent-brook-thrasher,2083822748883710422,1961488048379891712,true,
2084030306986643723,1785706519254,celebrated-ocean-seagull,,,,
2084030313559437408,1785706520820,agile-bamboo-conebill,2084017135001743757,,false,
2084030317665436158,1785706521799,sublime-lowland-penguin,2083987390126060029,2045232802325581824,true,
2084030350267752632,1785706529572,cheery-nutmeg-towhee,2083952605777047696,1637507099558027267,true,
2084030547358052625,1785706576563,great-mountain-brushturkey,,,,
2084030565154464212,1785706580805,mellow-aspen-chicken,2082644471599034539,1371257555113160706,true,true
2084030632666059029,1785706776667,cosmic-root-grackle,2083480694957998503,1551978656733487105,false,
2084030719794241540,1785706617674,hypnotic-lumber-flamingo,2083987236119273978,1509771855850266626,false,
2084030747200102506,1785706624208,artistic-riverbank-hummingbird,2083700824635834571,1634753809951125510,true,
2084030885297274880,1785706657133,neighborly-rhubarb-chickadee,2083872037555368196,1023511095745630208,true,
2084031319156084943,1785706760573,zappy-winter-thicketbird,,,,
2084031321605623867,1785706761157,neighborly-rhubarb-chickadee,2084014849319653472,,true,
2084031364693921920,1785707207398,cosmic-root-grackle,2083663823047950808,888118103095115780,true,false
2084031779078275449,1785706870227,diligent-brook-thrasher,2084009043350212653,,true,
2084031869297856577,1785706891737,celebrated-ocean-seagull,2084017856832749869,,true,
2084031928265785448,1785706905797,enthusiastic-slope-partridge,2075015128899014678,22703645,true,
2084031934376915038,1785706907254,modest-coast-bullfinch,2083987089012535351,1911096563759190016,true,
2084032059165876281,1785706937005,smart-desert-needletail,2083917244237746297,1721015278170202112,true,
2084032113238815040,1785706949897,fearless-hillside-flamingo,2084019562236744109,,true,true
2084032151276958106,1785707081052,cosmic-root-grackle,2083715351552893263,,false,
2084032206553411966,1785706972145,cheery-nutmeg-towhee,2083964703710322705,1613591730556735500,true,
2084032297209405558,1785706993759,tolerant-pomegranate-crow,2083803852352929818,2027429188400254976,true,
2084032402582565306,1785707018882,enlightened-summer-turkey,2083128488463077743,2034710546524905473,true,
2084032582161756267,1785707061697,great-mountain-brushturkey,2083925311163449499,1565321691881938944,true,
2084032585705898052,1785707062543,zappy-winter-thicketbird,2083941417307492678,1142999539508400129,true,
2084032656971317579,1785707079533,neighborly-rhubarb-chickadee,2083940418941817272,1957365588948590592,true,
2084032780175097998,1785707299201,cosmic-root-grackle,2083706334495588372,929350720888999937,true,
2084032810512204000,1785707116140,diligent-brook-thrasher,2083888090083627462,1834837208139796481,true,
2084032971888058650,1785707154616,,2083990509266293116,1741916934164381696,false,false
2084033012443095469,1785707164284,amiable-nectarine-lapwing,2083948165598699856,296517137,true,
2084033136086732832,1785707193764,diligent-brook-thrasher,2083809778950701088,1290672960416743424,true,
2084033142239961116,1785707195230,friendly-iceberg-crossbill,2083795519449555426,1404514084721238021,false,
2084033188041769140,1785707206150,adept-berry-warbler,2083735586339192908,1457763430929215491,true,
2084033268177850751,1785707225256,celebrated-ocean-seagull,,,,
2084033542548263316,1785707290671,zesty-earth-hillstar,2084017135001743757,,true,
2084033786283540825,1785707348783,cheery-nutmeg-towhee,2083715351552893263,,true,
2084033807762489414,1785707353903,great-mountain-brushturkey,2083936146267283569,1081981721413857280,true,
2084033825848377640,1785707358215,passionate-peachtree-citril,1584867628476026880,2670726740,false,
2084033981402501508,1785707395303,fortuitous-watermelon-pigeon,2083612185754992670,19163612,true,
2084034052819198382,1785707412329,spunky-summer-thrush,2083824131750162762,,true,
2084034227293540430,1785707453927,zappy-winter-thicketbird,,,,
2084034326006792521,1785707477462,lucky-cliff-nighthawk,2083289639209889838,1589777534476247041,false,
2084034327399035017,1785707477794,neighborly-rhubarb-chickadee,2083898894212014478,1428293763143815169,true,
2084034470429249715,1785707511895,devoted-highland-blackbird,2083842797891686799,1148607206239215616,true,
2084034475114082432,1785707513012,persistent-avocado-canary,,,,false
2084034564226265393,1785707534258,grand-isle-songbird,2083674131799679154,5162861,true,false
2084034720304624104,1785707571470,celebrated-ocean-seagull,,,,
2084034727711830260,1785707573236,,2083938536114237856,33608041,true,
2084034767318819085,1785707582679,lively-lychee-waxbill,2083821899122200822,257819863,true,
2084034979709747604,1785707633318,swift-lake-finch,2083786353850855773,1239332317275054087,true,
2084035011922006275,1785707640998,magnetic-eucalyptus-quail,2083431025426755607,1317321414144393216,true,
2084035197243416858,1785707685181,authentic-cherry-seabird,2083968900958421061,,true,
2084035368618217613,1785707985206,cosmic-root-grackle,2080970330919882867,,true,
2084035404571857337,1785708154814,cosmic-root-grackle,2083868868871852476,2042495417162563584,true,
2084035432439017556,1785707741256,discerning-cashew-cockatoo,2083831293725593632,865389111191916544,true,true
2084035547396448604,1785707768664,genial-grass-fantail,2083935855467487468,753424463560052736,false,
2084035575380680902,1785707775336,celebrated-ocean-seagull,2083938655299645511,950078261643575298,true,
2084035686164733978,1785707801750,intriguing-moon-kite,2083955377641590868,,true,
2084035730964431018,1785707812430,comforting-pecan-nightjar,2083638513044783617,1574269554271797249,true,
2084035735275888957,1785707813458,superb-coconut-sunbird,2083884677379625342,1873358835995344896,true,
2084035746826969247,1785707816213,outstanding-forest-treerunner,2084033724027453580,,true,
2084035967514480968,1785707868828,informative-grassland-francolin,2083949643839209789,1722014154322575360,true,
2084036367948952029,1785707964299,unique-moon-swift,2083761071089717585,239575120,true,
2084036549243494577,1785708007523,cheery-nutmeg-towhee,2084020352510783865,,true,
2084036566901457002,1785708011733,great-mountain-brushturkey,2083981070857302123,1252945858024353792,true,
2084036643523084506,1785708030001,zappy-winter-thicketbird,2083966295658168574,2044458136191324161,true,
2084036647457624401,1785708030939,modest-magnolia-woodpecker,2084033286267961452,,true,
2084036696513851577,1785708042636,neighborly-rhubarb-chickadee,,,,
2084036767284342817,1785708059508,diligent-brook-thrasher,,,,
2084036866274160704,1785708083109,celebrated-ocean-seagull,2083990874866766282,,true,
2084036902944969176,1785708091853,cheery-nutmeg-towhee,2084005382234468391,,true,
2084037076542988538,1785708133241,great-mountain-brushturkey,,,,
2084037186723406151,1785708159511,witty-mountain-hillstar,2083874965451878400,1881418190452051968,true,
2084037335956730337,1785708195091,trusting-fjord-quail,2083503205527241100,1519974714038534146,true,
2084037365824135533,1785708202211,exquisite-mango-warbler,2083620209760379385,108133590,true,
2084037370190471675,1785708203253,zappy-winter-thicketbird,2084028268596879584,,true,
2084037410753573262,1785708212924,lively-mangrove-rooster,2083961725817102807,,true,
2084037472783089689,1785708227712,incredible-rainfall-pipit,2083730808213278736,1022660824907825153,true,
2084037564869296586,1785708249667,happy-sand-tern,2083828330550427724,1227285477318774784,true,
2084037638734925987,1785708267278,joyous-sapling-pigeon,2083611320637636776,,false,
2084037680581816522,1785708857057,cosmic-root-grackle,2083819581919973715,,false,
2084037686336098539,1785708278627,neighborly-rhubarb-chickadee,2083869101131514151,1257035542685986818,true,
2084037958668034464,1785708343556,diligent-brook-thrasher,2083976922283823570,,true,
2084038039098028490,1785708362733,cheery-nutmeg-towhee,2084010094514106406,,true,
2084038181255537141,1785708396625,celebrated-ocean-seagull,2083942441741119977,1762240899126317056,true,
2084038185235992599,1785708397574,glowing-granite-puffin,2083955838289338476,989900488291307520,true,
2084038316756729896,1785708428931,great-mountain-brushturkey,2083987071144694038,2045232802325581824,true,
2084038356665561229,1785708438446,cheery-nutmeg-towhee,2084021206014149010,,true,
2084038376395563205,1785708443150,great-mountain-brushturkey,2084013042938032565,,true,
2084038378861768813,1785708443739,zappy-winter-thicketbird,2083975239965225187,579847209,true,
2084038395123192011,1785708447615,zappy-winter-thicketbird,2083796828047233168,1887591390294777856,true,true
2084038397182562783,1785708448106,cheery-nutmeg-towhee,2083796828047233168,1887591390294777856,true,true
2084038600123981864,1785708496491,philosophical-grape-goldfinch,2083964794105626782,19017675,false,false
2084038615357632984,1785708500123,colorful-birch-gull,2084024034312720449,,true,
2084038692717424763,1785708518568,zesty-earth-hillstar,2083765306657313100,1902020914465636352,true,
2084038787189944826,1785708541091,great-mountain-brushturkey,,,,
2084038903338590698,1785708568783,gracious-sunlight-starling,2081007882766831977,1344356576786866176,true,
2084038946280046644,1785709178557,cosmic-root-grackle,2083964024014745752,1244068896157708289,false,
2084039130204324089,1785708622872,zappy-winter-thicketbird,2083865765732597912,1445367326740787205,true,
2084039193882190110,1785708638054,driven-hazelnut-bushbird,2083933718251536760,1380129058810380290,true,
2084039383678644402,1785708683305,neighborly-rhubarb-chickadee,,,,
2084039793395261563,1785708780989,authentic-cherry-seabird,2083923104674242777,1686551250538528769,true,
2084039835493269784,1785708791026,strategic-coconut-kingbird,2083669039524528523,330262748,true,
2084039914103152785,1785708809769,flowing-peach-hawk,2083141205622161715,385082040,false,
2084039965030166919,1785708821910,hysterical-wood-brownbul,2083961743412269310,,false,
2084040113290428460,1785709432005,cosmic-root-grackle,2083208722193535345,1562038858988064768,true,
2084040192890151397,1785708876236,motivating-grass-canary,2083284605549907989,1403719990486970373,true,
2084040244488261782,1785709039700,cosmic-root-grackle,2083523175153832052,17137628,false,
2084040719631573291,1785709001821,diligent-brook-thrasher,2083889564461015093,1504550028236496902,true,
2084040721703575846,1785709002316,shining-grove-auklet,2083943468489953361,,false,
2084040775441211685,1785709015127,hilarious-autumn-starling,2083267604106609037,94701166,true,
2084040986519654490,1785709065452,easygoing-island-parrotlet,2084010094514106406,,true,
2084041279974035809,1785709135417,wholesome-ocean-rooster,2083854075032936619,3247100168,false,false
2084041397217419316,1785709163371,nimble-summer-songbird,2083883454333440262,739070891909255168,true,
2084041658300281186,1785709793889,cosmic-root-grackle,2083918691452805361,1805357803181363200,true,
2084041716336656674,1785709239455,neighborly-rhubarb-chickadee,2083957136854315280,1279812908,true,
2084041755385594135,1785709248765,celebrated-ocean-seagull,2083856407632252976,4882242148,true,
2084041785462984832,1785709255935,diligent-brook-thrasher,2083948383064961445,1519974714038534146,true,true
2084041872704483748,1785709276735,grateful-banana-spoonbill,2084004942084481324,,true,
2084041882884084004,1785709279162,celebrated-ocean-seagull,,,,
2084041926462865472,1785709289553,cheery-nutmeg-towhee,2084038058144334218,,true,
2084042099863752969,1785709330895,great-mountain-brushturkey,,,,
2084042104121237672,1785709331909,authentic-garden-blackbird,2083901421934580139,130878480,true,
2084042109162799548,1785709333111,contemplative-oak-ostrich,2083827099970707538,432098693,true,
2084042179815550986,1785709349957,zappy-winter-thicketbird,2083973325257064945,,true,
2084042181912797590,1785709350456,cheery-nutmeg-towhee,2083973325257064945,,true,
2084042193359016160,1785709353185,neighborly-rhubarb-chickadee,2083944099804225683,2041030314131357696,true,
2084042413610291642,1785709405696,celebrated-ocean-seagull,2083665486714110368,78681704,true,
2084042590425690492,1785709447853,approachable-river-catbird,2084001347704082607,,true,
2084042613003354202,1785709453237,great-mountain-brushturkey,2083875467719852293,2033615102474129408,true,
2084042713419424179,1785709477177,worthy-coast-kookaburra,2083835140048916976,1682368338293293056,true,
2084042778065969455,1785709492590,philosophical-berry-brushturkey,2083868868871852476,2042495417162563584,true,
2084042852892569986,1785709510430,discerning-garden-seagull,2083986773475033478,1720665183188922368,true,
2084043004143083952,1785709546492,zappy-winter-thicketbird,2083974609297093030,1825757098807803904,true,
2084043039585018147,1785709554941,,2083923104674242777,1686551250538528769,true,
2084043049718468906,1785709557357,neighborly-rhubarb-chickadee,2083790916121477150,1427936552965926916,true,
2084043073277813012,1785709562975,commendable-tomato-chicken,2083962057532354729,,true,
2084043125270430033,1785709575370,authentic-spring-finch,2083730375461728306,1406568260,true,
2084043276034949246,1785709611315,optimistic-sun-swift,2083936378086404115,281877818,true,
2084043365654425986,1785709632683,independent-horseradish-leaflove,2084001539702599977,1424232851977953281,true,
2084043421153362276,1785709645914,flowing-peanut-conure,2082540961540854228,9890492,true,
2084043634865758590,1785709696868,admirable-dune-fantail,2083575145256427863,3104219584,true,
2084043778151567832,1785709731029,diligent-brook-thrasher,,,,
2084043844799111520,1785709746919,exceptional-pond-parrot,2083764015214236049,1505865338814181378,true,
2084043931411689698,1785709767569,radiant-glacier-junco,2083818449097433093,3533889493,true,
2084043936079736872,1785709768682,celebrated-ocean-seagull,2083807592749711691,,true,
2084044246533701929,1785709842701,cheery-nutmeg-towhee,2083742443799724248,1541812932790599681,true,
2084044346848907653,1785709866619,great-mountain-brushturkey,,,,
2084044398497575359,1785709878931,zappy-winter-thicketbird,2083996174244352295,,true,true
2084044430634262672,1785709886593,neighborly-rhubarb-chickadee,,,,
2084044438821540085,1785709888546,diligent-brook-thrasher,,,,
2084044572934754530,1785709920520,natural-rosewood-rooster,2083885775695847905,1394680198705123329,true,
2084044600121962926,1785709927003,celebrated-ocean-seagull,2083958750637937134,,true,
2084044755126907324,1785710425996,cosmic-root-grackle,2083876855631802644,374712154,false,
2084044840375824851,1785709984282,lucent-rose-penguin,2083977685596819849,1552795969959636992,true,false
2084044931367158116,1785710188358,cosmic-root-grackle,2083788736131940822,1592708747943497728,false,
2084044955308191955,1785710011685,striking-rainforest-parrot,2083151923192959290,1321877809363587073,true,
2084045199613755891,1785710069932,luminous-fir-turkey,2083958450761945286,1161729675930025985,true,
2084045426131410978,1785710123939,cheery-nutmeg-towhee,2083961530329014450,2017250366627143681,true,true
2084045649431925020,1785710177178,cheery-nutmeg-towhee,,,,
2084045811709514113,1785710215868,great-mountain-brushturkey,2083677549226324417,1562191879164547074,true,
2084045885512552760,1785710233464,zappy-winter-thicketbird,,,,
2084045930526114248,1785710244195,nimble-cloud-bushlark,2083961362175189428,1949819596954906624,true,
2084046007143170114,1785710262462,neighborly-rhubarb-chickadee,2083989161594237050,1497817253214969858,true,
2084046050394861646,1785710272775,diligent-brook-thrasher,2083802376297758982,1469589184373526537,true,
2084046228375904724,1785710315208,courteous-shoreline-gull,2083943113106579956,1316995857242378240,true,
2084046266447917190,1785710324286,ardent-grapefruit-pelican,2083029637794595152,1527667784762548224,true,
2084046323536531846,1785710337896,entrancing-chestnut-kingfisher,2083667099570905233,1772364118672203776,true,
2084046412313223324,1785710359062,safe-lime-kite,2083955715777925511,1437424219017654275,true,
2084046425126514990,1785710362117,responsible-conifer-tinamou,2083896392636895435,1550347852026724354,true,true
2084046425743131125,1785710475925,cosmic-root-grackle,2083896392636895435,1550347852026724354,true,
2084046459545243922,1785710370323,logical-fern-fantail,2083809778950701088,1290672960416743424,false,
2084046459800793523,1785710370384,zesty-earth-hillstar,2083916619718258850,1407118665665888257,true,
2084046607188734019,1785710405524,witty-grass-sparrow,2083602202690555982,1139217161275101184,true,
2084046681775935755,1785710423308,celebrated-ocean-seagull,2083913679347868091,1846603635033047040,true,
2084046683726291230,1785710423772,great-mountain-brushturkey,2083913679347868091,1846603635033047040,true,
2084046725149557201,1785710433648,limber-juniper-friarbird,2084036634883092512,,true,
2084046749644308517,1785710439488,fabulous-almond-raven,2083940161667366967,1773482199809200128,true,
2084046771039457695,1785710444590,bountiful-frost-crow,2083977685596819849,1552795969959636992,false,
2084046773111214476,1785710445084,cheery-nutmeg-towhee,,,,
2084046811044749494,1785710454127,limber-juniper-friarbird,2084035274905100486,,true,
2084046821869965414,1785710456708,neighborly-rhubarb-chickadee,2084028268596879584,,true,
2084046870704439559,1785710468351,soulful-wood-wheatear,2083797446778384553,938438307733823489,true,
2084046879671853132,1785710470489,limber-juniper-friarbird,2084034612016357783,,true,
2084046896071381435,1785710474399,great-mountain-brushturkey,2083988423430344845,1993820474883952640,true,
2084046915948191965,1785710479139,zappy-winter-thicketbird,2083924161861173471,368183883,true,
2084046952698909178,1785710487900,limber-juniper-friarbird,2084032704446963991,,true,
2084047106248261908,1785710524510,alpine-kiwi-bullfinch,2083936600426475808,9300262,true,
2084047261852635428,1785710561608,legendary-garden-bluejay,2083950627223179748,1680149096189898752,false,
2084047339602268200,1785710580145,tranquil-fir-siskin,2083284821535539207,1187524450809536513,true,
2084047369851547891,1785710587357,smart-coral-bittern,2083985100807483424,1357942683021500421,true,
2084047427619749977,1785710601130,neighborly-rhubarb-chickadee,2083955377641590868,,true,
2084047657513996650,1785710824003,cosmic-root-grackle,2069374293314552008,3247652319,true,
2084048016676364563,1785710741572,motivated-oak-spoonbill,2083932579191734749,1555251406797512707,true,
2084048017770905669,1785710741834,diligent-brook-thrasher,,,,
2084048048544776286,1785710749171,helpful-jacaranda-bluebird,2082816776732385727,967726779979907073,true,
2084048092785946760,1785710759718,celebrated-ocean-seagull,2084036331114557946,,true,
2084048118648070391,1785710765885,cheery-nutmeg-towhee,,,,
2084048160800866400,1785710775934,marvelous-cherry-peafowl,2083787279982834007,1370259486661767169,true,
2084048184117018920,1785710781493,balanced-orchard-albatross,2083968900958421061,,true,
2084048193080234126,1785710783630,great-mountain-brushturkey,,,,false
2084048206913032495,1785710786929,balanced-orchard-albatross,2082939288556331011,1993401805473300480,true,
2084048226785624323,1785710791666,zappy-winter-thicketbird,,,,
2084048229688111274,1785710792358,balanced-orchard-albatross,2084014849319653472,,true,
2084048252370829536,1785710797766,marvelous-cherry-peafowl,2083914352336228416,1962250108268863488,true,
2084048255403565493,1785710798490,resilient-willow-nightingale,2083955358968447256,10671602,true,
2084048275267629325,1785710803225,balanced-orchard-albatross,2083698893208842533,,true,
2084048389721690474,1785711187096,cosmic-root-grackle,2083943113106579956,1316995857242378240,true,
2084048436199092394,1785710841594,profound-field-catbird,2083489817338515550,1989963597108449284,false,
2084048436383617400,1785710841639,delightful-mesa-bunting,2083885702249398572,766180382815428608,true,false
2084048464980119605,1785710848456,neighborly-rhubarb-chickadee,2083836278471086094,1411261672690442240,true,
2084048567270875389,1785710872844,luminous-frost-falcon,2083943113106579956,1316995857242378240,false,
2084048592378146892,1785710878831,commendable-moss-crimsonwing,2084010793499283896,,true,
2084048741787369964,1785710914452,intentional-almond-wigeon,2083901260495831514,4627222575,true,
2084048826571112623,1785710934666,intentional-almond-wigeon,2083840086471217258,,true,
2084048913493803046,1785710955390,intentional-almond-wigeon,2083953234939359662,1471414739880189955,true,
2084048954677756306,1785710965209,diligent-brook-thrasher,2084003802932257102,,true,
2084048996637503921,1785710975213,intentional-almond-wigeon,2083967433446924367,1434450096557596680,true,
2084049085523529894,1785710996405,intentional-almond-wigeon,2083839599126925631,1925447824843710468,true,
2084049130125496392,1785711007039,zestful-melon-owl,2083988686648348891,1449759424663404547,true,
2084049136635273515,1785711158742,cosmic-root-grackle,2083741966227952033,311840840,false,
2084049188384325926,1785711020929,remarkable-plum-nighthawk,2083785989693321557,1847631857695019008,true,
2084049196181492201,1785711022789,nestling-mesa-frigatebird,2083972217684029746,1986852813071392769,true,
2084049289085366618,1785711044938,celebrated-ocean-seagull,,,,
2084049331527803266,1785711055057,quiet-freshwater-parrotlet,2083583967479935470,,true,
2084049340692058356,1785711057242,cheery-nutmeg-towhee,2084036634883092512,,true,
2084049350750072844,1785711059640,great-mountain-brushturkey,2083899080997228908,,true,
2084049396371509644,1785711548611,cosmic-root-grackle,2084030564320124995,,false,
2084049422749667598,1785711229613,cosmic-root-grackle,2083209794609954954,269377464,true,
2084049472045072431,1785711088559,zappy-winter-thicketbird,,,,
2084049534951268619,1785711103557,neighborly-rhubarb-chickadee,2084035274905100486,,true,
2084049669340946646,1785711135599,diligent-brook-thrasher,2084032704446963991,,true,
2084049682104250786,1785711138641,celebrated-ocean-seagull,2083876780511826268,1480014211413540866,true,
2084049732935323938,1785711150760,expressive-moonlight-kingfisher,2083955358968447256,10671602,true,
2084049777482727527,1785711161381,genuine-persimmon-kingbird,2083999391673634882,893161943778852865,true,
2084049883300782544,1785711186611,witty-grassland-waxbill,2084010567292076408,,true,
2084049897268084797,1785711189941,lively-grass-bulbul,2083944618035449984,,true,
2084049905576730736,1785711191922,cheery-nutmeg-towhee,2084040587477402028,,true,true
2084050131624636473,1785711245815,celebrated-ocean-seagull,2083715351552893263,,true,
2084050134833430794,1785711246580,bubbly-marmalade-penguin,2083924324457533610,1106007969181958144,true,
2084050287183134796,1785711282903,authentic-cherry-seabird,2083989742371188933,2045654384088883200,true,
2084050374327976420,1785711303681,cheery-nutmeg-towhee,2084031597955711022,,true,
2084050640649797800,1785711367176,incredible-rosewood-flamingo,2083962057532354729,,false,
2084050664498618444,1785711372862,gracious-evergreen-puffleg,2083276522434007426,1481064763211886592,true,
2084050687265018265,1785711378290,great-mountain-brushturkey,2083893700040524132,1233011702830182401,true,
2084050711659377072,1785711384107,entrancing-cedar-fantail,2083868095328968983,1021600664,true,
2084050746127855840,1785711392324,clever-beach-mallard,2083672908283498589,14298769,true,
2084050770828148790,1785711398213,tranquil-coral-parrotlet,2083920943068410269,1165424887693021184,true,
2084050819523977267,1785711409823,zappy-winter-thicketbird,2083955013194281231,1249010153229352966,true,
2084050876587528518,1785711423428,neighborly-rhubarb-chickadee,2083952404899467617,348197129,true,
2084051060360900890,1785711467243,,2083975239965225187,579847209,true,
2084051129151766934,1785711483644,clever-beach-mallard,2084049473810936078,,true,
2084051317899640835,1785711528645,intentional-citrus-mousebird,2084002186296480039,1269271806562701316,true,false
2084051322886918581,1785711529834,caring-peach-lovebird,2083334648499679627,1169664359628509184,true,
2084051685933019466,1785711616391,diligent-brook-thrasher,2083944618035449984,,true,
2084051751947116819,1785711632130,modest-moonlight-hummingbird,,,,
2084051946172756273,1785711678438,celebrated-ocean-seagull,,,,
2084051951369507309,1785711679676,goodhearted-peach-chicken,2083782267604799738,,true,
2084051972835918055,1785711684794,cheery-nutmeg-towhee,,,,
2084051977474908317,1785711685900,philosophical-berry-brushturkey,2083787279982834007,1370259486661767169,true,
2084052413879877713,1785711789947,trusting-fjord-quail,2083229864862056532,3534044246,true,
2084052600589266982,1785711834463,musical-lumber-nightingale,2067019125621391508,573597635,true,
2084052629412278676,1785711841334,diligent-brook-thrasher,2084033286267961452,,true,
2084052640975986961,1785711844091,great-mountain-brushturkey,2084041771596849196,,true,
2084052678967951524,1785711853150,zappy-winter-thicketbird,2083916601133322643,1851757405241249794,true,
2084052733980459504,1785711866264,stalwart-maple-kestrel,2083962346444320906,1513410916473192450,false,
2084053030639669324,1785711936994,comical-samba-whistler,2083196571852665097,1433732840122847248,false,
2084053139918057751,1785711963049,brawny-trail-starling,2083842464847122930,1588349855801434117,true,
2084053181936304631,1785711973066,neighborly-rhubarb-chickadee,2084036574636040282,,true,
2084053316296962171,1785712005100,convivial-pineapple-logrunner,2083876243876045074,74437883,true,
2084053319350133131,1785712005827,poised-petal-blackbird,2083631872693682549,,true,
2084053345908768893,1785712132250,cosmic-root-grackle,2080785077781610875,920408435212083205,true,
2084053545968349234,1785712059857,alpine-peanut-robin,2083951759614194108,2530562977,true,
2084053641342619773,1785712082596,diligent-brook-thrasher,2083818738684502366,2293697022,true,
2084053656425431409,1785712537980,cosmic-root-grackle,2083933601956061591,2879841487,true,
2084053662624833833,1785712087671,authentic-cherry-seabird,2083975239965225187,579847209,true,
2084053839473192984,1785712129835,strategic-vine-barbet,2083946810565972382,3008726907,true,
2084054032239198351,1785712175795,rational-spring-grassbird,2083961743412269310,,false,
2084054393221959961,1785712261859,celebrated-ocean-seagull,2083833383793094681,1730017283890708480,true,
2084054410456412435,1785712265969,cheery-nutmeg-towhee,2083913790114988066,1654446821551349761,true,
2084054426717741447,1785712269846,great-mountain-brushturkey,2084019945986244634,,true,
2084054433067864182,1785712271360,zappy-winter-thicketbird,2083952395361366192,,true,
2084054477804539973,1785712282025,profound-field-catbird,2082777631519551856,1820385544817487872,true,
2084054551439511971,1785712493524,cosmic-root-grackle,2083527082223563157,306410055,false,
2084054551871517020,1785712299684,neighborly-rhubarb-chickadee,2083922134162637094,1733458492445392896,true,
2084054670448734379,1785712449063,cosmic-root-grackle,2083789402074149375,1316655254306394112,true,
2084054703306908030,1785712335789,diligent-brook-thrasher,2083859281296986330,484727981,true,
2084054736437752250,1785712343687,celebrated-ocean-seagull,2083938134497329374,865389111191916544,true,
2084054970739904625,1785712399550,great-mountain-brushturkey,2084043213514613016,,true,
2084055239351492669,1785712463592,zappy-winter-thicketbird,2084011146227380322,,true,
2084055285975461985,1785712474708,thrilled-mint-drongo,2083998654101180513,2353710014,true,
2084055445543485579,1785712512753,neighborly-rhubarb-chickadee,2084019466535358598,,true,
2084055643384959221,1785712684785,cosmic-root-grackle,2083957433416781915,1595843820280856576,true,
2084055705430966515,1785712574713,diligent-brook-thrasher,2083782267604799738,,true,
2084055707452633113,1785712575196,zappy-winter-thicketbird,2083782267604799738,,true,
2084055736598888799,1785712582146,charming-cactus-seabird,2084026458058482128,,true,
2084055868887482496,1785712755592,cosmic-root-grackle,2084054397865046268,,false,
2084055893742625268,1785712619612,intellectual-papaya-songlark,2083458102628639032,1325418249308213248,true,
2084055923383799816,1785712626676,neighborly-rhubarb-chickadee,2084036068232265885,,true,
2084056144595603889,1785713160144,cosmic-root-grackle,2084034010972311704,,false,
2084056203659772083,1785713089446,cosmic-root-grackle,2083264405362311469,1921798310521659392,true,
2084056307850518627,1785712718342,superb-shoreline-cardinal,1722874576428818464,38395124,false,
2084056700844150884,1785712812040,uplifting-leaf-rooster,2083916866133557380,69069168,false,
2084056764828299717,1785712827294,celebrated-ocean-seagull,2083789402074149375,1316655254306394112,true,
2084056861557338373,1785712850356,cheery-nutmeg-towhee,2083747340163096811,3021865764,true,
2084056871518851177,1785712852731,great-mountain-brushturkey,2083734610324685175,3540365962,true,
2084056924140818790,1785712865277,classy-grass-pitohui,2083862434679529855,1712444259750801408,true,
2084056970466939166,1785713029412,cosmic-root-grackle,2083999047455535199,859939300619714560,true,
2084057010585137208,1785712885887,zappy-winter-thicketbird,2083951574401908838,2045232802325581824,true,
2084057038569783531,1785712892559,quick-ice-wader,2083858500715937814,2809006728,true,
2084057526073516526,1785713008789,glamorous-hillside-peacock,2083963259644735586,967132638,true,
2084057733142393204,1785713058159,authentic-cherry-seabird,2084009043350212653,,true,
2084057871130534263,1785713091057,tranquil-coral-parrotlet,2083833383793094681,1730017283890708480,true,
2084057932149272915,1785713105606,neighborly-rhubarb-chickadee,2084039172885520663,,true,
2084058212802695452,1785713172520,diligent-brook-thrasher,2083929823504662874,1541491271805665281,true,
2084058227692425536,1785713176068,celebrated-ocean-seagull,2083996366573867238,1695181896236359680,true,
2084058237142204912,1785713178322,modern-pear-falcon,2083938182517641304,1189922584755949568,true,
2084058314179043806,1785713196689,celebrated-ocean-seagull,2084046617049522359,,true,
2084058400023892126,1785713217155,curious-marble-owl,2083907740120858781,18004222,false,
2084058407166779527,1785713218858,cheery-nutmeg-towhee,2083979316350652874,27132920,true,
2084058531213291805,1785713248433,happy-frost-firefinch,2083933881795830253,1216722787106279424,true,
2084058561143787612,1785713255569,miraculous-peat-albatross,2083674561065697711,1226166151476076549,true,
2084058817382306214,1785713316661,hysterical-foothill-mockingbird,2084020798264942707,,true,
2084058837187764328,1785713321383,cheery-nutmeg-towhee,2083722449368084766,2064112406922502144,true,
2084058937599336647,1785713468844,cosmic-root-grackle,2083780812076650499,1496811904076947465,false,
2084058948047421526,1785713347815,great-mountain-brushturkey,2084000200264184069,2007168959393763328,true,
2084058982931382378,1785713356131,curious-isle-finch,2083779569618694645,27831935,true,
2084059070944977371,1785713560157,cosmic-root-grackle,2083957433416781915,1595843820280856576,true,
2084059072190349572,1785713848490,cosmic-root-grackle,2084034010972311704,,false,
2084059192290422860,1785713406046,gentle-orchard-turkey,2084022374702485721,,true,
2084059253807927635,1785713420714,zappy-winter-thicketbird,2084045441159623068,,true,
2084059411165876286,1785713458230,studious-peanut-needletail,2083843210661789741,50270149,true,
2084059444652998683,1785713466214,neighborly-rhubarb-chickadee,2083967394242801683,988188869521797122,true,
2084059618305581561,1785713507616,diligent-brook-thrasher,2084030325055717585,,true,
2084059718532665781,1785713612893,cosmic-root-grackle,2084004376234889665,,false,
2084059824820535327,1785713556854,celebrated-ocean-seagull,2083996631473479752,,true,
2084059834568048693,1785713559177,cheery-nutmeg-towhee,2084053944838267101,,true,
2084059837554381220,1785713559890,great-mountain-brushturkey,2084003345648193575,,true,
2084059994144866592,1785713597224,sincere-prairie-goose,2083933517147488734,1893107724336144386,true,
2084060182565290189,1785713642147,,2084009043350212653,,true,
2084060206229774596,1785713647788,upstanding-grape-seagull,2084051145199161515,,true,
2084060218229653908,1785713787072,cosmic-root-grackle,2084004376234889665,,false,
2084060306481783028,1785713784020,cosmic-root-grackle,2083878232097505642,1680149096189898752,false,
2084060459741655142,1785713708231,hypersonic-samba-toucan,2084004376234889665,,true,
2084060569326264501,1785713734357,zappy-winter-thicketbird,2083967945110339628,1674594801155706880,true,
2084060749379293612,1785713777285,neighborly-rhubarb-chickadee,2083699163993157735,1245090408826376193,true,
2084060785026671095,1785713785785,refreshing-forest-parrot,2083967433446924367,1434450096557596680,false,
2084060822037213381,1785713794609,diligent-brook-thrasher,2084035728141365572,,true,
2084060851665871135,1785713801672,celebrated-ocean-seagull,2084044897729040801,,true,false
2084060888542191939,1785713810464,cheery-nutmeg-towhee,2083869087885914564,1336245309937213441,true,
2084061005286674595,1785713838299,bright-wind-woodpecker,2083973849226285296,1968125371414351872,false,
2084061384325603758,1785713928668,logical-winter-bittern,2083939481967575277,2234850020,true,
2084061606107902301,1785713981545,marvelous-dogwood-snowfinch,2084007845691826361,,true,
2084061773448048852,1785714021442,great-mountain-brushturkey,2083969216533688616,2610532718,true,
2084061902439690254,1785714052196,zappy-winter-thicketbird,2083933881795830253,1216722787106279424,true,
2084061916557713435,1785714055562,neighborly-rhubarb-chickadee,2083945012765630593,1537078686226186245,true,
2084062036783243426,1785714084226,diligent-brook-thrasher,2083942769693704665,2431310516,true,
2084062038922264929,1785714084736,great-mountain-brushturkey,2083942769693704665,2431310516,true,
2084062064054874578,1785714090728,assuring-forest-stilt,2083942493788557316,143395943,false,
2084062095444730068,1785714098212,celebrated-ocean-seagull,2083727570856472713,1891652919537086464,true,
2084062097814561260,1785714098777,zappy-winter-thicketbird,2083727570856472713,1891652919537086464,true,
2084062469773811801,1785714187459,neighborly-rhubarb-chickadee,2083877977410990080,1318136451112988673,true,
2084062619023896589,1785714223043,interesting-ridge-leaflove,2084056236916420823,,true,
2084062634291101728,1785714226684,cheery-nutmeg-towhee,2083970966133109149,2072350305228816384,true,
2084062948499018222,1785714770203,cosmic-root-grackle,2084062707586662798,,true,
2084062972121371067,1785714307228,extraordinary-peanut-penguin,2083669039524528523,330262748,true,
2084063017767965139,1785714318111,calm-cliff-flamingo,2083849375894183968,,true,
2084063106838434279,1785714339347,jubilant-rainforest-shorebird,2083956340398158294,2075506257939804161,true,
2084063113800757402,1785714341007,great-mountain-brushturkey,2083842464847122930,1588349855801434117,true,
2084063177843601535,1785714356276,zappy-winter-thicketbird,2083987158810112419,,true,true
2084063281686127032,1785714381034,worthy-elm-chickadee,2083199467642323399,1355945100216573952,true,
2084063428038078897,1785714415927,neighborly-rhubarb-chickadee,2083945880550318359,1582476527131799552,true,
2084063509650743766,1785714435385,inclusive-peanut-owl,2084043281688596912,,true,
2084063546850033672,1785714444254,diligent-brook-thrasher,2083770376350543893,1485760704065851392,true,
2084063548972339332,1785714444760,diligent-brook-thrasher,2083957994082218299,1659146112823971841,true,
2084063551010877916,1785714445246,neighborly-rhubarb-chickadee,2083957994082218299,1659146112823971841,true,
2084063720167161938,1785714485577,diligent-brook-thrasher,2084001849326096779,2598128635,true,
2084064256270471217,1785714613393,celebrated-ocean-seagull,,,,false
2084064275463565378,1785714617970,passionate-citrus-falcon,2083487571422667248,1251808462125834240,true,
2084064303431422354,1785714624638,ecstatic-lowland-condor,,,,
2084064704909984087,1785714720358,cheery-nutmeg-towhee,2083754932864426171,1164773715583705096,true,
2084064731833254011,1785714726776,great-mountain-brushturkey,,,,
2084064744583868532,1785714729817,zappy-winter-thicketbird,2084032132024856868,,true,
2084064808794468535,1785714745126,neighborly-rhubarb-chickadee,2083803341755494798,39961247,true,
2084065056661045441,1785714804221,diligent-brook-thrasher,2084062707586662798,,true,
2084065200513105952,1785714838518,precious-rose-towhee,2084061085527622056,,true,
2084065240761708782,1785714848114,dauntless-birch-junco,2084045903208317198,,true,
2084065706266825122,1785714959099,exuberant-walnut-dipper,2083985550638272862,2029478847700451331,true,
2084065904850096219,1785715006445,celebrated-ocean-seagull,2083946560992186440,315423725,true,
2084066012534653059,1785715032119,magnanimous-peanut-tailorbird,2084055293315449175,,true,
2084066051340320879,1785715041371,cheery-nutmeg-towhee,2084023141076988106,,true,
2084066053437501670,1785715041872,great-mountain-brushturkey,,,,
2084066063529234912,1785715044277,glamorous-guava-dipper,2083910122284400950,1274560745611509760,true,
2084066068520218974,1785715045468,winged-lowland-wren,,,,false
2084066135624781827,1785715061467,convivial-jackfruit-firefinch,2075024212411191680,1935638040028069888,true,
2084066267544027432,1785715092918,zappy-winter-thicketbird,2083734041186947458,2891380160,true,
2084066355741917562,1785715113946,neighborly-rhubarb-chickadee,2084056646746263971,,true,
2084066422104440835,1785715129769,mindful-ice-firefinch,2083518065845866992,1398973119402889219,false,
2084066467314577563,1785715254275,cosmic-root-grackle,2083587114575253810,1519434341754966016,false,
2084066575313949060,1785715166297,resilient-star-frigatebird,2083944725464170861,846949171680739328,true,
2084066711846650004,1785715198848,celebrated-ocean-seagull,2084031597955711022,,true,
2084066862388613340,1785715234740,diligent-brook-thrasher,2083891831725801761,1826994742082809856,true,
2084066886594011627,1785715240512,celebrated-ocean-seagull,2083967927976407385,1551242821142810625,true,
2084066951341670499,1785715382637,cosmic-root-grackle,2083937777977065733,1249148165112160257,false,
2084067098460905513,1785715291025,cheery-nutmeg-towhee,2083960395056939396,1970191005510180866,true,
2084067161451167868,1785715306042,grand-tide-gull,2082984508937367623,,true,
2084067276731408682,1785715333527,great-mountain-brushturkey,2083998816361930978,76766018,true,
2084067325251092660,1785715345095,cheery-nutmeg-towhee,2083952404899467617,348197129,true,
2084067479693705679,1785715381918,effective-tree-conebill,2083962493735460913,758042472,true,
2084067488006877361,1785715383899,precious-rhubarb-lapwing,2084031485347352650,,true,
2084067664096350670,1785715425883,fabulous-summer-hawk,2084066088128577796,,true,
2084067795273150516,1785715457158,zappy-winter-thicketbird,2083936219017392229,1986457232889028609,true,
2084067820136964366,1785715463085,spectacular-walnut-crossbill,2084043209852756466,,true,
2084068038165635079,1785715515067,animated-wildflower-robin,2083538954335522974,96785342,true,
2084068189961441670,1785715551258,,2083679604120732076,24854898,true,
2084068279123939582,1785715572516,noteworthy-water-warbler,2083795586642297031,2905232597,true,
2084068345293271366,1785715588291,neighborly-rhubarb-chickadee,2084057002658128023,,true,
2084068607835664610,1785715650887,diligent-brook-thrasher,2083782157210694010,1318263321745907713,true,
2084068692594180172,1785715671095,celebrated-ocean-seagull,,,,
2084068716896022694,1785715676889,cheery-nutmeg-towhee,2084011492110745917,,true,
2084068758599983452,1785715686833,great-mountain-brushturkey,2084051145199161515,,true,
2084068806264045864,1785715698196,zappy-winter-thicketbird,2083630889053958354,553224712,true,
2084068841013801100,1785715706481,neighborly-rhubarb-chickadee,2083947307326742624,,true,
2084069046933139801,1785715755577,adaptable-reef-sparrowhawk,2083690175515779172,,true,
2084069120899793148,1785715773211,philosophical-berry-brushturkey,2084005012963832019,,true,
2084069134673801512,1785715776496,alpine-sea-seabird,2084007999807381683,,false,
2084069296674685283,1785715815118,diligent-brook-thrasher,2084030255967121704,,true,
2084069334616363401,1785715824166,celebrated-ocean-seagull,2083937816682066100,1680303809422131201,true,
2084069506427617304,1785715865129,adaptable-reef-sparrowhawk,2083840086471217258,,true,
2084069755368157202,1785716351306,cosmic-root-grackle,2082892929517879356,234857514,false,
2084069766445314456,1785716500234,cosmic-root-grackle,2083807320446992686,1953638244,true,
2084069867544527322,1785715951226,exquisite-mango-warbler,2083742105969545358,9695312,true,
2084069883336114397,1785715954990,cheery-nutmeg-towhee,2083783954885386617,1501232148753235968,true,
2084069977171079451,1785715977363,great-mountain-brushturkey,2083970810893517276,1833543739089760259,true,
2084070087271542856,1785716003613,charismatic-freshwater-snowfinch,2083462638558667188,27716419,true,
2084070095899242777,1785716005669,zappy-winter-thicketbird,2084009398071107697,,true,
2084070126454800819,1785716012954,sincere-fig-nightjar,2083781213030867367,1942717679393202179,true,
2084070563228835910,1785716117089,wise-star-jay,2083986130257555511,1649140570395115521,true,
2084070749153673316,1785716161419,skillful-blossom-ibis,2083726507873059232,1462610168907243527,true,
2084070806502441304,1785716175090,botanical-nectarine-fantail,2084026458058482128,,false,
2084070992041681254,1785716219327,neighborly-rhubarb-chickadee,2083779839719563377,1596742953095294976,true,
2084071080952537500,1785716240524,diligent-brook-thrasher,2084068375911715143,,true,
2084071182710734894,1785716264785,easygoing-island-parrotlet,2083891831725801761,1826994742082809856,true,
2084071270673416532,1785716285758,celebrated-ocean-seagull,2083915548086186119,1557821849144279041,true,
2084071307470082316,1785716294530,creative-pistachio-tailorbird,2083818917982806409,109065990,true,
2084071436465909889,1785716459324,cosmic-root-grackle,2083895172749009139,750865456081301505,false,
2084071518313533704,1785716344799,cheery-nutmeg-towhee,2083963876324913638,1290726343307558914,true,
2084071709951570106,1785716390490,brave-raisin-flatbill,2083999199482585351,96821645,true,
2084072330675003698,1785716538481,virtuous-branch-bushlark,2083933428836122953,2462889674,true,
2084072343043731779,1785716541430,great-mountain-brushturkey,2083923882617020702,,true,
2084072421754073244,1785716560196,endearing-lowland-peacock,2083962567815241909,887466696570798080,true,
2084072634770485275,1785716709267,cosmic-root-grackle,2084029002704933051,,false,
2084072754958024942,1785716639638,zappy-winter-thicketbird,,,,
2084072874076410038,1785716668038,confident-citrus-drongo,2083779831536251283,2044414907349700610,true,
2084073137394585735,1785716730818,adaptable-reef-sparrowhawk,2084033286267961452,,true,
2084073352180765141,1785716782027,neighborly-rhubarb-chickadee,2084015694107013317,,true,
2084073403753824402,1785716794323,diligent-brook-thrasher,2083962531031248936,1050359426232852480,true,
2084073507265167695,1785716819002,celebrated-ocean-seagull,2084045903208317198,,true,
2084073527188062341,1785716823752,refreshing-honeydew-flycatcher,2084045367230742845,,true,
2084073881808105933,1785716908300,diligent-brook-thrasher,2083955577315790917,1022516559493746688,true,
2084074084686557206,1785716956670,memorable-moon-wigeon,2083869087885914564,1336245309937213441,false,
2084074681355718805,1785717098927,cheery-nutmeg-towhee,2084061085527622056,,true,
2084074814872928550,1785717130760,celebrated-ocean-seagull,2083933845565383109,1355642191452880896,true,
2084074819285655715,1785717131812,dazzling-reef-kingbird,2083813240367350192,,true,true
2084075067730764026,1785717191046,prudent-strawberry-peacock,2083937997901156619,2353819645,false,false
2084075120474407027,1785717203621,imaginative-sandalwood-stilt,,,,
2084075441636225432,1785717280192,great-mountain-brushturkey,2083815967872987223,1174671839877926912,true,
2084075454764364169,1785717694787,cosmic-root-grackle,2083930165097242716,39214164,true,
2084075534632550544,1785717302364,fabulous-orchard-pelican,2083961530329014450,2017250366627143681,true,
2084075649124151747,1785717329661,zappy-winter-thicketbird,,,,
2084075732834119733,1785717349620,outgoing-sunflower-crake,,,,
2084076001256935932,1785717413616,quiet-nectarine-shorebird,2083931851127717909,3937263083,true,
2084076069276016931,1785717429834,neighborly-rhubarb-chickadee,,,,
2084076220912939259,1785717465986,humorous-ocean-oriole,2083967299082654094,1997665887529418752,true,
2084076300499636359,1785717484962,diligent-brook-thrasher,2084015780992102644,,true,
2084076393059770585,1785717507030,joyful-sequoia-finch,2083820030471590351,1511974277113085953,true,
2084076585754464538,1785717714585,cosmic-root-grackle,2084029002704933051,,false,
2084076586903413025,1785717553245,happy-dune-toucan,2083689359497175185,69069168,true,
2084076638799618441,1785717565619,cheery-nutmeg-towhee,2083991689367294259,1467643957492744193,true,
2084076697583046991,1785717741957,cosmic-root-grackle,2083951318398337243,889095804312469505,true,
2084076717388529753,1785717584355,creative-summer-hummingbird,2083957433416781915,1595843820280856576,false,
2084076718290076104,1785717790328,cosmic-root-grackle,2083957433416781915,1595843820280856576,true,
2084076744164757774,1785717590739,celebrated-ocean-seagull,2084064818646962401,,true,
2084076752767475895,1785717592791,vibrant-banana-albatross,2080600582461784313,2008960121028870145,true,
2084076848112112022,1785717615522,sanguine-avocado-grackle,2084036772653146520,,true,
2084076876574642517,1785717622308,cheery-nutmeg-towhee,,,,
2084077268616323187,1785717715778,great-mountain-brushturkey,2084051328964190303,,true,
2084077594190717047,1785717793402,resplendent-petal-penguin,2083790546095554562,1372745266420350981,true,
2084077988753092809,1785717887472,thorough-basswood-lovebird,2084021694319018269,,true,
2084078385475555383,1785717982058,modern-honeydew-crimsonwing,2083985100807483424,1357942683021500421,false,
2084078500290478203,1785718009433,great-mountain-brushturkey,,,,
2084078502156841128,1785718009877,diligent-brook-thrasher,,,,
2084078504610529764,1785718010462,celebrated-ocean-seagull,2084061334878994499,,true,true
2084078536013283339,1785718017949,funny-peat-tern,2084004326473633988,,true,
2084078625515528467,1785718039288,sublime-rainforest-bittern,2083984691732926502,1376391189633638401,true,
2084078658499535309,1785718047153,cheery-nutmeg-towhee,2083968242196865272,1167803167398121472,true,
2084078696932008114,1785718056315,great-mountain-brushturkey,2083871116087431224,2022362215588990985,true,
2084078811591635107,1785718083652,zappy-winter-thicketbird,,,,
2084078825043112430,1785718086859,tectonic-sapling-treepie,2084041403416342779,,true,false
2084078915300294673,1785718108378,amiable-ridge-puffbird,2084041403416342779,,false,
2084078971063333061,1785718121673,neighborly-rhubarb-chickadee,2083905865682157819,1923837891584851969,true,
2084078972950737226,1785718122123,zappy-winter-thicketbird,2083905865682157819,1923837891584851969,true,
2084079043859685657,1785718139030,diligent-brook-thrasher,2084070669059330502,,true,
2084079172364939655,1785718169667,devoted-poplar-towhee,2083812098635620454,1272057522657124354,true,false
2084079420671717748,1785718228868,celebrated-ocean-seagull,2083830315123110028,18621445,true,
2084079510530478587,1785718250292,cheery-nutmeg-towhee,,,,
2084079679049552245,1785718290470,brave-cove-pheasant,2083827928224432627,1983343006033031170,true,
2084079869613232374,1785718335905,great-mountain-brushturkey,,,,
2084080011305275661,1785718369687,neighborly-rhubarb-chickadee,,,,
2084080227823521918,1785718421309,swift-wood-tern,2083670630906392904,69416519,true,
2084080276653605223,1785718432950,thorough-basswood-lovebird,2083713564280299901,1221248402622644224,true,
2084080411647307879,1785718465135,miraculous-iceberg-flamingo,2083723137984667990,922159024572915712,true,
2084080459747627296,1785718476603,zappy-winter-thicketbird,2084006550327226401,,true,
2084080552907559376,1785718498815,dedicated-coast-grassbird,2083885531222491487,2047140752325832704,true,
2084080555381960987,1785718499404,resplendent-petal-penguin,2083984609885229506,95081355,true,
2084080618283860252,1785718514402,brawny-chestnut-crane,2083996174244352295,,true,true
2084080692988707258,1785718532212,intentional-grass-pheasant,2082564417947127872,1155577928434049026,true,
2084080773536104463,1785718551417,dexterous-spruce-ibis,2075584534158995607,763094579491008512,true,
2084080787838611481,1785718554826,diligent-brook-thrasher,2084002363983958243,,true,
2084080911528689815,1785718584316,neighborly-rhubarb-chickadee,,,,
2084081088238944602,1785718626447,diligent-brook-thrasher,2084078251031290299,,true,
2084081210481856731,1785718655592,celebrated-ocean-seagull,2083878776992391554,43663421,true,
2084081341004660834,1785718686711,creative-horseradish-pratincole,2083819807187878303,1806174136081018880,true,
2084081383295811736,1785718696794,lithe-tide-goldfinch,2084055713467208138,,true,
2084081822494077151,1785718801508,enthusiastic-sunlight-falcon,2084005835995488314,,true,
2084081824544776345,1785718801997,cheery-nutmeg-towhee,2084024644735275093,,true,
2084081828307292492,1785718802893,gentle-orchard-turkey,2083908030186529053,,true,
2084081897013985360,1785718819275,marvelous-cloud-sparrow,2083042386880696631,,true,
2084082005457707301,1785718845130,great-mountain-brushturkey,2083688090632147191,1412820205122826249,true,
2084082022533021915,1785718849200,phenomenal-persimmon-pipit,2084035319121236323,,true,
2084082145782321302,1785718878586,brawny-chestnut-crane,2083996650989916563,1750825178953613312,true,
2084082197431283726,1785718890899,lithe-tide-goldfinch,2083815967872987223,1174671839877926912,true,
2084082426499023094,1785719365265,cosmic-root-grackle,2084062707586662798,,true,
2084082514818429340,1785718966570,brave-cove-pheasant,2083857065009918458,102278397,true,
2084082616341352787,1785718990776,zappy-winter-thicketbird,2083958963922481165,1976394828759040002,true,
2084082700005351828,1785719010722,sociable-holly-pelican,2050665524787384440,1059539826586894337,true,
2084082745639117045,1785719172603,cosmic-root-grackle,2083980966633390180,23718667,true,
2084082813033148605,1785719037671,neighborly-rhubarb-chickadee,2083998032920494154,3407573825,true,
2084083185579675721,1785719126492,bookish-reef-grosbeak,2083949571512889846,1356434353623093249,true,true
2084083353704157464,1785719166576,diligent-brook-thrasher,2083862011570704643,,true,
2084083447325180276,1785719188897,celebrated-ocean-seagull,2083975820175974854,1442163266340282377,true,
2084083633963352201,1785719233395,cheery-nutmeg-towhee,2084080625636532719,,true,
2084083790683537682,1785719270761,great-mountain-brushturkey,2083737734963667139,4909877474,true,
2084083948318306527,1785719308343,legendary-poplar-conebill,2083843210661789741,50270149,false,
2084084225137873019,1785719374342,phenomenal-granite-goose,2083902424289325395,1887591390294777856,false,
2084084341152366769,1785719402002,zappy-winter-thicketbird,2084052179925504095,,true,
2084084452020387933,1785719428435,neighborly-rhubarb-chickadee,2083908030186529053,,true,
2084084676717662371,1785719630617,cosmic-root-grackle,2083849360186519907,102499715,true,
2084084725270839450,1785719493583,diligent-brook-thrasher,,,,
2084084755583185296,1785719500810,adaptable-lumber-friarbird,2084027298584342818,,true,
2084084867751419924,1785719527553,celebrated-ocean-seagull,2083912391100617158,1633162382804414471,true,
2084085156491522113,1785719596394,,2083998991444803810,1980295111473856512,true,
2084085225622208903,1785719612876,earnest-roots-towhee,2084022374702485721,,true,
2084085382472253812,1785719650271,celebrated-ocean-seagull,2083899985892868127,1586923432968654848,true,
2084085475266982101,1785719672396,genuine-horseradish-barbet,2083953053779238992,1570237144740032514,true,
2084085498663080391,1785719677974,clean-holly-hillstar,2083505909184270495,2075506257939804161,true,
2084085529507721307,1785719685329,cheery-nutmeg-towhee,2084030255967121704,,true,
2084085871184412896,1785719766790,kinetic-mountain-emu,2084011492110745917,,true,
2084085880067956832,1785719768908,lovable-wood-myna,2083212759311736940,3293406121,true,
2084085927752987092,1785719780277,grand-woodland-stilt,2083901941067976898,1625592535,true,
2084086134100078645,1785719957354,cosmic-root-grackle,2084047918139314568,,true,
2084086165724897503,1785719837015,great-mountain-brushturkey,2083920071550799898,1598249656454201344,true,
2084086309073904001,1785719871191,calm-walnut-myna,2083441638375076046,755763761705652224,true,
2084086534563614869,1785719924952,amicable-grove-heron,2083844025820254265,1110990203781550080,true,
2084086893625360556,1785720010559,appreciative-root-nighthawk,2083979471284019213,1784225117549068288,true,
2084086986747318722,1785720150239,cosmic-root-grackle,2084023856906359170,,true,
2084087051788415473,1785720048269,phenomenal-petal-pigeon,2083856407632252976,4882242148,false,
2084087067856834960,1785720052099,famous-ridge-siskin,2084004687091552450,,true,
2084087194868732153,1785720082381,cheery-nutmeg-towhee,2084068381830127999,,true,
2084087483134824750,1785720151109,zappy-winter-thicketbird,2083779839719563377,1596742953095294976,true,
2084087905278963904,1785720251756,cozy-creek-flatbill,2083922263951442268,,true,true
2084088286109217152,1785720342553,great-mountain-brushturkey,2084075763419234557,,true,
2084088432834314477,1785720377535,zappy-winter-thicketbird,2084001673156894969,15328881,true,
2084089006585762223,1785720514329,neighborly-rhubarb-chickadee,2083780479036051579,1541030615394521091,true,
2084089177507868725,1785720555079,diligent-brook-thrasher,2084023856906359170,,true,
2084089199402307623,1785720714212,cosmic-root-grackle,2084048304870961241,,true,
2084089413425086771,1785720611326,genius-pine-brushturkey,2083908030186529053,,true,
2084089559701127225,1785720646201,civil-maple-kite,2083977480000487861,2035800106356883456,true,
2084089620803784808,1785720660770,celebrated-ocean-seagull,2083864512118063476,1096152222348558341,true,
2084089687078314358,1785720676570,cosmic-acorn-firetail,2083887817139409104,1083438237006188551,true,
2084089980247257423,1785720746467,cheery-nutmeg-towhee,2084015694107013317,,true,
2084090039852810411,1785720760678,civil-banana-woodpecker,2084080093656121470,,true,
2084090198661472759,1785720798542,great-mountain-brushturkey,2084023319318405426,,true,
2084090252864708947,1785720811464,brave-cove-pheasant,2083757882961781077,1001128326356873216,true,
2084090325052658130,1785720828675,adaptable-reef-sparrowhawk,2083619802078179688,1986852813071392769,true,
2084090400722092045,1785720846717,zappy-winter-thicketbird,,,,
2084090898007105830,1785720965278,neighborly-rhubarb-chickadee,2084076399778738508,,true,
2084090928654922196,1785720972585,winning-roots-conure,2083842797891686799,1148607206239215616,false,
2084091015993176102,1785720993408,dazzling-autumn-robin,2083894331803640061,1461855857516453890,true,
2084091947862327344,1785721215583,witty-rainfall-duck,2083938536114237856,33608041,true,
2084092258299638014,1785721289597,diligent-brook-thrasher,2084067080341442654,,true,
2084092496326656070,1785721346347,encouraging-sky-towhee,2083869791849533533,1233698901095407616,true,
2084092668334743874,1785721387357,celebrated-ocean-seagull,2083931843850559947,272576243,true,
2084092689620861100,1785721392433,cheery-nutmeg-towhee,2083872609117044913,1452800767572594688,true,
2084092720771977301,1785721399859,graceful-meadow-drongo,2083930735665127593,1185293737368391680,true,
2084092788912554432,1785721416105,great-mountain-brushturkey,2083661547772244378,1169664359628509184,true,
2084092823536640006,1785721424361,memorable-lime-stork,2083421792421433363,1168637213250334721,true,
2084092871334830354,1785721435766,zappy-winter-thicketbird,2084075513744675017,,true,
2084092935331537257,1785721451014,neighborly-rhubarb-chickadee,,,,
2084093032765243505,1785721474244,explorative-mangrove-owl,2084085155203809753,,true,
2084093067871609166,1785721482614,,2084078676983885993,,true,
2084093439176843455,1785721571141,kind-kiwi-jay,2083714418597048680,1367209793686036482,true,
2084093456448696494,1785721575257,diligent-brook-thrasher,2083979836347777159,1890842214,true,
2084093652180123772,1785721621924,celebrated-ocean-seagull,2084066136375906316,,true,
2084093780949430654,1785721652625,adaptable-reef-sparrowhawk,2083830876673347858,3185716686,true,
2084093892912394399,1785721679319,wise-mulberry-kingbird,2083933428836122953,2462889674,false,
2084094478650949661,1785721818970,positive-kelp-flameback,2084049943346516383,,true,true
2084094778463899721,1785721992654,cosmic-root-grackle,2084081384231231743,,true,
2084095117540134923,1785721971293,ecstatic-lowland-condor,2083917244237746297,1721015278170202112,false,
2084095171575116249,1785721984177,neighborly-rhubarb-chickadee,2083871116087431224,2022362215588990985,true,
2084095781393641983,1785722129569,logical-sunlight-motmot,2083511722275684717,153280000,true,
2084095802398605809,1785722134576,calm-walnut-myna,2084060670413394231,,true,
2084095824951222422,1785722139953,amicable-horseradish-starling,2083789039799353759,36387547,true,
2084096019785032150,1785722186406,cheery-nutmeg-towhee,2084040281658380365,,true,
2084096060516114585,1785722652101,cosmic-root-grackle,2079544445758792162,1689157040612986880,false,
2084096130158346587,1785722212720,balanced-forest-recurvebill,2083803609184252387,346913686,true,
2084096362853896588,1785722268199,neat-olive-owl,2083876467230777356,2007834123554209792,true,
2084096370034516219,1785722269911,celebrated-ocean-seagull,2084033694487269886,,true,
2084096608015163643,1785722326650,great-mountain-brushturkey,2083876467230777356,2007834123554209792,true,
2084096765905502324,1785722364294,comical-holly-thrasher,2083883887441449314,1595674603510435840,true,
2084097062086336950,1785722997906,cosmic-root-grackle,2083918691452805361,1805357803181363200,true,
2084097095154422252,1785722578366,cosmic-root-grackle,2084067470911131716,,false,
2084097097477857319,1785722443348,zappy-winter-thicketbird,2083747778162016370,18737518,true,
2084097130487291969,1785722451217,jovial-isle-treepie,2083731048396152990,1430649000575655940,true,
2084097179484872894,1785722462900,neighborly-rhubarb-chickadee,2084011686873219437,,true,
2084097218462498931,1785722472193,careful-maple-sparrowhawk,2083765316283166889,2780465939,true,
2084097303426609593,1785722492449,diligent-brook-thrasher,2083833171603333135,1963958652014133248,true,
2084097403511255537,1785722516311,humorous-river-grebe,2017386502494548402,3234478658,true,
2084097666472870068,1785722579006,balanced-orchard-albatross,2083913679347868091,1846603635033047040,true,
2084097690518888509,1785722584739,balanced-orchard-albatross,2083667826435326331,1586923432968654848,true,
2084097700409245733,1785722587098,skillful-highland-nightingale,2083669744016658749,11417802,true,
2084097713818288422,1785722590295,innovative-persimmon-parrotlet,2084005012963832019,,true,false
2084097734399984030,1785722595202,logical-sunlight-motmot,2083876932958179800,1589777534476247041,true,
2084097738271023315,1785722596124,balanced-orchard-albatross,2084033286267961452,,true,
2084097761767539041,1785722601727,balanced-orchard-albatross,2084010751111376940,,true,
2084097785553424588,1785722607397,motivating-sunflower-hummingbird,2084002363983958243,,true,
2084097869628244076,1785722627443,delightful-mesa-bunting,2083956641255264508,,true,
2084097916453744826,1785722638606,shimmering-marmalade-triller,2084085289530605853,,true,
2084098005469127115,1785722659829,shining-seedlings-owl,2083946749345886331,1986852813071392769,true,
2084098069549776980,1785722675107,cheery-nutmeg-towhee,2084062862339920244,,true,
2084098165624496254,1785722698014,intentional-almond-wigeon,2083876467230777356,2007834123554209792,true,
2084098242724397212,1785722871525,cosmic-root-grackle,2084017727111405639,,false,
2084098258792501421,1785722720226,intentional-almond-wigeon,2083975239965225187,579847209,true,
2084098314371498312,1785722860309,cosmic-root-grackle,2084063675912987070,,true,
2084098380595130386,1785722749266,nestling-mesa-frigatebird,2083987158810112419,,true,
2084098425507987655,1785722759977,logical-sunlight-motmot,2083402578453270974,72505623,true,
2084098527135777208,1785722784204,celebrated-ocean-seagull,2084090251585229285,,true,
2084098534111105113,1785722785867,motivated-woodland-lory,2083890291975548966,2082887442240090112,true,
2084098624460378442,1785722807408,cheery-nutmeg-towhee,2084043209852756466,,true,
2084098808389013921,1785722984069,cosmic-root-grackle,2084004376234889665,,false,
2084099272388296802,1785723301624,cosmic-root-grackle,2083997628300427481,1659987684918435847,true,
2084099311059521720,1785722971106,great-mountain-brushturkey,,,,
2084099427900301580,1785722998963,enthusiastic-sea-finch,2083989421884366903,1011730011265687552,true,
2084099738362675372,1785723072984,zappy-winter-thicketbird,2084063876983775558,,true,
2084099949348663560,1785723123286,neighborly-rhubarb-chickadee,2083945928675745993,59863180,true,
2084100282850464142,1785723202799,diligent-brook-thrasher,,,,
2084100486815158498,1785723251428,celebrated-ocean-seagull,,,,
2084100741136822549,1785723312063,cheery-nutmeg-towhee,2083958043289776224,,true,
2084100811668201605,1785723328879,great-mountain-brushturkey,,,,
2084100832123851165,1785723333757,balanced-lemon-gull,2083030999215284405,109823547,true,
2084100873039261736,1785723343511,zappy-winter-thicketbird,2083812337434395031,1708539989691416576,true,
2084100895726555378,1785723348920,modern-rain-oriole,2083966241815826722,1586923432968654848,false,
2084100966023078059,1785723365680,calm-seedling-nightingale,2083798885554930101,471741741,true,
2084100966861660597,1785723365881,contemporary-cactus-lovebird,2084076360998306295,,true,
2084101094813356264,1785723396386,gracious-ice-songbird,2083515917355659403,881788384871464962,true,
2084101129479020984,1785723404652,hypersonic-sunlight-guillemot,2083620628259639528,52660746,false,
2084101240921714858,1785723431221,neighborly-rhubarb-chickadee,2084086378246119785,,true,
2084101244361298025,1785723432041,bright-island-bluejay,2083930794293330386,1535591141541695489,true,
2084101286673191387,1785723442130,diligent-brook-thrasher,2084056440516366526,,true,
2084101540508291447,1785723502649,dexterous-prairie-pelican,2084081819457388976,,true,
2084101603410255887,1785723517646,,2083971750254035443,956543009658671104,true,
2084101795756789838,1785723563505,hardworking-rainforest-flameback,2084015367223959741,,true,
2084101803373642088,1785723565320,hearty-canyon-puffin,2083956590336475190,1125087177841491968,true,
2084101871086759966,1785723581465,logical-sunlight-motmot,2083883088774635898,1299142870893342721,true,
2084101902413766694,1785723588933,,2083876467230777356,2007834123554209792,true,
2084102010828140790,1785723614781,classy-canopy-eagle,2084019293050511629,,true,
2084102278777106491,1785724093851,cosmic-root-grackle,2083495503937810533,1809925244234424320,true,
2084102304748229065,1785723684858,diligent-spruce-gull,2083956965403705459,,true,
2084102376164577659,1785723701884,celebrated-ocean-seagull,,,,
2084102474823303470,1785724146727,cosmic-root-grackle,2083264405362311469,1921798310521659392,true,
2084102487749861592,1785723728488,cheery-nutmeg-towhee,2084024041493442673,,true,
2084102493437673762,1785723729844,logical-sunlight-motmot,2083742129751461953,144772375,true,
2084102544696004749,1785723742065,great-mountain-brushturkey,2084049410107863073,,true,
2084102716725363155,1785723783081,lovely-sunflower-falcon,2083980573085741527,1169620189836697600,true,
2084102835126378693,1785723811309,involved-birch-woodpecker,2083536376293712120,1765395653088169984,true,
2084103101695328569,1785723874865,zappy-winter-thicketbird,,,,
2084103256297427284,1785723911724,neighborly-rhubarb-chickadee,2084088062556975312,,true,
2084103258465776033,1785723912241,great-mountain-brushturkey,2084088062556975312,,true,
2084103446005788928,1785723956954,diligent-brook-thrasher,2084032207828520982,,true,
2084103448140677622,1785723957464,inventive-lychee-swift,2083845015458185401,1646042520391155713,true,
2084103522077827273,1785723975091,celebrated-ocean-seagull,,,,
2084103556706001242,1785723983347,intelligent-grass-guillemot,2084011596683038956,,true,
2084103581997896183,1785724110659,cosmic-root-grackle,2084021180697043306,,false,
2084103645021581386,1785724004403,committed-tigerwood-kingfisher,2083752588923834609,243798036,true,
2084103822562202107,1785724046732,mindful-mist-eagle,2083836697582727191,1116724229737570311,true,
2084104100480696541,1785724112994,artistic-sea-auklet,2083933740343099854,1422877947879251972,true,
2084104272044777984,1785724153898,balanced-lemon-gull,2083477843678240799,2029179107825860609,true,
2084104336481906797,1785724169260,cool-banana-mockingbird,2083771614286791092,2320958648,true,
2084104349278429663,1785724172312,zappy-winter-thicketbird,,,,
2084104721875566979,1785724261146,warmhearted-frost-spurfowl,2084039446325035316,,true,
2084104909864005648,1785724305965,cheery-nutmeg-towhee,2083947947876597944,1375698604334153729,true,
2084105192459383245,1785724373341,great-mountain-brushturkey,2084079714864345388,,true,
2084105203255582893,1785724375915,astounding-evergreen-falcon,2084091859136053363,,true,
2084105330099900683,1785724406157,orderly-cave-toucan,2083303577574048146,,true,
2084105583649563058,1785724466608,steady-orchard-oriole,2083881830273437889,2036913948855836672,true,
2084105633431683103,1785724478478,early-sequoia-catbird,2084015367223959741,,false,false
2084105642382344547,1785724480611,crafty-earth-songbird,2083940778724753602,1784385714802634752,true,
2084105715564605630,1785724498060,zappy-winter-thicketbird,2083826406811934869,1749698965539553280,true,
2084105806610383144,1785724519767,,,,,
2084105815691030749,1785724521931,neighborly-rhubarb-chickadee,2083800316529746255,1888012132924669953,true,
2084106051348017389,1785724578116,neighborly-rhubarb-chickadee,2083692182825812216,,true,
2084106198983299321,1785724613315,diligent-brook-thrasher,,,,
2084106312472825953,1785724640373,celebrated-ocean-seagull,2083743069531144440,95081355,true,
2084106583211180213,1785724798261,cosmic-root-grackle,2084060109747970126,,true,
2084106603750375573,1785724709820,cheery-nutmeg-towhee,,,,
2084106800048349393,1785725326020,cosmic-root-grackle,2083931192332791937,1644606691009515520,true,
2084106954558128413,1785724793459,wholesome-raspberry-stilt,2084027543183614067,,true,
2084107049709846677,1785724816144,great-mountain-brushturkey,2084031029644267628,,true,
2084107171826970839,1785724845260,zappy-winter-thicketbird,2083820266552230241,2083444978492309504,true,
2084107325304926430,1785724881851,diligent-brook-thrasher,,,,
2084107475817513212,1785724917737,neighborly-rhubarb-chickadee,2083927559058661572,1671713262084280320,true,
2084107616603484194,1785724951302,diligent-brook-thrasher,2083982421976846678,22509290,true,
2084107661201563763,1785724961935,observant-sycamore-tinamou,2083990509266293116,1741916934164381696,true,
2084107695007678767,1785724969995,celebrated-ocean-seagull,2084021009531683213,,true,
2084107793360203827,1785724993444,engaging-willow-hummingbird,2084017905692287417,,true,
2084108003150577732,1785725043462,cheery-nutmeg-towhee,2084053098897568064,,true,
2084108036537192893,1785725051422,frank-peanut-fantail,2083512219795357784,881542775250014213,true,
2084108071572238699,1785725392898,cosmic-root-grackle,2083264405362311469,1921798310521659392,false,
2084108082657820949,1785725062418,great-mountain-brushturkey,2084027478880694726,,true,
2084108108234658227,1785725563746,cosmic-root-grackle,2083933601956061591,2879841487,true,
2084108129663655943,1785725073625,entrancing-watermelon-thicketbird,2083908207563657456,95154905,true,
2084108199620407494,1785725090304,inspired-water-flycatcher,2083359685017567488,1518680588756131841,false,
2084108419586294111,1785725142749,zappy-winter-thicketbird,2083883824765685776,,true,
2084108432227942452,1785725145762,neighborly-rhubarb-chickadee,2084060109747970126,,true,
2084108458400366728,1785725152002,diligent-brook-thrasher,2084078933356728419,,true,
2084108601736442321,1785725186177,celebrated-ocean-seagull,2083920209912713561,2060990644445753344,true,
2084108811720126762,1785725236240,bubbly-marmalade-penguin,2083809617570660376,2050941559072337920,true,
2084108935003353591,1785725265633,cheery-nutmeg-towhee,2083931192332791937,1644606691009515520,true,
2084109098048430134,1785725304506,celebrated-rhubarb-sparrowhawk,2083571587635089721,1941506388703760384,true,
2084109150548603243,1785725317024,majestic-pistachio-tanager,2083668407715557765,1274125047993597954,true,
2084109181083087305,1785725324303,great-mountain-brushturkey,2083880264917254479,2052428945966977026,true,
2084109470242689424,1785725393244,bubbly-cave-puffin,2084035319121236323,,false,
2084109759104385438,1785725462114,zappy-winter-thicketbird,,,,
2084109765769138680,1785725463703,thankful-peanut-seagull,2084081819457388976,,true,
2084109769841770879,1785725464674,neighborly-rhubarb-chickadee,2084106501971640505,,true,
2084109875240386653,1785725489803,diligent-brook-thrasher,2083802333134426616,356482519,true,
2084110093285536105,1785725541789,celebrated-ocean-seagull,2083989873682465257,4878610324,true,
2084110253927657597,1785725580089,natural-melon-tern,2081460598378729526,1518298631522164737,true,
2084110325667041409,1785725597193,bountiful-hillside-heron,2084049524780322898,,false,
2084110527236592069,1785725782380,cosmic-root-grackle,2078147717667361131,1256383960478658560,false,
2084110574036906240,1785725656409,mellow-cherry-kingfisher,2083754534988546498,4892962412,true,
2084111003583701079,1785725758821,cheery-nutmeg-towhee,2084077835396755489,,true,
2084111104951877851,1785725952598,cosmic-root-grackle,2083717822262161610,21834808,true,
2084111200514707946,1785726279359,cosmic-root-grackle,2083887155152035968,,false,
2084111253924892804,1785725818507,great-mountain-brushturkey,2084019528481014051,,true,
2084111288313979149,1785725826707,proactive-seashore-kingfisher,2083932080959050214,1244068896157708289,true,
2084111322266927233,1785725834801,zappy-winter-thicketbird,2084016547471962580,,true,
2084111937466671365,1785725981476,cozy-bonsai-triller,2084044074936611153,,true,
2084112143184535856,1785726151394,cosmic-root-grackle,2078203152646668489,830394230,false,
2084112199031603603,1785726043838,proactive-sky-goldfinch,2084092522867859725,,true,
2084112228761157689,1785726050927,keen-cactus-puffleg,2083567964415000837,537709549,true,
2084112455685582901,1785726233783,cosmic-root-grackle,2083703164398969243,702608032845451264,true,
2084112518813778225,1785726120080,neighborly-rhubarb-chickadee,2084110507548479853,,true,
2084112522445996122,1785726120946,diligent-brook-thrasher,,,,
2084112589663899795,1785726136972,celebrated-ocean-seagull,,,,
2084112662997184739,1785726154456,cheery-nutmeg-towhee,,,,
2084112900529303829,1785726211089,trusty-sunflower-francolin,2083538021220241871,1659881508575019008,true,
2084112910687600711,1785726979301,cosmic-root-grackle,2083941889661980875,,true,
2084112935903793245,1785726219523,great-mountain-brushturkey,2083965536119984260,,true,
2084112969185858021,1785726227457,resilient-hill-logrunner,2083552169270116614,1957365588948590592,true,
2084112986902286838,1785726231681,zappy-winter-thicketbird,,,,
2084113263806087571,1785726450925,cosmic-root-grackle,2053915932540457323,2051665479274569731,true,
2084113369720590770,1785726322953,neighborly-rhubarb-chickadee,2083816627007873194,1008413269,true,
2084113507474407612,1785726355795,positive-winter-pitohui,2084015367223959741,,true,
2084113676986892481,1785726396211,diligent-brook-thrasher,2083762524990910820,1858178624278675456,true,
2084113848034828332,1785726436991,celebrated-ocean-seagull,2083917803183079580,1553432488462131201,true,
2084113886953812007,1785726446270,cheery-nutmeg-towhee,,,,
2084113908067926147,1785726451304,great-mountain-brushturkey,,,,
2084114032164782409,1785726480891,stoic-mint-dipper,2084079019335815211,,true,
2084114281679712647,1785726540381,zappy-winter-thicketbird,2083955233596830163,1897883459244507141,true,
2084114479650947289,1785726587581,legendary-eucalyptus-citril,2083936600426475808,9300262,true,
2084114799579844679,1785726663857,neighborly-rhubarb-chickadee,2084094819928858687,,true,
2084114874968207440,1785726681832,diligent-brook-thrasher,,,,
2084114905364418748,1785726689079,celebrated-ocean-seagull,2084107955117408484,,true,
2084114945940046304,1785726698752,cheery-nutmeg-towhee,,,,
2084115101439623519,1785726735826,great-mountain-brushturkey,,,,
2084115149493875178,1785726747284,enchanting-cypress-chickadee,2084110175472849068,,true,
2084115169769132131,1785726752118,zappy-winter-thicketbird,2084024914516771022,,true,
2084115233916821566,1785726767411,alpine-harvest-spoonbill,2083976209231397001,1649541469676642304,false,
2084115261381042481,1785726773959,electric-branch-bluejay,2083659678286848172,1808351489921851392,true,
2084115316330611150,1785726787061,neighborly-rhubarb-chickadee,2083941889661980875,,true,
2084115318566232358,1785726787593,celebrated-ocean-seagull,2083941889661980875,,true,
2084115471750606899,1785726824115,diligent-brook-thrasher,2083883454333440262,739070891909255168,true,
2084115515014783331,1785726834431,celebrated-ocean-seagull,2084060391500316982,,true,
2084115599618187730,1785726854601,supportive-sea-sparrowhawk,2084012900205629904,,true,
2084115754765652301,1785726891592,brave-cove-pheasant,,,,
2084115773694279996,1785726896104,respectful-moonlight-towhee,2083915937783153013,2028170990216462336,true,
2084115873133109278,1785726919812,insightful-fern-flameback,2083949976456183922,,true,
2084116081258496367,1785726969433,cheery-nutmeg-towhee,2083904497009701163,1271581120279109632,true,
2084116405377511889,1785727046709,zappy-winter-thicketbird,,,,
2084116603122090444,1785727093855,neighborly-rhubarb-chickadee,2083996078353838107,,true,
2084116857217511889,1785727154437,adaptable-wildflower-snowfinch,2083728960504926498,,true,
2084116906035015986,1785727166075,careful-summer-kingfisher,2083979615618674893,51919585,true,
2084116908861984865,1785727166750,swift-beach-flycatcher,2084111921218027962,,true,
2084117003799826862,1785727189384,diligent-brook-thrasher,2083865408524976622,,true,
2084117060351582454,1785727202868,dexterous-mountain-partridge,2084002274867589296,1656692722479124482,true,
2084117170867318942,1785727229216,exciting-meadow-goose,2083568061882195978,1727836614993346560,false,
2084117295266238658,1785727258875,celebrated-ocean-seagull,2083928598461735013,1286057166860947457,true,
2084117342720835991,1785727480909,cosmic-root-grackle,2083849360186519907,102499715,false,
2084117351524372652,1785727272289,cheery-nutmeg-towhee,2084038683293036952,,true,
2084117465760424002,1785727299525,great-mountain-brushturkey,2083932569163174262,2005924076523819008,true,
2084117550275977479,1785727319675,versatile-rainfall-blackbird,2083885548293488891,1037026269878050817,true,
2084117569191960967,1785727324184,cheery-nutmeg-towhee,2083942650038870140,1804901304268914688,true,
2084117576590704853,1785727325948,fancy-rainforest-seagull,2084102398000128434,,true,
2084117748209385509,1785727366865,altruistic-rain-stilt,2083908030186529053,,true,
2084117970205151298,1785727419793,positive-grass-thrasher,2082993201569288260,,false,
2084117998126637316,1785727426450,zappy-winter-thicketbird,2084099362976882797,,true,
2084118091689308254,1785727448758,talented-desert-thicketbird,2084109513100296617,,true,
2084118212535349668,1785727477570,effective-passionfruit-flycatcher,2083264302060810312,1355721251180961792,true,
2084118243179110638,1785727484875,talented-desert-thicketbird,2084106107929219440,,true,
2084118322807779400,1785727503860,,2083970279101902865,2431258854,true,
2084118420425994448,1785727527134,sanguine-lake-junco,2083810170333700433,2012458872435314688,true,
2084118560129863990,1785727560442,great-mountain-brushturkey,,,,
2084118852535996520,1785727630158,engaging-willow-hummingbird,2084015367223959741,,false,
2084118985868464557,1785727661947,informative-buckeye-skimmer,2083697215202320675,1309312521648521216,false,
2084119014645580148,1785727668808,diligent-brook-thrasher,2083951478746620388,2045232802325581824,true,
2084119102268792875,1785727689698,celebrated-ocean-seagull,2083944033848528897,2004722276659593216,true,
2084119370008011073,1785727753533,cheery-nutmeg-towhee,2083975669374226883,,true,
2084119384398918048,1785727756963,candid-pear-goldfinch,2083587376274931974,42606652,true,
2084119564808306790,1785727799977,early-magnolia-peacock,2083566356859887960,618385994,false,
2084119645540253991,1785727819224,great-mountain-brushturkey,,,,
2084119683729703285,1785727828329,polite-grass-skimmer,2083827904547586396,14394076,false,
2084119989531856985,1785727901238,wholesome-raspberry-stilt,2083948383064961445,1519974714038534146,true,
2084119997102899301,1785727903044,memorable-mountain-tern,2084015367223959741,,true,
2084119997299757181,1785727903090,wholesome-raspberry-stilt,2083998486450626829,1469938563487875073,true,
2084120003062776150,1785727904464,wholesome-raspberry-stilt,2083970688591806866,1313921249953935360,true,
2084120007366074613,1785727905490,wholesome-raspberry-stilt,2084010751111376940,,true,
2084120036994650209,1785727912555,frank-plum-pratincole,2084078676983885993,,false,
2084120184818708489,1785727947798,zappy-winter-thicketbird,,,,
2084120447826690393,1785728010504,neighborly-rhubarb-chickadee,2083934292845924551,1589257693763555329,true,
2084120585639006466,1785728043362,zappy-winter-thicketbird,,,,
2084120590982754424,1785728044635,expressive-cedar-seagull,2084031245458268633,,true,
2084121492950843612,1785728259682,diligent-brook-thrasher,2083914327422312900,1488025195981852672,true,
2084121567278120982,1785728277403,celebrated-ocean-seagull,2083592451751833950,827526090130272256,true,
2084121612656259257,1785728288222,cheery-nutmeg-towhee,2083963360626811119,2027480157770936320,true,
2084121670655131835,1785728302049,great-mountain-brushturkey,2084080580182888740,,true,
2084121676942336418,1785728303548,wise-sunflower-osprey,2081453698962592146,330262748,true,
2084121770395930700,1785728325829,imaginative-dogwood-chickadee,2084078676983885993,,false,
2084121858585018559,1785728346856,zappy-winter-thicketbird,2083914567437152397,1925447824843710468,true,
2084121869590855982,1785728349479,graceful-plum-thrush,2084118639335309589,,true,
2084121920304546101,1785728361571,overjoyed-wind-blackbird,2084027251499381245,,true,
2084122043772228071,1785728853519,cosmic-root-grackle,2083208722193535345,1562038858988064768,true,
2084122182859317487,1785728424168,neighborly-rhubarb-chickadee,2083942187243577499,2080677180866994176,true,
2084122275301765594,1785728446209,diligent-brook-thrasher,2084079714864345388,,true,
2084122332730146896,1785728459901,diligent-brook-thrasher,2083718314040189436,,true,
2084122390888419640,1785728473766,celebrated-ocean-seagull,2084039175179735316,,true,
2084122411499216960,1785728478680,celebrated-ocean-seagull,2083851701438882128,2348424584,true,
2084122439756197951,1785728485418,cheery-nutmeg-towhee,2084109601906085917,,true,
2084122495309795561,1785728498663,classy-elm-hawk,2083755712191066189,1600370331683733504,true,
2084122784565706938,1785728567626,cheery-nutmeg-towhee,2083880127390167071,3197032554,true,
2084122804656480595,1785728572415,great-mountain-brushturkey,2083953914555367784,1992533020721795072,true,
2084122879646638512,1785728590295,positive-coconut-falcon,2084114754822422979,,true,
2084123059271643314,1785728633121,great-mountain-brushturkey,,,,
2084123188464861319,1785728663923,passionate-samba-skylark,2084084669524701668,,true,
2084123404819685564,1785728715506,trusty-strawberry-puffin,2083932112923886015,276141927,true,
2084123506539696423,1785728739758,neighborly-marmalade-flowerpecker,2084051447801430433,,false,
2084123607459053581,1785728763819,positive-coconut-falcon,2084040486591906045,,true,
2084123706423758927,1785728787415,meticulous-winter-quail,2083896667443704107,,true,
2084123747598934192,1785728797231,zappy-winter-thicketbird,2084085289530605853,,true,
2084123853844787599,1785728822561,neighborly-rhubarb-chickadee,2084065444613501027,,true,
2084123873637756937,1785728827281,diligent-brook-thrasher,2083902743425818796,2549647958,true,
2084124374177903043,1785729060201,cosmic-root-grackle,2083319328930251061,2044903826574983168,true,
2084124396155760668,1785728951860,celebrated-ocean-seagull,2084106035917115790,,true,
2084124665526517933,1785729016082,cheery-nutmeg-towhee,2084111943233651144,,true,
2084124967650615732,1785729088114,zappy-winter-thicketbird,2083920209912713561,2060990644445753344,true,
2084125213743005941,1785729146787,aquatic-evergreen-jay,2083932820691697815,1539510909689024512,true,
2084125243879063789,1785729153972,great-mountain-brushturkey,2084118984308228428,,true,
2084126131935170606,1785729365701,miraculous-clay-finch,2083196571852665097,1433732840122847248,true,
2084126168123371524,1785729374330,wholesome-raspberry-stilt,2084042946882548087,,true,
2084126275975753957,1785729400043,early-nectarine-lory,2083826606640930910,1949069192,true,
2084126321102234015,1785729410802,neighborly-rhubarb-chickadee,2084090776154251304,,true,
2084126480632570151,1785729448837,diligent-brook-thrasher,2083827928224432627,1983343006033031170,true,
2084126514321248329,1785729456869,neighborly-rhubarb-chickadee,2084044115696595362,,true,
2084126516204523660,1785729457318,celebrated-ocean-seagull,2084044115696595362,,true,
2084126574928916853,1785729471319,,2083881830273437889,2036913948855836672,true,
2084126654671061493,1785729490331,cheery-nutmeg-towhee,2084095017686061112,,true,
2084126747784569219,1785729512531,sincere-tree-stilt,2083915959811629292,1922375842082037760,true,
2084127149565317301,1785729608323,,2084042946882548087,,true,
2084127415714918555,1785729671778,gracious-canopy-kookaburra,2083521847446974930,1251278579448590336,true,
2084127683760263487,1785729735685,great-mountain-brushturkey,2083900300625428889,1271631107310534656,true,
2084127700197753127,1785729739605,witty-boulder-lark,2083661823447048240,1602770900771753984,true,
2084127782045409606,1785729759118,lionhearted-papaya-cotinga,2083883454333440262,739070891909255168,true,
