Note ID,Created at,Alias,Tweet ID,User ID,Misleading,Helpful
2105445340572991509,1790813062597,cosmic-root-grackle,2104979523871883398,1753603785711054848,true,
2105446816171098269,1790812987361,cosmic-root-grackle,2100071377277432068,,false,
2105447619149586740,1790814489677,cosmic-root-grackle,2103912702368186837,1424259086950993921,true,
2105447720248914097,1790813133127,cosmic-root-grackle,2105037475269763244,2574109660,true,
2105447855972565142,1790812860850,thriving-foothill-peacock,2105150661793030343,1072373414029971456,true,
2105447951095287969,1790813141883,cosmic-root-grackle,2104371350135775252,,true,
2105448082364387422,1790812914826,awesome-kiwi-tinamou,2105339786294952181,2061335580747976705,true,
2105448223850582243,1790812948559,devoted-lime-duck,2105335179502064038,1353833967221313539,true,
2105448290271596730,1790812964395,zappy-winter-thicketbird,,,,
2105448588046426116,1790813214359,cosmic-root-grackle,2105305545653801332,2034510824975536128,false,
2105448747039662116,1790813073297,cheery-nutmeg-towhee,2105314020152533131,1339452343750971392,true,
2105448789834080722,1790813083501,uplifting-leaf-grassbird,2105406685170786784,,false,
2105448863188267077,1790813100989,innovative-tree-blackbird,2105373745082933445,228947732,true,
2105448910139359483,1790813112183,neighborly-rhubarb-chickadee,2105191545829781864,835316603118096384,true,
2105448952460173546,1790813275035,cosmic-root-grackle,2104986239564656874,,true,
2105448958734532840,1790813123770,enthusiastic-apricot-swamphen,2105344580816154955,1358992445363609603,true,
2105449009036894485,1790813135762,diligent-brook-thrasher,2105418034529943776,481638082,true,
2105449040049512673,1790813453746,cosmic-root-grackle,2105032777192345753,,false,
2105449070211010623,1790813150347,friendly-flower-crane,2099292186978451639,1493373113933131777,true,
2105449142168543560,1790813167503,committed-tigerwood-kingfisher,2104537258107744527,736414651664224256,true,
2105449251249803581,1790813193510,outgoing-canopy-anhinga,2104352380053488106,2102506897865662464,true,
2105449278441226693,1790813199993,cheery-nutmeg-towhee,,,,
2105449298431275022,1790813204759,rational-sand-kestrel,2105323897478353245,1409904499800608768,true,
2105449347127115851,1790813216370,bookish-ocean-duck,2105345745087840646,31116114,true,
2105449535317377250,1790813261237,smiley-grape-cockatoo,2105403011967176960,552152636,true,
2105449579311247859,1790813271726,great-mountain-brushturkey,2105329954250432887,1922688645095460864,true,
2105449606846742771,1790813278291,zappy-winter-thicketbird,2105353865709109661,13049362,true,
2105449813055791109,1790813327455,smiley-grape-cockatoo,2105397143456674174,1957208598054047744,true,
2105449987031085561,1790813368934,neighborly-rhubarb-chickadee,2105315068040581307,1539636858170122242,true,
2105450092425527622,1790813394062,diligent-brook-thrasher,2105430403477803070,1283301645774970880,true,
2105450117356765540,1790813400007,jazzy-avocado-bluejay,2105249448351666231,,false,
2105450175015665843,1790813413753,great-mountain-brushturkey,,,,
2105450269035143302,1790813436169,celebrated-ocean-seagull,2105328849324298747,249364597,true,
2105450291394994373,1790813441500,cheery-nutmeg-towhee,2105403377651945905,80421729,true,
2105450320193052734,1790813448366,great-mountain-brushturkey,2105282297163600040,561441494,true,
2105450328334205141,1790813450307,neighborly-rhubarb-chickadee,2105192616774316518,2086564586246098944,true,
2105450509134115138,1790813493413,easygoing-marmalade-skylark,2104913224038764829,,true,
2105450595322626547,1790813513962,glamorous-buckeye-egret,2105373358909247988,,true,true
2105450726033904114,1790813855052,cosmic-root-grackle,2104371350135775252,,true,
2105450782078406858,1790813558488,focused-autumn-siskin,1512090387837435906,28023330,true,
2105450791897117018,1790813560829,diligent-brook-thrasher,2105282285423755566,1668843488442458114,true,
2105450858645242289,1790813576744,celebrated-ocean-seagull,2105216690548060255,1479755990430097411,true,
2105450893114216553,1790813584961,lovable-lowland-snowfinch,2105440667988373604,2011057688873222148,true,
2105450927075328309,1790813844922,cosmic-root-grackle,2105381667238195232,1872569731829604352,true,
2105451051688046620,1790813622768,miraculous-ocean-penguin,2105391540428308953,1311329723679674375,true,
2105451364348281173,1790813697312,fearless-mesa-grosbeak,2105253521964638559,2047036794223386624,false,
2105451401388163542,1790816334538,cosmic-root-grackle,2105206407046008862,1602639561519144963,true,
2105451564441739393,1790813745019,whimsical-honeydew-albatross,2105397118064009395,1339033003905970179,false,
2105451610742612479,1790813756058,artistic-iceberg-grackle,2105368702678151511,2042202554713427968,true,
2105452083306455129,1790813868726,miraculous-ocean-penguin,2105389835120709922,1268820267796750336,true,
2105452107440570640,1790813874479,engaging-freshwater-pipit,2105393510551556607,8802752,false,
2105452140261171430,1790813882304,playful-moon-lapwing,2105319242597859781,,false,
2105452273396543875,1790813914046,effective-sequoia-barbet,2104995835477897252,18034094,true,
2105452334947893412,1790813928722,dazzling-petal-wader,2105337199675744741,1633259659,true,
2105452346725589210,1790813931529,peaceful-lowland-mallard,2105301439623070185,,true,
2105452441575756088,1790813954143,reserved-cherry-meadowlark,2105359825060474933,931286316,false,
2105452452359364918,1790813956714,witty-mint-kite,2105222373662499230,1813957691284582400,true,
2105452455685202141,1790813957507,blazing-citrus-macaw,2105259438978335051,1180086298863951872,true,
2105452569224945830,1790813984577,cheery-nutmeg-towhee,,,,
2105452670672674929,1790814008765,artistic-iceberg-grackle,2105442060522442800,1055512258686734338,true,
2105452744052183351,1790814026259,lively-grass-drongo,2105436653384827379,590413329,true,
2105452888801546397,1790814060771,zappy-winter-thicketbird,2105163283888238745,945254276,true,
2105453056326336600,1790814100711,intentional-park-dipper,2105020358742999454,2411008925,false,
2105453102681792876,1790814849337,cosmic-root-grackle,2105400341059805617,1254142319646867456,false,
2105453103776428442,1790814112025,great-mountain-brushturkey,,,,
2105453411743252732,1790814185449,strong-beech-hummingbird,2105332616102584440,779214434,true,
2105453740606058798,1790814263857,zappy-winter-thicketbird,2105381667238195232,1872569731829604352,true,
2105453781030695167,1790814273494,neighborly-rhubarb-chickadee,,,,
2105453811108041183,1790814280665,diligent-brook-thrasher,,,,
2105453907149271502,1790814303563,resilient-fig-lovebird,2105431420042666099,24127811,true,
2105453947842449817,1790814313265,natural-horseradish-quetzal,2104920773760864511,2042202554713427968,true,
2105454046341718450,1790814336749,trusting-fjord-quail,2105328849324298747,249364597,true,
2105454075642785939,1790814343735,celebrated-ocean-seagull,2105410297523531852,,true,
2105454091828662404,1790814347595,cheery-nutmeg-towhee,2105389754808254836,754843878671413248,true,
2105454143913472343,1790814360011,great-mountain-brushturkey,,,,
2105454176700436896,1790814367829,zappy-winter-thicketbird,2105294430941126915,382927809,true,
2105454211139870956,1790814376040,neighborly-rhubarb-chickadee,2105089721302909287,17430877,true,
2105454223919923636,1790814379087,diligent-brook-thrasher,2105433381542748421,2010024528127344642,true,
2105454302105907240,1790814397728,celebrated-ocean-seagull,2105412768576754142,1455759696967651333,true,
2105454329356493063,1790816409736,cosmic-root-grackle,2104744643556753495,,true,
2105454388697334181,1790814418373,cheery-nutmeg-towhee,,,,
2105454416627179826,1790814425032,great-mountain-brushturkey,2105378619723845945,150678121,true,
2105454729685856741,1790814499671,zappy-winter-thicketbird,2105434488218034357,2063264733340303360,true,
2105454818852516202,1790814520930,shimmering-snow-hummingbird,2105153121693675561,2007241928954503168,true,
2105454839727550888,1790814525907,wholesome-raspberry-stilt,2105260966615392691,140044212,true,
2105454869830135893,1790814533084,neighborly-rhubarb-chickadee,2105140155728412998,148152885,true,
2105455131273662551,1790814595417,diligent-brook-thrasher,,,,
2105455175502811510,1790814846204,cosmic-root-grackle,2105146102852829294,1612229430813888512,true,
2105455194318290994,1790814610448,diligent-brook-thrasher,2105386208033394950,1707364084495077377,true,
2105455343199277287,1790814645944,celebrated-ocean-seagull,2105359669136871880,1316467204846739456,true,
2105455349079957749,1790814647346,gentle-melon-duck,2105424995216409014,44306171,true,
2105455566449517011,1790814699171,cheery-nutmeg-towhee,,,,
2105455602126168569,1790814707677,great-mountain-brushturkey,2105441813427605575,1952394042018533376,true,
2105455687383855491,1790814728004,neighborly-rhubarb-chickadee,2105449689915314626,,true,
2105455754979262543,1790816409783,cosmic-root-grackle,2105290561448292497,1969623805266972672,true,
2105455970860380221,1790814952600,cosmic-root-grackle,2105079038691741855,16331010,false,
2105456004737765515,1790814966605,cosmic-root-grackle,2103866172399898679,1401308940315639810,true,true
2105456400331845851,1790815080873,cosmic-root-grackle,2105203996688326906,1997429568404377601,true,
2105456507563233338,1790815117564,cosmic-root-grackle,2104371350135775252,,true,
2105456580330176852,1790814940899,diligent-brook-thrasher,,,,
2105456887957213344,1790815014243,wholesome-eucalyptus-egret,2105296565103386965,976900803368714241,true,
2105456889756619217,1790815014673,logical-blossom-canary,2105317519531577462,16556523,false,
2105456925328474297,1790815023153,celebrated-ocean-seagull,2105072050176147725,1313857193305808897,true,
2105456967091380453,1790815033111,splendid-cedar-kingbird,2105218347726225905,1927593711917060096,true,
2105457049639235740,1790815052791,zappy-winter-thicketbird,2105305069063393651,881556571083255808,true,
2105457182112129234,1790815084375,celebrated-ocean-seagull,2105441189121888521,,true,
2105457190240702468,1790815086313,celebrated-ocean-seagull,2105400581015625882,780460754910732288,true,
2105457318263411121,1790815319044,cosmic-root-grackle,2105449459861848531,1317304122,true,
2105457349234237705,1790816632211,cosmic-root-grackle,2105316040657740181,257323859,true,
2105457360282005557,1790815126855,sunny-plum-scaup,2105276799563530462,1711925380536291328,false,
2105457494508089593,1790815158856,cheery-nutmeg-towhee,2105184896406671697,2218003910,true,
2105457658136256638,1790815197868,great-mountain-brushturkey,2105407527483769221,2891366827,true,
2105457673328079025,1790815201490,strategic-vine-barbet,2104284609462874359,,false,
2105457726067445940,1790815214064,organized-sequoia-sandgrouse,2105280838141403468,2640348769,true,
2105457794539225537,1790815230389,genial-pecan-troupial,2105309045322109390,1566908170630479874,true,
2105458075620548776,1790815297404,zappy-winter-thicketbird,2105448443850194953,1449826891825774592,true,
2105458320312238143,1790815506877,cosmic-root-grackle,2105435789081620656,1545480574659444738,true,
2105458356324315253,1790815364330,neighborly-rhubarb-chickadee,2105444205112017063,50772918,true,
2105458382249284020,1790815370510,diligent-brook-thrasher,2105426210956472530,1703536675626913792,true,
2105458422556627399,1790815380120,celebrated-ocean-seagull,2105414079716495444,1911423634368806912,true,
2105458428697067714,1790815381584,cheery-nutmeg-towhee,2105392592292814948,26303915,true,
2105458436653654434,1790815383481,cheery-nutmeg-towhee,2105397687616942368,1435732236628803586,true,
2105458534829719940,1790815406888,great-mountain-brushturkey,,,,
2105458645983019474,1790815433389,zappy-winter-thicketbird,2105415229777605099,19627204,true,
2105458648763818059,1790815434052,great-mountain-brushturkey,,,,
2105458668527300938,1790816578583,cosmic-root-grackle,2105265277948891173,2051621646507884544,true,
2105458703495250312,1790815447102,neighborly-rhubarb-chickadee,2105280299089457658,23820899,true,
2105458720457027839,1790815451146,diligent-brook-thrasher,2105317485087985746,2053190693066059779,true,
2105458766586032375,1790815462144,zappy-winter-thicketbird,2105362102965997810,620271778,true,
2105458824060555611,1790815475846,cheery-nutmeg-towhee,,,,
2105458990175879502,1790815515452,neighborly-rhubarb-chickadee,,,,
2105459190810476782,1790815563287,diligent-brook-thrasher,2105418508616310818,1977726441023250432,true,
2105459210683142548,1790815568024,celebrated-ocean-seagull,2105436450179399695,4482143834,true,
2105459219923124623,1790815570227,cheery-nutmeg-towhee,2105417713162051697,,true,
2105459225740685432,1790816592785,cosmic-root-grackle,2105418086669242691,1994212612557688833,true,
2105459310335553970,1790815591783,great-mountain-brushturkey,2105264851946033539,1171282036809596928,true,
2105459329998446889,1790815596471,noble-lowland-raven,2105449265229115455,68776394,true,
2105459364454641782,1790815604686,celebrated-ocean-seagull,2105391205429465237,423692278,true,
2105459428166361565,1790815619876,stellar-root-bushbird,2105290650103238918,704552820381339648,true,
2105459476677411086,1790815631442,zappy-winter-thicketbird,2105342883729687012,,true,
2105459553206739245,1790815649689,neighborly-rhubarb-chickadee,2105422419917979760,343708990,true,
2105459572718678494,1790815654341,celebrated-ocean-seagull,2105352190458016204,1615185427471671297,true,
2105459599641817528,1790815660759,diligent-brook-thrasher,,,,
2105459726737723446,1790815691061,diligent-brook-thrasher,2105203996688326906,1997429568404377601,true,
2105459958859038864,1790815746403,strong-mesa-mallard,2105441130385166357,,true,
2105459973819953574,1790815749970,neighborly-rhubarb-chickadee,2105435466862359039,,true,
2105460090815811947,1790815777864,independent-harvest-bluebird,2105136912709419444,,true,
2105460309833990312,1790815830083,diligent-brook-thrasher,,,,
2105460372966654308,1790815957010,cosmic-root-grackle,2105432050224209921,2579571584,true,
2105460429346496876,1790815858576,peachy-seashore-sunbird,2105452614305620471,,true,
2105460483310399793,1790815871442,celebrated-ocean-seagull,,,,
2105460537303720039,1790815884316,authentic-dogwood-spoonbill,2105449265229115455,68776394,true,
2105460572309553301,1790816477316,cosmic-root-grackle,2105260203918979370,2049491619926401024,true,
2105460592718823515,1790815897527,studious-hazelnut-flamingo,2105454280610345148,,true,
2105460689578135912,1790815920620,lovely-ocean-shearwater,2105203824533409910,1227276566301790209,true,
2105460830984638598,1790815954334,celebrated-basswood-kingfisher,2105443345854267546,1891988914992525312,true,
2105460840677966259,1790815956645,observant-cave-petrel,2105377476603994304,1261335549215989760,true,
2105461203489431561,1790816043146,hearty-lake-auklet,2105396513447002615,1367531,true,true
2105461235454001557,1790816243996,cosmic-root-grackle,2105431339906617379,,true,
2105461613306565044,1790816140854,supreme-pine-stork,2105289697274560632,1609021687206674432,true,true
2105461726951198999,1790816167949,easygoing-island-parrotlet,2105331451063624053,2839246532,true,
2105461744537579707,1790816172142,cheery-nutmeg-towhee,,,,
2105461811973669334,1790816188221,great-mountain-brushturkey,2105396435202019419,741375839527309312,true,true
2105461835369435229,1790816193798,zappy-winter-thicketbird,2105454129548317142,1512133729606684684,true,
2105461878545936425,1790816204093,,2105397687616942368,1435732236628803586,true,
2105461943112761832,1790816219486,wholesome-raspberry-stilt,2105319419056394337,1598394854190505988,true,
2105461955028734286,1790816222328,wholesome-raspberry-stilt,2105326743573991675,,true,
2105461955204899042,1790816787927,cosmic-root-grackle,2105414079716495444,1911423634368806912,true,
2105461960288481348,1790816223582,wholesome-raspberry-stilt,2105229213921890376,2005659485432647680,true,
2105462090358038556,1790816254592,groovy-lemon-kingbird,2105331450027667633,262375914,true,
2105462114013925483,1790816392591,cosmic-root-grackle,2105245615252963645,1188385757322502144,false,
2105462423897374728,1790816334114,neighborly-rhubarb-chickadee,2105331451063624053,2839246532,true,
2105462565799166428,1790816367946,authentic-dogwood-spoonbill,2105296565103386965,976900803368714241,true,
2105462646082265183,1790816387087,diligent-brook-thrasher,2105442778444386720,1331026481032654848,true,
2105462750050763063,1790816690201,cosmic-root-grackle,2105429338506006658,1102987848741998592,false,
2105462772800590037,1790816417300,celebrated-ocean-seagull,2105213346702352407,2011277195730436099,true,
2105462994066985007,1790816470053,cheery-nutmeg-towhee,2105433757075517863,1604291379852517376,true,
2105463144520782279,1790816699353,cosmic-root-grackle,2105385693614588119,1261335549215989760,true,
2105463284665352262,1790816836792,cosmic-root-grackle,2105350281072345402,931286316,false,
2105463300075221398,1790817095840,cosmic-root-grackle,2105362509595300193,1909680396557824000,false,
2105463304369963116,1790816544035,great-mountain-brushturkey,2105327692648530187,1059896820,true,
2105463426382168110,1790816573125,celebrated-ocean-seagull,2105419364925071767,1603887084,true,
2105463450046533906,1790816578768,cheery-nutmeg-towhee,2105412744925323459,1963754924824825856,true,
2105463488260772349,1790816587878,zappy-winter-thicketbird,2105401693731197089,2062854671828713472,true,
2105463555780698196,1790816603977,neighborly-rhubarb-chickadee,,,,
2105463686144065641,1790816889811,cosmic-root-grackle,2105461145599639658,1637507099558027267,false,
2105463795040600569,1790816661020,masterful-evergreen-skylark,2104555574884999407,,false,
2105463882768666816,1790816681936,diligent-brook-thrasher,2105452614305620471,,true,true
2105463937420410900,1790816694967,celebrated-ocean-seagull,2105265277948891173,2051621646507884544,true,
2105464065187324174,1790816725428,diligent-brook-thrasher,2105429739683053779,1771723230933311488,true,
2105464114348716486,1790816737150,great-mountain-brushturkey,2105433262550122580,437523126,true,
2105464182955024772,1790816753506,neighborly-rhubarb-chickadee,2105374054517465420,1985585083101954048,true,
2105464185651949939,1790816754150,diligent-brook-thrasher,2105374054517465420,1985585083101954048,true,
2105464299116286432,1790816781201,celebrated-ocean-seagull,,,,
2105464301578301611,1790816781789,diligent-brook-thrasher,,,,
2105464350269931553,1790817013906,cosmic-root-grackle,2105404181209321881,16635277,false,
2105464445933678644,1790816816206,neighborly-rhubarb-chickadee,2105418086669242691,1994212612557688833,true,
2105464536807428312,1790816837871,zappy-winter-thicketbird,2105435789081620656,1545480574659444738,true,
2105464537277231342,1790817023684,cosmic-root-grackle,2105435789081620656,1545480574659444738,false,
2105464605623669177,1790816854279,patient-peach-ibis,2105266315963580468,1467643957492744193,true,
2105464657557565544,1790816866660,meticulous-winter-quail,2098307704993550559,2067099956826284032,true,
2105464673189703741,1790816870388,luminous-beach-gull,2105223677570687022,1569205301961711616,true,
2105464707331059983,1790816878527,neighborly-rhubarb-chickadee,,,,
2105464817418899866,1790816904774,cheery-nutmeg-towhee,2105433954547642486,,true,
2105464955264761873,1790816937639,great-mountain-brushturkey,2105357577215463532,1553432488462131201,true,
2105464958146191842,1790816938326,zappy-winter-thicketbird,2105339270139707436,36749572,true,
2105465078577316255,1790816967039,remarkable-water-tailorbird,2105454695141589023,2841633851,true,
2105465112517566583,1790816975132,neighborly-rhubarb-chickadee,,,,
2105465133179040225,1790817635350,cosmic-root-grackle,2104578223187415085,1883651930939183104,false,
2105465155639287871,1790816985412,diligent-brook-thrasher,2105432510314455468,1294853192266715136,true,
2105465206801362966,1790816997610,zappy-winter-thicketbird,2105425994039304259,1080584229510172678,true,
2105465535311851934,1790817075934,pleasant-granite-conebill,2105419145818845327,2434510371,false,
2105465553636773935,1790817080302,auspicious-star-sandgrouse,2105429616211140779,,true,
2105465762173403238,1790817130021,balanced-lime-hawk,2105407250651034074,1367531,false,
2105465790816309324,1790817136850,enchanting-sun-bushlark,2105458499895300429,82119937,true,
2105465838102888808,1790817148124,neighborly-rhubarb-chickadee,2105432626475762174,46536332,true,
2105465997574459403,1790817186146,great-mountain-brushturkey,2105402312454029748,2094413838720335872,true,
2105466064876511636,1790817202191,lionhearted-moonlight-oriole,2105464534018216022,,true,
2105466105170935900,1790817211799,zappy-winter-thicketbird,2105374622480822766,14173315,true,
2105466144530608353,1790817221182,meticulous-winter-quail,2081954635003355246,1489198748182134784,true,
2105466454736875908,1790817499262,cosmic-root-grackle,2104273421366616540,1905339434566123522,true,
2105466619199701146,1790817334352,lionhearted-moonlight-oriole,2105465235998122074,,true,
2105466626480992671,1790817336088,neighborly-rhubarb-chickadee,2105435441633583470,1255900526178217984,true,
2105466761223049628,1790817368213,distinguished-hill-waxbill,2105293731050279064,1563375805266546688,true,
2105466955880710276,1790817414624,diligent-brook-thrasher,2105416434465824962,1817586112740659200,true,
2105467017960587418,1790817429425,aquatic-autumn-grackle,2105262633553383921,39321874,true,
2105467073228836880,1790817442601,dauntless-mangrove-puffleg,,,,
2105467288476332045,1790817493920,celebrated-ocean-seagull,2105388978635685927,204245399,true,
2105467304695808188,1790817497787,polite-glacier-crimsonwing,2105263819299664128,2089782500394405888,false,
2105467512032784776,1790817547220,tectonic-pine-wren,2104935734947778861,120967003,true,
2105467562297295163,1790817756088,cosmic-root-grackle,2105339671995973977,931286316,false,
2105467647206814154,1790817579448,great-mountain-brushturkey,2105260179080020020,,true,
2105467649320751244,1790817579952,cheery-nutmeg-towhee,2105260179080020020,,true,
2105467726718206145,1790817598405,informative-lemon-nightingale,2105117123643326597,87526140,true,
2105467792338112838,1790817614051,great-mountain-brushturkey,2105305949145575815,1958628572915978241,true,
2105467921589739676,1790817644866,zappy-winter-thicketbird,2105413392597225731,1594871021978652673,true,
2105467939507798404,1790817649139,neighborly-rhubarb-chickadee,2105293731050279064,1563375805266546688,true,
2105468064699404685,1790817678987,relatable-kiwi-bluejay,2105373745082933445,228947732,false,
2105468219943444788,1790818315987,cosmic-root-grackle,2104167745453736287,1664226176272068608,true,
2105468312113295561,1790818332247,cosmic-root-grackle,2105187746285257069,1745136336267255808,true,
2105468498205946363,1790818021304,cosmic-root-grackle,2105408170537431057,2961639518,true,
2105468513506763039,1790817785990,precious-mangrove-pheasant,2105238120748749075,61369340,true,
2105468607844999609,1790817808483,diligent-brook-thrasher,2105431073673171027,1548977419,true,
2105468624446136784,1790817812440,celebrated-ocean-seagull,2105318924682219626,966625905778024448,true,
2105468667215655152,1790817822637,witty-trail-anhinga,2104566643389047277,1736077586051055616,true,
2105468707237449766,1790817832180,humorous-maple-conebill,2105312957295161487,1263491240336769026,false,
2105468717811306876,1790817834700,cheery-nutmeg-towhee,,,,
2105468847985688872,1790817999288,cosmic-root-grackle,2105096514381185150,4741403959,false,
2105468879396807047,1790817873226,masterful-lime-skylark,2104910540082422256,2240745937,true,
2105468994639520101,1790817900702,contemporary-frost-osprey,2105458499895300429,82119937,false,
2105469019310764158,1790817906583,adept-birch-sparrowhawk,2105402368024092776,1341221036281491456,true,
2105469033093230623,1790817909869,easygoing-island-parrotlet,2105394583131587056,1823248660601212928,true,
2105469037647995223,1790817910955,empathetic-harvest-sunbird,2105248654743552193,1113931956503437312,false,
2105469062243287519,1790817916819,great-mountain-brushturkey,2105214340056141992,1640639094882549762,true,true
2105469079113064822,1790817920841,adept-birch-sparrowhawk,2105443305706152292,1151913018936053760,true,
2105469138278011149,1790817934947,easygoing-island-parrotlet,2105429739683053779,1771723230933311488,true,
2105469193101430800,1790817948019,cozy-creek-flatbill,2105048193977180337,36248892,true,
2105469247476715995,1790817960983,noble-lumber-parrot,2105441179693199487,31121154,true,
2105469417215668482,1790818001451,stoic-root-nightjar,2104545319530684733,1730072335246356481,false,
2105469462803583435,1790818012321,zappy-winter-thicketbird,2105289697274560632,1609021687206674432,true,true
2105469574736978193,1790818039007,dauntless-mangrove-puffleg,2063081771332428236,1591330607875108864,true,
2105469686208954500,1790818065585,peppy-berry-firefinch,2104583952661180787,751796456,true,
2105469719218131371,1790818073454,radiant-mango-treepie,2104980780061761999,1859687076410818560,false,
2105469730496655492,1790818076143,neighborly-rhubarb-chickadee,2105232202590273970,1742590858921234432,true,
2105469826613285162,1790818099060,zappy-winter-thicketbird,2105393860411285794,1986561666566529026,true,
2105469853955928327,1790818105578,elated-canopy-scaup,2105415858604642736,1978129224960524291,true,
2105469863145738467,1790818107770,resourceful-lake-swamphen,2105403011967176960,552152636,false,
2105469940069179478,1790818126110,wholesome-raspberry-stilt,2105310401890041881,1601278264047288320,true,
2105469945521787261,1790818127410,wholesome-raspberry-stilt,2105412744925323459,1963754924824825856,true,
2105469951435845723,1790818128819,wholesome-raspberry-stilt,2105339891953656293,1686901686185721857,true,
2105469956645163341,1790818130061,wholesome-raspberry-stilt,2105278522470044068,,true,
2105469984918876659,1790818136803,zappy-mango-bittern,2105382367074603155,1401270756936400901,true,
2105470009396875282,1790818142639,cheery-nutmeg-towhee,2105383223232806986,1249035491938312193,true,
2105470108344709471,1790818166229,great-mountain-brushturkey,,,,
2105470134634577987,1790818172497,zappy-winter-thicketbird,2105423017413153243,1514781517469261827,true,
2105470412981506497,1790818238860,consistent-strawberry-thrasher,2105242443398651910,1637402838530760706,false,false
2105470630951080305,1790818290828,dauntless-mangrove-puffleg,2105435825911800168,515943246,true,
2105470763306233913,1790818322384,determined-cave-auklet,2105337268630127085,,true,
2105470792804782165,1790818329418,neighborly-rhubarb-chickadee,2105325428160528606,2103865252949655552,true,
2105470892583297125,1790818353206,meticulous-winter-quail,2103054701361238462,1471535765297549324,true,
2105470934534533555,1790818363209,zappy-winter-thicketbird,2105415181467578614,,true,
2105471011558941176,1790818381572,famous-hazelnut-mockingbird,2105298057000558816,1489367029127786501,true,
2105471064796971107,1790818394266,diligent-brook-thrasher,2105384909598503392,1138148438242136065,true,
2105471072761971036,1790818396164,celebrated-ocean-seagull,2105366822883320157,877374623146496001,true,
2105471157243666706,1790818416306,sincere-aspen-bittern,2105392307554144715,1470830675783827457,true,
2105471182191329491,1790818422255,cheery-nutmeg-towhee,2105137997926875618,148152885,true,
2105471184846426378,1790818422888,great-mountain-brushturkey,2105459657603240201,877374623146496001,true,
2105471308670591425,1790818452409,diligent-brook-thrasher,2105213563048444198,357560100,true,
2105471352652075017,1790818462895,modern-rosewood-grebe,2105458499895300429,82119937,false,
2105471357559672840,1790818777561,cosmic-root-grackle,2105403461680664679,1805622878550843392,false,
2105471519283659062,1790818502623,expressive-slope-lory,2105310027657662480,1608732944927195137,true,
2105471565190103102,1790818513569,zappy-winter-thicketbird,,,,
2105471670060228919,1790818538571,neighborly-rhubarb-chickadee,2105301439623070185,,true,
2105471676884390079,1790818540198,cheery-nutmeg-towhee,2105384588398747688,,true,
2105471689656283429,1790818846278,cosmic-root-grackle,2105465368189850073,2079956789261459456,true,
2105471710145196123,1790818548129,great-mountain-brushturkey,2105389754808254836,754843878671413248,true,
2105471768844476518,1790818562123,genius-rosewood-towhee,2105420452546142407,1222609953850118146,true,
2105472073732894761,1790818634815,alpine-autumn-finch,2104468341721288820,2365896248,true,
2105472075662000472,1790818635274,breathtaking-sun-tanager,2105291317920379320,820386370237689856,true,
2105472078199542116,1790818635879,zappy-winter-thicketbird,,,,
2105472084369666275,1790818637350,meticulous-winter-quail,2103417342663270482,2008360758011441152,true,
2105472153495953894,1790818653832,assuring-rhubarb-cotinga,2105179978065449096,4158191845,true,
2105472154213007459,1790818654002,glowing-brook-woodpecker,2105458499895300429,82119937,true,
2105472198995538122,1790818664679,imaginative-banana-mockingbird,2105470961327767854,1276904608032591875,true,
2105472219799335077,1790818669639,diligent-brook-thrasher,2105384244243525877,2687253519,true,
2105472308865388969,1790818690875,resplendent-poplar-sunbird,2105424589572788571,546369744,true,
2105472395410579550,1790818711508,altruistic-pistachio-thicketbird,2105116650936889790,1966362493963341824,false,
2105472671341253110,1790818777295,celebrated-ocean-seagull,,,,
2105472676689014912,1790818778570,cheery-nutmeg-towhee,2105377804351414299,1466292469352767488,true,
2105472694380638441,1790818782788,great-mountain-brushturkey,,,,
2105472697367208443,1790818783501,fortuitous-pear-skimmer,2046273114615537840,537709549,true,
2105472711946387531,1790818786977,zappy-winter-thicketbird,2105133618523750798,3092625141,true,
2105472774533755233,1790819029748,cosmic-root-grackle,2105323149323550952,2031756144180649984,true,
2105472938321350748,1790818840948,neighborly-rhubarb-chickadee,2105342116776104039,1121791488,true,true
2105472964124623212,1790818847100,happy-ocean-nightingale,2105443852702150767,1719178823210582016,true,true
2105473014070411699,1790818859009,celebrated-ocean-seagull,2105096514381185150,4741403959,true,
2105473123449491888,1790818885086,diligent-brook-thrasher,2105377445419643267,,true,
2105473140218347766,1790818889085,celebrated-ocean-seagull,2105454443080659209,4482143834,true,
2105473202226966988,1790818903868,cheery-nutmeg-towhee,,,,
2105473217632575694,1790819015225,cosmic-root-grackle,2105429338506006658,1102987848741998592,false,
2105473245709574202,1790818914235,delightful-cypress-fantail,2098574836067127689,1669507578483838976,true,
2105473371102236995,1790818944131,exuberant-horseradish-crane,2105365705663435038,1043185714437992449,true,
2105473481248817225,1790818970392,great-mountain-brushturkey,2105122582110273911,17663596,true,
2105473523674185921,1790818980508,zappy-winter-thicketbird,2105328576383905874,1110711639064698880,true,
2105473628439539933,1790819005485,neighborly-rhubarb-chickadee,2105429282961186829,1049265018280263680,true,
2105473727848685631,1790819128467,cosmic-root-grackle,2105462445049585999,954811536,true,
2105473732554740139,1790819130624,cosmic-root-grackle,2105468474994684190,1728052268266582016,true,
2105473747830362180,1790819033951,wondrous-persimmon-swamphen,2105468781757653304,,true,
2105473963778302068,1790819085437,great-mountain-brushturkey,,,,
2105474051078512732,1790819106250,zappy-winter-thicketbird,2105441177986023735,31121154,true,
2105474193030885705,1790819210552,cosmic-root-grackle,2105374273388879886,1802822658007994368,false,
2105474233363030521,1790819149710,cheery-nutmeg-towhee,,,,
2105474298475418080,1790819165234,neighborly-rhubarb-chickadee,2105068850807022009,2092008074299027456,true,
2105474405782425798,1790819190819,zappy-winter-thicketbird,2105409168052261316,1031883393456381953,true,
2105474449445179591,1790819201229,diligent-brook-thrasher,2105416145092198436,98313006,true,
2105474622150115699,1790819358329,cosmic-root-grackle,2105010097487302787,2044903826574983168,true,
2105474676038222274,1790819255252,celebrated-ocean-seagull,2105229538120642591,1395859200006311939,true,
2105474683097256192,1790819256936,diligent-brook-thrasher,2105371160850358768,1565480269720784896,true,
2105474754886992143,1790819274052,great-mountain-brushturkey,,,,
2105474971774689352,1790819396988,cosmic-root-grackle,2103579061217853750,15754281,true,
2105475035724976529,1790819341008,flying-marble-seabird,2104848433702170783,,true,
2105475090745876709,1790819354126,zappy-winter-thicketbird,2105347629479530889,3489420013,true,
2105475133099958776,1790819364224,celebrated-ocean-seagull,,,,
2105475139127157209,1790819365661,celebrated-ocean-seagull,2105218421235634273,1065483830310559745,true,
2105475170282402197,1790819430995,cosmic-root-grackle,2105074997714890900,855483824351924224,true,
2105475360120791040,1790819418350,studious-star-mallard,2105428797830873184,1316198874688761856,false,
2105475439930040821,1790819437378,innovative-persimmon-parrotlet,2105290336570396767,1074354529787895808,true,
2105475462986186752,1790819442876,marvelous-cherry-peafowl,2105404862406303983,1436087893718601732,true,
2105475470363902275,1790819444634,considerate-harvest-thrasher,2105428797830873184,1316198874688761856,false,
2105475489246695781,1790819449136,balanced-orchard-albatross,2105137997926875618,148152885,true,
2105475511950381178,1790819454549,balanced-orchard-albatross,2105379815670845580,174323486,true,
2105475537061757109,1790819460537,marvelous-cherry-peafowl,2105096514381185150,4741403959,true,
2105475581731119509,1790819471187,cheery-nutmeg-towhee,2105373745082933445,228947732,true,
2105475598390841834,1790819475158,great-mountain-brushturkey,2105377378071687328,1917559689832980481,true,
2105475716922151001,1790819503419,dauntless-lemon-anhinga,2103140716688076925,1480115237970137092,true,
2105475739172626917,1790819508723,celebrated-ocean-seagull,2105465368189850073,2079956789261459456,true,
2105475796315890013,1790819522348,transcendent-harvest-songlark,2105073481813758136,,true,
2105475864192254230,1790819538531,cheery-nutmeg-towhee,2105289914019696956,844152092956663808,true,
2105475878209659311,1790819541872,wholesome-fir-frigatebird,2105465007739666793,15212187,true,
2105475879665119661,1790819542219,neighborly-rhubarb-chickadee,2105407449083543848,123417995,true,
2105475885008568373,1790819543493,transcendent-harvest-songlark,2105291083080962078,1922728177186766848,true,
2105475901622215161,1790819547454,celebrated-ocean-seagull,2105144960962134235,1729228548961873920,true,
2105476006861525172,1790819572546,transcendent-harvest-songlark,2105248312823595390,1116001332522041347,true,
2105476166253785287,1790819770857,cosmic-root-grackle,2105388538049310884,840020232102133760,false,
2105476227792334972,1790819625219,shining-seedlings-owl,2105407250651034074,1367531,true,
2105476272952336810,1790819635987,great-mountain-brushturkey,,,,
2105476319848833163,1790819647167,eccentric-honeydew-crow,2105384447914737844,1415006633822982145,false,
2105476422793855191,1790819671711,brainy-highland-spoonbill,2105321605375140047,1543395583725019136,true,
2105476452829237336,1790819678872,intentional-almond-wigeon,2105417958906560825,254515782,true,
2105476480709050768,1790819685519,punctual-sycamore-robin,2105400025648087417,2084181242245726208,true,
2105476500741071165,1790819690295,adept-birch-sparrowhawk,2105382932286263422,1442396148937867264,true,
2105476708216324472,1790819830846,cosmic-root-grackle,2105457932447907907,16331010,false,
2105476850017353847,1790819773569,zappy-winter-thicketbird,2105386437390520438,2062310966402985984,true,
2105476939897016421,1790819794998,neighborly-rhubarb-chickadee,2105365203885928773,2058512021998469121,true,
2105476984536990132,1790819805642,neighborly-rhubarb-chickadee,,,,
2105477019379089855,1790819813948,celebrated-ocean-seagull,2105382932286263422,1442396148937867264,true,
2105477155605921813,1790819846427,commendable-grove-cuckoo,2105381830421581902,132217388,true,
2105477399383011428,1790819904549,sturdy-jacaranda-petrel,2105378369101807763,2592570354,true,
2105477452352925881,1790819917177,cheery-nutmeg-towhee,2105438227519905814,1911423634368806912,true,
2105477502240006531,1790819929071,celebrated-ocean-seagull,2105424588213559634,1483793308816191490,true,
2105477520988447058,1790819933542,diligent-brook-thrasher,2105230080691835100,7996082,true,
2105477527732969550,1790819935149,sturdy-jacaranda-petrel,2104614560204206183,2592570354,true,
2105477537576956018,1790819937497,great-mountain-brushturkey,2105074948364705809,1972491940433412096,true,
2105477554190602697,1790819941458,marvelous-kiwi-shorebird,2104833670486040602,53029114,false,
2105477635539087454,1790819960853,neighborly-rhubarb-chickadee,2105289161720926419,2083593880390230016,true,
2105477645915886005,1790819963327,diligent-brook-thrasher,2105408319406162186,1945657098743783424,true,
2105477675452105064,1790819970369,celebrated-ocean-seagull,2105434454600905073,109813243,true,
2105477735778836614,1790819984751,sturdy-jacaranda-petrel,2099875011477594203,2592570354,true,
2105477822655426576,1790820005464,great-mountain-brushturkey,2105459362353623213,,true,
2105477892121698516,1790820022026,enthralling-mesa-sparrow,2105476053250588886,,true,
2105477977676869999,1790820042424,festive-mountain-cotinga,2104975126940815831,288277167,true,
2105477982869500075,1790820043663,celebrated-ocean-seagull,2105472884718334341,1582378068563226624,true,
2105478109772575228,1790820073918,heroic-fir-stilt,2105457280749809957,1636254334013849600,true,
2105478185005498807,1790820091856,diligent-brook-thrasher,2105359427356549575,2034638078661545984,true,
2105478263069966649,1790820110467,cheery-nutmeg-towhee,2105463366911467615,,true,
2105478285391986915,1790820115789,neighborly-rhubarb-chickadee,2105364841011495174,2171243406,true,
2105478306384474593,1790820120794,diligent-brook-thrasher,2105239937650131122,155585830,true,
2105478356250869804,1790820132683,motivated-moon-anhinga,2105297119456240029,182107650,true,
2105478393672389015,1790820299986,cosmic-root-grackle,2104371350135775252,,true,
2105478404040528205,1790820144077,zappy-winter-thicketbird,,,,
2105478415616741720,1790820146837,zappy-winter-thicketbird,2105363954373361865,2048349230264193024,true,
2105478523515232601,1790820172562,diligent-brook-thrasher,2105351518853660908,401423542,true,
2105478573180047450,1790820184403,diligent-brook-thrasher,2105351467083166170,401423542,true,
2105478598375162332,1790820190411,diligent-brook-thrasher,2105457280749809957,1636254334013849600,true,
2105478635406659865,1790820320895,cosmic-root-grackle,2105280248363340281,454090001,true,
2105478831234818373,1790820245928,tranquil-lime-hawk,2105447802650374309,,true,true
2105478921835745709,1790820267529,celebrated-ocean-seagull,2105280838141403468,2640348769,true,
2105479083366735920,1790820306041,cheery-nutmeg-towhee,,,,
2105479153042551198,1790820322654,great-mountain-brushturkey,2105429393304650091,48252327,true,
2105479278246658256,1790820352504,zappy-winter-thicketbird,2105368334430585259,1548977419,true,
2105479300225110488,1790820357744,polite-hazelnut-curassow,2105368285084860890,1757604738298757121,true,
2105479528986415564,1790820412285,neighborly-rhubarb-chickadee,2105358263101673944,1529931137874903065,true,
2105479630073245887,1790820436386,diligent-brook-thrasher,2105070584770236487,16690722,true,
2105479672163172492,1790820446421,agreeable-coast-songbird,2105385362067427783,326963505,true,
2105479813041643979,1790820664975,cosmic-root-grackle,2105377122596299028,1610423002872840193,false,
2105479875196797329,1790820494828,great-mountain-brushturkey,2105371994342703229,34762345,true,
2105479988279656719,1790820646605,cosmic-root-grackle,2105235749889323270,,true,
2105480069317542142,1790820541110,zappy-winter-thicketbird,2105361201043738864,1521576121015451648,true,
2105480313379905860,1790820599300,diligent-brook-thrasher,2105349367653978573,3324689194,true,
2105480315519066566,1790820599809,celebrated-ocean-seagull,2105234355735900269,1934956322698436608,true,
2105480387392598170,1790820616946,neighborly-rhubarb-chickadee,,,,
2105480465087881448,1790820635469,diligent-brook-thrasher,2105347499968061843,4210258727,true,
2105480493462434024,1790820642234,polite-hazelnut-curassow,2105297771238486070,1373421512699617283,true,
2105480620755595534,1790820672584,lucent-forest-mockingbird,2105280248363340281,454090001,true,
2105480697997582428,1790820690999,neighborly-rhubarb-chickadee,2105465092326527306,1384572982161518594,true,
2105480702334538132,1790820692033,zappy-winter-thicketbird,2105342643177689286,896550698543874049,true,
2105480855695339540,1790820728597,patient-peach-ibis,2105193510953750802,825236933500559360,true,
2105480859876737329,1790820729594,diligent-brook-thrasher,2105359848283971745,26659619,true,
2105480874397508020,1790820733057,great-mountain-brushturkey,2105206243866390864,2057993122550800385,true,
2105480896862171379,1790820738412,neighborly-rhubarb-chickadee,2105119982153879595,1392269534388793348,true,
2105480926473892241,1790820745472,cheery-nutmeg-towhee,2105400749664645329,626852707,true,
2105480965443268988,1790820754763,quick-peppermint-osprey,2105377175230701919,6135622,true,
2105480970950377706,1790820756077,zappy-winter-thicketbird,2105400749664645329,626852707,true,
2105480975878914441,1790820757252,diplomatic-rainforest-spoonbill,2105426054815035706,,true,
2105481120775078329,1790820791797,sturdy-melon-pitohui,,,,
2105481286446117185,1790820831296,tolerant-honeydew-seagull,2105219496025972903,1355608752523800577,false,
2105481298596806957,1790820834193,cheery-nutmeg-towhee,2105450039585755297,2571569944,true,
2105481407900582374,1790820860253,prudent-peat-blackbird,2105418996837195841,480418245,true,
2105481586477072397,1790820902829,great-mountain-brushturkey,,,,
2105481628336205986,1790820912808,zappy-winter-thicketbird,2105457932447907907,16331010,true,
2105481652818317361,1790820918646,neighborly-rhubarb-chickadee,2105359474412466321,1695503919042928640,true,
2105481706874745023,1790820931534,gentle-trail-murrelet,2105318808332243026,1280492675850960896,true,
2105481743872758045,1790820940355,generous-avocado-bushlark,,,,
2105481747907428633,1790820941316,diligent-brook-thrasher,2105300799337398341,1808448325978640385,true,
2105481794501882340,1790820952427,clever-lake-kingbird,2105337199675744741,1633259659,false,
2105481841197371783,1790820963559,thorough-sunlight-pelican,2105446280512299445,,true,
2105481843323641865,1790820964066,neighborly-rhubarb-chickadee,,,,
2105481929827250201,1790820984690,funny-poplar-magpie,2105333164977660312,1598459846524899330,true,
2105481957840945332,1790820991370,philosophical-berry-brushturkey,2105476053250588886,,true,
2105481961250984301,1790820992182,patient-peach-ibis,2105416328324792684,1213318204988116992,true,
2105481962710319427,1790820992530,natural-peppermint-nightjar,2104406095724957783,1295352553962692609,false,
2105482206105776418,1790821050560,neighborly-rhubarb-chickadee,2105389466445598970,2020871414916743168,true,
2105482381851267130,1790821092461,celebrated-ocean-seagull,2105345854009647315,2882577077,true,
2105482421982351508,1790821102029,placid-wind-tanager,2105415315006079011,3117208024,true,false
2105482450381979743,1790821304934,cosmic-root-grackle,2105452908427014156,29201047,false,
2105482466395840694,1790821112617,glowing-fig-lovebird,2105361057820885014,429227921,true,
2105482629155865061,1790821151423,animated-woodland-auklet,2105316505365705056,1492677599390322689,true,
2105482681865654712,1790821163990,helpful-grape-macaw,2105387064212529157,1845978020206571520,true,
2105482696092704941,1790821167382,charming-sunlight-firetail,2105081251220898088,1945179053612523522,true,
2105482733875065049,1790821176390,interesting-sky-swift,2105378664418308111,3269591084,true,false
2105482816301470095,1790821196042,trusty-peach-jacana,2105333972465008652,19834403,true,
2105483087916241097,1790821452498,cosmic-root-grackle,2105075756791419125,1881451105454002176,true,
2105483240043696498,1790821580307,cosmic-root-grackle,2104578223187415085,1883651930939183104,false,
2105483245588492504,1790821298392,great-mountain-brushturkey,2105291548196032589,1237456482087600128,true,
2105483355605340171,1790821324623,curious-iceberg-triller,2105415315006079011,3117208024,false,
2105483371723813029,1790821328465,artistic-sandalwood-dove,2105482774425796963,33857883,true,false
2105483459451912667,1790821349381,zappy-winter-thicketbird,2105402309563785431,3530404094,true,
2105483508718137679,1790821361127,diligent-brook-thrasher,2105417746754556018,,true,
2105483662720422356,1790821397844,celebrated-ocean-seagull,2105301912849613047,2033380320012349440,true,
2105483805091869084,1790821431789,great-mountain-brushturkey,,,,
2105483812381561104,1790821433526,meticulous-peachtree-petrel,2105475953451491668,19897138,true,
2105483862595838163,1790821445498,neighborly-rhubarb-chickadee,2105334793332461791,2085852008053956609,true,
2105483921270198666,1790821536758,cosmic-root-grackle,2105414252131402033,645503,false,
2105483954199363745,1790821467338,beloved-seashore-hummingbird,2105482774425796963,33857883,false,
2105483985958862949,1790821474910,fun-iceberg-siskin,2105289697274560632,1609021687206674432,true,true
2105483999669887359,1790821478180,adventurous-cedar-myna,2105397057368310054,1252032381709680642,true,
2105484073812591060,1790821495856,great-mountain-brushturkey,,,,
2105484154456396245,1790821515083,cheery-nutmeg-towhee,2105327908487373214,1586689572431622149,true,
2105484164023611806,1790821517364,great-mountain-brushturkey,2105113301952983407,2090095619507695616,true,
2105484187344007236,1790821522924,cheery-nutmeg-towhee,2105331250290454608,221377111,true,
2105484192087699547,1790821524055,cheery-nutmeg-towhee,2105335333974147233,1587130893616955393,true,
2105484228976664977,1790821532850,genius-rainforest-flatbill,2104991374265201091,1011600411822821377,true,
2105484281057353950,1790821545268,zappy-winter-thicketbird,2105476053250588886,,true,
2105484361420456117,1790821564427,flexible-plum-starling,2105417776789856302,1612277939462352898,false,
2105484370140385655,1790821566506,natural-earth-hawk,2105199831337828556,2583539802,true,true
2105484381137866900,1790821569128,striking-rock-skimmer,2105419006471770260,6817432,true,
2105484437589020800,1790821582587,lithe-ice-peacock,2105232222085435524,252191345,true,
2105484493179994547,1790821595842,neighborly-rhubarb-chickadee,2105325796697280535,1252845389985640448,true,
2105484668867105129,1790821637729,soulful-mangrove-crake,2096023271766409268,,true,
2105484766799892751,1790821661077,,2105440387158708479,1393013789226938368,true,
2105484804821229990,1790821670142,animated-ridge-waxbill,2105299631257129282,1074468328163500033,true,
2105484864166543715,1790821684292,trusting-fjord-quail,2105389466445598970,2020871414916743168,true,
2105484865588129970,1790821684630,zappy-winter-thicketbird,2105299631257129282,1074468328163500033,true,
2105484872185704509,1790821686203,cheery-nutmeg-towhee,2105431376074068271,1947247282983989248,true,
2105484903592645064,1790821693691,brave-raisin-flatbill,2105482774425796963,33857883,false,
2105484911415329008,1790821695556,,2105249031534657862,1413828372870877187,true,
2105485057364312558,1790821730354,great-mountain-brushturkey,2105403011967176960,552152636,true,
2105485061889945784,1790821731433,zappy-winter-thicketbird,2105235749889323270,,true,
2105485067514442004,1790821732773,great-mountain-brushturkey,,,,
2105485083977347173,1790821736699,persistent-pineapple-motmot,2105330077257154888,1639367481130188803,true,
2105485136020300106,1790821749106,thoughtful-spring-whistler,2105192480451039723,121640063,true,
2105485152142987469,1790821752950,courageous-avocado-goose,2105387206999171457,1518470809689501696,true,
2105485161722945595,1790821818545,cosmic-root-grackle,2105396472917201067,1030711922,true,
2105485271542423680,1790821781417,thoughtful-spring-whistler,2105259743149523184,112423941,true,
2105485485078462904,1790821832328,ardent-fern-starling,2105341172600508657,21001599,true,
2105485608001126844,1790821861636,peachy-melon-treepie,2105080118725198003,1820051202857689088,true,true
2105485665332847079,1790821875304,zappy-winter-thicketbird,2105342036207644764,629698642,true,true
2105485732223557993,1790821891253,diligent-brook-thrasher,2105448386107253050,,true,
2105485748694646973,1790823172775,cosmic-root-grackle,2105390230769639766,154533595,true,
2105485772040049114,1790821900745,neighborly-rhubarb-chickadee,2105377737355690030,80756246,true,
2105485916731277556,1790821935242,effervescent-mist-softbill,2104959280814108886,1884069762923175936,true,
2105485923735494693,1790822127151,cosmic-root-grackle,2105366483560026123,1430216392343687174,true,
2105486066195017867,1790821970878,celebrated-ocean-seagull,2105372019013607716,1483074595116752897,true,
2105486194410709394,1790822001446,neighborly-rhubarb-chickadee,2105255541542945003,1961051725214953472,true,true
2105486195027300861,1790822001594,hopeful-sycamore-thicketbird,2105480035973181604,2083272182226894848,true,
2105486199238627781,1790822251948,cosmic-root-grackle,2105408170537431057,2961639518,false,
2105486226908237969,1790822009195,magnetic-guava-bushbird,2105347499968061843,4210258727,false,
2105486243068817558,1790822013047,admirable-pine-heron,2105417247367811091,1590160642610282497,true,
2105486298177736725,1790822026187,industrious-mist-spurfowl,2105361252767928778,890464195384287232,true,
2105486351579664619,1790822038918,cheery-nutmeg-towhee,2105152750711640092,234658632,true,
2105486382596870286,1790822240314,cosmic-root-grackle,2105036494775767509,,true,
2105486610326520317,1790822100608,lionhearted-papaya-cotinga,2100050916628103658,1979018212009480192,true,
2105486667687526727,1790822114284,fashionable-grass-skylark,2105388609402814709,1129848853904150528,true,
2105486711232864530,1790822124666,great-mountain-brushturkey,2105454106362200529,,true,true
2105486797564260641,1790822145249,cheery-nutmeg-towhee,,,,
2105486834411376776,1790822154034,awesome-passionfruit-crane,2105263909297115427,1253706528,true,
2105486911678656917,1790822172456,diligent-brook-thrasher,2105376941096292394,2346105650,true,
2105487438323785927,1790822298018,cheery-nutmeg-towhee,2105354805480992948,1923015199209975808,true,
2105487883234635985,1790822404093,brilliant-cove-piculet,2104742849996804515,24026381,true,
2105488037576671528,1790822440891,great-mountain-brushturkey,,,,
2105488180224950724,1790822474902,zappy-winter-thicketbird,2105326829334663480,1593078782918885376,true,
2105488219190055020,1790822706246,cosmic-root-grackle,2105396509974081637,1356898081,true,
2105488270838669648,1790822496505,neighborly-rhubarb-chickadee,2105431339906617379,,true,
2105488307194917229,1790822505173,alpine-rock-seagull,2105316806961299898,,true,
2105488431300092288,1790822534762,diligent-brook-thrasher,2105323930344931755,2882577077,true,
2105488508991287754,1790822553285,celebrated-ocean-seagull,,,,
2105488870103974010,1790822639381,cheery-nutmeg-towhee,2105465563132932330,,true,
2105488911963164823,1790822649361,zappy-winter-thicketbird,2105270245850034204,1229418075633700866,true,
2105488935811977557,1790822655047,musical-wildflower-wigeon,2105418846014177624,54341363,true,
2105488940505481412,1790822656166,great-mountain-brushturkey,2105474010394067037,1476288517437329415,true,
2105489139869372656,1790822703698,adventurous-apricot-cormorant,2105380328504177133,,true,
2105489153068798236,1790822706846,playful-trail-scaup,2105136926080864599,1692133575422873600,true,
2105489205254103493,1790822719287,zappy-winter-thicketbird,2105460090081841299,1527484459,true,
2105489313404227764,1790822745072,neighborly-rhubarb-chickadee,2105317254976209212,1611392662510206976,true,
2105489423534084265,1790823090522,cosmic-root-grackle,2105415564898312529,,false,
2105489431599735285,1790822773253,diligent-brook-thrasher,2105047906919252196,1475870489830699011,true,
2105489533043364213,1790822797438,meticulous-winter-quail,2105187675322093737,,true,
2105489558695510368,1790822803554,cheery-nutmeg-towhee,2105309900792570203,2045232802325581824,true,
2105489796294451453,1790822860202,cheery-nutmeg-towhee,2105396472917201067,1030711922,true,
2105489985075925195,1790822905211,great-mountain-brushturkey,2105475656473854408,565469671,true,
2105490264722645132,1790822971884,great-mountain-brushturkey,2105306438977646957,1571932891042422784,true,
2105490273954340985,1790822974086,soulful-cherry-robin,2105332491338883197,5536782,true,
2105490302261776608,1790822980835,zappy-winter-thicketbird,2105253408097685585,1832123573823037441,true,
2105490422034563452,1790823009390,effervescent-mist-softbill,2105213269312946207,770053561031983105,true,
2105490472852475938,1790823021506,neighborly-rhubarb-chickadee,2105312463310737646,2009094999598845952,true,
2105490588514533847,1790823049082,heartwarming-bamboo-waterfowl,2105429046196646089,1881451105454002176,true,
2105490657825714338,1790823065607,exuberant-berry-crane,2105052969582375204,1418587589502808065,true,
2105490686619365717,1790823072472,diligent-brook-thrasher,2105478139430465939,565469671,true,
2105490829078892605,1790823106438,cheery-nutmeg-towhee,2105440052419657868,1869126171277008897,true,
2105490840546087303,1790823109172,courageous-peanut-rooster,2105471774020272269,45550693,true,
2105490971936919555,1790823140497,great-mountain-brushturkey,2105372869056426480,1488188761766834179,true,
2105491004052709799,1790823472881,cosmic-root-grackle,2105339671995973977,931286316,false,
2105491089771634961,1790823168591,neighborly-rhubarb-chickadee,2105457015325937817,183625065,true,
2105491319846043839,1790823223445,diligent-brook-thrasher,,,,
2105491341253705899,1790823228550,celebrated-ocean-seagull,2105284581297730025,1568632240384647173,true,
2105491403119656983,1790823243299,altruistic-poplar-wader,2105348440289149347,9006952,true,
2105491488536948965,1790823414869,cosmic-root-grackle,2105484065487138862,62479369,false,
2105491594388615577,1790823288902,supreme-pine-stork,2105364880614453382,2051621646507884544,true,
2105491709056454848,1790823316240,cheery-nutmeg-towhee,2105448159073714613,3793832773,true,
2105491737690980593,1790823323068,great-mountain-brushturkey,2105304163886252114,1963693507341869057,true,
2105491822856274053,1790823343372,zappy-winter-thicketbird,2105072380670267616,737131740,true,
2105491900195127570,1790823361811,neighborly-rhubarb-chickadee,2105096514381185150,4741403959,true,
2105491901382332435,1790826179821,cosmic-root-grackle,2105096514381185150,4741403959,false,
2105492059423654338,1790823399774,articulate-cashew-puffbird,2105391752719045063,753296229635858432,true,
2105492157809209718,1790823423231,diligent-brook-thrasher,,,,
2105492159067791696,1790823423531,,2105458271876501885,1144894308224512000,true,
2105492203288080389,1790823434074,celebrated-ocean-seagull,2105326814021206306,1395832615643586561,true,
2105492540820516993,1790823514549,innovative-jacaranda-cockatoo,2104774193871253995,24127811,false,
2105492692377497875,1790823550683,cheery-nutmeg-towhee,2105462650658234597,1703751088187334656,true,
2105492700757688343,1790823552680,great-mountain-brushturkey,,,,
2105492711000207713,1790823555123,zappy-winter-thicketbird,2105336058200117390,2682105606,true,
2105492737940238394,1790823561545,neighborly-rhubarb-chickadee,2105475435559866653,,true,true
2105492946514563091,1790823611273,transcendent-blossom-nightjar,2105296622208848333,66633772,true,
2105492958258872356,1790823783256,cosmic-root-grackle,2105339965961908682,763094579491008512,true,
2105492987710976077,1790823621095,zappy-winter-thicketbird,2105309969105174861,796939233185255425,true,
2105493021706072099,1790823629200,mindful-desert-murrelet,2105323684668010738,1709947069778317312,true,
2105493046225719676,1790828331150,cosmic-root-grackle,2105477001427443800,1179909519671005184,true,
2105493138827571681,1790823657125,diligent-brook-thrasher,2105304750291898615,2074694520390725632,true,
2105493272873378236,1790823689083,captivating-willow-seagull,2105297934099030326,1990099768081866752,true,true
2105493316754113008,1790823699545,celebrated-ocean-seagull,2105298766102196736,1503549194996527106,true,
2105493340347089237,1790823705170,cheery-nutmeg-towhee,2105473518414569875,889095804312469505,true,
2105493345388638471,1790823706372,great-mountain-brushturkey,2105410186412544121,1551838588400128000,true,
2105493386304057543,1790823716127,peaceful-passionfruit-grouse,2105012878038245836,1514678052655087620,true,
2105493426175181185,1790823725633,dazzling-petal-wader,2105458499895300429,82119937,true,
2105493428783980705,1790823726255,zappy-winter-thicketbird,2105305700159173059,93910940,true,
2105493447981346819,1790823730832,neighborly-rhubarb-chickadee,2105449503612342651,,true,
2105493467006652809,1790823735368,neighborly-rhubarb-chickadee,,,,
2105493473008783696,1790823736800,incredible-moon-swamphen,,,,
2105493550309761100,1790823755229,diligent-brook-thrasher,2105304202000183717,,true,true
2105493634783289480,1790828976563,cosmic-root-grackle,2104913687907848201,2240745937,true,
2105493756606586963,1790823804414,celebrated-ocean-seagull,2105323641085022350,89000331,true,
2105493809345830943,1790823816989,cheery-nutmeg-towhee,2105180645681246365,162783211,true,
2105493998521466928,1790823862091,curious-mango-albatross,2105457228853510588,244126333,true,
2105494064674005310,1790823877864,diligent-brook-thrasher,,,,
2105494111214080478,1790823888960,great-mountain-brushturkey,2105433728340107409,138689227,true,
2105494171066744922,1790823903229,zappy-winter-thicketbird,2105409869398368752,34713362,true,
2105494294052114483,1790823932551,cheery-nutmeg-towhee,2105300789157843357,261029333,true,
2105494313454997793,1790823937178,great-mountain-brushturkey,2105275905505689625,809354200161230848,true,
2105494315778634085,1790823937731,neighborly-rhubarb-chickadee,2105275905505689625,809354200161230848,true,true
2105494449652670878,1790823969650,tranquil-creek-hummingbird,2105108625681473774,102278397,true,
2105494461161587139,1790823972393,celebrated-ocean-seagull,2105387654821097805,753434301509750784,true,
2105494811557925209,1790824055934,diligent-brook-thrasher,2105482072727142458,1449826891825774592,true,
2105494820785709056,1790824058134,polite-rainforest-parakeet,2105447802650374309,,false,
2105494865538957824,1790824068804,winning-clay-emu,2105204367779397933,742143,true,
2105494901215371709,1790824077310,grand-raspberry-hornbill,2105446366176584132,1343328098281025536,true,
2105495133252706499,1790824132632,helpful-marmalade-goose,2105294177806238109,431862837,true,
2105495159085343189,1790824138791,dependable-moss-jay,2105428148309434687,2081863830976540672,true,
2105495181432607090,1790824144119,great-mountain-brushturkey,2105440940358000654,1458481772292100097,true,
2105495336504463691,1790824181092,zappy-winter-thicketbird,2105406599611498942,1466434752769052674,true,
2105495494860415137,1790824218846,neighborly-rhubarb-chickadee,2105277845790482470,22147031,true,
2105495501143490891,1790824220344,cool-slope-jacana,2105489247713288254,1841181851538636806,true,
2105495567522484232,1790824236170,dependable-moss-jay,2105474353009766412,1429560247,true,
2105495682857513388,1790824263668,cheery-nutmeg-towhee,2105419896553406822,358891728,true,
2105495759147999282,1790824281857,consistent-sea-thrush,2105415893446758662,,true,
2105495850688413739,1790824303682,great-mountain-brushturkey,2105373772660281467,2056737883008950272,true,
2105495880120033730,1790824488962,cosmic-root-grackle,2105435789081620656,1545480574659444738,true,
2105495886981914910,1790824312335,consistent-sea-thrush,2105405840727695501,1375620735897509894,true,
2105495901330702637,1790824913628,cosmic-root-grackle,2105390230769639766,154533595,false,
2105495913498021912,1790824318657,dependable-moss-jay,2105438893734797352,1949661063890239488,true,
2105495920926236909,1790824320428,zappy-winter-thicketbird,2105388699014053940,1839312019855650823,true,
2105496034000416834,1790824347388,neighborly-rhubarb-chickadee,2105442166676058491,,true,
2105496145053073813,1790824373864,tropical-lemon-troupial,2105286711463035192,1580768044447633408,true,
2105496171196109300,1790824380097,great-mountain-brushturkey,2105277803398635981,2010633916290674688,true,
2105496201755758667,1790824387383,passionate-tigerwood-starling,2105486264388452359,54341363,true,
2105496417179517128,1790824438744,dependable-moss-jay,2105435651550405063,1460829819134951430,true,
2105496527787495869,1790824465115,intentional-papaya-cuckoo,2105359583610847599,,true,
2105496570917421186,1790824475398,zappy-winter-thicketbird,2105298057000558816,1489367029127786501,true,
2105496579922608439,1790824677658,cosmic-root-grackle,2105333966001832186,21913203,false,
2105496630900486158,1790824489700,genuine-sun-eagle,2105341172600508657,21001599,true,
2105496710692663444,1790824508723,insightful-mint-flycatcher,2105262774712521106,56183126,true,
2105496753747193955,1790824518988,celebrated-ocean-seagull,2105320774659633273,1878072941776420864,true,
2105496784042610747,1790824526211,zappy-winter-thicketbird,2105452769293541641,1107527551,true,
2105496876392792364,1790824548229,great-mountain-brushturkey,2105479755445457062,1486170747898896387,true,
2105496961616929151,1790824568548,cheery-nutmeg-towhee,2105292396455973032,1441287301087195143,true,
2105496963919630511,1790824569097,zappy-winter-thicketbird,2105477001427443800,1179909519671005184,true,
2105497007112511638,1790824579396,cheery-nutmeg-towhee,2105352677152743773,,true,
2105497007356068050,1790824579453,bright-raspberry-lorikeet,2105288867205058729,1241001488844902401,true,
2105497021297693037,1790824582777,great-mountain-brushturkey,2105445274932134321,,true,
2105497041094791596,1790824587497,cheery-nutmeg-towhee,,,,
2105497070190645461,1790824594434,great-mountain-brushturkey,2105404431030239670,339847923,true,
2105497137656041859,1790824610520,neighborly-rhubarb-chickadee,2105476112289780117,1373343849033035776,true,
2105497141393129823,1790824611410,artistic-sandalwood-dove,2105496871494185419,33857883,true,false
2105497166441508939,1790824617383,cheery-nutmeg-towhee,,,,
2105497399518961810,1790824672952,logical-snow-thrasher,2105136086192177186,59345386,true,
2105497525188710509,1790824702914,great-mountain-brushturkey,2105303666294988909,1895526044469231616,true,
2105497737043018087,1790824753424,celebrated-ocean-seagull,2105475712794968383,17306975,true,
2105497756475277472,1790824758057,cheery-nutmeg-towhee,,,,
2105497866844135810,1790824784371,distinguished-passionfruit-guillemot,2105385456107954540,399870539,true,
2105497948217913789,1790824803772,zappy-winter-thicketbird,2105418394715693092,18249099,true,
2105498112638713882,1790824842974,cheery-nutmeg-towhee,2105432259251847434,27029651,true,
2105498151897464964,1790824852334,enchanting-lemon-crake,2105420727356645767,333935142,true,
2105498225750728873,1790824869941,entrancing-dogwood-mockingbird,2105366177983738022,2001346406179835910,true,false
2105498271439261722,1790824880834,diligent-brook-thrasher,,,,
2105498288854012293,1790824884986,great-mountain-brushturkey,2105193523830251821,2085606980006404096,true,
2105498390444609813,1790825079107,cosmic-root-grackle,2105002332249334147,341746855,true,
2105498393166622836,1790824909856,sensible-frost-fantail,2105447601864585360,2475453187,true,
2105498476150677976,1790824929642,neighborly-rhubarb-chickadee,,,,
2105498537177817245,1790824944191,zappy-winter-thicketbird,,,,
2105498570136678498,1790824952049,celebrated-ocean-seagull,2105332491338883197,5536782,true,
2105498604878401817,1790824960333,inventive-citrus-cockatoo,2105477482195382715,797960677822496770,true,
2105498636553511371,1790824967884,cheery-nutmeg-towhee,2105376577731068072,46104109,true,
2105498748738769338,1790824994631,marvelous-flower-meadowlark,2105200159424655416,,true,
2105498902023541078,1790825031177,alpine-fern-junco,2105458499895300429,82119937,false,
2105498914447130868,1790825034139,great-mountain-brushturkey,2105368124933734503,1047170507592749056,true,
2105498934303154379,1790825038873,supreme-pine-stork,2105299068247494728,1711044064542670848,true,
2105498992503062903,1790825052750,celebrated-ocean-seagull,,,,
2105499013185155397,1790825057680,zappy-winter-thicketbird,2105482314637590583,1496906490153775105,true,
2105499031170424885,1790825061968,understanding-slope-chicken,2105328576383905874,1110711639064698880,false,
2105499172380250114,1790825095636,intelligent-raspberry-brownbul,2105489247713288254,1841181851538636806,false,
2105499520960430434,1790825178743,adept-birch-sparrowhawk,2105303666294988909,1895526044469231616,true,
2105499534210318696,1790825181902,trusting-fjord-quail,2105445274932134321,,true,
2105499559262924883,1790825187875,trusting-fjord-quail,2105452769293541641,1107527551,true,
2105499631069299022,1790825204995,tectonic-sapling-treepie,2105447802650374309,,true,
2105499640070377684,1790825207141,animated-ridge-waxbill,2105147360682905743,1516363633130762241,true,
2105499755186913280,1790825234587,cheery-nutmeg-towhee,2105323897478353245,1409904499800608768,true,
2105499757313511565,1790825235094,diligent-brook-thrasher,2105323897478353245,1409904499800608768,true,
2105499860514259329,1790825422195,cosmic-root-grackle,2105391487194374641,1400663753176227844,true,
2105500162751685102,1790825331758,eccentric-snow-parakeet,2104701506544906550,1301316133501448192,true,
2105500209237065864,1790825342842,generous-mountain-bluebird,2105384244243525877,2687253519,true,true
2105500555204345992,1790825425326,neighborly-rhubarb-chickadee,2105493824890183998,1347371546508210177,true,
2105500574133170457,1790825429839,great-mountain-brushturkey,,,,
2105500642315776129,1790825446095,thorough-ocean-fantail,2105360023132266689,1186076316786814977,true,
2105500860851868056,1790825820987,cosmic-root-grackle,2105409010547806634,,true,
2105500895303938489,1790825506413,witty-mint-kite,2105275905505689625,809354200161230848,true,
2105501050916467068,1790825543513,diligent-brook-thrasher,,,,
2105501485178220870,1790829651978,cosmic-root-grackle,2105475007316901920,1485301396664725512,true,
2105501570884321739,1790825667483,great-mountain-brushturkey,2105266421093839320,133201136,true,
2105501658088403202,1790825688275,cheerful-cactus-sunbird,2105436659978543442,16585184,true,
2105501698559230199,1790826057379,cosmic-root-grackle,2002987769065324907,1022821904,false,
2105501830658789613,1790825729418,terrific-pistachio-tanager,,,,
2105502004051108131,1790825770758,zappy-winter-thicketbird,,,,
2105502071948456249,1790825786947,genius-rain-drongo,2105420452546142407,1222609953850118146,true,
2105502229935321193,1790825824614,cheery-nutmeg-towhee,2105301912849613047,2033380320012349440,true,
2105502239343149327,1790825826857,neighborly-rhubarb-chickadee,2105480035973181604,2083272182226894848,true,
2105502288945074420,1790825838683,diligent-brook-thrasher,2105462632979263601,1588613268326809602,true,
2105502421787021612,1790825870354,celebrated-ocean-seagull,2105408734520365470,1354887525806948353,true,
2105502554511581561,1790825901999,great-mountain-brushturkey,2105222243441909807,1466926452528787457,true,
2105502726285062454,1790825942952,celebrated-ocean-seagull,2105346680757588254,2094481626806054912,true,
2105502906652787111,1790825985955,cheery-nutmeg-towhee,2105485903036891227,1459137777853874180,true,
2105502978673180929,1790826003127,lithe-birch-mallard,2105477482195382715,797960677822496770,false,
2105502994859164129,1790826006985,terrific-pistachio-tanager,2105217485687709738,,true,
2105502995886883263,1790826007231,brainy-marmalade-fantail,2105496308052296057,,true,
2105503339865608347,1790826089241,celebrated-ocean-seagull,2105493915977814356,,true,
2105503370471444484,1790826096538,neighborly-rhubarb-chickadee,,,,false
2105503762626261221,1790826190035,ardent-winter-ibis,2105311267099386191,17469289,true,
2105503800882495860,1790826199157,cheery-nutmeg-towhee,2105452657452229045,794939762,true,
2105503822399279227,1790826204287,zappy-winter-thicketbird,2105333099362226601,1024353990379745281,true,
2105503826086076614,1790826205165,neighborly-rhubarb-chickadee,2105333099362226601,1024353990379745281,true,
2105503849436037183,1790826210732,neat-plum-wren,2105483915905683645,1955596664095567873,true,
2105504087970042335,1790826267604,diligent-brook-thrasher,2105359583610847599,,true,
2105504090419523630,1790826268187,celebrated-ocean-seagull,2105359583610847599,,true,
2105504129376252402,1790826277475,celebrated-ocean-seagull,2105424180246438186,1473203718565019652,true,true
2105504240831459438,1790826304049,diligent-brook-thrasher,,,,
2105504257461883011,1790826308013,accomplished-sea-sandgrouse,2105432781157450072,1330641006652502017,true,
2105504278865441226,1790826313116,great-mountain-brushturkey,2105473946066022730,,true,true
2105504319634067718,1790826322836,zappy-winter-thicketbird,2105499482330706042,59014640,true,
2105504325313216713,1790826324190,cheery-nutmeg-towhee,,,,
2105504328693788930,1790826324996,great-mountain-brushturkey,2105467852979581231,961029293571584000,true,
2105504371517673615,1790826335207,celebrated-ocean-seagull,2105443875737293296,3662567420,true,
2105504474072514910,1790826359657,great-mountain-brushturkey,2105409010547806634,,true,
2105504629043724748,1790826396605,cheery-nutmeg-towhee,,,,
2105504704390148139,1790826414569,diligent-brook-thrasher,,,,
2105504825513308563,1790826443447,tremendous-seashore-bluejay,2105432183724724343,,true,
2105505017310404976,1790826489175,celebrated-ocean-seagull,2105295745310195806,1775795386273411074,true,
2105505123573325985,1790826514510,generous-desert-flycatcher,2105409005715853621,258124400,true,
2105505175033053591,1790826526780,zappy-winter-thicketbird,2105500852953788836,277143213,true,
2105505369921335305,1790826573245,nifty-fir-cockatoo,2105404492107632945,,true,
2105505504189366534,1790826605256,great-mountain-brushturkey,2105400127473201637,1302838520273223681,true,
2105505519322714224,1790826608865,attentive-wind-puffin,2105431339906617379,,false,
2105505605662200166,1790828983938,cosmic-root-grackle,2104115601564143664,820723171112448001,false,
2105505846599823465,1790826686893,modest-twig-firefinch,2105327485370155336,1368988163688067075,true,
2105506024413167971,1790826729288,cheery-nutmeg-towhee,2105259787134882298,1505991504216604672,true,
2105506270585217165,1790826787979,great-mountain-brushturkey,,,,
2105506414839951832,1790826822372,brilliant-cypress-crow,,,,
2105506489100304593,1790828274010,cosmic-root-grackle,2105308077339685124,1515417779066839042,true,
2105506508830363671,1790826844782,shrewd-petal-nightingale,2105419183161004153,2077775886628388864,true,
2105506692926513328,1790826888673,celebrated-ocean-seagull,2105453910005883365,827519828,true,
2105506737952534970,1790826899408,witty-mint-kite,2105424180246438186,1473203718565019652,true,true
2105506755945881765,1790826903698,cheery-nutmeg-towhee,,,,
2105506760987488692,1790826904900,zappy-winter-thicketbird,2105299746319454689,2625695740,true,
2105506783548572046,1790826910279,articulate-moss-thrasher,2105210682308538374,750865456081301505,true,
2105506810014675392,1790826916589,zappy-winter-thicketbird,2105454180152553523,3006649740,true,
2105506865685602575,1790826929862,balanced-garden-sparrowhawk,2105406247017058662,1365690541590130696,true,
2105507026675581197,1790826968245,great-mountain-brushturkey,2105320790338015308,,true,
2105507080589525437,1790826981099,,2104270485177704576,1907655076224839681,true,
2105507106115993814,1790826987185,philosophical-berry-brushturkey,2105443875737293296,3662567420,true,
2105507249049227682,1790827021264,driven-acorn-murrelet,2105420727356645767,333935142,true,
2105507669373075823,1790828278320,cosmic-root-grackle,2105493011400687769,,true,
2105507712486289593,1790828006883,cosmic-root-grackle,2104954125792276731,17855815,true,
2105508090938356022,1790827221986,eccentric-lake-fantail,2105503664815460716,,true,
2105508213130985555,1790827251118,zappy-winter-thicketbird,2105493011400687769,,true,true
2105508301802987684,1790827272259,sensational-fig-osprey,2105495781981724896,2199001999,true,
2105508563242176642,1790827334591,celebrated-ocean-seagull,2105477858189594941,759251,true,
2105508803315675609,1790827391829,great-mountain-brushturkey,2105047906919252196,1475870489830699011,true,
2105508956873335170,1790827428440,cheery-nutmeg-towhee,2105090083808579671,1747387728155811840,true,
2105508963324186885,1790827429978,great-mountain-brushturkey,,,,
2105509073630216634,1790827456277,neighborly-rhubarb-chickadee,2105318454622392418,1558178660150042624,true,
2105509143486386214,1790827472933,neighborly-rhubarb-chickadee,2105215094108070213,2714235325,true,true
2105509439109280055,1790827543415,diligent-brook-thrasher,2105489845980405791,1367237024395104256,true,true
2105509497561116771,1790827557350,celebrated-ocean-seagull,,,,
2105509542851129790,1790827568148,cheery-nutmeg-towhee,2105382417678868740,1122291578515673090,true,
2105509573222166648,1790827575389,diligent-brook-thrasher,,,,
2105509577324167318,1790827576367,great-mountain-brushturkey,2105428303423426606,,true,
2105509643200118968,1790827592073,supreme-pine-stork,2105409510227734684,96684891,true,
2105509700808904911,1790827772785,cosmic-root-grackle,2105206816703656443,1805826612505513984,true,
2105509933878006232,1790827786148,cosmic-root-grackle,2105315040824066171,2484097809,true,
2105510201482739798,1790827725178,informative-ocean-hawk,2105372010079739993,1082334352711790593,true,
2105510205392089406,1790827726110,bountiful-rock-thrush,2105301054153969836,971288268,true,
2105510229421297723,1790827945489,cosmic-root-grackle,2105350281072345402,931286316,false,
2105510337055216024,1790827757501,celebrated-ocean-seagull,,,,
2105510387944693902,1790828356278,cosmic-root-grackle,2105480696244654376,1750317718837006336,true,
2105510392428400725,1790827770703,great-mountain-brushturkey,2105455972319670463,1074468328163500033,true,
2105510442571297023,1790827782658,zappy-winter-thicketbird,2105384974547665116,377519685,true,
2105510642107007197,1790827830231,fast-water-swift,2105443852702150767,1719178823210582016,false,
2105510651506659483,1790827832472,enterprising-sea-drongo,2105286288920429021,2649335568,true,
2105510801905783226,1790827868331,neighborly-rhubarb-chickadee,2105326814021206306,1395832615643586561,true,
2105510829638504810,1790827874942,celebrated-ocean-seagull,2105357057092198759,14173315,true,
2105510975545725264,1790827909729,cheery-nutmeg-towhee,2105475741697904837,,true,true
2105511072673181915,1790827932886,great-mountain-brushturkey,2105438541547528226,1588859797717536768,true,
2105511151794520215,1790828144437,cosmic-root-grackle,2105341172600508657,21001599,false,
2105511316538507273,1790827991028,diligent-brook-thrasher,2105504458725822811,805532293951606785,true,
2105511396633153723,1790828010124,kinetic-passionfruit-cuckoo,2105475252411420842,,true,
2105511434339643399,1790828019114,cheery-nutmeg-towhee,,,,
2105511440232988946,1790828020519,amicable-glacier-friarbird,2105449426731090094,350587693,true,
2105511514614419722,1790828038253,celebrated-ocean-seagull,2105337099813634471,,true,
2105511728473608348,1790828089241,botanical-forest-thrush,2105475741697904837,,true,
2105511793585963155,1790828104765,spunky-lowland-cardinal,2105275178314031503,996750826789097473,true,
2105511998306074884,1790828972249,cosmic-root-grackle,2099200067538411892,214914404,true,
2105512016865566921,1790828157999,yielding-canopy-flameback,2105391752719045063,753296229635858432,true,
2105512117600137517,1790828182016,diligent-brook-thrasher,2105409230815789148,1640876890616373248,true,true
2105512136856199628,1790828186607,cheery-nutmeg-towhee,,,,
2105512213498712185,1790828204881,neighborly-rhubarb-chickadee,2105501669026922995,1560341081576939524,true,
2105512253827023351,1790828214495,zappy-winter-thicketbird,,,,
2105512299981095220,1790828225499,worthy-winter-blackbird,2105253521964638559,2047036794223386624,true,
2105512459989914051,1790828263648,diplomatic-mint-heron,2105475741697904837,,true,
2105512633545748520,1790828305028,diligent-brook-thrasher,2105429479774368004,1367209793686036482,true,
2105512678982836291,1790828315860,carefree-clay-rooster,2105476587756138942,15540222,true,
2105512714734813319,1790828324384,committed-pistachio-pheasant,2105323792654324117,45329501,true,
2105512767503344001,1790828336966,celebrated-ocean-seagull,,,,
2105513021636227098,1790828397555,cheery-nutmeg-towhee,2105473567299133623,78582160,true,
2105513046655578242,1790828403520,tranquil-creek-hummingbird,2105245384318816654,773324146709102592,true,
2105513274812838281,1790828457917,neighborly-rhubarb-chickadee,2105438295215726738,,true,
2105513320640135679,1790828468844,upstanding-desert-lorikeet,2105037475269763244,2574109660,false,
2105513393595519174,1790828660156,cosmic-root-grackle,2105452555367252408,9624742,false,
2105513535946055688,1790829150328,cosmic-root-grackle,2104920478481850399,36749572,false,
2105513620025045193,1790828540222,diligent-brook-thrasher,2105104189235810749,1855996587643744257,true,
2105513622000558248,1790828540693,zappy-winter-thicketbird,2105104189235810749,1855996587643744257,true,
2105513946329272476,1790828618019,cheery-nutmeg-towhee,,,,
2105513955170869254,1790828620127,celebrated-ocean-seagull,,,,
2105513958715040229,1790828620973,admirable-tigerwood-sandgrouse,2105298160537292875,1166120125,true,
2105513981909860483,1790828626503,zappy-creek-nightingale,2105481534757331086,18563796,true,
2105514310239654185,1790828704783,diligent-brook-thrasher,2105506886103806311,,true,
2105514361141842362,1790828716918,celebrated-ocean-seagull,2105425452567597386,2096259467004248064,true,
2105514448693637554,1790829596936,cosmic-root-grackle,2105298328187764999,,true,
2105514789267005584,1790828818992,great-mountain-brushturkey,2105325918323392757,1525044663912112133,true,
2105514888118362442,1790828842559,caring-petal-nightingale,2105379199087235349,1782183114241966080,true,
2105515050480120071,1790828881269,agreeable-jackfruit-mallard,2105098396206006735,1676369974888398848,true,
2105515137692209335,1790828902062,lucky-cypress-osprey,2105298727615521017,2805939776,true,
2105515164862984598,1790829161953,cosmic-root-grackle,2105328158379856153,15829144,true,
2105515185838448678,1790828913541,victorious-oak-grosbeak,2105379584380428700,2042094565193023488,true,
2105515300015784423,1790828940764,frank-apple-grosbeak,2105420727356645767,333935142,false,
2105515540374757495,1790828998069,revered-ocean-lovebird,2105475252411420842,,true,
2105515689544995281,1790829033634,noteworthy-daylight-triller,2104926683249676340,247358809,false,
2105515713553138177,1790829039359,natural-hill-emu,2105451580547830123,,true,
2105515786303660398,1790829056703,lithe-redwood-wigeon,2105407527483769221,2891366827,true,
2105516052805243100,1790829387474,cosmic-root-grackle,2103920210625650704,1574269554271797249,false,
2105516303574355974,1790829180030,mindful-desert-nighthawk,2105486522212569559,1467710700760014851,true,
2105516355537477854,1790829192420,genial-river-dove,2105203011215585636,84200827,true,
2105516436932485270,1790831516567,cosmic-root-grackle,2105225091751477457,1222773302441148416,true,
2105516543710834700,1790829237283,zappy-winter-thicketbird,,,,
2105516682852618635,1790829270457,magnificent-glacier-tern,2105416212285129033,1834608217701150720,true,
2105516739001815126,1790829283844,neighborly-rhubarb-chickadee,2105478285321023735,1200992191985795073,true,
2105516918866157893,1790830262309,cosmic-root-grackle,2105330295796871573,,true,
2105516999468052953,1790829516215,cosmic-root-grackle,2105393967693222274,1732572932038447104,true,
2105517207564189906,1790829395558,cheery-nutmeg-towhee,2105499023096357191,2035894944834244608,true,
2105517244205654494,1790829404294,diligent-brook-thrasher,2105327026328735819,1640074956188024833,true,
2105517277445554329,1790833028661,cosmic-root-grackle,2099848809589158396,524794158,true,
2105517277718192464,1790830610570,cosmic-root-grackle,2105355494705742091,1355721251180961792,true,
2105517381715988743,1790833683407,cosmic-root-grackle,2097764827460424123,524794158,true,
2105517408509395299,1790829443467,wise-coast-pheasant,2104875079297585345,88846085,true,
2105517430592123354,1790830868569,cosmic-root-grackle,2097613780020564082,524794158,true,
2105517526260031959,1790829471542,great-mountain-brushturkey,2105366191824871654,44628092,true,
2105517653502951760,1790831259460,cosmic-root-grackle,2096694749755232587,524794158,true,
2105517767310897222,1790829529012,sublime-freshwater-swamphen,2105322410941542621,807095,true,
2105517859904393438,1790829551088,poetic-grassland-mockingbird,2096383468473139698,524794158,true,
2105517876878696491,1790829555136,cheery-nutmeg-towhee,2105320892301459898,2094469058364358656,true,
2105518297626059160,1790829655449,contemplative-hillside-anhinga,2105393510551556607,8802752,false,
2105518302030176431,1790829656499,zappy-winter-thicketbird,2105322843252904046,777458541330255872,true,
2105518475686883626,1790829697902,neighborly-rhubarb-chickadee,2105390769385210177,,true,
2105518734206996550,1790829759538,diligent-brook-thrasher,,,,
2105518908136427856,1790829801006,cosmic-coast-firetail,2105365705663435038,1043185714437992449,true,
2105518914776313859,1790829802590,sociable-sea-sunbird,2105474220943962547,109533781,true,
2105518919284830212,1790829803664,cheery-nutmeg-towhee,2105417682808102940,1536460086566166533,true,
2105519003267420241,1790829823687,celebrated-ocean-seagull,2105427632263155957,1334091659571834880,true,
2105519009277817101,1790829825120,celebrated-ocean-seagull,2105446820579274835,1381339391000518661,true,
2105519084922183707,1790829843156,elegant-granite-songbird,2105458949470433311,2037264278168760320,true,
2105519189964312971,1790829868199,courageous-avocado-goose,2104979645544227017,1578138213062873088,true,
2105519317265551597,1790829898551,great-mountain-brushturkey,2105431849057362196,286129957,true,
2105519617351246052,1790829970096,jazzy-dune-firetail,2105504778524705180,,true,
2105519672275665063,1790829983191,zappy-winter-thicketbird,2105340209286316405,,true,
2105519948726505473,1790830049103,extraordinary-highland-owl,2105399807497937184,14814402,true,
2105520034537750615,1790830069561,fortuitous-peach-meadowlark,2105415315006079011,3117208024,true,
2105520245762826438,1790830119922,groovy-grassland-flamingo,2105364758727721173,1435625915468460032,true,
2105520253421707599,1790830121748,entertaining-peachtree-thicketbird,2105337695262081339,1979614258892595200,true,
2105520395247915331,1790830155562,celebrated-ocean-seagull,2105333866315575338,1402063438097092621,true,
2105520421667803473,1790830161860,great-mountain-brushturkey,2105445745260101991,524794158,true,
2105520553863852392,1790830193378,cheery-nutmeg-towhee,2105468871410909454,135543313,true,
2105520617747280238,1790830208609,neighborly-rhubarb-chickadee,2105252731040469422,619685521,true,
2105520676270490025,1790830222562,diligent-brook-thrasher,,,,
2105520696486985810,1790830227382,neighborly-rhubarb-chickadee,2105330295796871573,,true,
2105520698697322766,1790830227909,great-mountain-brushturkey,2105330295796871573,,true,
2105520731584925926,1790830235750,sunny-grove-crimsonwing,2105455930653741360,1623114468459786241,false,
2105520733212295545,1790830236138,distinguished-sky-dipper,2105350759130812464,1326229737551912960,true,
2105520770734522510,1790830245085,zappy-winter-thicketbird,2105393967693222274,1732572932038447104,true,
2105520843199488210,1790830801836,cosmic-root-grackle,2105330295796871573,,true,
2105520890058559567,1790830273533,challenging-wildflower-redstart,2105465639578251686,,true,
2105521086448492738,1790830320356,relatable-cherry-wren,2105504458725822811,805532293951606785,true,
2105521186033529139,1790830344100,sturdy-island-treerunner,2105447701848662415,13678962,true,
2105521328006549583,1790830377948,diligent-brook-thrasher,2105505369221173733,,true,
2105521361305428050,1790830385887,kinetic-poplar-puffin,2105113466054844918,,true,
2105521426643960153,1790830401465,celebrated-ocean-seagull,2105410692413083893,,true,
2105521507900457190,1790830420838,content-kiwi-turkey,2105520488739201478,,true,
2105521561382039877,1790830695456,cosmic-root-grackle,2105452007830237529,1787530592512536576,true,
2105521586208219624,1790830439508,smiley-sea-owl,2105510469444210990,,true,
2105521637840105675,1790830451818,flying-glacier-nightingale,2105428717686153570,,true,
2105521696266408155,1790830465749,hip-freshwater-pigeon,2105408738194866492,2972870754,true,
2105521866995888546,1790830506453,easygoing-island-parrotlet,2105386636196688281,1054368366738227200,true,
2105521948466065872,1790830525877,trusting-fjord-quail,2105390769385210177,,true,
2105521959165403404,1790830528428,cheery-nutmeg-towhee,,,,
2105522109514682416,1790830564275,miraculous-desert-nighthawk,2105277510565126492,1135906257636798465,true,
2105522155660407033,1790830575276,incredible-walnut-bushbird,2105172098956329381,109077152,true,
2105522260937224433,1790830600377,natural-rosewood-nighthawk,2105480503818436744,1996087768070688768,true,
2105522531541106756,1790830664894,great-mountain-brushturkey,,,,
2105522680346952163,1790830700372,wholesome-raspberry-stilt,2105387064212529157,1845978020206571520,true,
2105522884500160624,1790830749045,zappy-winter-thicketbird,,,,
2105522886848979448,1790830749605,diligent-brook-thrasher,2105327944780402750,1215668714449915907,true,
2105522929098543267,1790830759678,practical-citrus-grackle,2105432196995514618,873724542706962432,true,
2105523072237228458,1790830793804,neighborly-rhubarb-chickadee,2105326612929503537,776032162998923264,true,
2105523089517809758,1790831437669,cosmic-root-grackle,2095232432223998036,1324273819184361472,true,
2105523128797659285,1790830807290,contemplative-beach-lark,2105484051758845962,,true,
2105523442544255197,1790831183836,cosmic-root-grackle,2096241213133279565,1324273819184361472,true,
2105523486693241046,1790831115691,cosmic-root-grackle,2096266102774923681,1324273819184361472,true,
2105523534118395965,1790831031180,cosmic-root-grackle,2103060359116374049,1324273819184361472,false,
2105523579076923881,1790830914645,clean-raspberry-hummingbird,2104982912898589124,,true,
2105523731690840068,1790830951032,diligent-brook-thrasher,2105321930169651653,1464642664717037570,true,
2105523740259791336,1790830953074,hip-freshwater-pigeon,2102721560998183162,15212187,true,
2105523749957075201,1790834730597,cosmic-root-grackle,2105480437066007020,758088366,true,
2105523884829143183,1790830987542,festive-trail-drongo,2105462650658234597,1703751088187334656,false,
2105523906459140156,1790830992699,artistic-seedlings-hornbill,2105446820579274835,1381339391000518661,false,
2105523943448686966,1790831001519,neighborly-rhubarb-chickadee,2105517653737549831,1396816952392396801,true,
2105523952659439918,1790831003714,celebrated-ocean-seagull,2105289448493613327,1520810858246512640,true,
2105523957646360998,1790831004904,cheery-nutmeg-towhee,2105478596487692689,1482892974522515456,true,
2105524060780151107,1790831029492,celebrated-ocean-seagull,2105364526803886492,,true,
2105524089863762088,1790831367249,cosmic-root-grackle,2105440525708833192,626533732,true,
2105524096825958817,1790831038087,zappy-winter-thicketbird,2105319848980942849,229901060,true,
2105524154501890508,1790831051837,diligent-brook-thrasher,2105161849033654563,1972560808317198336,true,
2105524352737321447,1790831359058,cosmic-root-grackle,2105477996652183592,1705271442,true,
2105524378242802002,1790831105181,zappy-winter-thicketbird,2105510362326184332,,true,
2105524600800972867,1790831158243,innovative-lime-francolin,2105400025648087417,2084181242245726208,false,
2105524752253436376,1790831194353,colorful-grass-cacholote,2105210539899318309,88846085,true,
2105524761866489998,1790831196645,neighborly-rhubarb-chickadee,2105472480249073945,1051044682325680128,true,
2105524784981495900,1790831202156,eccentric-lake-fantail,2105514201158754381,2030877690795118592,true,
2105524903629701208,1790831230442,great-mountain-brushturkey,2105434206515892288,,true,true
2105525095800455203,1790831276260,explorative-conifer-troupial,2105418833213231270,192272849,true,
2105525102666498507,1790831277897,eccentric-lake-fantail,2105514767440032066,,true,
2105525134400655541,1790831584623,cosmic-root-grackle,2105287494329634941,632475061,true,
2105525277136769303,1790831319494,botanical-cedar-swamphen,2105036769318101187,151548925,true,
2105525410691735806,1790831582939,cosmic-root-grackle,2105154158269812948,1133510366422392833,true,
2105525478501085430,1790831367504,enlightened-banana-grouse,2105334357036789765,1744968530,true,
2105525554178863227,1790831385546,blissful-moonlight-emu,2104602643666477274,1922728177186766848,true,
2105525586726711761,1790831393307,zappy-winter-thicketbird,2105510311042150820,,true,
2105525687561986399,1790831417347,neighborly-rhubarb-chickadee,2105507225460732213,3185716686,true,
2105525774618861777,1790831701092,cosmic-root-grackle,2095232432223998036,1324273819184361472,true,
2105525848778625412,1790831455785,mellow-pond-crossbill,2105281520223268975,2032761993019666440,true,
2105525865165603032,1790831459691,botanical-cedar-swamphen,2105437832420765922,17980026,true,true
2105525890331336968,1790831465692,positive-star-gull,2105383948495016035,1791058375385423872,true,
2105525906076799282,1790831469445,diligent-brook-thrasher,2105451749028794544,356682991,true,
2105525943804584404,1790831478440,celebrated-ocean-seagull,2105506224422691050,1863994767215865856,true,
2105525987199058266,1790831670944,cosmic-root-grackle,2105005214692700473,807968504,false,
2105526047588454877,1790831503185,cheery-nutmeg-towhee,,,,
2105526119067734525,1790831520226,great-mountain-brushturkey,,,,
2105526122066665967,1790831520941,zappy-winter-thicketbird,2105503156503539750,1947247282983989248,true,
2105526176814887337,1790831533994,natural-rosewood-nighthawk,2105477380705828869,1996087768070688768,true,
2105526269060243463,1790831555987,intriguing-plum-owl,2105287768838467627,2461432297,true,
2105526435406319930,1790831595647,dazzling-petal-wader,2105478315167424710,1491856780263149570,true,
2105526459636879516,1790831601425,reliable-flower-crimsonwing,2105368287533998209,3018670151,false,false
2105526492545351895,1790831609270,celebrated-ocean-seagull,2105198190320554046,1944689699207163904,true,
2105526724662292774,1790831664611,cheery-nutmeg-towhee,2105348133547078138,1339979295196913667,true,
2105526840391536954,1790831897872,cosmic-root-grackle,2105370440352874535,827279765287559171,false,
2105526881533481401,1790831702013,genial-river-dove,2105493755419676902,2014506045180157952,true,
2105526891343925325,1790831704351,great-mountain-brushturkey,2105494002535628852,,true,
2105527137591599530,1790831763062,neighborly-rhubarb-chickadee,2105480437066007020,758088366,true,
2105527139780919751,1790831763583,zappy-winter-thicketbird,2105459770450960498,,true,
2105527191740064038,1790831775971,diligent-brook-thrasher,2105269626066395364,,true,
2105527405540466865,1790831826945,celebrated-ocean-seagull,2105504778524705180,,true,
2105527428479074634,1790831832414,realistic-reef-pipit,2105330927333179878,1384793719141027840,true,
2105527521106137098,1790831854498,cheery-nutmeg-towhee,2105464906904478137,,true,
2105527543952732374,1790831859946,flexible-plum-starling,2105125905685512271,1490604640127582213,true,
2105527703277330445,1790831897932,natural-rosewood-nighthawk,2105368559446626487,1996087768070688768,true,
2105528153636851934,1790832005305,smiley-juniper-anhinga,2104990074974974271,98906083,true,
2105528214726828490,1790832019871,sensible-frost-fantail,2105323353989169454,1211226075289702401,true,
2105528365906268520,1790832055914,terrific-grass-hoopoe,2105481693364887930,1643790929608974336,true,
2105528430733181428,1790832071370,great-mountain-brushturkey,2105256533848105072,1900304511039660032,true,
2105528484193825025,1790832084116,diligent-brook-thrasher,2105361096454619220,2068084665567580160,true,
2105528500862283998,1790832088091,smiley-juniper-anhinga,2104919123910160569,1836920157878321153,true,
2105528528024268871,1790832094566,fancy-marble-hornbill,2105331581493649634,130120087,true,
2105528656969793720,1790832305135,cosmic-root-grackle,2105466475918045390,4970411,false,
2105528689861501371,1790832133152,fashionable-magnolia-bluejay,2105207383312236801,1526227912222990336,true,
2105528731267997716,1790832143023,,,,,
2105528901430857926,1790832183594,captivating-cove-hoopoe,2105526407384465545,,true,
2105528958619881522,1790832197228,zappy-winter-thicketbird,2105407523905733001,3427169961,true,
2105529061959254504,1790832221867,neighborly-rhubarb-chickadee,2105520079169360149,1200616796295847936,true,true
2105529116485202271,1790832234867,zappy-winter-thicketbird,2105120188513612071,1489315026,true,
2105529163922669646,1790832246176,celebrated-ocean-seagull,2105493347171291496,2076271990453735425,true,
2105529255404707946,1790832267987,cheery-nutmeg-towhee,,,,
2105529267199361119,1790832270799,articulate-star-needletail,2105215440909963380,769329469,true,
2105529398052925706,1790832301998,great-mountain-brushturkey,2105522640408764741,1530790310384906240,true,
2105529453526855724,1790832315223,neighborly-rhubarb-chickadee,,,,
2105529675728777383,1790832368201,diplomatic-sky-toucan,2079804500714696978,1667805038172082176,false,
2105529801209418021,1790832398118,cheery-nutmeg-towhee,2105346269229314118,1925210323696676865,true,
2105529935251329200,1790832599970,cosmic-root-grackle,2105316969327047044,1324183584282939392,true,
2105529967320903877,1790832437722,animated-ridge-waxbill,2105321930169651653,1464642664717037570,true,
2105530117439033764,1790832473512,energizing-earth-goshawk,2102901656975204759,,true,
2105530121369047369,1790832474449,great-mountain-brushturkey,2105490363616239838,,true,
2105530150305898879,1790832481348,explorative-conifer-troupial,2105495963259576511,16302657,true,
2105530352194232590,1790832529482,celebrated-ocean-seagull,,,,
2105530569085911296,1790832581193,zappy-winter-thicketbird,2105428101517951001,1587145841772568576,true,true
2105530813882212819,1790832639558,diligent-brook-thrasher,,,,
2105530840146919602,1790832645819,cheery-nutmeg-towhee,2105272086570659855,629698642,true,
2105531019931931045,1790836519932,cosmic-root-grackle,2105438552557310239,158291721,true,
2105531043554156655,1790832905935,cosmic-root-grackle,2104990842423251364,15212187,false,
2105531185904447557,1790832728254,dazzling-sequoia-finch,2105264482951807135,1953862726595620869,false,
2105531380004208745,1790832774531,suave-tanoak-cacholote,2105459213849788620,1743333200137531392,true,
2105531439798218840,1790832788787,great-mountain-brushturkey,2105460688030204322,138882249,true,
2105531564662595670,1790832818557,diligent-brook-thrasher,2105333943390405057,2046316348347949056,true,
2105531663849754955,1790832842205,eccentric-lake-fantail,2105524979035181124,,true,
2105531675362967995,1790832844950,cheery-nutmeg-towhee,2105460688030204322,138882249,true,
2105531744963244393,1790832861545,cheery-nutmeg-towhee,2105460889432240315,784921318651207680,true,
2105531757189582986,1790834657428,cosmic-root-grackle,2105225091751477457,1222773302441148416,false,
2105531797014524154,1790832873955,celebrated-ocean-seagull,2105432511643828667,322866759,true,
2105531903403004024,1790832899319,zappy-winter-thicketbird,2105465639578251686,,true,true
2105532075285561357,1790833086052,cosmic-root-grackle,2105420727356645767,333935142,false,
2105532228142825818,1790832976744,dazzling-sequoia-finch,2105202215556132959,4880270009,true,
2105532904528822429,1790833138006,neighborly-rhubarb-chickadee,2105261154431885362,1285204722660659200,true,
2105532912061800766,1790833139802,great-mountain-brushturkey,2105253799539445945,1986382076757852160,true,
2105532915425697899,1790833140604,celebrated-ocean-seagull,2105253799539445945,1986382076757852160,true,
2105533091334771149,1790833182544,cheery-nutmeg-towhee,2105097294605353289,1113680732755337216,true,
2105533107663204474,1790833186437,zappy-winter-thicketbird,2105505996307087370,1166911102879510533,true,
2105533173488615509,1790833202132,cheery-nutmeg-towhee,2105372110734647409,1653262507111489538,true,true
2105533274533527571,1790833226223,neighborly-rhubarb-chickadee,2105510998325235769,10810102,true,
2105533464674275473,1790836021976,cosmic-root-grackle,2104868969999941847,1967917769078247425,false,
2105533532772950434,1790833287791,stoic-petal-seabird,1828387409039630592,255925877,true,
2105533569242374349,1790833296486,felicitous-foothill-goshawk,2105089721302909287,17430877,false,
2105533608114921867,1790833305754,cheery-nutmeg-towhee,,,,
2105533616809734471,1790833307827,celebrated-ocean-seagull,,,,
2105533934566252903,1790833383586,academic-rainfall-robin,2105420727356645767,333935142,false,
2105534158525087873,1790833436982,cheery-nutmeg-towhee,2105320028660748557,,true,
2105534160622555495,1790833615287,cosmic-root-grackle,2105511285525987335,1666930682680213504,true,
2105534237420015654,1790833455792,celebrated-ocean-seagull,2105474275125903605,1457884439586144256,true,
2105534320832106976,1790833475679,great-mountain-brushturkey,2105400100059066767,1953580387797516288,true,
2105534396220453271,1790833493653,diligent-brook-thrasher,2105512403156783138,,true,
2105534456165437491,1790833507946,diligent-brook-thrasher,2105384252858945911,134711468,true,
2105534506224492918,1790833519880,remarkable-freshwater-flamingo,2104946680386732172,1196441152486072320,false,
2105534601435263058,1790833542580,modern-rosewood-osprey,2105532271667167446,562625384,true,
2105534655760040437,1790833555532,lionhearted-maple-parakeet,2104923304020918544,1181206086772088833,true,
2105534688052048042,1790833797880,cosmic-root-grackle,2105222849959211287,254515782,false,
2105534726068912562,1790833572296,great-mountain-brushturkey,,,,
2105534807941787957,1790833591816,diligent-brook-thrasher,2105492138280755541,1093137024243007489,true,
2105534988791976070,1790835977786,cosmic-root-grackle,2104115601564143664,820723171112448001,true,
2105535015274618891,1790835980791,cosmic-root-grackle,2105346225730175030,1136151393004220416,true,
2105535469865808199,1790833749630,celebrated-ocean-seagull,2105310174978150840,1163047436341915648,true,
2105535709918486920,1790833806863,cheery-nutmeg-towhee,2105485791707218324,1523329043164241922,true,
2105535748544041422,1790833816073,pioneering-sandalwood-emu,2105409002490540248,258124400,true,
2105535892584529944,1790833850414,great-mountain-brushturkey,2105518317624602916,1811051067125420035,true,
2105535922087346294,1790833857448,refreshing-mesa-peacock,2105260464251035830,1759223862145982464,true,
2105536058116980887,1790833889880,zappy-winter-thicketbird,2105334521755566510,1832847225346809856,true,
2105536195547562105,1790833922646,neighborly-rhubarb-chickadee,2105374600301273488,2018399997054607360,true,
2105536294705111073,1790833946287,great-mountain-brushturkey,2105513992516973011,1818846970510974976,true,
2105536390154867013,1790833969045,zappy-winter-thicketbird,2105511285525987335,1666930682680213504,true,
2105536606429913312,1790834020608,cheery-nutmeg-towhee,2105514952903565457,755812271935356928,true,
2105536648456904736,1790834030628,neighborly-rhubarb-chickadee,2105515107300344264,1701597200273518592,true,
2105536651795595675,1790834189732,cosmic-root-grackle,2105037475269763244,2574109660,false,
2105536725346922706,1790834048960,cheery-nutmeg-towhee,2105508009849844190,322866759,true,
2105536894847086917,1790834089372,zappy-winter-thicketbird,2105198974617465276,18143047,true,
2105537031979827229,1790834122068,celebrated-ocean-seagull,2105435264231370805,2070410297311928320,true,
2105537087525314605,1790835674300,cosmic-root-grackle,1809241966179201090,1625843518643085312,false,
2105537198250729783,1790834161709,,2105384252858945911,134711468,true,
2105537257327485112,1790834175795,easygoing-island-parrotlet,2105510998325235769,10810102,true,
2105537258367467989,1790834176043,neighborly-rhubarb-chickadee,2105340209286316405,,true,
2105537278470951073,1790834180836,tectonic-sapling-treepie,2105467145916449127,,true,
2105537374046289925,1790834203622,fancy-rain-duck,2105278653391319520,1375585829255532545,true,
2105537420733067736,1790834214754,exuberant-sequoia-mallard,2095379880687075607,19662517,false,
2105537601159549351,1790834257770,cheery-nutmeg-towhee,2105496492802801874,1459194208057798658,true,
2105537801328419088,1790834305495,zappy-winter-thicketbird,2105510436560871657,1277327374061916166,true,
2105537814641217683,1790834308669,diligent-brook-thrasher,2105346225730175030,1136151393004220416,true,
2105537901278662680,1790834329324,diligent-brook-thrasher,2105523698635796951,17306975,true,
2105538031830671535,1790834360450,diligent-brook-thrasher,2105471378786848871,1878139155072602112,true,
2105538033864896874,1790834360936,celebrated-ocean-seagull,2105471378786848871,1878139155072602112,true,
2105538328619594207,1790834431210,wholesome-raspberry-stilt,2105473946066022730,,true,
2105538333833109878,1790834432453,wholesome-raspberry-stilt,2105451749028794544,356682991,true,
2105538340674011477,1790834434085,wholesome-raspberry-stilt,2105374054517465420,1985585083101954048,true,
2105538596564349252,1790835731206,cosmic-root-grackle,2105505948735554013,3171712086,false,
2105538596715598224,1790834495130,astute-moon-lorikeet,2105510035694497991,42705284,true,
2105538647650914680,1790834507274,enterprising-river-owl,2105499928743362588,1711898544175493121,true,
2105538654789619983,1790834508975,upbeat-wood-eagle,2105369150579519724,1817199438789771264,true,
2105538703963672973,1790834520699,cheery-nutmeg-towhee,2105236949988683980,1790288016415596544,true,
2105538849837359525,1790834555478,neighborly-rhubarb-chickadee,,,,
2105538956250984900,1790834580850,fascinating-tide-francolin,2105481187758379141,,true,
2105539024542646504,1790834597131,stellar-ocean-blackbird,2105491117299147254,,true,
2105539084382847286,1790834611398,diligent-brook-thrasher,2105402056240718126,1212100370526113792,true,
2105539480606413248,1790834705865,distinctive-mist-condor,2105505948735554013,3171712086,true,
2105539497933099065,1790834709996,tolerant-garden-sparrowhawk,2105502203238842811,1725378831849304064,true,
2105539585488863344,1790835032633,cosmic-root-grackle,2105480437066007020,758088366,true,
2105539730561442042,1790834765459,celebrated-ocean-seagull,,,,
2105539797255135492,1790834781360,great-mountain-brushturkey,2105459647071256754,463308798,true,
2105539892486836352,1790834804065,neighborly-rhubarb-chickadee,2105257888369311956,559635351,true,
2105540003195429299,1790834830460,luminous-beach-citril,2105515223662903481,1559990838452785156,true,
2105540024221515822,1790834835473,diligent-brook-thrasher,2105520788237652342,2104852404088766464,true,
2105540030600999108,1790835090401,cosmic-root-grackle,2105330227849097457,31166228,false,
2105540136507260987,1790834862244,worldly-rock-egret,2105306032679641341,807355480188141568,true,
2105540218971677016,1790834881905,prodigious-coast-waterfowl,2105027768421335344,2082870583021142016,true,
2105540362064351361,1790834916021,celebrated-ocean-seagull,2105530279817335039,,true,
2105540396147249381,1790834924147,zappy-winter-thicketbird,2105511832647843859,,true,
2105540502204432630,1790834949434,neighborly-rhubarb-chickadee,2105495312882434260,,true,
2105540505022992821,1790834950106,celebrated-ocean-seagull,2105295331000992040,1349438305931128832,true,
2105540878987149332,1790835039265,experienced-river-quetzal,2105187793781809269,2435094816,true,
2105541030196248616,1790836161608,cosmic-root-grackle,2104260081533714506,1679817450597097472,true,
2105541183887802623,1790835111960,empowering-mint-robin,2105391056271384771,1700839809990766592,true,
2105541371079667935,1790835156590,playful-lowland-gull,2105397014502498441,,true,
2105541466441339362,1790835179326,diligent-brook-thrasher,2105535849337393606,,true,
2105541522368102518,1790835192659,cheery-nutmeg-towhee,2105401255845822788,2091252524347260928,true,
2105541559274115230,1790835201458,informative-seedling-grouse,2104858725357896099,21380944,true,
2105541674692956660,1790836175408,cosmic-root-grackle,2105499928743362588,1711898544175493121,true,
2105542048220860718,1790835501149,cosmic-root-grackle,2105434206515892288,,true,
2105542673717178702,1790835467162,celebrated-ocean-seagull,2105409855863283936,2475453187,true,
2105542783058559399,1790835493231,genius-avocado-mockingbird,2105208568836440067,3171712086,false,
2105542793913413844,1790835495819,tectonic-seedlings-bullfinch,2105263941861642616,1355171075714375680,true,
2105542852365488209,1790835509756,quirky-samba-bushlark,2105505948735554013,3171712086,false,
2105543175683101063,1790835586841,great-mountain-brushturkey,2105472172508774465,1850679270798143489,true,
2105543334051881114,1790836192511,cosmic-root-grackle,2105129477105999907,2051621646507884544,false,
2105543366679073187,1790835632378,resplendent-sand-quetzal,2105530269667127342,31450307,true,
2105543420441665902,1790835645195,diligent-brook-thrasher,2105498409855819887,2009200079639580672,true,
2105543695051194696,1790835710667,celebrated-ocean-seagull,2105261765407703308,,true,
2105543742455177354,1790835721970,great-mountain-brushturkey,2105446566722933031,1326564152291315713,true,
2105543781428634008,1790835918747,cosmic-root-grackle,2105505948735554013,3171712086,false,
2105543906611929315,1790835761107,cheery-nutmeg-towhee,,,,
2105544044969349383,1790835794094,great-mountain-brushturkey,2105411889245348224,1732572932038447104,true,
2105544106403303436,1790835808741,distinguished-fir-puffleg,2104834151618625831,272923763,false,
2105544111994417354,1790835810074,convivial-cloud-parrot,2105328158379856153,15829144,true,
2105544476240580655,1790835896917,,2105459647071256754,463308798,true,
2105544481013461000,1790835898056,reserved-mountain-murrelet,2105366420918026312,460447485,true,
2105544580951167455,1790835921882,celebrated-ocean-seagull,2105396608137646229,47199976,true,
2105544659816546606,1790835940685,dynamic-hill-osprey,2105372010079739993,1082334352711790593,false,
2105544788346892350,1790835971329,knowledgeable-avocado-kookaburra,2105234176924406050,1183667181592166400,true,
2105544832106025393,1790835981762,amazing-guava-chicken,2105089721302909287,17430877,true,
2105544844307218718,1790835984671,zappy-winter-thicketbird,2105505903763968105,1689661434299334656,true,
2105544851421016565,1790835986368,articulate-acorn-wigeon,2105416328324792684,1213318204988116992,true,
2105544896715125153,1790835997166,diligent-brook-thrasher,2105259180193931609,2083207423758635008,true,
2105544928235544930,1790836004681,witty-mint-kite,2105478285321023735,1200992191985795073,true,true
2105544949563298182,1790836009766,neighborly-rhubarb-chickadee,2105530137324462213,,true,
2105545008786952323,1790836023887,diligent-brook-thrasher,2105290065496899713,2951540661,true,
2105545013824192533,1790836025087,celebrated-ocean-seagull,,,,
2105545068438299068,1790836038109,diligent-brook-thrasher,2105456540865999310,784921318651207680,true,
2105545096204599722,1790836396209,cosmic-root-grackle,2104626664034673142,1178773799287885825,false,
2105545278283804735,1790836088139,articulate-acorn-wigeon,2105420710671945962,1457884439586144256,true,
2105545496303469043,1790836140119,neighborly-rhubarb-chickadee,2105219175538995429,2104186736490192896,true,
2105545516033679800,1790836429539,cosmic-root-grackle,2105276232942207218,1399001117787406337,true,
2105545531598553309,1790836148534,celebrated-ocean-seagull,2105431388933521734,1031213909716492288,true,
2105545592567136621,1790836163070,cozy-frost-petrel,2105260587798462830,2000198654641192961,true,
2105545701648150783,1790836189077,zappy-winter-thicketbird,2105520079169360149,1200616796295847936,true,
2105545951310139443,1790836248601,mighty-meadow-leaflove,2105512357212627254,1103239359464001538,true,
2105546029445636341,1790836267230,diligent-brook-thrasher,2105298042652119202,771253759758311424,true,
2105546078343119039,1790836278889,enthusiastic-maple-kookaburra,2105479807886926013,2208079051,true,
2105546088623038918,1790837249604,cosmic-root-grackle,2105475007316901920,1485301396664725512,true,
2105546236753305601,1790836316657,fortuitous-sunflower-sparrow,2105079038691741855,16331010,true,
2105546303363281389,1790836541095,cosmic-root-grackle,2105518041983562096,1838746947189919744,false,
2105546516416840001,1790836383333,neighborly-rhubarb-chickadee,2105524281967038792,1076045000834715648,true,
2105546562931970196,1790836394423,expressive-bonsai-warbler,2105358975491264951,1893726817845911552,true,
2105546580883546176,1790836398703,heroic-rhubarb-jacana,2105153281827746262,4970411,true,
2105546691902390694,1790836425172,celebrated-ocean-seagull,2105459213849788620,1743333200137531392,true,
2105546814665773131,1790836454442,empathetic-tigerwood-firefinch,2105217485687709738,,true,false
2105547168220053953,1790836538735,exuberant-sequoia-mallard,2105517372367110482,,true,
2105547269835530515,1790836562962,cheery-nutmeg-towhee,2105285884601852157,893467525220093952,true,
2105547340429901965,1790836579794,celebrated-ocean-seagull,2105418872983810337,1991564299652022272,true,
2105547351825752231,1790836582510,great-mountain-brushturkey,2105509199048241190,1829234111874994177,true,
2105547533913108684,1790836625923,zappy-winter-thicketbird,2105532302185136600,,true,
2105547574828782068,1790836635678,heroic-canyon-fantail,2105525327610986539,2040771027785965569,true,
2105547679254073624,1790836660575,neighborly-rhubarb-chickadee,2105503398959395200,17446621,true,
2105547853867184211,1790836702206,knowledgeable-avocado-kookaburra,,,,
2105547870283633113,1790836706121,intelligent-peachtree-condor,2105366271604748654,2018799927372009472,true,
2105547951451906419,1790836725472,zappy-winter-thicketbird,,,,
2105548087905116318,1790836758005,discerning-flower-grosbeak,,,,
2105548322568097945,1790836813953,neighborly-rhubarb-chickadee,2105367357183099050,143909515,true,
2105548324971446376,1790836814526,celebrated-ocean-seagull,2105367357183099050,143909515,true,
2105548454302814521,1790836845362,neighborly-rhubarb-chickadee,2105428101517951001,1587145841772568576,true,
2105548619671609470,1790837562777,cosmic-root-grackle,2105061341069205968,1586792467738787841,true,
2105548747857932780,1790836915350,adventurous-garden-sunbird,2105306032679641341,807355480188141568,false,
2105549218827874801,1790837027639,diligent-brook-thrasher,2105518041983562096,1838746947189919744,true,
2105549235206709699,1790837031544,great-mountain-brushturkey,2105492434788528320,183810764,true,
2105549290168852584,1790837044647,celebrated-ocean-seagull,2105393495313715501,1263009724938833920,true,
2105549371345432704,1790837064001,neighborly-rhubarb-chickadee,,,,
2105549404769763515,1790837071971,cheery-nutmeg-towhee,2105477263114580363,1297531005411024896,true,
2105549653303283760,1790837131225,great-mountain-brushturkey,2105364554276561187,1295860325405937666,true,
2105549695703535740,1790839158078,cosmic-root-grackle,2105384244243525877,2687253519,true,
2105549887073026396,1790837377713,cosmic-root-grackle,2105372074147828179,1989137943848800256,true,
2105550105499619771,1790837239037,cheery-nutmeg-towhee,2105399990235406531,1784729355056222208,true,
2105550285087318492,1790838015859,cosmic-root-grackle,2105361235768484034,1431423782900621314,true,
2105550401336426743,1790837309570,neighborly-rhubarb-chickadee,2105353876337828213,2031817353152118788,true,
2105550715880112479,1790837384563,active-samba-puffbird,2105420484821258740,1879644163769335808,true,
2105550905760194909,1790837429834,cheery-nutmeg-towhee,2105306066510835982,1834608217701150720,true,
2105550913775845585,1790837431745,zesty-pine-scaup,2104994718220157241,2153468676,false,
2105551106285719932,1790837477643,exuberant-frost-raven,2105355738704966092,1270302495596843010,true,
2105551132869152795,1790837483982,zappy-winter-thicketbird,2105429091633827900,2095042785313193985,true,
2105551183683187013,1790837673529,cosmic-root-grackle,2105308691042119947,904553012491935744,false,
2105551382593876248,1790837543520,neighborly-rhubarb-chickadee,2105400100059066767,1953580387797516288,true,
2105551425266663745,1790837553694,celebrated-ocean-seagull,,,,
2105551546956108203,1790837582707,zappy-winter-thicketbird,2105543687552016813,,true,
2105552041804435592,1790837700688,trusting-fjord-quail,2105367357183099050,143909515,true,
2105552084464783682,1790837710859,,2105492434788528320,183810764,true,
2105552214685093895,1790837741906,neighborly-rhubarb-chickadee,2105448506379149581,1786888809667538944,true,
2105552327092662288,1790837768706,supreme-star-macaw,2104886435765703022,1240189075312627712,true,
2105552434764648759,1790837794377,logical-sun-oriole,2105319719859634240,1471414739880189955,false,
2105552505824583921,1790837811320,heroic-lagoon-firefinch,2105059762240979283,,true,
2105552655040852332,1790837846895,great-mountain-brushturkey,,,,
2105552703074021673,1790837858347,enchanting-sycamore-nighthawk,2105332780154388914,1777400045848944640,true,
2105552784598958094,1790837877784,resplendent-aspen-rooster,2104743513820971169,1323290841398439937,true,
2105553046583341387,1790837940246,hypnotic-canyon-magpie,2105368871406608702,1320413527698530306,false,
2105553061905395996,1790837943900,supreme-star-macaw,2104959261273206871,1885207907626893313,true,
2105553062546776465,1790840965419,cosmic-root-grackle,2104057990605381659,1654297093660618753,false,
2105553077449457979,1790837947605,polite-rainforest-parakeet,2105269037089554503,87712885,false,
2105553278138482758,1790837995453,lovely-savanna-pitohui,2105059762240979283,,false,false
2105553298962940395,1790838000418,neighborly-rhubarb-chickadee,2105535577043226910,,true,
2105553492546875728,1790838046572,zappy-winter-thicketbird,2105372074147828179,1989137943848800256,true,
2105553664014229521,1790838087453,neighborly-rhubarb-chickadee,2105384252858945911,134711468,true,
2105553677150716220,1790838090586,enchanting-sycamore-nighthawk,2105218622033702986,1777400045848944640,true,
2105553768951738702,1790838112472,supreme-star-macaw,2104902174551797962,1240189075312627712,true,
2105553917568323676,1790838147905,spunky-guava-meadowlark,2105420727356645767,333935142,true,
2105554155175616883,1790838204555,centered-mango-egret,2104949847421796398,19834403,true,
2105554211127636319,1790838413872,cosmic-root-grackle,2105507771454025828,1356514488451817472,true,
2105554217121259883,1790838219324,effective-pear-hummingbird,2105439855085797408,2092649479975448576,true,
2105554668763959325,1790838327004,knowledgeable-avocado-kookaburra,2105243164579889573,1072853132844109828,true,
2105554825291104748,1790838364324,diligent-brook-thrasher,2105295249279267134,1658747428453924868,true,
2105555007563092183,1790838407780,glamorous-sun-falcon,2104984291826696250,47636428,true,
2105555137376682105,1790838438730,neighborly-rhubarb-chickadee,,,,
2105555151175999895,1790838442020,celebrated-ocean-seagull,2105301460749545678,2088754839614324737,true,
2105555160231756119,1790838444180,alert-daylight-stork,2105384244243525877,2687253519,true,
2105555208654745831,1790838455724,zappy-winter-thicketbird,2105263909297115427,1253706528,true,
2105555223317983700,1790838459220,great-mountain-brushturkey,2105539255279751604,,true,
2105555394332447179,1790838499993,zappy-winter-thicketbird,2105450085140017519,886886409218469889,true,
2105555450351739191,1790838513350,worldly-mint-dipper,2105546457420046748,,true,
2105555985217532190,1790839316560,cosmic-root-grackle,2105445084997247431,1822003695661580288,true,
2105556524311433380,1790838769401,great-mountain-brushturkey,2105236949988683980,1790288016415596544,true,
2105556588849209851,1790838784788,celebrated-ocean-seagull,,,,
2105556936133693616,1790838867587,faithful-highland-bittern,2105347003794194878,,true,
2105556951824224282,1790838871329,diligent-brook-thrasher,2105402089111482606,1385316065761243136,true,
2105556953845911672,1790838871811,great-mountain-brushturkey,2105402089111482606,1385316065761243136,true,
2105557091792359442,1790838904700,diligent-brook-thrasher,2105429644682158369,,true,
2105557171161153581,1790838923623,great-wind-parrot,2105476010326053177,1064637876636475392,true,
2105557222432391670,1790838935847,celebrated-ocean-seagull,2105344850745065672,833830121429671939,true,
2105557265181007921,1790838946038,thoughtful-spring-whistler,2104822991083454798,1244292531090624512,true,
2105557320637812886,1790838959260,jazzy-branch-cardinal,2105538234168017285,,true,
2105557492080214161,1790839000135,thoughtful-spring-whistler,2104969277363433558,58825602,true,
2105557613421232250,1790839029065,cheery-nutmeg-towhee,,,,
2105557768736248228,1790839066096,neighborly-rhubarb-chickadee,2105484204041482720,,true,
2105558207670489130,1790839170745,poetic-boulder-eagle,2105417155692892161,707977987090751488,true,
2105558385219240416,1790839213076,zappy-winter-thicketbird,2105535005237580041,,true,
2105558638379331841,1790839273435,hilarious-field-blackbird,2105213488838922711,750865456081301505,true,
2105558726497411462,1790839789269,cosmic-root-grackle,2105477996652183592,1705271442,true,
2105558731400597706,1790839295613,thoughtful-spring-whistler,2105102753894949056,947632364003368961,true,
2105558759892476030,1790839302405,inspired-persimmon-flatbill,2105286843591958543,1097897763445108738,true,
2105558960212189538,1790839350166,neighborly-rhubarb-chickadee,2105458949470433311,2037264278168760320,true,
2105559030366147000,1790839366892,celebrated-ocean-seagull,2105549787789414519,,true,true
2105559054340792551,1790839372608,cheery-nutmeg-towhee,,,,
2105559420566651073,1790839459922,animated-ridge-waxbill,2105450085140017519,886886409218469889,true,
2105559519203831949,1790839483439,zappy-winter-thicketbird,2105364880614453382,2051621646507884544,true,
2105559623369420848,1790841293651,cosmic-root-grackle,2105318296870601102,1355171075714375680,false,
2105559657838153995,1790841134485,cosmic-root-grackle,2105347573292896303,1811528927715717120,false,
2105559658807054483,1790839516723,celebrated-ocean-seagull,,,,
2105559726029406426,1790839532751,thoughtful-spring-whistler,2105089059949625837,2095918358533484544,true,
2105559804949495992,1790839551567,authentic-cherry-seabird,2105468685217620020,1917368878419828739,true,
2105559967667232899,1790839590362,lively-peppermint-flycatcher,2104732273585406330,2097125197413486592,true,
2105560007299223653,1790839599811,great-mountain-brushturkey,2105225559538024829,1328288113358118912,true,
2105560018569371728,1790839602497,neighborly-rhubarb-chickadee,2105429479774368004,1367209793686036482,true,
2105560232608833737,1790839653528,diligent-brook-thrasher,2105216779286917122,114512948,true,
2105560515925713293,1790839721077,wholesome-raspberry-stilt,2105458949470433311,2037264278168760320,true,
2105560552256700616,1790839729739,celebrated-ocean-seagull,2105223430253744445,1162388911638736896,true,
2105560689951621313,1790839762567,elegant-snow-curassow,2105229922121769177,,false,
2105560722575151136,1790839770345,hilarious-field-blackbird,2104793617235837235,750865456081301505,true,
2105561012149649838,1790839839385,doughty-woodland-wren,2105212092840104130,1605213262362148864,true,
2105561217607569546,1790839888370,diligent-brook-thrasher,2105300490955411838,1290793536,true,
2105561509405266133,1790839957940,cheery-nutmeg-towhee,2105473583958897052,784921318651207680,true,
2105561515101143254,1790839959298,diligent-brook-thrasher,2105473583958897052,784921318651207680,true,
2105561614053192170,1790839982890,celebrated-ocean-seagull,2105314654356394042,247895631,true,
2105562012206150098,1790840077817,stoic-bamboo-thicketbird,2105505948735554013,3171712086,false,
2105562195043967082,1790840121409,auspicious-harvest-conure,2105437749662597621,1364069006207025152,true,
2105562304209440954,1790840147436,authentic-cherry-seabird,2105379651925275041,,true,
2105562804598292815,1790840266738,considerate-cloud-motmot,2105228661964107927,93794912,true,
2105562833102459258,1790840273534,cheery-nutmeg-towhee,2105397361237238240,146878710,true,
2105562890656686536,1790842531228,cosmic-root-grackle,2105469905764270164,754488273527943168,true,false
2105562895451046074,1790840288400,supreme-star-macaw,2104962639034245455,1254753217725886471,true,
2105563070827499938,1790840330213,supreme-star-macaw,2104940081069121915,1485286718555455491,true,
2105563102242607583,1790840337702,great-mountain-brushturkey,2105544359991263350,,true,
2105563124073951249,1790840342907,zappy-winter-thicketbird,2105435593597714791,,true,
2105563176897016156,1790840355502,pleasant-melon-crow,2105558478043709829,,true,
2105563319369433489,1790840389470,supreme-star-macaw,2104951679791800538,1701528196431396864,true,
2105563430421770350,1790840415946,empowering-shoreline-firefinch,2104910540082422256,2240745937,false,
2105563516073812113,1790842563237,cosmic-root-grackle,2105445084997247431,1822003695661580288,false,
2105563701910647256,1790840480674,reliable-lake-kite,2102066160942674211,,true,
2105563913568018837,1790842784161,cosmic-root-grackle,2104115601564143664,820723171112448001,false,
2105563992391291045,1790840549930,happy-rose-drongo,2105455245157376270,24928809,true,
2105564288144584892,1790840620443,diligent-kelp-turkey,2105265984747802839,1950835380707856384,true,
2105564481942094141,1790840666648,distinctive-moonlight-crane,2105352455877701909,421301831,true,
2105564487642227011,1790840668007,marvelous-freshwater-tinamou,2105544229594558875,,true,
2105564671444983947,1790840711830,kind-cherry-falcon,2105322414238285959,31090827,true,
2105564742207082796,1790840728700,neighborly-rhubarb-chickadee,2105511997265592594,1123277290761281538,true,
2105564767096074587,1790840734634,diligent-brook-thrasher,,,,
2105564812163883301,1790840745380,celebrated-ocean-seagull,2105348906255311224,1674417708,true,
2105564911015186773,1790840768948,cheery-nutmeg-towhee,2105519087375831467,,true,
2105565044553482628,1790840800785,dynamic-guava-egret,2105409882094465064,3314289248,true,
2105565265916301415,1790840853562,great-mountain-brushturkey,2105554157981634871,,true,
2105565321264292344,1790840866758,zappy-winter-thicketbird,2105255108451950629,1609910097949646850,true,
2105565400968687814,1790840885761,zappy-winter-thicketbird,,,,
2105565403514626550,1790840886368,neighborly-rhubarb-chickadee,,,,
2105565438830620701,1790840894788,merry-olive-swift,2105555479258710128,,true,
2105565444824297683,1790840896217,diligent-brook-thrasher,2105296541309182336,198032829,true,
2105565628966855149,1790840940120,mighty-mulberry-mockingbird,2105400355106263205,440914834,true,
2105565761716539498,1790840971770,talented-peanut-magpie,2105369646430072983,1475488454158999558,true,
2105565877873910159,1790840999465,happy-granite-sunbird,2105291498967462070,,true,
2105566750297518426,1790841207467,earnest-rain-firetail,2094813387687649369,1161925925862170624,true,
2105566915867320553,1790841246941,glowing-apple-emu,2105548798571294847,,true,
2105567061263126933,1790841281606,philosophical-berry-brushturkey,2104948238168076357,1756053905123799040,true,
2105567076328853731,1790841285198,skilled-hillside-bullfinch,2105461440597438745,1950005224279871488,true,
2105567091160166763,1790841288734,trusting-fjord-quail,2105517653737549831,1396816952392396801,true,
2105567135418462665,1790842648722,cosmic-root-grackle,2105010097487302787,2044903826574983168,false,
2105567187998273649,1790841311822,easygoing-island-parrotlet,2105549787789414519,,true,true
2105567210525929793,1790841317193,inquisitive-cantaloupe-wheatear,2105097553658126676,1622588070246641666,true,
2105567228020261161,1790841482720,cosmic-root-grackle,2105480719988330887,1494873435863977985,true,
2105567275172675844,1790841332607,thorough-avocado-logrunner,,,,
2105567302330830977,1790842711219,cosmic-root-grackle,2105037475269763244,2574109660,false,
2105567634532040995,1790841418285,neighborly-rhubarb-chickadee,2105399990235406531,1784729355056222208,true,
2105567724579565624,1790841439753,industrious-autumn-toucan,2105411901685481483,8330472,true,
2105567792166789479,1790841455868,motivated-sandalwood-grebe,2105540210159501528,,true,
2105567830251126941,1790841464948,intelligent-poplar-parrot,2105228703114637806,3883231259,false,
2105567847636140084,1790841469092,celebrated-ocean-seagull,2105452650724569197,2044895193799761920,true,
2105567956373496032,1790841495018,wholesome-raspberry-stilt,2105217394935509327,2063226722569289728,true,
2105567963499655458,1790841496736,wholesome-raspberry-stilt,2105402368024092776,1341221036281491456,true,
2105568228084768984,1790841559798,cheery-nutmeg-towhee,2105550927143096741,,true,
2105568420758532304,1790841605736,great-mountain-brushturkey,2105561741698744592,,true,
2105568488861393375,1790841621972,zappy-winter-thicketbird,2105181992903987398,1860201328485498880,true,
2105568589461762329,1790841645957,tectonic-rainforest-flameback,2105263938753663200,1394933189181943808,true,
2105568731019559147,1790841679707,neighborly-rhubarb-chickadee,2105398238505320676,1711620966478942208,true,
2105568785247650043,1790841692637,diligent-brook-thrasher,2105286711463035192,1580768044447633408,true,
2105568922502090966,1790841725360,diligent-brook-thrasher,,,,
2105568925291348229,1790841726025,celebrated-ocean-seagull,2105451446460366994,1466706518456561664,true,
2105568927661035857,1790841726591,cheery-nutmeg-towhee,2105336605015740891,2331258318,true,
2105568993528684796,1790841742294,focused-autumn-siskin,2105499947517038804,1639876357399392256,true,
2105569079725871385,1790841762845,likable-fjord-crow,2105269037089554503,87712885,true,
2105569125170884858,1790841773680,great-mountain-brushturkey,2105418679441559593,,true,
2105569237355962456,1790841800428,respectful-acorns-thrush,2103887433540436340,143779403,true,
2105569273846387188,1790841809127,zappy-winter-thicketbird,,,,
2105569280582451618,1790841810733,celebrated-ocean-seagull,2105561723281281037,,true,
2105569310001299624,1790841817747,neighborly-rhubarb-chickadee,,,,
2105569340535783735,1790841825027,diligent-brook-thrasher,2105480719988330887,1494873435863977985,true,
2105569367899431003,1790841831551,celebrated-ocean-seagull,,,,
2105569502817595635,1790841863719,neighborly-rhubarb-chickadee,2105320062152298659,2051735078812733443,true,
2105569520924438949,1790841868035,diligent-brook-thrasher,,,,
2105569538595049978,1790841872248,stoic-oak-softbill,2104494511858524587,1560927015334805504,true,
2105569581825732956,1790841882555,celebrated-ocean-seagull,2105423934955164079,,true,
2105569615505916295,1790841890585,neighborly-rhubarb-chickadee,2105538198457958403,,true,
2105569720875565492,1790842026404,cosmic-root-grackle,2105339671995973977,931286316,false,
2105569731642098174,1790842014208,cosmic-root-grackle,2105525823805571308,1069742422782078976,true,
2105569824894320804,1790841940507,easygoing-elm-needletail,2105475712794968383,17306975,false,
2105569854304538690,1790841947520,cheery-nutmeg-towhee,2105372074147828179,1989137943848800256,true,
2105569898516681002,1790841958061,hardworking-park-pheasant,2104910540082422256,2240745937,true,
2105569906469036295,1790841959956,insightful-rain-flamingo,2105317954346738131,1653401384841097216,true,
2105569988262461828,1790841979457,observant-hillside-crow,2105477226795864292,,true,
2105570039638225271,1790841991706,friendly-hillside-albatross,2105525823805571308,1069742422782078976,true,
2105570134240661530,1790842118557,cosmic-root-grackle,2105525823805571308,1069742422782078976,true,
2105570149621526813,1790842017928,famous-meadow-tanager,2105553094004379938,,true,false
2105570242151825517,1790842039989,enthralling-mesa-sparrow,2105476596719042738,1996087768070688768,true,
2105570263110713713,1790842044986,diligent-brook-thrasher,2105553919950967073,,true,
2105570577498972441,1790842119942,cheery-nutmeg-towhee,2105432196995514618,873724542706962432,true,
2105570615516139968,1790842129006,great-mountain-brushturkey,2105567227483464117,,true,
2105570698962022712,1790842261273,cosmic-root-grackle,2105319181776204027,15829144,true,
2105570701528711506,1790842149514,eloquent-grassland-conebill,2105286512120045877,,true,
2105570825495540102,1790842179069,zappy-winter-thicketbird,2105299461320634550,873736014967255040,true,
2105570907582259373,1790842198641,great-mountain-brushturkey,2105454367977422973,1370810744321761285,true,
2105570942927736849,1790842207067,neighborly-rhubarb-chickadee,2105144914631913931,1379731289226403845,true,
2105571044027203815,1790842231171,diligent-brook-thrasher,,,,
2105571130010480734,1790842251671,nice-slope-spoonbill,2105317954346738131,1653401384841097216,true,
2105571227318554895,1790842274871,empowering-roots-spoonbill,2105569150169161910,,true,
2105571338576425253,1790842301397,eloquent-grassland-conebill,2105256379308978641,,true,
2105571410102120668,1790842318450,empowering-roots-spoonbill,2105568964684464301,,true,
2105571508139470860,1790842341824,transcendent-strawberry-nightingale,2105379815670845580,174323486,true,
2105571590758952984,1790842361522,empowering-roots-spoonbill,2105568919985721471,,true,
2105571610312761850,1790842366184,responsible-mint-crake,2105545446164688951,,true,
2105571801229099462,1790842411702,empowering-roots-spoonbill,2105568526585192471,,true,
2105571902999699537,1790842435966,great-mountain-brushturkey,2105525823805571308,1069742422782078976,true,
2105571906992885956,1790842562824,cosmic-root-grackle,2105515223662903481,1559990838452785156,false,
2105571997212414031,1790842458428,empowering-roots-spoonbill,2105568216911405553,,true,
2105572043441807565,1790842469451,zappy-winter-thicketbird,2105411345776849054,1491199123290312710,true,
2105572128426807537,1790842489712,strong-grape-waterfowl,2105411345776849054,1491199123290312710,true,
2105572132919161177,1790842490783,likable-savanna-mockingbird,2105495312882434260,,false,
2105572196168986837,1790842505863,cheery-nutmeg-towhee,,,,
2105572359176614351,1790842544728,famous-meadow-tanager,2105541397294256443,,true,
2105572500763500978,1790842578484,active-maple-oriole,2105384447914737844,1415006633822982145,true,
2105572921209131392,1790842678726,intellectual-reef-condor,2105442134954291315,1118690075611729921,true,
2105572929228444072,1790842680638,active-maple-oriole,2105568762686812566,,true,
2105573416216449070,1790842796745,enthralling-mesa-sparrow,2105481766991720713,1996087768070688768,true,
2105573550518075668,1790842828765,great-mountain-brushturkey,2105463667139723537,1433740355665604640,true,
2105573562182521247,1790842831547,zappy-winter-thicketbird,2105528123374920090,2011186706280742912,true,
2105573660748566928,1790842855046,impeccable-olive-catbird,2105204499904168399,1388199971028193282,true,
2105573715664613622,1790842868139,cheery-nutmeg-towhee,2105351457411420293,567472588,true,
2105573746706616480,1790842875540,great-mountain-brushturkey,,,,
2105573849496744165,1790843098186,cosmic-root-grackle,2099330885413978494,1367209793686036482,true,
2105573877342503134,1790842906686,cosmic-winter-bittern,2105381546827903074,16794066,false,
2105573955868238040,1790842925408,neighborly-rhubarb-chickadee,2105500572644487296,756702548984225792,true,
2105573969713574234,1790842928709,flowing-reef-bluebird,2105314654356394042,247895631,false,
2105573980077772838,1790842931180,celebrated-ocean-seagull,2105536941676540306,,true,
2105574094917845495,1790842958560,matchless-granite-spurfowl,2105288199497306572,75839298,false,
2105574500670837185,1790843055300,animated-ridge-waxbill,2105417125469065269,,true,
2105574502117634388,1790843055645,cheery-nutmeg-towhee,,,,
2105574542584553479,1790843065292,animated-ridge-waxbill,2105457280749809957,1636254334013849600,true,
2105574543800533241,1790843141863,cosmic-root-grackle,2105429498401608060,1157689921349521410,true,
2105574735761584370,1790843111349,joyful-seawater-cuckoo,2105440468205211838,812529315095216128,true,
2105574859371921766,1790843140820,carefree-wind-thicketbird,2105284341559595059,96773145,true,
2105575362919108845,1790843260876,joyous-autumn-kingfisher,2105553393976508850,,true,
2105575501486272838,1790843293912,amazing-berry-kingbird,2101526124576506009,1814434226730946561,true,
2105575535547990510,1790843302033,joyous-autumn-kingfisher,2105518137487880325,1197156944135352320,true,
2105575570419630268,1790843310347,wholesome-raspberry-stilt,2105457280749809957,1636254334013849600,true,
2105575724589687110,1790843347104,patient-papaya-seedeater,2105213488838922711,750865456081301505,true,
2105575730998350292,1790843417750,cosmic-root-grackle,2105135476198007293,359831209,true,
2105575762669568180,1790843356183,hardworking-park-pheasant,2105511931503317461,1447956419689566211,true,
2105575775629938987,1790843359272,great-mountain-brushturkey,2105295240206631219,1185559794230398976,true,
2105575813643186611,1790843368336,knowledgeable-elm-penguin,,,,
2105575891635945618,1790843386931,noble-earth-catbird,2105104913155924225,229647379,true,
2105575919800688822,1790843393647,masterful-frost-hillstar,,,,false
2105575946510049612,1790843400015,sincere-seedling-bittern,2105481187758379141,,false,
2105576024964759615,1790843418719,animated-blossom-thrush,2105439767563481121,1201348645225930752,false,
2105576027174903991,1790843419247,diplomatic-holly-albatross,2105198190320554046,1944689699207163904,false,
2105576187447656755,1790843457458,zappy-winter-thicketbird,2105552102021804147,,true,
2105576410907615518,1790843510735,neighborly-rhubarb-chickadee,2105502838432604495,91416107,true,
2105576413768172015,1790843511417,cheery-nutmeg-towhee,2105409694588407971,1765641125228838912,true,
2105576542289936668,1790843542059,great-mountain-brushturkey,2105540828101857765,,true,
2105576573491380373,1790843549499,celebrated-ocean-seagull,2105458949470433311,2037264278168760320,true,
2105577042351731104,1790843661284,zappy-winter-thicketbird,2105557942779142473,,true,
2105577072617759102,1790843668499,neighborly-rhubarb-chickadee,2105560946328715772,,true,
2105577133523312985,1790843683021,diligent-brook-thrasher,2105542314810843517,,true,
2105577201722671380,1790843699280,celebrated-ocean-seagull,2105568131636941101,,true,
2105577459546460401,1790843760750,cheery-nutmeg-towhee,,,,
2105577701205746054,1790844169035,cosmic-root-grackle,2104371350135775252,,true,
2105578240697835886,1790843946991,nimble-birch-puffbird,2102978089471070456,915607993466552320,true,
2105578287468568642,1790843958142,great-mountain-brushturkey,2105362327176384935,2382362052,true,
2105578391340740951,1790844243310,cosmic-root-grackle,2105355931798368543,1706364977332801536,false,
2105578569002869047,1790844025266,zappy-winter-thicketbird,2105571344498983227,,true,
2105578605078011919,1790844033866,neighborly-rhubarb-chickadee,2105543940955045962,,true,
2105578653744513385,1790844045469,diligent-brook-thrasher,2105457069570855292,,true,
2105578671344107873,1790844049665,brainy-ice-drongo,2105557184373506153,,true,
2105578681477353769,1790844052081,charming-sky-cotinga,2105449472654238167,1239576255340720133,true,
2105578711743406443,1790844059298,celebrated-ocean-seagull,2105379428889198594,355950574,true,
2105578832610918891,1790844088115,cosmic-foothill-penguin,2105572172974436832,,true,
2105578857675796976,1790844094090,cheery-nutmeg-towhee,2105488508211343464,1161797133424455680,true,
2105578937904435511,1790844113219,great-mountain-brushturkey,2105432502135406943,1451884698481823750,true,
2105579086261166460,1790844148589,contemporary-ridge-swift,2105107108282909147,46302096,true,
2105579136055947461,1790844160461,zappy-winter-thicketbird,2105560664353673448,,true,
2105579158482849941,1790844165808,neighborly-rhubarb-chickadee,2105300490955411838,1290793536,true,
2105579219900145825,1790844180451,easygoing-wind-bluejay,2104933698269569035,2067021859502145536,true,
2105579323335831601,1790844205112,diligent-brook-thrasher,,,,
2105579331929997700,1790844207161,grand-chestnut-heron,2105486275704721569,421985765,true,
2105579530874237120,1790844254593,harmonious-coral-troupial,2105345327767097669,1087259768,true,
2105579893761204718,1790844341113,cheery-nutmeg-towhee,2105565164598956202,,true,
2105580249807564839,1790844426001,witty-mint-kite,2105305691431002591,1350422864327917568,true,
2105580453390319773,1790844474538,spectacular-willow-warbler,2102790674533781706,1511471391157239812,true,
2105580660282810546,1790844523865,diligent-brook-thrasher,,,,
2105580764762968245,1790844548775,fun-persimmon-antwren,2105577221301703154,,true,
2105580921881579867,1790844586235,placid-eucalyptus-lory,2105457904044343777,1823003367846957056,true,
2105580960943120440,1790844595548,great-mountain-brushturkey,2105571837396893730,,true,
2105581030271053988,1790844612077,ecstatic-jackfruit-chickadee,2105137035975721029,1317012311262089216,true,
2105581186013700410,1790844649210,inquisitive-fern-sandgrouse,2105442568745996290,1648130526971297793,true,
2105581238459199532,1790844661713,zappy-winter-thicketbird,2105557800067678686,,true,
2105581344470479044,1790844686988,witty-mint-kite,2105294955141034325,1614198093356072960,true,
2105581407565140351,1790844702031,celebrated-ocean-seagull,2105553005781086442,,true,
2105581672943022119,1790844765302,active-autumn-raven,2036489776455442939,1675234924180152320,true,
2105581717637464348,1790844775958,diligent-brook-thrasher,2105370485802610871,1405805095338622977,true,
2105581851620659253,1790844807902,revered-citrus-citril,2105390702360473893,1616120085093007365,true,
2105582065395851743,1790844858871,tectonic-sapling-treepie,2105119344988393816,,true,
2105582162703777927,1790844882070,philosophical-berry-brushturkey,2105554157981634871,,true,
2105582192311271649,1790844889129,adept-birch-sparrowhawk,2105542314810843517,,true,
2105582195599425838,1790844889914,cheery-nutmeg-towhee,2105340337069981829,1801276231364620288,true,
2105582450206470257,1790845062856,cosmic-root-grackle,2105551692695797797,,false,
2105582587246727317,1790844983289,wholesome-raspberry-stilt,2105353865709109661,13049362,true,
2105582706302046330,1790845188162,cosmic-root-grackle,2105313612264792241,41636475,true,
2105582761117409625,1790845024743,jolly-prairie-ostrich,2105546241312481518,,false,
2105582766268076488,1790845025972,great-mountain-brushturkey,,,,
2105582792796963080,1790845032297,neighborly-rhubarb-chickadee,2105277495696408778,1843942494293336064,true,
2105582954801991682,1790845070921,earnest-samba-fantail,2105449472654238167,1239576255340720133,false,
2105583095269187704,1790845104411,celebrated-ocean-seagull,,,,
2105583173472027091,1790845266441,cosmic-root-grackle,2105222849959211287,254515782,false,
2105583220612018336,1790845134298,challenging-iceberg-cardinal,2105250524333535636,,true,
2105583302795047179,1790845153889,cheery-nutmeg-towhee,2105523174452650030,1047106084479983616,true,
2105583325712732471,1790845159353,kind-cherry-falcon,2105360525156589595,14436030,true,
2105583380968391095,1790845172527,great-mountain-brushturkey,2105508567835160880,1773217467558744064,true,
2105583392796688615,1790845175347,beloved-seedling-waterfowl,2104207686674059729,1360567152575537158,true,
2105583433812467800,1790845185127,neat-banana-spoonbill,2105579634070839414,,true,
2105583465185882170,1790845192607,victorious-coconut-goose,2104993683405688871,1876735593146671104,true,
2105583481464189358,1790845319536,cosmic-root-grackle,2105429498401608060,1157689921349521410,true,
2105583616143032656,1790845228597,celebrated-ocean-seagull,2105561740494754022,,true,
2105583651605901676,1790845237053,cheery-nutmeg-towhee,2105571835291332698,,true,
2105583792882622696,1790845270735,zappy-winter-thicketbird,2105558098069078210,,true,
2105583793004564678,1790845270766,exceptional-granite-recurvebill,2105348240048562449,816653,true,
2105584084886110544,1790845340354,great-tide-heron,2074797389559574667,1338208084787744770,true,
2105584088836919426,1790845341296,diligent-brook-thrasher,2105532299370803377,,true,
2105584093492887768,1790845342406,logical-lake-puffleg,2105516373443273200,245687754,true,
2105584094285291804,1790845342595,cheery-nutmeg-towhee,2105347118403891618,144930403,true,
2105584170609135818,1790845360792,neighborly-rhubarb-chickadee,2105544399820382302,,true,
2105584468161437850,1790845431735,trusting-eucalyptus-crossbill,2105439855085797408,2092649479975448576,false,
2105584571765166090,1790845456435,comical-citrus-greenbul,2105266421093839320,133201136,false,
2105584584553300145,1790845459485,cheery-nutmeg-towhee,2105551692695797797,,true,
2105584625405837587,1790845469225,great-tide-heron,2077311306571587697,1291034257,true,
2105584637422526856,1790845472089,neighborly-rhubarb-chickadee,,,,
2105584831526830315,1790845518368,great-tide-heron,2075601657476640948,1128849543238258688,true,
2105584972081893490,1790845551878,diligent-brook-thrasher,2105502287376580740,1760197234543443968,true,
2105585025479782796,1790845564609,great-tide-heron,2074833373802164501,1144168481455144961,true,
2105585180048261297,1790845601461,great-tide-heron,2076128306756514105,1489104747541917696,true,
2105585527311192326,1790845684255,celebrated-ocean-seagull,2105403196315202041,1532726510137790466,true,
2105585537272705395,1790845686631,cheery-nutmeg-towhee,2105194385541677322,2086396996735430656,true,
2105585739387806127,1790845734818,great-mountain-brushturkey,2105530900645908590,783492421145403393,true,
2105585751069192326,1790845737603,peppy-sunlight-kingbird,2104835731038605561,1156002096316989441,true,
2105585980459684225,1790845902167,cosmic-root-grackle,2105309178021482659,482279226,false,
2105586078426222698,1790845815652,peppy-sunlight-kingbird,2104835389903307221,1156002096316989441,true,
2105586091474432078,1790845818763,zappy-winter-thicketbird,2105540742173082027,,true,
2105586100840358119,1790845820995,neighborly-rhubarb-chickadee,,,,
2105586326359650747,1790845874764,diligent-brook-thrasher,2105475933712888179,,true,
2105586401982988551,1790845892794,celebrated-ocean-seagull,2105394187705180261,2055638819051913217,true,
2105586467175047554,1790845908337,gracious-evergreen-puffleg,2105225738869698742,115683734,true,
2105586703922782509,1790846082680,cosmic-root-grackle,2105137035975721029,1317012311262089216,true,
2105586758528471184,1790845977800,exceptional-granite-recurvebill,2105405098151096777,816653,true,
2105586829672222979,1790845994762,flowing-sunlight-bittern,2105541397294256443,,true,
2105586841890304349,1790845997675,peppy-sunlight-kingbird,2105217075329552669,1693896697,true,
2105586865671705014,1790846003345,cheery-nutmeg-towhee,2105548282244255918,,true,
2105586924475801789,1790846148998,cosmic-root-grackle,2104883321046196599,100370409,true,true
2105587036342124990,1790846044036,great-mountain-brushturkey,2105415066124419135,2015536809942605825,true,
2105587050477187533,1790846047406,exceptional-granite-recurvebill,2105398555175244135,816653,true,
2105587187081158983,1790846079976,zappy-winter-thicketbird,,,,
2105587309353529427,1790846109127,great-mountain-brushturkey,2105553119577043012,,true,
2105587396305895868,1790846129858,extraordinary-banana-greenbul,2105579557629857976,,true,
2105587975702888484,1790846396202,cosmic-root-grackle,2105455584300425387,1601768561650941954,true,
2105588010884436462,1790846276385,nifty-ridge-petrel,2105541397294256443,,true,
2105588035341431118,1790846282216,neighborly-rhubarb-chickadee,,,,
2105588137829474405,1790846306651,inspiring-park-flycatcher,2104889892304212221,,true,
2105588157718614344,1790846311394,diligent-brook-thrasher,2105567317598015769,,true,
2105588312916242840,1790846348395,placid-birch-murrelet,2105408824714907734,1691896838255947776,true,
2105588376514535558,1790846363559,celebrated-ocean-seagull,2105224040994812044,183248773,true,
2105588435897765922,1790846377716,poised-hill-rooster,2104883321046196599,100370409,true,
2105588445611782189,1790846380033,caring-cherry-seabird,2105551417440432444,,true,true
2105588470164922853,1790846385886,encouraging-seedling-toucan,2105225738869698742,115683734,false,
2105588653057843281,1790846573051,cosmic-root-grackle,2105432511362842724,799369969725227008,false,
2105588899930153151,1790846488350,altruistic-bonsai-motmot,2105397146878882174,,true,
2105588969735954499,1790846504993,zappy-winter-thicketbird,2105539227207241812,,true,
2105589021309342074,1790846517289,lovable-eucalyptus-kestrel,2105489410922041731,2076303639694753794,true,
2105589159473913946,1790846550230,elegant-petal-recurvebill,2105575534164128041,,true,
2105589419688259811,1790846612270,outgoing-flower-toucan,2105284106334384151,156314187,true,
2105589426986344860,1790847179289,cosmic-root-grackle,2105438552557310239,158291721,false,
2105589444870914421,1790846618274,neighborly-rhubarb-chickadee,2105566540020039803,,true,
2105589606116634955,1790846656718,cheery-nutmeg-towhee,2105382821296853101,784921318651207680,true,
2105589667928428988,1790846671455,tectonic-sapling-treepie,2105539227207241812,,true,
2105589681253748811,1790846674632,adept-birch-sparrowhawk,2105567317598015769,,true,
2105589719166054886,1790846683671,animated-ridge-waxbill,2105535688787570824,,true,
2105589729559265524,1790846929218,cosmic-root-grackle,2104950003890319567,900868190,false,
2105589761394241943,1790846693739,,2105548282244255918,,true,
2105589761687560311,1790846693809,great-mountain-brushturkey,2105331101820760329,1317568613189062656,true,
2105589849168519672,1790846714666,intellectual-mulberry-flatbill,2105504103371841584,,true,
2105589882462859346,1790846722604,lovable-eucalyptus-kestrel,2105542331130577282,,true,
2105589993083187554,1790846748978,diligent-brook-thrasher,2105553423651279298,,true,
2105589995117359246,1790846749463,zappy-winter-thicketbird,2105553423651279298,,true,
2105590005959905285,1790846752048,sensible-frost-fantail,2103288048045981845,1844828583371653120,true,
2105590149442654295,1790846786257,neighborly-rhubarb-chickadee,,,,
2105590173757018208,1790846792054,wholesome-raspberry-stilt,2105554157981634871,,true,
2105590223430451580,1790846803897,insightful-marmalade-conebill,2105514775668994431,3012798025,true,
2105590275754037354,1790846816373,poetic-lime-crane,2105488150520898040,855483824351924224,true,
2105590488476893306,1790846867089,nice-snow-grouse,2104631272106524777,1308104456379289600,true,
2105590513684328498,1790847982445,cosmic-root-grackle,2097083303815717205,2519093244,true,
2105590649894383640,1790846905574,awesome-sea-condor,2105530111026184539,112103858,true,
2105590802906775562,1790846942055,diligent-brook-thrasher,2105455584300425387,1601768561650941954,true,
2105590804731318699,1790846942490,great-mountain-brushturkey,2105455584300425387,1601768561650941954,true,
2105590881898086705,1790846960888,celebrated-ocean-seagull,2105153327394636145,1494215832217522177,true,
2105591020851191957,1790846994017,cheery-nutmeg-towhee,2105400123446501751,970057158862786560,true,
2105591054749601909,1790847002099,endearing-mulberry-treerunner,2105528353843478557,1393909000643616768,true,
2105591145749270661,1790847023796,zappy-winter-thicketbird,2105493548598718891,,true,
2105591308362416233,1790847062565,phenomenal-walnut-kookaburra,2105412423197032633,48252327,true,
2105591503523385557,1790847109096,neighborly-rhubarb-chickadee,2105577402210435469,,true,
2105591580534927612,1790847127456,diligent-brook-thrasher,2105571602683359330,,true,
2105591639360065975,1790847141481,celebrated-ocean-seagull,,,,
2105591642724204609,1790847517105,cosmic-root-grackle,2105564979751461196,,false,
2105591834999173144,1790847188125,fearless-grass-raven,2105490886784328158,1349422734451859456,true,
2105591897695907917,1790847203073,hearty-pineapple-skylark,2105524294306709909,,true,
2105591978192695338,1790847222265,cheery-nutmeg-towhee,2105306511153189234,,true,
2105592069880254550,1790847244125,neighborly-rhubarb-chickadee,2105490237799477345,,true,
2105592075760570576,1790847465139,cosmic-root-grackle,2105389084759748631,1145335632220344320,false,
2105592258506502317,1790847289097,celebrated-ocean-seagull,2105385362067427783,326963505,true,
2105592369395483029,1790847695778,cosmic-root-grackle,2104057990605381659,1654297093660618753,false,
2105592407006007560,1790847324502,hypnotic-coast-auklet,2105170296479309837,938271343816134656,true,
2105592562488668282,1790847361572,lovely-star-ibis,2105572832499454253,,true,
2105592605085995503,1790847371728,zappy-winter-thicketbird,2105526752692895862,79882005,true,
2105592904458883541,1790847443104,wholesome-trail-motmot,2105579557629857976,,true,
2105593068183547953,1790847482139,courteous-beach-oriole,2105243190760513951,967803655,true,
2105593138035425475,1790847498793,celebratory-birch-songbird,2105391752719045063,753296229635858432,true,
2105593295095128209,1790847536239,neighborly-rhubarb-chickadee,2105573589772652823,,true,true
2105593441111437642,1790847571052,zappy-winter-thicketbird,2105553776417608089,,true,
2105593871958786533,1790847673775,diligent-brook-thrasher,2105495630030459190,1740691801336598528,true,
2105594010689835334,1790847928286,cosmic-root-grackle,2105553414226583791,,false,
2105594092763648395,1790847726419,celebrated-ocean-seagull,2105537995533373592,,true,
2105594184790946137,1790847748360,great-ice-bullfinch,2105250662137094579,1990335107430068224,true,
2105594440182276475,1790847809249,noble-mint-wigeon,2105281520223268975,2032761993019666440,true,
2105594882567881114,1790847914722,cheery-nutmeg-towhee,2105258695290683605,135824154,true,
2105594961693458659,1790847933587,celebrated-seedling-grebe,2105538837694873976,,true,
2105595024490566055,1790847948559,great-mountain-brushturkey,2105457598707429694,1833732316537253888,true,
2105595246138519650,1790848001405,zappy-winter-thicketbird,2105236311846306029,,true,
2105595255613517928,1790848003663,diligent-brook-thrasher,2105555977785455035,,true,
2105595279684809191,1790848009402,steady-mint-swamphen,2105548587346337973,,true,
2105595409121095884,1790848778042,cosmic-root-grackle,2105531239004590193,1404821916599209984,true,
2105595465999802425,1790848053824,celebrated-ocean-seagull,2105300822330360160,112694236,true,
2105595586049155509,1790848238162,cosmic-root-grackle,2105192923616915646,1038150281794646017,false,
2105595672367927645,1790848103025,cheery-nutmeg-towhee,,,,
2105595723467132998,1790848115208,inclusive-chestnut-falcon,2105206632204673347,1960706593768472578,true,
2105595829465530552,1790848140480,neighborly-rhubarb-chickadee,,,,
2105595833513312506,1790848426168,cosmic-root-grackle,2105322527589568950,2002179452374298625,true,
2105595914618364029,1790848160783,diligent-brook-thrasher,,,,
2105595940635636170,1790848166986,celebrated-ocean-seagull,2105551417440432444,,true,
2105595943487783266,1790848167665,zappy-winter-thicketbird,2105433213095252464,,true,
2105596164787556394,1790848220428,sensational-woodland-woodpecker,2105322527589568950,2002179452374298625,true,
2105596335814590650,1790850353322,cosmic-root-grackle,2103238800751120458,1240044445631946752,true,
2105596338041921583,1790848261734,astute-pine-crimsonwing,2105330927333179878,1384793719141027840,false,
2105596453179494543,1790848289186,neighborly-rhubarb-chickadee,2105549367864107039,,true,
2105596592921395487,1790848322502,wholesome-tree-hummingbird,2105577402210435469,,true,
2105596615704637784,1790848327934,great-mountain-brushturkey,2105575463770894742,,true,
2105596617948643660,1790848328469,zappy-winter-thicketbird,2105517829919481864,869300593,true,
2105596632830247252,1790848614721,cosmic-root-grackle,2103887433540436340,143779403,true,
2105596673690869909,1790848341759,kind-marmalade-albatross,2105395822431244605,1735801689834176512,true,
2105596676396261884,1790848342404,mindful-park-grosbeak,2105510530102579365,961655526466633728,true,
2105596755827986932,1790848361342,celebrated-ocean-seagull,2105433213095252464,,true,
2105596760328380573,1790848362415,luminous-freshwater-toucan,2105577402210435469,,true,
2105596820579635523,1790848376780,great-mountain-brushturkey,2105550744036508019,,true,
2105597028818436551,1790848977904,cosmic-root-grackle,2105322527589568950,2002179452374298625,true,
2105597303088144541,1790848491819,zappy-winter-thicketbird,2105547926898421956,,true,true
2105597516427206911,1790848542683,optimistic-ice-pelican,2105322527589568950,2002179452374298625,true,
2105597581871005798,1790848558287,neighborly-rhubarb-chickadee,2105381094644416514,273418969,true,
2105597584161346009,1790848836766,cosmic-root-grackle,2105522314498523640,15743628,false,
2105597702025458134,1790848586933,tectonic-sapling-treepie,2105400123446501751,970057158862786560,true,
2105597711844069445,1790848589275,diligent-brook-thrasher,2105576323414622245,,true,
2105597740294017388,1790848596058,celebrated-ocean-seagull,2105515594762346665,725934016222748672,true,
2105598051612037571,1790848670281,wholesome-raspberry-stilt,2105310174978150840,1163047436341915648,true,
2105598242469650611,1790848715786,distinctive-plum-sparrow,2105546821846143308,,true,
2105598247175639453,1790848716907,legendary-island-flycatcher,2105444909809295827,,true,
2105598468479688782,1790848769670,auspicious-isle-lapwing,2105550919748157660,,true,
2105598577506414963,1790848795664,great-mountain-brushturkey,,,,
2105598655214289107,1790849129165,cosmic-root-grackle,2097768691664384234,,true,
2105598725435371915,1790848830933,zappy-winter-thicketbird,2105573682412126578,,true,
2105598860424802804,1790848863117,modest-pear-cacholote,2105256217253757399,31459537,true,
2105598892356112680,1790848870731,cheery-nutmeg-towhee,2105321806433243301,19091173,true,
2105599007233847615,1790848898119,great-mountain-brushturkey,2105512286698020929,1683395837978886144,true,
2105599070706262270,1790848913252,neighborly-rhubarb-chickadee,2105529645852508447,81602936,true,
2105599100192186781,1790848920282,intelligent-twig-junco,2104935734947778861,120967003,true,
2105599121327280513,1790848925321,fashionable-marmalade-woodpecker,2105426849379881244,2092310115512713217,true,
2105599229922099611,1790848951212,approachable-maple-catbird,2105576315986362531,,true,
2105599255394013633,1790848957285,diligent-brook-thrasher,2105522314498523640,15743628,true,
2105599408821743641,1790848993865,celebrated-ocean-seagull,2105579557629857976,,true,
2105599460533235942,1790849006195,neighborly-rhubarb-chickadee,2105580246439489552,,true,
2105599499062120816,1790849015381,cheery-nutmeg-towhee,2105531239004590193,1404821916599209984,true,
2105599620248203526,1790849044273,unique-boulder-skimmer,2105243493731811788,1611392662510206976,false,
2105599754281292265,1790849434143,cosmic-root-grackle,2105378957864362170,,true,
2105600151267983438,1790849170878,involved-riverbank-lark,2105566139426160837,,true,
2105600151922548841,1790849863155,cosmic-root-grackle,2105429498401608060,1157689921349521410,true,
2105600153138647516,1790849171324,tranquil-lake-tanager,2105096683696828559,1648141395171893249,true,
2105600352519086344,1790849218861,heroic-sapling-anhinga,2105281370276716795,1190228225626181633,true,
2105600421817381153,1790849235383,mighty-persimmon-sunbird,2105539481143238842,,true,
2105600447557882073,1790849241519,diligent-brook-thrasher,2105546049603748070,,true,
2105600466478338353,1790849246030,cheery-nutmeg-towhee,,,,
2105600489698054450,1790849251566,great-mountain-brushturkey,2105534574151528867,,true,
2105600502335443301,1790849254579,zappy-winter-thicketbird,,,,
2105600555083030738,1790849508086,cosmic-root-grackle,2105566286441029979,,true,
2105600658820763885,1790849291888,modest-pear-cacholote,2105289076265963914,,true,
2105601068323197250,1790849389521,chipper-freshwater-shorebird,2105089915440480665,1128337957289697281,true,
2105601090905395550,1790849394905,cheery-nutmeg-towhee,2105561740494754022,,true,
2105601108231987371,1790849399037,great-mountain-brushturkey,2105381898059169849,1689262422257786881,true,
2105601179052904686,1790849415922,approachable-maple-catbird,2105449472654238167,1239576255340720133,true,
2105601380949831872,1790849464057,stellar-pistachio-penguin,2105368210086445312,1883651930939183104,true,
2105601550118715895,1790849504390,zesty-grape-pigeon,2105301129764708798,49132320,true,
2105601677650755917,1790849534796,eloquent-brook-troupial,2105536202380025904,,true,
2105601680524132861,1790849535481,amusing-lemon-wigeon,2105543069936263590,,true,
2105601761067282579,1790849554685,reliable-lake-kite,2093333849761787916,1930453463823224832,true,
2105601892382347549,1790850143852,cosmic-root-grackle,2105561527868707251,,true,
2105601922799431830,1790849593244,celebrated-ocean-seagull,2105577673389175251,,true,
2105601925966082311,1790849593999,neighborly-rhubarb-chickadee,2105577673389175251,,true,
2105602311615656272,1790849685945,beloved-hill-motmot,2105585591739973846,,true,
2105602342586286497,1790849693329,zappy-winter-thicketbird,2105501267661627586,792760713651511297,true,
2105602431325487183,1790849714486,terrestrial-cliff-flowerpecker,2105563675998273901,,true,
2105602493564518596,1790849729325,great-mountain-brushturkey,,,,
2105602540624556483,1790849740546,entertaining-frost-firefinch,2105585010103431506,,true,
2105602545960038652,1790849741817,smart-ridge-kite,2105198925498183962,,true,
2105602658706878497,1790849768698,diligent-brook-thrasher,2105563658097193150,,true,
2105602821907485004,1790849807608,philosophical-berry-brushturkey,2105501267661627586,792760713651511297,true,
2105602918728749251,1790849830692,curious-cliff-conebill,2105264727333192088,4296903437,true,
2105602993391284347,1790850097530,cosmic-root-grackle,2105598040434237662,,false,
2105603179815768466,1790849892940,revered-citrus-citril,2105585384264708354,,true,
2105603181392560508,1790849893316,lovely-tigerwood-bushbird,2105536202380025904,,true,
2105603259360587871,1790849911905,zappy-winter-thicketbird,,,,
2105603392940724291,1790849943754,chipper-star-wigeon,2105327026328735819,1640074956188024833,false,
2105603417712587204,1790849949660,faithful-ridge-catbird,2105488233606062114,1950717662566461440,true,
2105603429083255155,1790849952370,hypersonic-petal-guillemot,2105445605258723486,,true,
2105603472385052949,1790849962694,neighborly-rhubarb-chickadee,2105596740728414579,,true,
2105603563347210677,1790850579529,cosmic-root-grackle,2105505328863367216,1655963146467655681,false,
2105603590446289275,1790849990843,zappy-winter-thicketbird,2105578087001751982,,true,
2105603632292864362,1790850000820,cheery-nutmeg-towhee,,,,
2105603815655223593,1790850044536,great-mountain-brushturkey,2105592044110401884,,true,
2105603856252227776,1790850399312,cosmic-root-grackle,2105398559583486416,1986167751107293184,false,
2105603962573377938,1790850079564,great-mountain-brushturkey,,,,
2105604009897640203,1790850090848,cheery-nutmeg-towhee,2105538482126913944,,true,
2105604011034616051,1790850320209,cosmic-root-grackle,2105323708235833714,1887373024510550020,true,
2105604571288469603,1790850224693,neighborly-rhubarb-chickadee,2105566286441029979,,true,
2105604708576710902,1790850829195,cosmic-root-grackle,2105571623197868374,,true,
2105605008913752170,1790850329032,cheery-nutmeg-towhee,2105382524776042841,1062859889264021504,true,
2105605027784229128,1790850333530,easygoing-island-parrotlet,2105534992730165251,,true,
2105605067659206771,1790850343037,diligent-brook-thrasher,2105583024238903490,,true,
2105605123804213362,1790850356424,cheery-nutmeg-towhee,2105534992730165251,,true,
2105605132969021650,1790850358608,animated-ridge-waxbill,2105295414866165971,356339041,true,
2105605137817608285,1790850359764,jolly-wind-kingbird,2105548541552943252,,true,
2105605192762687746,1790850372865,celebrated-ocean-seagull,2105513805472006146,,true,
2105605219975332248,1790850379352,cheery-nutmeg-towhee,2105579135250960498,,true,
2105605244931477751,1790850598557,cosmic-root-grackle,2105377846747172959,489817016,true,
2105605270558634428,1790850391413,celebrated-ocean-seagull,,,,
2105605314360000614,1790850579514,cosmic-root-grackle,2105242919867166748,1584524744262651904,false,
2105605373281353884,1790850415904,kinetic-pineapple-falcon,2105236017582330090,21607239,true,
2105605458983792889,1790850436337,inspirational-snow-cockatoo,2105600885833494626,,true,
2105605548062253518,1790850457574,great-mountain-brushturkey,2105364975610950078,1457315273544028160,true,
2105605706464268599,1790850495341,contemporary-cactus-lovebird,2105527241480536360,1735943957488824320,true,
2105605716430237707,1790850497716,wholesome-raspberry-stilt,2105561527868707251,,true,
2105606041002193272,1790850575100,beautiful-honeydew-eagle,2105549298184200656,,true,
2105606088292798672,1790850586376,zappy-winter-thicketbird,2105598057379135543,,true,
2105606190415679724,1790850610723,breathtaking-sycamore-snowfinch,2105316505365705056,1492677599390322689,false,
2105606526274597033,1790850690799,explorative-shoreline-jacana,2105550919748157660,,false,
2105606732319735894,1790850739923,neighborly-rhubarb-chickadee,2105435949144719567,4310238312,true,
2105606764192469265,1790850747523,sunny-ocean-eagle,2105430318060859838,1051044682325680128,true,
2105606777559449845,1790850750710,great-mountain-brushturkey,2105323708235833714,1887373024510550020,true,
2105607121954078971,1790851030842,cosmic-root-grackle,2105381601676780018,2015173158538448896,true,
2105607329664106727,1790850882342,amicable-daylight-pitohui,2105310174978150840,1163047436341915648,true,
2105607332621136261,1790850883047,celebrated-ocean-seagull,2105598027255665011,,true,
2105607405736174052,1790850900479,strong-tigerwood-barbet,2105478596487692689,1482892974522515456,true,
2105607409813299428,1790850901450,astonishing-root-stilt,2103013966809317745,,true,
2105607764974141488,1790850986128,neighborly-rhubarb-chickadee,2105509680453673023,2057085320483557376,true,
2105607795911369129,1790850993504,agreeable-lime-sparrowhawk,2105491316172018086,1764834382357958656,true,
2105607931894837408,1790851025925,kinetic-reef-warbler,2105326362659528755,1577969388338253826,true,
2105608417993724119,1790851141820,enchanting-hillside-condor,2105420676022862074,,true,
2105608447597457415,1790851148877,careful-kiwi-partridge,2105577758118003058,,true,
2105608746537771031,1790851220150,strong-tigerwood-barbet,2105549787789414519,,true,
2105608794353041852,1790851231550,industrious-pecan-kingbird,2105385958652940569,956910055730786305,true,
2105608818566504481,1790851237323,cheery-nutmeg-towhee,2105580160238125326,,true,
2105608836929458303,1790851241701,joyful-acorns-ibis,2105573682412126578,,false,
2105609062922547451,1790851295582,great-mountain-brushturkey,2105577402210435469,,true,
2105609117876547821,1790851308684,logical-sapling-egret,2104256311034859904,,true,
2105609176609177879,1790851322688,great-mountain-brushturkey,2105560821975920906,,true,
2105609221559509444,1790851538366,cosmic-root-grackle,2105085755391713594,1409904499800608768,true,
2105609385179263077,1790851372414,zappy-winter-thicketbird,2105596490009698728,,true,
2105609425109061706,1790851381935,celebrated-ocean-seagull,2105297316080931090,1383854809866915843,true,
2105609794191065119,1790851469930,powerful-pond-goose,2105437749662597621,1364069006207025152,false,
2105609930795282580,1790851502499,cheery-nutmeg-towhee,2105557514343596236,,true,
2105609951641038898,1790851507469,magnanimous-canopy-mockingbird,2010031460871483679,796212765081948160,true,
2105610135741796473,1790851551363,wholesome-passionfruit-softbill,2105341172600508657,21001599,false,
2105610303861923985,1790851591446,magnanimous-canopy-mockingbird,2095493289889693951,,true,
2105610392349135289,1790851612543,great-mountain-brushturkey,2105568558050660361,,true,
2105610462050365709,1790852711124,cosmic-root-grackle,2104115601564143664,820723171112448001,true,
2105610482698862909,1790851634083,lovely-ocean-shearwater,2105185327795294214,2305053535,true,
2105610536138297746,1790851646824,zappy-winter-thicketbird,2105381601676780018,2015173158538448896,true,
2105610555591475652,1790851890271,cosmic-root-grackle,2105453305740849478,1659306983768600577,false,
2105610595772834200,1790851661043,outgoing-grass-goshawk,2105270058364870896,2040542577724706816,true,
2105610599527059926,1790852015287,cosmic-root-grackle,2105306695056376109,109065990,true,
2105610606502084933,1790851663600,yielding-peach-parrot,2105460436426494459,1284226616,true,
2105610664714625444,1790851677479,neighborly-rhubarb-chickadee,2105563330387616021,,true,
2105610678614561108,1790851680793,diligent-brook-thrasher,2105372485822873884,1984637335192125440,true,
2105610682708132122,1790851681769,contemporary-cactus-lovebird,,,,
2105610725192241649,1790851691898,earnest-rainforest-parakeet,2105378664418308111,3269591084,true,
2105610738819613085,1790851695147,celebrated-ocean-seagull,2105287048450187341,2073267027658391552,true,
2105610752577216679,1790851698428,distinctive-walnut-swamphen,2104685048264048662,1857242950587367424,true,
2105610820189147609,1790851714548,great-mountain-brushturkey,2105462785459232990,1496545501940183042,true,
2105610999277432920,1790851757245,zappy-winter-thicketbird,2105594183301881992,,true,
2105611137064579413,1790851790097,neighborly-rhubarb-chickadee,2105580708987326516,,true,
2105611237308465153,1790851813996,strong-tigerwood-barbet,2105384244243525877,2687253519,true,
2105611280715297017,1790851824346,fantastic-moonlight-eagle,2105556014414135539,,true,
2105611295806378097,1790851827944,diligent-brook-thrasher,2105492911307522080,1984550060550680576,true,
2105611394804539637,1790851851546,celebrated-ocean-seagull,2105354706256023865,77821953,true,
2105611599906030053,1790851900446,great-mountain-brushturkey,2105608165551394933,,true,
2105611772577145194,1790851941615,neighborly-rhubarb-chickadee,2105489228264346033,,true,
2105611820606066998,1790851953065,amusing-forest-gull,2105532199852294164,2100951550797492224,true,
2105612085191160015,1790852016147,diligent-brook-thrasher,2105595936122556737,,true,
2105612109425877246,1790852021925,zappy-winter-thicketbird,2105568505177186313,,true,
2105612223284687232,1790852326806,cosmic-root-grackle,2104969444174844137,,true,
2105612311733911828,1790852070159,prudent-beach-waxbill,2105344152242438639,2069450272615649280,true,
2105612325155680292,1790852073359,diligent-brook-thrasher,2105535479324315877,,true,
2105612384391868512,1790852087483,stoic-sunlight-sparrow,2105593177394557347,,true,
2105612456391274520,1790852104649,celebrated-ocean-seagull,2105444731341967856,1934233343198973952,true,
2105612458534604912,1790852105159,zappy-winter-thicketbird,2105444731341967856,1934233343198973952,true,
2105612588746731572,1790852425561,cosmic-root-grackle,2105320868230418473,1087894514004578305,true,
2105612688936341683,1790852160091,tectonic-sapling-treepie,2105570148220309759,,true,
2105612702806913198,1790852163398,trusting-fjord-quail,2105085755391713594,1409904499800608768,true,
2105612710893535572,1790852165327,trusting-fjord-quail,2105598438775669211,,true,
2105612732049273006,1790852170371,enlightened-summer-turkey,2104969444174844137,,true,
2105612868049584370,1790852202795,cheery-nutmeg-towhee,2105521139657433158,102806852,true,
2105612875628724479,1790852204602,philosophical-iceberg-warbler,2082932803738468744,222481411,true,
2105612883061039261,1790852206374,diligent-brook-thrasher,2105520232521425346,,true,
2105612885535637808,1790852206964,cheery-nutmeg-towhee,2105598438775669211,,true,
2105612919421501689,1790852215043,diligent-brook-thrasher,2105300822330360160,112694236,true,
2105613048916378059,1790852245918,diligent-brook-thrasher,2105570148220309759,,true,
2105613059108528163,1790852248348,cheery-nutmeg-towhee,2105488243575673095,1245410481155837952,true,
2105613175341158677,1790852276059,wholesome-raspberry-stilt,2105351601515110476,1518643025454505984,true,
2105613180281983181,1790852277237,wholesome-raspberry-stilt,2105541819299680555,,true,
2105613185550024892,1790852278493,wholesome-raspberry-stilt,2105402351871828270,288277167,true,
2105613202918646167,1790852282634,considerate-fir-curassow,2105353876337828213,2031817353152118788,false,
2105613287052189913,1790852302694,cheery-nutmeg-towhee,2105558397085266323,,true,
2105613304903430457,1790852306949,energizing-acorn-bulbul,2105519422723235944,588371838,true,
2105613378563567923,1790852324511,fascinating-brook-conebill,2105588472501207294,,true,
2105613389317767609,1790852639624,cosmic-root-grackle,2104969444174844137,,true,
2105613786719588761,1790852421823,neighborly-rhubarb-chickadee,2105611158468317317,,true,
2105613994933313738,1790852471465,contemporary-cactus-lovebird,2105612322219634788,,true,
2105614043763310933,1790852483108,celebrated-ocean-seagull,2105356913403703609,592305057,true,
2105614114412228673,1790852499951,quirky-shoreline-hornbill,2105608197545591203,,true,
2105614131927650514,1790852504127,zappy-winter-thicketbird,,,,
2105614215318852089,1790852524009,electric-wood-motmot,2105566889636143187,,true,
2105614295132524720,1790853369145,cosmic-root-grackle,2105319105989616060,2104589251702833152,true,
2105614518969594176,1790852596406,strong-tigerwood-barbet,2105394583131587056,1823248660601212928,true,
2105614525953151363,1790852992583,cosmic-root-grackle,2105543205861146666,,true,
2105614542571192511,1790852973607,cosmic-root-grackle,2105398559583486416,1986167751107293184,false,
2105614800562876444,1790852663542,realistic-juniper-egret,2105570187940675743,,true,
2105614815389507733,1790852667077,overjoyed-grove-fantail,2105323534121844982,1158660124950573056,true,
2105615311697571918,1790853063261,cosmic-root-grackle,2104894923606474872,,true,
2105615375857537523,1790852800704,strong-tigerwood-barbet,2105107108282909147,46302096,true,
2105615790871388510,1790852899650,kinetic-mesa-owl,2105062567513370907,2051394320897359872,true,
2105615818440474928,1790852906224,hip-pond-crossbill,2105377896667984342,83947838,true,
2105616065724047823,1790852965180,encouraging-horseradish-sandgrouse,2105486676512354503,16331010,true,
2105616074184294594,1790853101324,cosmic-root-grackle,2105418082219065807,,false,
2105616221894836568,1790853002415,keen-rose-kingfisher,2105611248243298336,,true,
2105616352518049965,1790853033557,diligent-brook-thrasher,2105432511362842724,799369969725227008,true,
2105616366279803076,1790853036838,observant-foothill-finch,2104966722436685990,1648285037207633920,true,
2105616497338974694,1790853068085,cheery-nutmeg-towhee,2105170296479309837,938271343816134656,true,
2105616503731032136,1790853069610,great-mountain-brushturkey,2105170296479309837,938271343816134656,true,
2105616531434405984,1790853076214,musical-hillside-macaw,2105612204334576010,,true,
2105616580201582760,1790853087842,zappy-winter-thicketbird,2105559024666108177,,true,
2105616582663692640,1790853088428,celebrated-ocean-seagull,2105559024666108177,,true,
2105617196181520489,1790853234703,smart-desert-needletail,2105258864199561645,2059968440157589504,true,
2105617355074109575,1790853272585,kinetic-banana-bushbird,2105615715621335447,,true,
2105617795396350459,1790853377567,majestic-lime-firetail,2105110972784586933,1843609493063774209,true,
2105617916947234854,1790854207128,cosmic-root-grackle,2105574511206900024,,true,
2105618066214211699,1790853442134,commendable-grove-antwren,2105294003688063382,1499400284,false,
2105618113316229491,1790853453365,cosmic-lime-bullfinch,2105452614305620471,,false,
2105618150700024004,1790853462278,celebrated-ocean-seagull,2105444444489334995,1423105342112632832,true,
2105618235068387405,1790853482392,admirable-mangrove-sunbird,2105548198702157861,,true,
2105618497715728727,1790853545012,zappy-winter-thicketbird,2105598674365558839,,true,
2105618956950094027,1790853654503,skillful-moonlight-condor,2105349895553200453,2490427410,false,
2105619045185736779,1790853675539,diligent-brook-thrasher,2105314181679558751,2071140684372066304,true,
2105619140656427158,1790853698302,safe-lake-ostrich,2105490886784328158,1349422734451859456,true,
2105619403861586171,1790853761054,legendary-kiwi-petrel,2105434721631285397,19254614,true,
2105619407208648794,1790853761853,great-mountain-brushturkey,2105373587267846451,430777300,true,
2105619438305148932,1790853769266,cheery-nutmeg-towhee,2105590991847628822,,true,
2105619594916610127,1790853806605,soulful-grassland-swift,2105595886013448464,,true,
2105619661672899009,1790853822521,legendary-kiwi-petrel,2105429967752327632,873724542706962432,true,
2105619725556269187,1790853837751,zappy-winter-thicketbird,2105466475914170393,1660728219299971073,true,
2105619755050906036,1790853844784,magnificent-orchard-kookaburra,2105545227931164771,,true,
2105619888081387660,1790853876502,reliable-highland-finfoot,2105385701927731412,1996956921392496640,true,
2105620081350721616,1790853922580,cheery-nutmeg-towhee,2105602780530434264,,true,
2105620133578453434,1790854277637,cosmic-root-grackle,2105574421809545417,,false,
2105620135478243370,1790853935485,neighborly-rhubarb-chickadee,2105537518322208852,,true,
2105620142432342149,1790853937143,diligent-brook-thrasher,,,,
2105620168453845137,1790853943348,great-mountain-brushturkey,2105501852276273611,2045792307048325120,true,
2105620196341768385,1790853949997,celebrated-ocean-seagull,2105279674872209715,,true,
2105620240667426929,1790853960564,early-cantaloupe-barbet,2105503717932064880,1127424226212794368,true,
2105620546545426662,1790854033492,focused-autumn-siskin,2105604180081868933,,true,
2105620664103162125,1790854061520,distinguished-water-pigeon,2105401763893281001,1259135184,true,
2105620690527236376,1790854067819,cheery-nutmeg-towhee,2105574705373622473,,true,
2105620730486386731,1790854077347,brawny-grassland-parakeet,2105559302291296294,,true,
2105620739659387259,1790854079534,neighborly-rhubarb-chickadee,2105485718021607545,1420141435001741323,true,
2105620775067591124,1790854087976,zappy-winter-thicketbird,2105551665516384348,,true,
2105620801873424840,1790854094367,great-mountain-brushturkey,2105569978678223296,,true,
2105620877773840539,1790854112462,thankful-ice-thrasher,2105580196254691838,,true,
2105620937638805589,1790854126735,great-mountain-brushturkey,2105258864199561645,2059968440157589504,true,
2105620968202740042,1790854134023,focused-autumn-siskin,2105598607013400605,,true,
2105621045801566329,1790854152524,wholesome-raspberry-stilt,2105520688899715264,2054120364205080576,true,
2105621118660772334,1790854169894,diligent-brook-thrasher,2105576128861946338,,true,
2105621158745833482,1790854179452,celebrated-ocean-seagull,2105600777355940274,,true,
2105621400706814432,1790854237139,zappy-winter-thicketbird,2105574511206900024,,true,
2105621501504291182,1790854261171,diligent-brook-thrasher,2105353852576813074,133663801,true,
2105621534434087202,1790854269022,astonishing-twig-peacock,2105241554239840614,2386481797,true,
2105621577698361739,1790854279338,great-tide-heron,2103642293731500450,1427906782739918855,true,
2105621762855915948,1790854934821,cosmic-root-grackle,2105470148064706826,1812324738020052993,false,
2105621826529268073,1790854338663,celebrated-ocean-seagull,2105292936996937834,9633802,true,
2105621902551404881,1790854356788,jubilant-bonsai-flamingo,2105462529312825589,17061821,true,
2105622009304527047,1790854382240,legendary-island-flycatcher,2105439500289618028,1240089607951319042,true,
2105622012010131770,1790854382885,notable-buckeye-guillemot,2105573134024028180,,true,
2105622229388013697,1790854434713,cheery-nutmeg-towhee,,,,
2105622249633964141,1790854439539,neighborly-rhubarb-chickadee,2105394887801901095,1678597982554591233,true,
2105622290838978673,1790854449364,explorative-strawberry-spoonbill,2105488150520898040,855483824351924224,false,
2105622309109170615,1790854453719,diligent-brook-thrasher,2105534323877183796,,true,
2105622433789030823,1790854483445,celebrated-ocean-seagull,2105563740498522603,,true,
2105622526030172347,1790854505437,zappy-winter-thicketbird,2105168565385257127,1985765380808458242,true,
2105622536012578939,1790854507817,great-mountain-brushturkey,2105612157929054274,,true,
2105622782876741690,1790854566674,cheery-nutmeg-towhee,2105594387535204807,,true,
2105622809661620487,1790854573061,dauntless-mangrove-puffleg,2105571344498983227,,true,
2105622893074010232,1790854592947,expressive-cactus-quetzal,2105540210159501528,,true,
2105622932277866505,1790854840612,cosmic-root-grackle,2105576238244942289,,false,
2105623067187667399,1790854634459,great-mountain-brushturkey,2105269731787960717,1551444629412782081,true,
2105623082073288782,1790854966570,cosmic-root-grackle,2105412423197032633,48252327,true,
2105623187111502329,1790854663051,positive-blueberry-lorikeet,2105519403714715782,138073453,true,
2105623220565016722,1790854861721,cosmic-root-grackle,2105615328306704848,,false,
2105623379806167044,1790854708993,knowledgeable-elm-penguin,2105308144415228183,111507170,true,
2105623497808412743,1790854737127,enterprising-peachtree-ostrich,2105241137585791287,2014282700832612352,true,
2105623582890168484,1790854757412,comical-samba-whistler,2105601690057711800,,true,
2105623686208193020,1790854782047,diligent-brook-thrasher,2105490886784328158,1349422734451859456,true,
2105623868945703206,1790854825613,felicitous-grapefruit-nightingale,2105612887477629409,,true,
2105623891075088590,1790855116206,cosmic-root-grackle,2105469905764270164,754488273527943168,false,
2105623901451485190,1790854833364,appreciative-rainforest-swan,2105555172827234687,,false,
2105623907185115620,1790854834731,cheery-nutmeg-towhee,2105565607030608322,,true,
2105624043340652601,1790854867192,zappy-winter-thicketbird,2105606618771841129,,true,
2105624142057787783,1790854890729,alpine-snow-motmot,2105345327767097669,1087259768,false,
2105624196344623264,1790854903671,fashionable-magnolia-bluejay,2105597750393926138,,true,
2105624254708392144,1790854917586,neighborly-rhubarb-chickadee,2105586973826253115,,true,
2105624498120622326,1790854975621,playful-willow-owl,2105607789024264568,,true,
2105624520950223037,1790854981063,diligent-brook-thrasher,2105261209314611590,1985765380808458242,true,
2105624538503323848,1790854985249,cheery-nutmeg-towhee,2105603927274324035,,true,
2105624570204152150,1790854992806,magnificent-orchard-kookaburra,2105608285701427457,,true,
2105624644715708498,1790855010571,diligent-brook-thrasher,2105404627038461993,,true,
2105624720393564587,1790855028615,cool-wind-flameback,2105563771909361780,,true,
2105624935615836298,1790855079927,zappy-winter-thicketbird,2105417415257383264,1966599631900438528,true,
2105625118361760069,1790855123497,neighborly-rhubarb-chickadee,2105583400358731816,,true,
2105625248099930205,1790855154430,neighborly-rhubarb-chickadee,2105378647234183544,1904938935895142400,true,
2105625278537982015,1790855466957,cosmic-root-grackle,2105501962758500466,,false,
2105625320497832329,1790855171690,cheery-nutmeg-towhee,2105594973047366097,,true,
2105625335098474624,1790855495447,cosmic-root-grackle,2105478774267793560,143104075,true,
2105625407970009463,1790855192545,energizing-nutmeg-rooster,2105481187758379141,,true,
2105625672806723695,1790855255687,peaceful-bonsai-lorikeet,2105578406746243249,,true,
2105625778310254891,1790855280841,great-mountain-brushturkey,2105516126637859299,1867922894090588160,true,
2105625856890593550,1790855299576,zappy-winter-thicketbird,2105598711325991143,,true,
2105625915577262298,1790855313568,receptive-cypress-condor,2105297886011363429,,true,
2105626043658698982,1790855344106,diligent-brook-thrasher,2105397811525071169,1526926261607706624,true,
2105626122050293800,1790855362795,congenial-rosewood-spurfowl,2105488150520898040,855483824351924224,false,
2105626235875291417,1790855389933,courageous-seashore-woodpecker,2105277984194093498,2354048413,true,
2105626262332924280,1790855396241,magnificent-orchard-kookaburra,2105557391400223140,,true,
2105626363323424999,1790855420319,diligent-brook-thrasher,2105262913879425066,1830527313143848960,true,
2105626440116879861,1790855438628,cheery-nutmeg-towhee,2105563072442368297,,true,
2105626702109954524,1790855501093,mannerly-creek-bushbird,2105594989891699186,,true,
2105626792233189814,1790855522579,inquisitive-cantaloupe-wheatear,2105588898307231802,,true,
2105626805772091871,1790855525807,tranquil-iceberg-puffbird,2105320299315269919,2747491411,false,
2105626844288504247,1790855534990,great-mountain-brushturkey,2105399116591473004,1438495497187102730,true,
2105626849581965816,1790855536253,polite-rose-sparrow,2105594273408434352,,true,
2105627118734364978,1790855600423,celebrated-ocean-seagull,2105477358040023279,492566290,true,
2105627204059041887,1790855620767,sparkly-fjord-sandgrouse,2105446247930970186,712446730856505345,true,
2105627230349013282,1790855627034,zappy-winter-thicketbird,2105335834555687181,1341934022918811649,true,
2105627270228717699,1790856014061,cosmic-root-grackle,2104830501416784142,1924685935985516544,true,
2105627296447000637,1790855642794,empowering-roots-spoonbill,2105603927274324035,,true,
2105627636437229636,1790855723854,assuring-water-owl,2105344152242438639,2069450272615649280,false,
2105627829300068586,1790855769836,yielding-honeydew-crow,2029851764107923898,1164511352368406528,true,
2105627912405737644,1790855789649,great-mountain-brushturkey,2105623848041505269,,true,
2105627942432784457,1790855796808,zappy-winter-thicketbird,2105412461335621968,,true,
2105628033176805396,1790855818443,wholesome-raspberry-stilt,2105418082219065807,,true,
2105628164915397099,1790855849852,inquisitive-avocado-conebill,2105352464299852026,337611162,true,
2105628265331216580,1790855873793,neighborly-rhubarb-chickadee,2105608245524177199,,true,
2105628312613617899,1790855885067,enchanting-walnut-oriole,2105432417532059826,1932165201677406208,true,
2105628380154450198,1790855901169,neighborly-rhubarb-chickadee,2105532119749427476,1635016238454775808,true,
2105628517530583320,1790855933922,diligent-brook-thrasher,2105400347304878370,,true,
2105628564540256519,1790855945130,neighborly-rhubarb-chickadee,2105565145149673881,,true,
2105628675605430291,1790855971611,precious-mountain-lark,2105347935198195938,,true,
2105628883428974796,1790856021160,frolicsome-peanut-rooster,2105620712295670190,,true,
2105628961329828048,1790856039732,captivating-desert-bushbird,2104774193871253995,24127811,true,
2105629019399938397,1790856053577,innovative-river-lory,2105397172590326269,24127811,true,
2105629097296642387,1790856072149,shining-sea-chickadee,2105337382996209965,984287239348908032,true,
2105629181421731948,1790856092207,celebrated-ocean-seagull,2105341764462870751,2510374854,true,
2105629226770559270,1790856103018,diligent-brook-thrasher,2105478783297790212,1799914397176934401,true,
2105629348258623721,1790856131983,great-mountain-brushturkey,2105614341525606860,,true,
