Note ID,Created at,Alias,Tweet ID,User ID,Misleading,Helpful
2094575991704490049,1788220806419,loyal-watermelon-partridge,2094307335237951713,1901793039766413312,true,true
2094576256477966816,1788220869546,strategic-hillside-partridge,2094424974815609094,493980491,true,
2094576469166977360,1788220920256,affable-olive-whistler,2094554507439149315,,true,
2094576578181157059,1788220946246,diligent-brook-thrasher,,,,
2094576602747138234,1788220952104,animated-ridge-waxbill,2094459583162905013,1528943647185678336,true,
2094576729352269936,1788220982288,celebrated-ocean-seagull,2094459583162905013,1528943647185678336,true,
2094576979831923159,1788221042008,active-forest-jacana,2094574678203613644,537709549,true,
2094576999276662873,1788221046643,,2094500606329368921,1499802552912818181,true,
2094577066913997227,1788221062770,majestic-water-bushlark,2094032389609766961,1428911804781056004,true,
2094577247743045989,1788221105882,cheery-nutmeg-towhee,2094517880633122995,898410182505488389,true,
2094577346346996215,1788221129392,great-mountain-brushturkey,2094217677506044230,1497631934993907730,true,
2094577358770676016,1788221281857,cosmic-root-grackle,,,,
2094577391393792162,1788221140132,balanced-mint-seabird,2094445975846650147,2035092939253456898,true,
2094577451284226131,1788221154410,animated-ridge-waxbill,2094444850393284858,2431258854,true,true
2094577491159425039,1788221163917,zappy-winter-thicketbird,2094432521413181657,2035463129099046912,true,
2094577664971702580,1788221205357,nice-acorn-albatross,2094180556582109481,764955412646891520,true,
2094577770567188661,1788221230533,philosophical-berry-brushturkey,2094418222229455048,,true,true
2094577775206183222,1788221231640,neighborly-rhubarb-chickadee,2094496766485987824,1720901078,true,
2094578184054251961,1788221329116,diligent-brook-thrasher,,,,
2094578250357882954,1788221344924,enthusiastic-tree-parrot,2094059149503914175,1446918442989277185,true,
2094578304074359206,1788221357731,philosophical-berry-brushturkey,2094531843215499530,36201559,true,false
2094578413184913894,1788221383746,celebrated-ocean-seagull,2094442822170808495,1686519586026635264,true,
2094578441563619555,1788221390512,cheery-nutmeg-towhee,,,,
2094578510383685783,1788222025791,cosmic-root-grackle,2094008185195725048,91416107,false,
2094578518470606979,1788221408847,understanding-almond-goldfinch,2094211496628957213,1459694066271076352,true,
2094578895806734741,1788221498855,great-mountain-brushturkey,2094540199996915802,27721057,true,
2094579097317851346,1788221546855,zappy-winter-thicketbird,2094452653732331842,177101260,true,true
2094579227031122072,1788221577781,determined-boulder-barbet,2094526817893822603,105852422,true,
2094579311776850239,1788221597987,diligent-brook-thrasher,,,,
2094579371876970741,1788221612315,neighborly-rhubarb-chickadee,2094383129611923929,1872966888541523968,true,
2094579373760192874,1788221612765,celebrated-ocean-seagull,2094383129611923929,1872966888541523968,true,
2094579593349038212,1788221665118,encouraging-willow-cuckoo,2094002438466650239,1808487826058813440,true,
2094580393663922278,1788221855928,diligent-brook-thrasher,2094570504011026623,1743648563878383616,true,
2094580607602827635,1788221906935,celebrated-ocean-seagull,2094564709596905489,1318303792379662337,true,
2094580812402298916,1788221955763,cheery-nutmeg-towhee,2094526449608699935,1810637345026379776,true,true
2094581473865031969,1788222113469,great-mountain-brushturkey,2094577661926396167,952535734971281408,true,
2094581652529774763,1788222156065,neighborly-rhubarb-chickadee,2094437818852409736,784921318651207680,true,
2094581746905874925,1788222178567,diligent-brook-thrasher,,,,
2094581771086033407,1788222184332,distinctive-apricot-tanager,2094140446414868819,1834279909381865472,true,
2094581871283671310,1788222208220,frank-citrus-flamingo,2094515064334172511,1200616796295847936,true,
2094581913247781173,1788222218225,heartwarming-passionfruit-pratincole,2094145307097334243,1527003021686849539,true,
2094582208669286558,1788222288659,majestic-water-bushlark,2094228677978440032,1428911804781056004,true,
2094582280136032739,1788222305698,celebrated-ocean-seagull,2094453703923097675,1771300744601214976,true,
2094582433798816249,1788222342334,prodigious-granite-duck,2094531843215499530,36201559,false,
2094582577227010301,1788222376531,cheery-nutmeg-towhee,2094484832575177113,,true,true
2094582687944134857,1788222402927,great-mountain-brushturkey,2094334838384083036,,true,
2094582763139535084,1788222420856,glamorous-sun-parrot,2094494143640707441,13049362,true,
2094582795620512145,1788222428599,inventive-park-partridge,2092600973067968624,1996148024436031489,true,
2094582833096413391,1788222437534,vibrant-leaf-crow,2094550055562690976,1202854989158375425,true,false
2094582910355755373,1788222455954,vivacious-eucalyptus-grassbird,2094463317616070860,1848212428439334912,true,
2094582983357329913,1788222473360,cheery-nutmeg-towhee,2094569542815002832,1972726986851139584,true,
2094582984955298017,1788222644237,cosmic-root-grackle,2094443944213946793,288277167,false,
2094582985416744961,1788222473850,zappy-winter-thicketbird,2094569542815002832,1972726986851139584,true,
2094583127620665441,1788222507754,philosophical-mist-brushturkey,2094128660387111115,166990746,true,
2094583426179281341,1788222578936,neighborly-rhubarb-chickadee,2094534207557230887,1446932839778250754,true,
2094583557062623258,1788222610142,diligent-brook-thrasher,2094498653004030307,1762118271187243008,true,
2094583613711102452,1788222623647,unique-peach-treerunner,2094132310241079505,257196512,false,
2094583662675140985,1788222635321,celebrated-ocean-seagull,2094404120266289258,1126832798919213062,true,
2094583781134876689,1788222663564,cheery-nutmeg-towhee,,,,
2094583867709534628,1788222684205,great-mountain-brushturkey,2094417719185535306,1565118679695691778,true,
2094584055362932979,1788222728945,rollicking-bonsai-redstart,2094191319358829009,579365228,false,
2094584149864484907,1788222751476,zappy-winter-thicketbird,,,,
2094584153815564718,1788222752419,neighborly-rhubarb-chickadee,2094386911901044873,996452677,true,
2094584475954860070,1788222829222,diligent-brook-thrasher,2094554669381271585,1644425579498983425,true,true
2094584633060909424,1788222866680,courteous-park-duck,2094566738419417476,1796392828966215680,false,
2094584886736642277,1788222927160,celebrated-ocean-seagull,2094482906848608429,,true,
2094584935638040617,1788222938819,great-mountain-brushturkey,2094488012298019294,708759939053965313,true,
2094584968521588914,1788222946659,explorative-olive-bluebird,,,,
2094585040940261397,1788222963926,affable-olive-whistler,2094113046520119394,1558830224531369984,true,
2094585067968336090,1788222970369,exciting-hill-hornbill,2094554351217914048,355976043,true,true
2094585115816951946,1788222981777,mindful-lowland-grackle,2094297733481853240,1974379426142961664,true,
2094585208506884330,1788223003877,cheery-nutmeg-towhee,2094556440182878257,,true,
2094585417228042585,1788223178505,cosmic-root-grackle,,,,
2094585567052787818,1788223089360,great-mountain-brushturkey,2094472762811195785,2094457417215950848,true,
2094585580529078487,1788223092574,zappy-winter-thicketbird,2094521632844915176,1494072723001286658,true,
2094585583267991710,1788223093227,zappy-winter-thicketbird,,,,
2094585585155596513,1788223093676,patient-rainfall-bluejay,2094490228350140731,1731773353915039744,true,
2094585585599950992,1788223093782,cheery-nutmeg-towhee,,,,
2094585638582436276,1788223106414,classy-juniper-crimsonwing,2094513733444005924,43963122,true,
2094585774868246826,1788223138907,terrific-juniper-grosbeak,2094402793683497101,1491197288496218120,true,
2094585924399095821,1788223174558,heartwarming-passionfruit-pratincole,2094320897439989922,1745986796712812544,true,
2094585929738445231,1788223175832,great-mountain-brushturkey,,,,
2094585941914485234,1788223178734,zappy-winter-thicketbird,2094547960969240674,1495887211459457031,true,true
2094585950605046259,1788223180806,neighborly-rhubarb-chickadee,2094529827264946554,2047582996224688128,true,
2094586045119516798,1788223203341,diligent-brook-thrasher,2094190500119027750,1791562790664019968,true,
2094586065742897368,1788223208258,entertaining-chestnut-firetail,2094447806249337339,941109840352563200,false,false
2094586328998728100,1788223271022,zestful-lake-logrunner,2094550055562690976,1202854989158375425,false,
2094586379028361583,1788223282951,temperate-peat-wheatear,2094258804968009748,2040357171863371776,true,
2094586386728845329,1788223284787,celebrated-ocean-seagull,2094534570544644280,1519385353660080129,true,
2094586432694403349,1788223295745,brawny-blossom-thrush,2094469351797854424,113494390,true,
2094586446187270388,1788223298963,cheery-nutmeg-towhee,,,,
2094586699183464890,1788223359281,great-mountain-brushturkey,2094558808584446246,2066947618178015232,true,
2094586805504839826,1788223384631,zappy-winter-thicketbird,2094222116354703643,1968704539789295616,true,
2094586931099402339,1788223414574,colorful-root-penguin,2094522926615957898,,true,
2094587062129160407,1788223445814,neighborly-rhubarb-chickadee,2094479343456080322,2086335002287964160,true,
2094587066298318975,1788223446808,diligent-brook-thrasher,2094391534544110064,1428478016611622919,true,
2094587069263655237,1788223447515,gleeful-pecan-songbird,2094553520318157016,1240801003181690884,true,
2094587252559188132,1788223491217,contemporary-seedlings-bulbul,2094313604451631399,1614987288299339777,true,
2094587478220878256,1788223545018,bookish-ocean-duck,2094539895310037083,758264276,true,
2094587584957792642,1788223570467,friendly-flower-crane,2094566377986367738,170302283,true,
2094587649675927649,1788223710068,cosmic-root-grackle,2094395480948023791,374712154,false,
2094587980195549456,1788223664698,legendary-vine-bittern,2089893926237024532,1111063667523481602,true,
2094588017948205564,1788223673700,celebrated-ocean-seagull,2094484755240857929,2015877126826643456,true,
2094588089767461227,1788223690822,sensible-frost-fantail,2094311072153112875,2089712683033718784,true,
2094588335968694735,1788223749522,cheery-nutmeg-towhee,2094436051146183092,2031489719599587328,true,true
2094588456173539334,1788223778181,magnanimous-sandalwood-meadowlark,2094563197177208866,,true,true
2094588819525841064,1788223864811,great-mountain-brushturkey,2094429721002221572,1706267389,true,
2094588836563279987,1788223868872,loyal-leaf-kite,2094547069834842162,9075022,true,
2094588920960856569,1788223888994,realistic-bonsai-cuckoo,2094567422124585383,,true,
2094589029782028390,1788223914939,limber-beach-quail,2094549790931791925,1985408878264401922,true,
2094589104679694428,1788223932796,zappy-winter-thicketbird,2094429374221291832,993408059325255680,true,
2094589376676204845,1788223997645,incredible-coconut-flowerpecker,2094548704627695893,,true,
2094589471199203702,1788224020181,wise-kelp-pelican,2094403668225454493,1469916575545556993,true,
2094589581501047273,1788224046480,magnanimous-sandalwood-meadowlark,2094430146266869794,,true,
2094589725252141290,1788224080752,neighborly-rhubarb-chickadee,2094503533978828926,1288146459968172032,true,
2094589834639655389,1788224106833,diligent-brook-thrasher,,,,
2094589867225407579,1788224309925,cosmic-root-grackle,2090085291159699795,1153427982549233666,true,
2094589981658370161,1788224141884,mellow-freshwater-warbler,2094538169257513162,1917798038766006272,true,true
2094590062533173721,1788224161166,encouraging-sky-towhee,2094264637680410727,341296862,true,
2094590099295969644,1788224169932,shimmering-root-stork,2094455947213090887,1688956053801644050,true,
2094590157231923494,1788224183744,celebrated-ocean-seagull,2094550755369742416,1894259133991587846,true,
2094590160973267447,1788224184636,cheery-nutmeg-towhee,,,,
2094590175745581363,1788224188158,great-mountain-brushturkey,,,,
2094590381291876830,1788224237164,reserved-fir-tern,2092321304326357024,2027938670041567232,true,
2094590496890880414,1788224264725,active-brook-quetzal,2094533124323529070,1841181851538636806,true,
2094590639367127172,1788224298694,zappy-winter-thicketbird,2094519844292927810,2064899164996059136,true,
2094590778471227426,1788224497428,cosmic-root-grackle,,,,
2094591075176337742,1788224402599,neighborly-rhubarb-chickadee,2094450517992997119,,true,true
2094591155602133043,1788224421775,precious-petal-peacock,2094297733481853240,1974379426142961664,false,
2094591179136610782,1788224427385,marvelous-autumn-jacana,2094496544934302006,40777044,true,
2094591346380034079,1788224467259,diligent-brook-thrasher,2094550416688054623,53189543,true,true
2094591517922848819,1788224508159,celebrated-ocean-seagull,2094055794803343389,95800377,true,
2094591606829523161,1788224529355,neighborly-rhubarb-chickadee,2094542851509985280,1785962506298560512,true,
2094591663070982212,1788224542765,diligent-brook-thrasher,2094313604451631399,1614987288299339777,true,
2094591947222466572,1788224610511,strong-sun-wigeon,2094475033775386810,1270647493164924928,true,
2094591961281818658,1788224613863,distinctive-forest-firefinch,2094517095803306436,1994212612557688833,true,
2094592198490882180,1788224789931,cosmic-root-grackle,,,,
2094592207005081665,1788224672448,agile-vine-bunting,2094533124323529070,1841181851538636806,false,
2094592441596981683,1788224728379,sensible-frost-fantail,,,,
2094592548849193174,1788224753950,cheery-nutmeg-towhee,,,,
2094592599579631736,1788224766045,brave-cove-pheasant,2094313604451631399,1614987288299339777,true,
2094592602179878967,1788224766665,great-mountain-brushturkey,2094342492468494653,2001004094383906817,true,
2094592657314001137,1788224779810,celebrated-ocean-seagull,2094435402417344634,1825757098807803904,true,
2094592659692089618,1788224780377,zappy-winter-thicketbird,2094435402417344634,1825757098807803904,true,
2094592870720110715,1788224830691,neighborly-rhubarb-chickadee,2094373002901356972,2066944370931298304,true,
2094592973698728236,1788224855242,diligent-brook-thrasher,2094572561963118857,2032877151561596928,true,
2094593324338311197,1788224938841,lively-slope-ostrich,2094382925575823778,2009835628410875908,true,
2094593392554447139,1788224955105,celebrated-ocean-seagull,2094499913342029849,1803343357608919040,true,
2094593455020191753,1788224969998,cordial-bonsai-bulbul,2094567717118369866,,true,
2094593687934153039,1788225025530,cheery-nutmeg-towhee,2094333936583225361,,true,
2094593874110853146,1788225069917,great-mountain-brushturkey,2094585964374958575,,true,
2094593884550557955,1788225072407,zappy-winter-thicketbird,,,,
2094594013764460689,1788225103213,neighborly-rhubarb-chickadee,2094479225101373770,233173466,true,
2094594113425350834,1788225126974,diligent-brook-thrasher,,,,
2094594251237605879,1788225159831,wholesome-riverbank-lorikeet,2094418078348333112,,true,
2094594255323058548,1788225160805,meticulous-winter-quail,2094372741558464672,,true,
2094594385807597586,1788225191915,funny-rainfall-conure,2092901993681502460,1575559665294909441,true,
2094594546189410395,1788225230153,creative-oak-goshawk,2094063782628577631,3437144488,false,
2094594610290950572,1788225245436,easygoing-island-parrotlet,2094487633724391526,1115354961838137344,true,
2094594728113156131,1788225273527,celebrated-ocean-seagull,2094505104439496974,1099579684981944320,true,
2094594836141678932,1788225299284,motivated-grassland-hawk,2094518530754416859,96951800,true,false
2094594933088821517,1788225322397,content-holly-cardinal,2094582860007236034,,true,
2094594986339606633,1788225335093,graceful-peachtree-sparrowhawk,2094320897439989922,1745986796712812544,true,
2094595056619438370,1788225351849,cheery-nutmeg-towhee,2094486806016274866,2075230685107740672,true,
2094595313247903796,1788225413034,contemporary-leaf-cuckoo,2093715069666218479,1943322352194064387,true,
2094595319950680090,1788225414632,positive-lemon-curassow,2094539895310037083,758264276,false,
2094595338497609961,1788225419054,stunning-wildflower-pigeon,2094539895310037083,758264276,true,
2094595349478625655,1788225421672,authentic-cherry-seabird,2094496766485987824,1720901078,true,
2094595386036167052,1788225430388,cosmic-peat-hawk,2094423846002872540,1173259891286392832,true,true
2094595431648956844,1788225441264,animated-ridge-waxbill,2094496766485987824,1720901078,true,
2094595437986509114,1788225442775,great-mountain-brushturkey,2094413343146873071,1864485589791260672,true,
2094595477782011957,1788225452262,zappy-winter-thicketbird,2094568871969566825,972356335844184064,true,
2094595523915231356,1788225463261,neighborly-rhubarb-chickadee,2094503391305372009,2080127170803101696,true,
2094595695533588502,1788225504178,diligent-brook-thrasher,2094433357308535160,,true,
2094595695953297688,1788225504278,cheery-rainfall-mousebird,2094571166341963893,1261335549215989760,true,
2094595784620556377,1788225525418,celebrated-ocean-seagull,2094536683819549139,2032832046842667008,true,
2094595790039617973,1788225526710,cheery-nutmeg-towhee,2094535091435503901,1638544323536130049,true,
2094595821790486750,1788225534280,great-mountain-brushturkey,,,,
2094595839805293004,1788225538575,magical-cove-murrelet,2094496341586215134,,true,
2094595868766691411,1788225545480,articulate-marmalade-owl,2094424974815609094,493980491,false,
2094596013784756597,1788225580056,masterful-frost-hillstar,2094262836872782231,2047801739844231168,true,
2094596058626261189,1788225757734,cosmic-root-grackle,2094516530255949954,1344356576786866176,true,
2094596333671780496,1788225656323,great-mountain-brushturkey,2094568791762215155,1250830691824283648,true,
2094596460075512044,1788225686459,zappy-winter-thicketbird,2094589335374803011,,true,
2094596519676592281,1788225700669,neighborly-rhubarb-chickadee,2094562673103114622,2001316254226042881,true,true
2094596539490484229,1788225705394,diligent-brook-thrasher,,,,
2094596560223183282,1788225710336,brave-cove-pheasant,2094273743564730696,,true,
2094596627772162260,1788225726441,celebrated-ocean-seagull,,,,
2094596690330484762,1788225741357,consistent-spring-flatbill,2094549683565740150,402862978,true,
2094596733451804926,1788225751637,masterful-frost-hillstar,2094381248139682248,1367209793686036482,true,
2094597272734683291,1788225880212,empowered-bonsai-robin,2090702110828732782,1949723142324404224,true,
2094597339117686983,1788225896039,cheery-nutmeg-towhee,2094376137787121929,1707079118012235776,true,
2094597455551615185,1788225923800,efficient-citrus-stilt,2093451603726479645,66525523,true,
2094597666453828015,1788225974082,great-mountain-brushturkey,2094589494309646733,,true,
2094597743465681191,1788225992443,earnest-olive-egret,2094578088650985799,226164214,true,
2094597785957937639,1788226002575,zappy-winter-thicketbird,2094528059009544493,1394478688893296640,true,
2094597879843168701,1788226024958,neighborly-rhubarb-chickadee,2094477238603481328,2031523543691964417,true,
2094597913523700000,1788226032989,adventurous-mango-mockingbird,2094511386529583532,1538230472299270144,true,true
2094597975381307608,1788226047736,relatable-willow-falcon,2094583572007174290,,true,
2094598209180139949,1788226230668,cosmic-root-grackle,2094293054718931115,1867210402527952896,false,
2094598231824961963,1788226108878,neighborly-rhubarb-chickadee,2094333787014414674,1325030405028913153,true,
2094598267308851669,1788226117338,diligent-brook-thrasher,2094470569689292983,3269591084,true,
2094598285814014324,1788226121749,affable-creek-pipit,2094406701906853925,2008977271026274309,true,
2094598291937759394,1788226123209,fun-conifer-bushlark,2094113046520119394,1558830224531369984,false,
2094598340667158964,1788226134827,celebrated-ocean-seagull,2094305702416117832,2017644839173554177,true,
2094598343335047318,1788226135463,lionhearted-leaf-hummingbird,2094338218150056079,2780041957,true,
2094598353430692230,1788226333300,cosmic-root-grackle,2094397492569784464,827308279676141570,true,
2094598423236288911,1788226154513,masterful-frost-hillstar,2094193741066088921,,true,
2094598440659673427,1788226158667,lionhearted-papaya-cotinga,2094422957871292543,1949747945907302400,true,
2094598458493530562,1788226162919,cheery-nutmeg-towhee,2094559404813074518,1379043777273298944,true,true
2094598654233637269,1788226209587,mindful-mist-eagle,2092571043097678128,1646042520391155713,true,
2094598693710442631,1788226341368,cosmic-root-grackle,,,,
2094598876506263576,1788226262581,great-mountain-brushturkey,2094453151919423713,2415348630,true,
2094598999630311784,1788226291937,sensible-frost-fantail,2089338581206942147,,true,
2094599006911430931,1788226293672,zappy-winter-thicketbird,,,,
2094599036796076452,1788226300797,relatable-willow-falcon,2094550174769311783,,true,
2094599133910675796,1788226323951,neighborly-rhubarb-chickadee,2094553767094239616,29349511,true,
2094599190613828028,1788226337470,humorous-ocean-oriole,2094071253598662731,2001704073578582017,true,
2094599237770109290,1788226348713,quick-slope-seabird,2094597566742646946,,true,
2094599255780393026,1788226353007,diligent-brook-thrasher,2094456925253484722,752077698,true,
2094599288953176161,1788226360916,celebrated-ocean-seagull,2094393532333068319,1526966516578758657,true,
2094599375854916010,1788226381635,cheery-nutmeg-towhee,,,,
2094599385728405861,1788226383989,great-mountain-brushturkey,2094548568245739622,,true,
2094599535691440173,1788226568884,cosmic-root-grackle,,,,
2094599653979553922,1788226447945,capable-earth-lovebird,2093772535553036490,,true,
2094599657586335816,1788226448805,zappy-winter-thicketbird,2094506807880524281,2080127170803101696,true,true
2094599793406312513,1788226481188,incomparable-fern-bulbul,2094036893608333600,2086811668349128704,true,
2094600012248326410,1788226533363,neighborly-rhubarb-chickadee,2094564638302126360,1261335549215989760,true,true
2094600035317039503,1788226538863,marvelous-apricot-stilt,2094326273573110061,103688123,true,
2094600136982954243,1788226563103,humorous-ocean-oriole,2094065438170976687,2085082674553896960,true,
2094600142313636014,1788226564373,diligent-brook-thrasher,2094549675911131585,1982990150893182976,true,true
2094600178355314756,1788226572966,consistent-rose-parrotlet,2093995893598892387,1372015934,true,true
2094600183807918257,1788226574267,masterful-frost-hillstar,2094529531587731624,2027843808139087875,true,
2094600212887032115,1788226765965,cosmic-root-grackle,2094554340069679435,1555947147656298497,true,
2094600318562521378,1788226606394,celebrated-ocean-seagull,2094539676027617436,2092387642977488896,true,true
2094600388594864152,1788226623091,cheery-nutmeg-towhee,2094477288666492935,23894637,true,
2094600399013449830,1788226625575,worthy-sand-eagle,2094059149503914175,1446918442989277185,false,
2094600401819459888,1788227136784,cosmic-root-grackle,2094527987177914758,2027843808139087875,true,
2094600425538256935,1788226631899,sincere-frost-wigeon,2093326141495160911,1449649112228384770,true,false
2094600444806926497,1788226636493,great-mountain-brushturkey,2094592340618879390,,true,
2094600545172689183,1788227206849,cosmic-root-grackle,2094525689097752895,2027843808139087875,true,
2094600586171748832,1788226670197,zappy-winter-thicketbird,,,,
2094600635366916505,1788226681926,humorous-ocean-oriole,2094457930779328962,1558366380465987584,true,
2094600637829034402,1788226981803,cosmic-root-grackle,,,,
2094600742048862647,1788226707361,neighborly-rhubarb-chickadee,,,,
2094600848961667517,1788227299348,cosmic-root-grackle,2094525289170939969,2027843808139087875,true,
2094600852858130853,1788226733780,excellent-coconut-bushlark,2094523118379204978,1400110491079434242,true,
2094600871116189939,1788226738133,humorous-ocean-oriole,2094479864099443197,1573310830594195458,true,
2094600912907931923,1788226748097,diligent-brook-thrasher,,,,
2094600916225683538,1788226748889,diligent-brook-thrasher,,,,
2094600939600494602,1788227087477,cosmic-root-grackle,2094525153002827832,2027843808139087875,true,
2094600984911618392,1788226765264,celebrated-ocean-seagull,2094569915432730874,1485301396664725512,true,
2094601019162329418,1788226773430,great-mountain-brushturkey,,,,
2094601029866127869,1788226775982,zappy-winter-thicketbird,2094380931306139763,2176240449,true,
2094601166470713841,1788226808551,humorous-ocean-oriole,2094496341586215134,,true,
2094601202122338514,1788226817051,mindful-mist-eagle,2093347596886786473,249010725,true,
2094601377846882774,1788226858947,humorous-ocean-oriole,2093549708354437486,1573310830594195458,true,
2094601488542597512,1788226885339,gleeful-pecan-songbird,2094588413303574952,1240801003181690884,true,
2094601497745228134,1788227075980,cosmic-root-grackle,2094251137033785635,1689393367833313286,false,
2094601775752139181,1788226953815,fun-conifer-bushlark,2094538218947432511,1477058348700811268,true,
2094601885327962124,1788226979940,neighborly-rhubarb-chickadee,2094391312678076668,1694854809935917056,true,
2094601929645081020,1788226990506,diligent-brook-thrasher,2094575806961844463,2092732440217317376,true,
2094602002642968583,1788227007911,bubbly-pond-auklet,2094432885579321567,1786788375216918528,true,
2094602031415558162,1788227014770,celebrated-ocean-seagull,,,,false
2094602060813541835,1788227021779,cheery-nutmeg-towhee,,,,
2094602089393758212,1788227028593,bubbly-pond-auklet,2081648042231644608,1786788375216918528,true,
2094602101762433482,1788227031542,great-mountain-brushturkey,2094478498224386426,1579460970610663426,true,
2094602107332530587,1788227032870,zappy-winter-thicketbird,2094579909314191366,1519507260,true,
2094602109312184714,1788227033343,celebrated-ocean-seagull,2094579909314191366,1519507260,true,
2094602148910653638,1788227042783,expressive-kelp-crake,2094548062215541065,483950645,true,
2094602167998959795,1788227047335,neighborly-rhubarb-chickadee,2094592281210749233,,true,
2094602216489541794,1788227230860,cosmic-root-grackle,,,,
2094602233891410173,1788227063044,diligent-brook-thrasher,2094585183294943619,2751155403,true,
2094602294033526835,1788227077383,celebrated-ocean-seagull,2094431592928158036,1056537456940646401,true,true
2094602348475891922,1788227090363,profound-field-catbird,2094550174769311783,,true,true
2094602531699638384,1788227134047,cheery-nutmeg-towhee,2094428790906597734,1525539342785159170,true,
2094602619016647017,1788227154865,cheery-nutmeg-towhee,2094579430588826058,1883181981556760576,true,
2094602752051872151,1788227186583,modest-rain-pitohui,2094377003663098243,1846310234002018306,true,
2094602907706446272,1788227223694,great-mountain-brushturkey,2094442396499259444,1393193445246660611,true,
2094602919723340163,1788227226559,patient-peach-ibis,2094523118056509803,3530404094,true,
2094602963377598608,1788227236967,skillful-rose-nightjar,2094275302516207676,1222099995060391939,false,
2094602983036035116,1788227241654,neighborly-rhubarb-chickadee,2094355441417347182,,true,
2094603081581216020,1788227265149,innovative-persimmon-parrotlet,2094396363564073343,1958820179326246913,true,
2094603104863813655,1788227270700,marvelous-cherry-peafowl,2094455285565866400,18391051,true,
2094603128037401064,1788227276225,balanced-orchard-albatross,2094487633724391526,1115354961838137344,true,
2094603154214035643,1788227282466,diligent-brook-thrasher,2094581541016154157,914137592987340800,true,true
2094603172593463692,1788227286848,marvelous-cherry-peafowl,2094475687365103630,1139217161275101184,true,
2094603179551822108,1788227288507,celebrated-ocean-seagull,2094493742443188366,2069079032986226688,true,
2094603217715773577,1788227297606,marvelous-cherry-peafowl,2094357732409450603,840917576,true,
2094603220937240951,1788227298374,patient-peach-ibis,2094414019931378024,1525305912155459584,true,
2094603240851517620,1788227303122,motivating-sunflower-hummingbird,2094534006809227712,1448762998840074240,true,
2094603291120325070,1788227315107,cheery-nutmeg-towhee,2094587768575762853,2077727354512613376,true,
2094603298322210960,1788227316825,winning-marble-drongo,2094569915432730874,1485301396664725512,false,false
2094603449170366635,1788227352789,orderly-leaf-heron,2094535664381341803,1491856780263149570,true,true
2094603522557800763,1788227370286,great-mountain-brushturkey,2094396952871899561,36730901,true,
2094603527129530485,1788227371377,zappy-winter-thicketbird,2094504318862778806,3305886605,true,
2094603556607168825,1788227378404,mesmerizing-dune-bulbul,2094379974878765381,759356536724525056,true,
2094603648089133239,1788227400215,neighborly-rhubarb-chickadee,2094421942065340594,800433144407068672,true,
2094603743778177216,1788227423029,mindful-mist-eagle,2094433357308535160,,true,
2094603818142978322,1788227440759,great-mountain-brushturkey,2094388695822434526,,true,
2094603843879510453,1788227446896,likable-savanna-mockingbird,2076961229420294640,1557924257455558657,false,
2094603875688784130,1788227454480,diligent-brook-thrasher,2094573579954192588,1803397355544137729,true,
2094603885612507567,1788227456845,celebrated-ocean-seagull,2094592016243925354,,true,
2094603896815493497,1788227459516,transcendent-harvest-songlark,2094500928850387073,6681172,true,
2094603910937731148,1788227462883,zappy-winter-thicketbird,2094525689097752895,2027843808139087875,true,
2094603962552873239,1788227475189,remarkable-poplar-woodpecker,2094573850583318923,51263592,true,
2094603972330098956,1788227477520,transcendent-harvest-songlark,2094259518544736677,1651335692184694790,true,
2094604058510123198,1788227498067,,2094581597877993555,189305014,true,false
2094604075903942829,1788227502214,cheery-nutmeg-towhee,2094527987177914758,2027843808139087875,true,
2094604107705188716,1788227509796,shining-seedlings-owl,2094504094266282184,299273962,true,
2094604150638072213,1788227520032,zappy-winter-thicketbird,2094525658148053493,2027843808139087875,true,
2094604208930500813,1788227533930,shining-seedlings-owl,2094444850393284858,2431258854,true,
2094604298545959172,1788227555296,shining-seedlings-owl,2094409953343639775,2049325768619053056,true,
2094604363134054519,1788227570695,neighborly-rhubarb-chickadee,2094554340069679435,1555947147656298497,true,
2094604384093024602,1788227575692,shining-seedlings-owl,2094460469926907956,45840174,true,
2094604567820550520,1788227619497,enlightened-seawater-skylark,2094567321285390355,1083438237006188551,false,
2094604572895424592,1788227620706,easygoing-island-parrotlet,2094132310241079505,257196512,true,
2094604596748382699,1788227626393,neighborly-rhubarb-chickadee,2094442396499259444,1393193445246660611,true,
2094604623176683772,1788227632695,diligent-brook-thrasher,2094573456440389915,1261335549215989760,true,
2094604678616994074,1788227645912,diligent-brook-thrasher,2094434535479931122,1482321655225536515,true,
2094604711185850724,1788227653677,cheery-nutmeg-towhee,2094526049875116364,2027843808139087875,true,
2094604750415356191,1788227663030,humorous-ocean-oriole,2094362076865008076,,true,
2094604759001178158,1788227665077,phenomenal-cave-pelican,2094293960999190807,706082299,true,true
2094604762503344610,1788227665912,realistic-juniper-egret,2094565038657011728,,true,
2094604787882832058,1788227671963,zappy-winter-thicketbird,2094525153002827832,2027843808139087875,true,
2094604802642567600,1788227675483,animated-ridge-waxbill,2094409953343639775,2049325768619053056,true,
2094604808082669784,1788227676779,celebrated-ocean-seagull,2094222116354703643,1968704539789295616,true,
2094604859190149191,1788227688965,neighborly-rhubarb-chickadee,2094500179038888236,1388733612376301569,true,
2094604861216108551,1788227689447,diligent-brook-thrasher,2094525289170939969,2027843808139087875,true,
2094605135188046064,1788227754767,confident-harvest-meadowlark,2094558257037631778,2073557155488440320,true,
2094605640882659563,1788227875334,celebrated-ocean-seagull,,,,
2094605660986253354,1788227880127,informative-sea-heron,2094471935493034048,1906763550623993856,true,
2094605765596094514,1788227905068,cheery-nutmeg-towhee,2094433591203938801,249010725,true,
2094605801780289562,1788227913695,great-mountain-brushturkey,2094589519345430858,,true,
2094605982357684310,1788228117673,cosmic-root-grackle,2094420968299012340,17995040,false,
2094606055221363012,1788227974120,mindful-mist-eagle,2094335472042656212,3846141016,true,true
2094606056039039003,1788227974315,zappy-winter-thicketbird,2094427047183417657,1649757273487548418,true,
2094606094052335802,1788228179824,cosmic-root-grackle,2093777729023819904,1427686715964248069,true,
2094606101056749870,1788228513178,cosmic-root-grackle,2094574868163596620,2708048546,false,
2094606134871240748,1788227993110,sensible-frost-fantail,2094567321285390355,1083438237006188551,true,
2094606144039993378,1788227995296,lionhearted-papaya-cotinga,2093579401858322456,2045747903034228736,true,
2094606258594566378,1788228022609,neighborly-rhubarb-chickadee,,,,
2094606399766716484,1788228462108,cosmic-root-grackle,,,,
2094606406976405899,1788228057985,diligent-brook-thrasher,2094589308455846087,,true,
2094606494016647181,1788228078737,celebrated-ocean-seagull,2094598128938758620,,true,
2094606580943552530,1788228099463,blooming-reef-osprey,2094571166341963893,1261335549215989760,false,
2094606589571354631,1788228101519,terrestrial-woodland-sunbird,2093402109358084150,1964752850430398465,true,
2094606781372678560,1788228147248,cheery-nutmeg-towhee,,,,
2094606801111322646,1788228460810,cosmic-root-grackle,2094531843215499530,36201559,false,
2094607127235228022,1788228229709,brave-cove-pheasant,2094334838384083036,,true,
2094607570900304263,1788228335486,miraculous-tide-wren,2094606737928253476,1635521299308244997,true,
2094607652026212838,1788228354828,humorous-watermelon-ostrich,2094441807736082581,80283747,true,
2094607684196852103,1788228362498,curious-rain-tern,2094079483808752024,1292085047109926913,false,
2094607702852882789,1788228366947,great-mountain-brushturkey,2094580530247348352,2003451532378066944,true,
2094607867789877472,1788228406270,miraculous-tide-wren,2094144176116113674,1635521299308244997,true,
2094607960202731955,1788228428304,zappy-winter-thicketbird,2094565615755489594,,true,
2094608085130039512,1788228458088,brainy-summer-mallard,2094506305885196360,1010274287591161856,true,
2094608245994234027,1788228496441,poised-apricot-condor,2094505049359630525,27703690,true,
2094608272003154187,1788228827963,cosmic-root-grackle,2094593108755562927,1518709627927633920,true,
2094608294719734163,1788228676606,cosmic-root-grackle,,,,
2094608304299266071,1788228510342,imaginative-earth-catbird,2094505049359630525,27703690,true,
2094608463179772015,1788228723110,cosmic-root-grackle,,,,
2094608514895298939,1788228560552,musical-wildflower-partridge,2094545836281667901,1494658207,true,
2094608580045316246,1788228576085,neighborly-rhubarb-chickadee,,,,
2094608593618415746,1788228579321,talented-desert-thicketbird,2094599926709624936,,true,
2094608667102322794,1788228596841,electric-papaya-sunbird,2094597244771033540,49849732,true,
2094609024591319494,1788228682073,keen-lake-puffbird,2094607099049242833,230772802,true,
2094609029863751951,1788228683330,ecstatic-petal-pitohui,2094485769448485289,288277167,false,
2094609086319087746,1788228696790,amazing-hazelnut-macaw,2072010285158686998,228709473,true,
2094609159614353485,1788228714266,diligent-brook-thrasher,2094460685820231778,43913978,true,
2094609250110820839,1788228735842,mindful-mist-eagle,2094567321285390355,1083438237006188551,true,
2094609377437065336,1788228766198,celebrated-ocean-seagull,2094200937485332750,1371117517062561798,true,true
2094609440754507880,1788228781295,empowered-bonsai-robin,2093269224965984636,886535108374675456,true,
2094609472047964325,1788228788756,amazing-lychee-rooster,2094410918964965530,2062149797906464768,true,true
2094609630383026592,1788228826505,cheery-nutmeg-towhee,,,,
2094609702730584522,1788228843754,sensible-olive-flatbill,2094518530754416859,96951800,false,
2094609713346588926,1788228846285,fearless-daylight-mockingbird,2094605071078109559,,true,
2094610020113502445,1788228919424,great-mountain-brushturkey,,,,
2094610212745515300,1788228965352,gentle-orchard-turkey,2094548544770490478,1141196330745782274,true,true
2094610577507164644,1788229052317,commendable-frost-whistler,2094436712805982535,221241557,true,
2094610735095525817,1788229089889,aquatic-autumn-grackle,2094484814585823385,1849601616644546560,true,
2094610765625852055,1788229097168,zappy-winter-thicketbird,2094542746958655736,1570680858717159424,true,
2094610807476633943,1788229107147,neighborly-rhubarb-chickadee,,,,
2094611013492715927,1788229156264,careful-daylight-hummingbird,2094221882598072421,1971208968874930176,true,
2094611035755892921,1788229161572,cheery-nutmeg-towhee,,,,
2094611117133721837,1788229180974,diligent-brook-thrasher,,,,
2094611133608940028,1788229352518,cosmic-root-grackle,2094542556193493006,1879644163769335808,false,
2094611202802626851,1788229201400,inventive-grove-redstart,2094576580613857490,1087640384975577089,false,
2094611204480110604,1788229201799,limber-wind-siskin,2094476767813886435,2027843808139087875,true,
2094611311627808987,1788229227345,driven-rain-bulbul,2094558416257577253,1645075324395311105,true,
2094611361561207130,1788229239251,enthralling-valley-nighthawk,2094474453338005920,1849601616644546560,true,
2094611464955076900,1788229552119,cosmic-root-grackle,2094593108755562927,1518709627927633920,false,
2094611635092537649,1788229304466,celebrated-ocean-seagull,,,,
2094611723693249017,1788229325589,peaceful-freshwater-triller,2094462356805796141,2061938589487845376,true,
2094611760527343685,1788229334372,superb-hillside-mallard,2094593108755562927,1518709627927633920,false,
2094611885429490028,1788229364150,shining-kelp-egret,2094569240284291473,1046315215,true,false
2094611911086092637,1788229370267,goodhearted-cliff-penguin,2094475312876663254,3315264553,true,true
2094611912751292506,1788229868394,cosmic-root-grackle,,,,
2094611938202255546,1788229376732,clever-bamboo-grebe,2094459799089913925,1753519673155387392,true,
2094612110160363923,1788229417730,impeccable-valley-cuckoo,2094280960007450722,2064915339339866112,true,
2094612216460808443,1788229443075,cheery-nutmeg-towhee,2094532894454673463,500019957,true,
2094612257082671129,1788229452759,great-mountain-brushturkey,2094598509546684500,2063880239474696192,true,true
2094612282592682217,1788229458842,convivial-birch-curassow,2094255322991104215,1585065686908669954,true,
2094612461932392672,1788229501599,helpful-grape-macaw,2094563379964710924,1698778977148502016,true,
2094612510347231342,1788229513142,neighborly-rhubarb-chickadee,2094568871969566825,972356335844184064,true,
2094612559932404184,1788229524965,agreeable-oak-seabird,2094169396092469329,4135901687,true,
2094612675720622195,1788229865919,cosmic-root-grackle,2094593108755562927,1518709627927633920,true,
2094612982206480869,1788229625642,diligent-brook-thrasher,2094429616194613478,1305548473907974150,true,
2094613008085360732,1788229631812,celebrated-ocean-seagull,2094554210524123333,1375273179690729474,true,true
2094613093066178604,1788229652073,charitable-harvest-sunbird,2094457014290137534,1767177833984544768,true,
2094613250604142866,1788229689633,great-mountain-brushturkey,2094584825118171153,1318263321745907713,true,
2094613267343630794,1788229693625,tectonic-sapling-treepie,2094579503787814975,1198468995541880834,true,false
2094613317813752313,1788229705657,placid-birch-bluejay,2094040505994576378,1329183391,true,
2094613549821911138,1788229945135,cosmic-root-grackle,2094397492569784464,827308279676141570,false,
2094613569874825332,1788229926049,cosmic-root-grackle,2094122723714666990,45840174,true,
2094613612954313021,1788229776024,tectonic-sapling-treepie,2094598509546684500,2063880239474696192,true,
2094613698157363505,1788229796338,capable-lumber-duck,2094435033649922418,1267748390521225223,true,true
2094613705174478880,1788229798011,cheery-nutmeg-towhee,2094594718604865558,279710472,true,
2094613809650667848,1788229822920,capable-lumber-duck,2094612709291823509,1613207584860737537,true,
2094613912368947310,1788229847410,capable-lumber-duck,2094504276185825323,1179892477714718721,true,true
2094614013451637105,1788229871511,capable-lumber-duck,2094504576284328419,720854836418228224,true,
2094614017797202337,1788229872547,valiant-oak-emu,2094610738736243140,845689249,true,
2094614029230539158,1788229875272,animated-ridge-waxbill,2094597003502293153,275796613,true,
2094614196197449733,1788229915080,capable-lumber-duck,2094523689056575780,142073402,true,
2094614415983190186,1788229967482,great-mountain-brushturkey,2094584125155934399,383247219,true,
2094614533268537453,1788229995444,neighborly-rhubarb-chickadee,2094528059009544493,1394478688893296640,true,
2094614591007580479,1788230009210,compassionate-almond-motmot,2094484263382999131,1750901914936438784,true,
2094614766773772512,1788230051117,diligent-brook-thrasher,,,,
2094614882293317973,1788230078659,cosmic-basswood-nightjar,2094376596861825099,1830302921789259776,false,
2094614999956427080,1788230106711,motivational-snow-bittern,2094591119984148951,21233136,true,
2094615012937494803,1788230109806,animated-ridge-waxbill,2094540253906325869,375721095,true,
2094615072383332779,1788230123979,zappy-winter-thicketbird,2094382428064268778,1588544179130482691,true,
2094615150166757819,1788230142524,observant-peppermint-falcon,2094598890062295258,18927441,true,
2094615358682349836,1788230192239,thankful-wood-thrush,2094597244771033540,49849732,true,
2094615565079851447,1788230241447,civil-wood-goshawk,2093991627467411845,1526928789644750849,true,
2094615570234696130,1788230242677,easygoing-island-parrotlet,2094574868163596620,2708048546,true,false
2094615571438739579,1788230489248,cosmic-root-grackle,2094574868163596620,2708048546,false,
2094615923999101376,1788230327021,neighborly-rhubarb-chickadee,2094564587148366285,,true,
2094615929560670513,1788230328346,tectonic-sapling-treepie,2094389110517453060,258498441,true,
2094615934426403043,1788230329507,worldly-mint-dipper,2094247559879381079,,true,
2094615962158850210,1788230336119,ingenious-jackfruit-goose,2094579503787814975,1198468995541880834,false,
2094616197178261684,1788230392151,diligent-brook-thrasher,2094535941733970247,2091040634039656449,true,
2094616244896800810,1788230403529,impeccable-grapefruit-leaflove,2094496192101261499,2029440600907419648,true,
2094616604659388670,1788230489302,optimistic-earth-penguin,2094349661955834326,1164200820377817092,true,
2094616637517484394,1788230497137,mindful-mist-eagle,2094074873471771039,249010725,true,
2094616643322495368,1788230498520,amiable-forest-egret,2094369036432028021,2077230757018562560,true,
2094616684128817302,1788230508249,lovely-fir-dipper,2094563017715274121,114060003,true,
2094616752487588349,1788230524548,zestful-sycamore-canary,2094372528206606500,1901908424860033024,true,
2094616861434331556,1788230550523,celebrated-ocean-seagull,2094545071831916923,,true,
2094616930711715970,1788230567039,futuristic-lake-pelican,2094587484428476612,1905040712795570176,true,
2094616974789870060,1788230577549,endearing-lowland-towhee,2094187955422150984,1950974737666236416,true,
2094617008994443758,1788230585703,futuristic-lake-pelican,2094587417260871714,1905040712795570176,true,
2094617098169290996,1788230606965,futuristic-lake-pelican,2094587368544014494,1905040712795570176,true,
2094617102653313440,1788230608033,zesty-lumber-bulbul,2081612466916827619,,true,
2094617114564841883,1788230610873,cheery-nutmeg-towhee,2094495871429742951,2070530528458010624,true,true
2094617249038385198,1788230642934,superb-sky-nightingale,2094476781982204310,1850261112920707072,true,
2094617281204531671,1788230835783,cosmic-root-grackle,2094476337364763025,3108351,true,
2094617292201943486,1788230653226,terrific-marble-hummingbird,2094451293267902779,763094579491008512,true,
2094617327199563895,1788230661569,zesty-lumber-bulbul,2094408776917123184,1169253439953502214,true,
2094617352461525098,1788230667592,celebrated-ocean-seagull,2094599511683310002,,true,
2094617478945227063,1788230697748,zesty-lumber-bulbul,2094425500756386239,780440592752922624,true,
2094617485265842451,1788230699256,great-mountain-brushturkey,2094591069178806616,,true,
2094617530593575174,1788230710062,zappy-winter-thicketbird,2094393075393298574,1297868269274054657,true,
2094617567033749645,1788230718750,neighborly-rhubarb-chickadee,2094512089679208777,1868501764082741248,true,
2094617623489040417,1788230732211,smiley-granite-toucan,2094528041837818279,1860759042,true,true
2094617772139610325,1788230959296,cosmic-root-grackle,2094569449370050892,975200486,false,
2094618097344819695,1788230845187,diligent-brook-thrasher,,,,
2094618293051216091,1788231103079,cosmic-root-grackle,2094574868163596620,2708048546,false,
2094618310008598808,1788230895889,celebrated-ocean-seagull,2094516254501486831,1270247766443397132,true,
2094618339502866688,1788230902922,cheery-nutmeg-towhee,,,,
2094618382683242857,1788231245313,cosmic-root-grackle,2094593108755562927,1518709627927633920,true,
2094618453097206123,1788230930005,cheery-nutmeg-towhee,2094460669097599472,,true,
2094618573343740328,1788230958674,experienced-persimmon-whistler,2094482416974844255,2158642935,true,
2094618757305962769,1788231155566,cosmic-root-grackle,,,,
2094618991817826545,1788231058445,great-mountain-brushturkey,,,,
2094619093433262205,1788231082672,zappy-winter-thicketbird,2094556121285713958,1524882641358508032,true,true
2094619358932926810,1788231145972,thrilled-brook-firetail,2094429374221291832,993408059325255680,true,
2094619549412864062,1788231191387,neighborly-rhubarb-chickadee,,,,
2094619696708403623,1788231226504,charming-watermelon-crake,2094486330789056518,,false,
2094620357647040897,1788231384084,personable-seawater-cacholote,2094468759381770349,4239551,true,
2094620407395475464,1788231395945,diligent-brook-thrasher,2094187955422150984,1950974737666236416,true,
2094620450655703195,1788231406259,inventive-avocado-swamphen,2094472544468512901,37375360,true,
2094620602133045341,1788231442374,lionhearted-papaya-cotinga,2094433357308535160,,true,
2094620675923230877,1788231459967,great-mountain-brushturkey,2094582226696524029,,true,
2094620729266380905,1788232035946,cosmic-root-grackle,,,,
2094620753874362508,1788231478552,miraculous-chestnut-sunbird,2094598890062295258,18927441,true,
2094620877149102451,1788231507943,celebrated-ocean-seagull,2094564789817143596,2055151164400783360,true,
2094620902142972337,1788231513902,cheery-nutmeg-towhee,2094505772558307747,129009730,true,
2094621021068206250,1788231542256,great-mountain-brushturkey,2094612247297638760,513361194,true,
2094621072171630763,1788231554441,civil-cedar-firefinch,2094151514046562788,2004068167572930560,true,false
2094621226433962025,1788231591219,civil-cedar-firefinch,,,,
2094621477823758620,1788231651155,zappy-winter-thicketbird,2094592016243925354,,true,
2094621516570689790,1788231660394,neighborly-rhubarb-chickadee,2094573579954192588,1803397355544137729,true,
2094621522446987340,1788231834048,cosmic-root-grackle,2094476337364763025,3108351,true,true
2094621590533427520,1788231678027,happy-creek-thrasher,2077868633758564614,1469916575545556993,true,
2094621618937139295,1788231684799,capable-wood-flamingo,2094325174988329098,1192961513600016384,true,
2094621654852960546,1788231693363,miraculous-tide-wren,2090018676682715194,,true,
2094621703649350065,1788231704996,zappy-winter-thicketbird,,,,
2094621715628458097,1788231707852,groovy-vine-nightingale,2093840777751167380,457981102,true,
2094621822939443538,1788231733437,smiley-fig-hawk,2094582925081596399,1157545116095143936,true,
2094621873002652079,1788231745373,neighborly-rhubarb-chickadee,2094564641418645949,1536693901230321666,true,
2094621904376340653,1788232280304,cosmic-root-grackle,,,,
2094622071321944461,1788231792657,diligent-brook-thrasher,2094613966139912301,744222561047740416,true,
2094622121448067347,1788231804607,celebrated-basswood-kingfisher,2094621700654567788,147854758,true,
2094622143401058650,1788231809841,melodious-peppermint-oriole,2094498804690980981,,true,true
2094622276800946561,1788231841647,celebrated-ocean-seagull,2094479726140141700,,true,true
2094622383202074751,1788231867015,fun-mint-grebe,2094476781982204310,1850261112920707072,false,false
2094622441134043620,1788231880826,impeccable-cliff-cotinga,2093427503855497554,1988630180299169792,false,
2094622467079737579,1788231887013,driven-hazelnut-bushbird,2094496403099619601,1806470879259267072,true,
2094622471282413757,1788231888014,cheery-nutmeg-towhee,2094557346181595161,26582572,true,
2094622590279016749,1788231916386,ecstatic-evergreen-bluejay,2094537608344826186,1845424547773939717,true,
2094622618670309704,1788231923154,efficient-glacier-blackbird,2094437939367575844,1535985629833506816,true,true
2094622740879729150,1788231952291,great-mountain-brushturkey,2094550401131384990,,true,
2094622806021701749,1788231967823,energizing-island-owl,2094403574407315910,883603486109298688,false,
2094622815987081594,1788231970199,zappy-winter-thicketbird,2094481789808984128,1526928789644750849,true,
2094622850590331132,1788231978448,joyful-meadow-lorikeet,2094243036268286397,1935029534421827585,true,
2094623000687448435,1788232014234,neighborly-rhubarb-chickadee,,,,
2094623003568972250,1788232014921,diligent-brook-thrasher,,,,
2094623092060352940,1788232512244,cosmic-root-grackle,,,,true
2094623150793216493,1788232050022,celebrated-ocean-seagull,2094500179038888236,1388733612376301569,true,
2094623187682115603,1788232058817,natural-aspen-frigatebird,2094569449370050892,975200486,true,false
2094623393375031372,1788232107858,cheery-nutmeg-towhee,2094590919563485503,1802584284470915072,true,
2094623658417222004,1788232171049,great-mountain-brushturkey,2094555548607762809,1734502917778935808,true,
2094623680034636270,1788232176204,sociable-sky-toucan,2094466903917928928,1676007912672489475,true,false
2094623850256556194,1788232216787,exceptional-rain-whistler,2093947574973845541,1299674729612222466,true,
2094623856485105829,1788232218272,limber-cedar-recurvebill,2094327621764968840,1773383606918070273,true,
2094623887615012969,1788232225695,zappy-winter-thicketbird,2094508742519955467,,true,true
2094623961472450963,1788232243303,insightful-cave-canary,2094532327691202820,2068450081712312320,true,
2094624034176618707,1788232260637,neighborly-rhubarb-chickadee,2094576712965398596,1946546125,true,
2094624048609165752,1788232264079,diligent-brook-thrasher,2094496341586215134,,true,
2094624234832109887,1788232308477,celebrated-ocean-seagull,,,,
2094624271947489634,1788232317326,experienced-kelp-triller,2094392111537836270,1604066387030409216,true,false
2094624310488895874,1788232326515,cheery-nutmeg-towhee,2094459835819647393,1193655612170784768,true,true
2094624448670240960,1788232359461,easygoing-island-parrotlet,2094415720759325001,2070081619462176768,true,
2094624494878957807,1788232370477,insightful-cave-canary,2094523821080605177,2068450081712312320,true,
2094624502143422804,1788232372209,great-mountain-brushturkey,2094593921146138939,1575477937544912901,true,
2094624512604008785,1788232374703,botanical-rainfall-seagull,2094474294122492375,1827479701494861824,true,true
2094624876958982297,1788232461572,tectonic-sapling-treepie,2094424807756701847,957651645302624256,true,
2094624887960690781,1788232464195,superb-sky-nightingale,2094476495989375432,,true,
2094625019129143372,1788232495469,insightful-cave-canary,2094498924333850682,2068450081712312320,true,
2094625021637378145,1788232890620,cosmic-root-grackle,2094593108755562927,1518709627927633920,false,
2094625063731421673,1788232506102,diligent-brook-thrasher,2094517880633122995,898410182505488389,true,
2094625065895702800,1788232506618,zappy-winter-thicketbird,2094342192143753437,729739281602850816,true,
2094625069133705665,1788232507390,neighborly-rhubarb-chickadee,2094452487059353864,1808448325978640385,true,
2094625075643273596,1788232508942,diligent-brook-thrasher,2094583319094870223,1969127547289157633,true,
2094625134552478046,1788232522987,captivating-cactus-songlark,2093326141495160911,1449649112228384770,false,
2094625171919577577,1788232531896,meticulous-winter-quail,2092813658451845477,1471535765297549324,true,
2094625244229288318,1788232549136,beautiful-honeydew-eagle,,,,
2094625259781599277,1788232552844,elegant-peach-heron,2094454524316442978,1492549732861939717,true,
2094625324315050340,1788232568231,celebrated-ocean-seagull,2094443566433026512,1393600409093165056,true,
2094625355617489205,1788232575693,meticulous-winter-quail,2094364247941841062,2067099956826284032,true,
2094625417328283856,1788232590407,meticulous-winter-quail,2094367451756839240,,true,
2094625508365394076,1788232612112,worthy-peachtree-wigeon,2094545836281667901,1494658207,false,
2094625653664464946,1788232842142,cosmic-root-grackle,,,,
2094625710623035634,1788232660334,tectonic-sapling-treepie,2094503090116612160,796216874627305472,true,
2094625769733738634,1788232674426,strong-leaf-greenbul,2094500179038888236,1388733612376301569,false,
2094625852428333251,1788232694143,cheery-nutmeg-towhee,2094470426927780028,2050940705544015872,true,
2094625953930436829,1788232718343,great-mountain-brushturkey,2094550434828755052,,true,true
2094625996725190844,1788232728545,personable-seawater-cacholote,2094249900863270991,1551266822460162051,true,
2094626042317263117,1788233164644,cosmic-root-grackle,2094531843215499530,36201559,true,
2094626109543395737,1788232755443,zappy-winter-thicketbird,2094503890834125301,2047914290770780161,true,true
2094626116111655136,1788232757010,neighborly-rhubarb-chickadee,,,,
2094626217144021198,1788232781097,tectonic-sapling-treepie,2094498543302000908,1845978020206571520,true,
2094626294046638463,1788232799433,diligent-brook-thrasher,2094494202587398616,1387857996668153858,true,
2094626501387854323,1788232848867,sensible-branch-mousebird,2094602731067478160,,true,
2094626584518914122,1788232868687,easygoing-island-parrotlet,2094476337364763025,3108351,true,true
2094626595617063000,1788232871333,celebrated-ocean-seagull,2094623351952322657,1702733804530704386,true,
2094626693516533859,1788233064718,cosmic-root-grackle,2094546818105221436,1571635652,false,
2094626858776010799,1788232934074,cheery-nutmeg-towhee,2094310877486879169,,true,
2094626863297573287,1788232935152,great-mountain-brushturkey,2094619163813728683,2029822613024047104,true,
2094626957392839026,1788232957586,clean-coconut-swamphen,2094352360055439670,1966895682893344769,true,
2094627008013623774,1788232969656,diligent-brook-thrasher,2094524249650110484,784921318651207680,true,
2094627009833873891,1788232970089,tectonic-sapling-treepie,2094452781843100052,1316995857242378240,true,
2094627099424252189,1788232991449,winning-marble-drongo,2094598509546684500,2063880239474696192,false,
2094627220803539041,1788233020388,clean-coconut-swamphen,1969499626442276937,1966895682893344769,true,
2094627315904848333,1788233043062,versatile-pomegranate-nighthawk,2094251381871813081,1846567131661422592,false,
2094627379796742270,1788233058295,celebrated-ocean-seagull,2094605167450788123,1194156289305333761,true,
2094627394057330860,1788233061695,generous-peachtree-dipper,2094571494030340341,716073634645860352,true,false
2094627452127723804,1788233075541,lovely-fir-dipper,2094507780845580703,1220740836348112896,true,
2094627479272968554,1788233082012,cheery-nutmeg-towhee,2094622773251354801,1782752374664089600,true,
2094627537309565295,1788233095849,great-mountain-brushturkey,2094439304164737230,1364785913243394049,true,true
2094627595232940450,1788233109660,zappy-winter-thicketbird,,,,false
2094627705358872679,1788233277310,cosmic-root-grackle,2094614291039039631,,false,
2094628005041868909,1788233345510,cosmic-root-grackle,2093076963220947092,2092387642977488896,true,
2094628020283683108,1788233211000,meticulous-winter-quail,2094361388093506037,2064960743095894016,true,
2094628113871188445,1788233233312,diligent-brook-thrasher,2094603648164900912,1570680858717159424,true,
2094628134520013209,1788233238235,welcoming-flower-seabird,2094614291039039631,,true,
2094628496525955420,1788233324544,bright-conifer-crow,2094308004313051636,518382502,true,
2094628595562168358,1788233348156,brave-cove-pheasant,2094341925436260433,1949747945907302400,true,
2094628868904640826,1788233413326,celebrated-ocean-seagull,2094290598673211531,1891423639133908992,true,
2094629339748835493,1788233525584,cheery-nutmeg-towhee,2094598890062295258,18927441,true,true
2094629441955836024,1788233549952,agreeable-ridge-towhee,2093038675932422290,1483165592060260352,true,
2094629504329408581,1788233564823,relatable-pineapple-lory,2094376870016082250,,true,
2094629632632836231,1788233595414,great-mountain-brushturkey,2094536294130954386,1996658200641478656,true,
2094629689914732557,1788233767609,cosmic-root-grackle,,,,
2094629704862966266,1788233612634,celebrated-ocean-seagull,2094614819886567750,1495431828664045572,true,
2094629707060785267,1788233613158,zappy-winter-thicketbird,2094614819886567750,1495431828664045572,true,
2094629708109693403,1788234026513,cosmic-root-grackle,2093893309185851511,,true,true
2094629710697242994,1788233614025,charismatic-papaya-motmot,2094625571103973751,881556571083255808,true,
2094629864997261504,1788233650814,neighborly-rhubarb-chickadee,2094457182897000801,1527466743203090439,true,
2094629982110667010,1788233678735,cozy-reef-pratincole,2094277788035612931,2085293544986845184,true,
2094630189472821260,1788233728174,diligent-brook-thrasher,,,,
2094630342858600945,1788233764744,approachable-chestnut-sandpiper,2094444419558912485,390435355,true,
2094630616419479776,1788233829967,knowledgeable-seedlings-penguin,2094522150103261194,5693842,true,
2094630623939825987,1788233831760,celebrated-ocean-seagull,2094564250551230645,,true,
2094630786209104246,1788233870447,balanced-orchard-albatross,2094441452046582209,384666406,true,
2094630808917049383,1788233875861,balanced-orchard-albatross,2094132310241079505,257196512,true,
2094631008632996289,1788233923478,shining-seedlings-owl,2094263158030660054,1943714826116603904,true,
2094631262833021221,1788233984083,cheery-nutmeg-towhee,2094287884048122074,1892742206295048192,true,
2094631319967797652,1788233997705,great-mountain-brushturkey,2094550572598952166,,true,true
2094631576915112338,1788234058966,zappy-winter-thicketbird,2094309931885146363,1742148172875526144,true,
2094631581902156148,1788234060155,cheery-nutmeg-towhee,2094621503102898178,,true,true
2094631584141857048,1788234060690,neighborly-rhubarb-chickadee,2094621503102898178,,true,true
2094631620493926519,1788234069357,cosmic-lime-albatross,2094198478586913243,1258094477861892096,true,true
2094631697736188336,1788234087772,diligent-brook-thrasher,2094617355280109669,,true,
2094631731248697514,1788234095763,articulate-lime-dove,2094631059199844640,,true,true
2094631740971069764,1788234098080,celebrated-ocean-seagull,2094454402027290898,1365965991960862720,true,
2094631872911266242,1788234129537,cheery-nutmeg-towhee,2094527395558752557,1570676908731375617,true,
2094631878233919609,1788234130806,great-mountain-brushturkey,2094523288546664737,2084011886991855616,true,true
2094631879852826814,1788234131192,famous-glacier-treerunner,2094535053246136794,147204319,true,
2094632467349094509,1788234271262,neighborly-rhubarb-chickadee,2094347910678737081,1888369605501931520,true,
2094632527881183726,1788234285695,zappy-fir-goldfinch,2094352978039709795,639673,true,
2094632545241452770,1788234289833,blooming-juniper-stork,2072010285158686998,228709473,false,
2094632619954573325,1788234307647,diligent-brook-thrasher,2094613402408902762,1096050497490956295,true,
2094632780676166081,1788234345965,celebrated-ocean-seagull,2094486413630722415,2172336210,true,
2094632815199723523,1788234354196,positive-cactus-cotinga,2092597395972591617,1996148024436031489,true,
2094632823856779634,1788234586298,cosmic-root-grackle,2094165308088971606,2267633525,true,
2094632854793679100,1788234363637,committed-raisin-cacholote,2094421666877116770,1887512310886940672,true,
2094632941976502448,1788234384422,cheery-nutmeg-towhee,,,,
2094633083098059168,1788234418068,positive-mint-cotinga,2094406701906853925,2008977271026274309,true,
2094633135224897729,1788234430496,great-mountain-brushturkey,2094560788954726588,2048609155578310657,true,true
2094633494580203676,1788234516174,great-mountain-brushturkey,,,,
2094633628877627893,1788234548192,zappy-winter-thicketbird,2094425641416622523,1405444913466990593,true,
2094633646036603025,1788234552284,quiet-nectarine-shorebird,2094518527252193778,2077153574383960065,true,
2094633689887936944,1788234562738,neighborly-rhubarb-chickadee,,,,
2094633746628526557,1788234576266,civil-basswood-firetail,2094569449370050892,975200486,false,
2094633789255295450,1788235158862,cosmic-root-grackle,,,,
2094634037608427700,1788234645641,quiet-elm-grosbeak,2094471843889742186,1402501107654397954,true,
2094634144123015229,1788234671036,miraculous-tide-wren,2094349757766639801,1113353605636022272,true,true
2094634219259781445,1788234688951,meticulous-winter-quail,2094436721538830698,,true,
2094634414558847041,1788234735513,diligent-brook-thrasher,2094599511683310002,,true,
2094634502089834688,1788234756382,celebrated-ocean-seagull,2094609996650598720,,true,
2094634556834173094,1788234769435,auspicious-raspberry-osprey,2094505258579890569,1835736614368124928,true,
2094634565281157322,1788234771448,zappy-winter-thicketbird,2094541390776533031,,true,
2094634580481577417,1788234972519,cosmic-root-grackle,2094451293267902779,763094579491008512,false,
2094634677852066028,1788235182878,cosmic-root-grackle,2094324491878842864,2023377447513665536,true,
2094634865438196100,1788234843011,celebrated-ocean-seagull,2094472547081572686,2031523543691964417,true,
2094634941153955864,1788234861063,sturdy-cactus-bluebird,2094352656290709737,1960391879973036032,true,
2094635426418155555,1788234976760,inspirational-beech-petrel,2093989188618408083,881556571083255808,true,
2094635453445980417,1788234983204,cheery-nutmeg-towhee,2094564957077557518,2047992087920951296,true,
2094635509788332386,1788234996636,incomparable-sapling-crimsonwing,2094296600181125427,294306372,true,
2094635630290514324,1788235025366,great-mountain-brushturkey,2094539865316610141,1562038858988064768,true,true
2094635881407926314,1788235085238,experienced-star-mockingbird,2094434938305052774,,true,false
2094635962269565161,1788235104516,,2094382428064268778,1588544179130482691,true,
2094635969920000428,1788235106340,zappy-winter-thicketbird,2094547181508461006,1344923171372158976,true,
2094636021606478165,1788235118664,majestic-apricot-grassbird,2094591400482427272,1951373690911830016,true,
2094636174124212586,1788235155027,generous-mountain-bluebird,2094594916890394706,838372548156993541,true,
2094636221506961680,1788235299781,cosmic-root-grackle,,,,
2094636233154851013,1788235169100,altruistic-rain-stilt,2094432106340602270,,true,
2094636270039224805,1788235177894,neighborly-rhubarb-chickadee,,,,
2094636277874270638,1788235179762,efficient-lake-triller,2094595116522480025,1391204944519258116,true,
2094636303472075027,1788235185865,diligent-brook-thrasher,,,,
2094636314205306963,1788235188424,smiley-peanut-motmot,2094511244854137130,1174777939096981506,true,
2094636452747333853,1788235221456,wholesome-raspberry-stilt,2094598890062295258,18927441,true,
2094637231311106117,1788235559969,cosmic-root-grackle,2094501056625426670,60402920,false,
2094637307643023733,1788235425278,,2094127370827641113,1932046981477617664,true,
2094637507560329719,1788235472942,celebrated-ocean-seagull,2094395150361669886,1633356879614349313,true,
2094637509041180885,1788235473295,prodigious-seashore-lovebird,1892582045429227695,1329990373020553216,false,
2094637513151271419,1788235474275,cheery-nutmeg-towhee,2094596272971771973,889970502743318529,true,
2094637560626856442,1788235485594,zestful-cliff-frigatebird,2094632327318036685,,true,
2094637632479174840,1788235502726,great-mountain-brushturkey,2094617065659453569,1695106807163711489,true,
2094637765593870652,1788235534463,animated-ridge-waxbill,2094437483328983222,1326229737551912960,true,
2094637809483108684,1788235544926,zappy-winter-thicketbird,2094497605824729099,2028629004073517056,true,
2094637923303842299,1788235572064,logical-granite-owl,2094260118024245445,960884263850721282,true,
2094637983521485136,1788235586420,cheery-nutmeg-towhee,2094364690331902219,155237917,true,
2094637986533015649,1788235587139,neighborly-rhubarb-chickadee,2094364690331902219,155237917,true,
2094638075117027520,1788235608258,inventive-park-partridge,2094634557027004899,,true,
2094638189797363835,1788235635600,exquisite-lagoon-nighthawk,2094560212124602538,1459694066271076352,true,
2094638239432724523,1788235647435,diligent-brook-thrasher,2094414727879311396,355130440,true,
2094638326578069940,1788235668212,energizing-island-owl,2094523076482629667,2568680099,true,
2094638337265152358,1788235670759,logical-granite-owl,2094315833841549635,44502620,true,
2094638635303727490,1788235741817,celebrated-ocean-seagull,2094508640010916222,2029354317124411392,true,
2094638706854420780,1788235758876,cheery-nutmeg-towhee,2094605717198324053,245884632,true,
2094638764375326857,1788235930147,cosmic-root-grackle,2094359539839582237,1652541,true,
2094638768141603149,1788235773489,great-mountain-brushturkey,2094497114416095517,1988434070997790721,true,
2094638787091742969,1788235778007,logical-granite-owl,2094176565806665895,1360116640256454662,true,
2094638805424746794,1788235782378,tectonic-sapling-treepie,2094310877486879169,,true,
2094638860089303514,1788235795410,legendary-lime-osprey,2094511808782500246,1221555101627822084,true,
2094638893949747286,1788235803482,composed-wildflower-flycatcher,2094636368995754116,,true,true
2094639040263782497,1788235838368,zappy-winter-thicketbird,2094626923226026454,,true,
2094639166352945659,1788235868429,neighborly-rhubarb-chickadee,,,,
2094639231398207664,1788235883937,,2094355441417347182,,true,
2094639297076891876,1788235899597,diligent-brook-thrasher,2094310128191483945,279515707,true,
2094639641458622568,1788235981704,motivational-beach-jacana,2094480457031168074,1729178660484055040,true,
2094640038298497147,1788236076317,celebrated-ocean-seagull,,,,
2094640049228829056,1788236078924,cheery-nutmeg-towhee,2094501056625426670,60402920,true,
2094640170570265015,1788236280675,cosmic-root-grackle,,,,
2094640206766886935,1788236116483,great-mountain-brushturkey,2094404791866647038,1639769474281660416,true,
2094640249695559762,1788236126718,academic-fig-barbet,2094434259607962043,1427127559255437313,true,
2094640407539814557,1788236164351,rational-rhubarb-triller,2094591400482427272,1951373690911830016,false,
2094640425080377443,1788236168533,zappy-winter-thicketbird,2094476198675943662,178150543,true,
2094640519255081079,1788236190986,poised-sunflower-toucan,2094565933708706143,,true,true
2094640637446390259,1788236368057,cosmic-root-grackle,,,,
2094641129723449823,1788236336533,attentive-lychee-goshawk,2094507506940662236,1549534678922797061,true,
2094641191409070192,1788236351241,neighborly-rhubarb-chickadee,2094396262053556304,2052949858252939264,true,
2094641197503348964,1788236352693,diligent-brook-thrasher,2094206156541747574,126941741,true,
2094641239991664935,1788236362824,celebrated-ocean-seagull,2094565933708706143,,true,true
2094641343003840585,1788236387384,cheery-nutmeg-towhee,2094563197177208866,,true,
2094641449073606704,1788236412672,great-mountain-brushturkey,2094630482302665169,,true,
2094641668754407706,1788236465048,great-mountain-brushturkey,,,,
2094641776308994211,1788236490691,,,,,false
2094641828209570040,1788236705328,cosmic-root-grackle,,,,
2094641844588089549,1788236506970,clean-orchard-waterfowl,2094447791401521550,844332836979167233,true,true
2094641993272164853,1788237205118,cosmic-root-grackle,2094574868163596620,2708048546,false,
2094642050406711607,1788236556042,zappy-winter-thicketbird,,,,
2094642084984533022,1788236564286,neighborly-rhubarb-chickadee,2094480361216680153,1327161132004438016,true,
2094642101657239951,1788236568260,virtuous-branch-bushlark,2093974139908333762,73909355,true,
2094642222721614325,1788236760294,cosmic-root-grackle,2094486106188222582,855483824351924224,false,
2094642235014873199,1788236600055,composed-wildflower-flycatcher,2094626297456853118,,true,
2094642750540886482,1788236722967,diligent-brook-thrasher,2094540156653199856,,true,
2094642791565373947,1788236732748,celebrated-ocean-seagull,2094549213984280799,,true,
2094643555012690079,1788236914767,cheery-nutmeg-towhee,2094392703563808895,1269723970405875712,true,
2094643703046639616,1788236950061,peaceful-coral-toucan,2094044597798474144,1996395714872795136,true,
2094643845937983710,1788236984129,great-mountain-brushturkey,2094549542327009422,2065146695558836224,true,
2094643925852266742,1788237003183,striking-wind-owl,,,,
2094643968625827918,1788237244480,cosmic-root-grackle,2094587409421959306,855483824351924224,true,
2094643978255675799,1788237015676,zappy-winter-thicketbird,2094575647297331525,1186465203858231297,true,
2094644043343138929,1788237031194,agile-poplar-goose,2094302713786061025,98734153,true,
2094644204559597664,1788237069631,striking-wind-owl,,,,
2094644363905187908,1788237107623,neighborly-rhubarb-chickadee,2094623351952322657,1702733804530704386,true,
2094644698367590463,1788237187364,wise-raspberry-nightjar,,,,
2094644718785438081,1788237192233,wholesome-raspberry-stilt,2094554669381271585,1644425579498983425,true,
2094644732656074773,1788237195539,wholesome-raspberry-stilt,2094484330374443080,2612945437,true,false
2094644738624455154,1788237196962,wholesome-raspberry-stilt,2094459835819647393,1193655612170784768,true,true
2094644773814669343,1788237205352,gleeful-hazelnut-friarbird,2094336423528919230,,true,
2094644957877289074,1788237249237,zappy-winter-thicketbird,2094510139051282904,146972021,true,
2094645008603246791,1788237261330,diligent-brook-thrasher,2094578021558620470,914129876608782336,true,
2094645036558303638,1788237267996,celebrated-ocean-seagull,2094490103385112629,2840353647,true,
2094645111074234863,1788237285761,gleeful-hazelnut-friarbird,2094563328844792173,,true,true
2094645191202283728,1788237304866,motivational-daylight-lorikeet,2094553825176674692,1355721251180961792,true,
2094645408114884650,1788237356582,cheery-nutmeg-towhee,2094422319158456660,,true,
2094645460359082448,1788237369038,great-mountain-brushturkey,2094627037600469089,,true,
2094645505997353223,1788237379919,zappy-winter-thicketbird,2094632062372253988,,true,
2094645560003149982,1788237392794,neighborly-rhubarb-chickadee,2094627051969958304,,true,
2094645573135499370,1788237395926,diligent-brook-thrasher,,,,
2094645664240312352,1788237417647,gleeful-hazelnut-friarbird,2094336265059700859,,true,
2094645797375693061,1788237449388,celebrated-ocean-seagull,2094632021427462219,,true,
2094645924152705482,1788237642407,cosmic-root-grackle,2094374474153947403,1485331905079914496,true,
2094645957413499275,1788237487545,overjoyed-blossom-starling,2094328518205129086,,true,
2094646051622068490,1788237510005,exquisite-grove-flowerpecker,2094598664438305204,2475453187,true,
2094646313421820109,1788237572423,electric-fern-owl,2094541107938169255,1458101514271080451,true,
2094646579638522348,1788237635894,cheery-nutmeg-towhee,,,,
2094646684437598394,1788237660881,jazzy-watermelon-seedeater,2094509717364347071,334120528,true,
2094646736836776398,1788237673373,great-mountain-brushturkey,2094622459689660588,1381566343216914442,true,
2094646837944668554,1788237697479,snazzy-persimmon-piculet,2094474834503721022,2309156352,true,
2094646840356454894,1788237698055,zappy-winter-thicketbird,2094600785996702180,1580693021229719558,true,
2094646858157023724,1788237702298,eloquent-winter-turkey,2094642727073837553,1326229737551912960,false,
2094646904067920049,1788237713244,neighborly-rhubarb-chickadee,2094631977919889716,,true,
2094647011056492770,1788237738753,earnest-guava-dipper,2094631299948363820,1798789277918351360,true,
2094647012780130810,1788237739163,diligent-brook-thrasher,2094257487780487604,,true,
2094647088248176921,1788237757156,zestful-sand-kite,2094361361119580207,1408164626,true,
2094647258826342800,1788237797825,celebrated-ocean-seagull,2094507688059383946,2092614339459260416,true,
2094647285422453236,1788237804166,cheery-nutmeg-towhee,2094530333790392688,1945261947764854784,true,
2094647288698138640,1788237804947,interesting-nectarine-penguin,2094571892422148520,1748062675848888321,true,
2094647342959894590,1788237817885,early-conifer-stilt,2094591473853309119,1287473710174212096,true,
2094647374450663876,1788237825392,great-mountain-brushturkey,2094631394383175916,1604863807574212611,true,
2094647380033372336,1788237826723,zappy-winter-thicketbird,,,,
2094647716173263048,1788237906865,involved-marmalade-nightingale,2094530774540173441,40917305,false,
2094647764877488189,1788237918477,luminous-sunflower-crane,2094501336213549401,6135602,true,
2094647772150423642,1788237920211,animated-ridge-waxbill,2094236034548600969,1240324158,true,
2094647935325900818,1788237959116,nifty-fir-blackbird,2094375623045308668,1526619156669292544,true,
2094647971769909583,1788237967805,neighborly-rhubarb-chickadee,2094456178491130357,31090827,true,
2094648022864904462,1788237979986,diligent-brook-thrasher,2094283958783553729,1002976672218583041,true,true
2094648119610814505,1788238003052,celebrated-ocean-seagull,,,,
2094648189513015755,1788238019719,informative-raisin-triller,2094559059315675488,242827267,true,
2094648262955343985,1788238037228,easygoing-island-parrotlet,2094446968755871839,221377111,true,
2094648502240653545,1788238094278,amicable-hillside-redstart,2093973769505440245,,true,
2094648510175961524,1788238096170,,2094503413648064977,256441366,true,
2094648550680314145,1788238105827,cheery-nutmeg-towhee,2094536203765002513,,true,true
2094648561103229223,1788238108312,informative-raisin-triller,2094605939160621392,1855996587643744257,true,
2094648578069131319,1788238112357,great-mountain-brushturkey,,,,
2094648583689531799,1788238113697,zappy-winter-thicketbird,2094374474153947403,1485331905079914496,true,
2094648641134715060,1788238245171,cosmic-root-grackle,2094308416852549750,1736326659110744064,true,
2094648780066820485,1788238160518,neighborly-rhubarb-chickadee,2094308416852549750,1736326659110744064,true,
2094648917589741716,1788238193306,diligent-brook-thrasher,2094545771295129796,1613469746200215552,true,
2094649018466861448,1788238217356,celebrated-ocean-seagull,,,,
2094649137023303765,1788238367335,cosmic-root-grackle,2094308416852549750,1736326659110744064,true,
2094649223731876134,1788238266296,tectonic-sapling-treepie,2094501056625426670,60402920,true,
2094649439679881536,1788238317782,cheery-nutmeg-towhee,,,,
2094649473276190935,1788238325792,neighborly-rhubarb-chickadee,2094244763709141464,95014181,true,
2094649499767758866,1788238332107,hypnotic-nutmeg-hillstar,2094419214736175284,65659343,true,
2094649868362953150,1788238419988,astounding-peach-whistler,2094242625050104225,1388768217414447104,true,
2094649947983339691,1788238438970,great-mountain-brushturkey,,,,
2094650115717771677,1788238893275,cosmic-root-grackle,2094370841005904283,,false,
2094650238858375658,1788238508320,zappy-winter-thicketbird,2094472400813580769,432424038,true,
2094650372392419770,1788238540158,curious-apple-leaflove,2094512492265295951,1879644163769335808,false,
2094650398061555916,1788238546277,neighborly-rhubarb-chickadee,2094282684574892176,1494215832217522177,true,
2094650425035182396,1788238552708,diligent-brook-thrasher,,,,
2094650431041417683,1788238554140,celebrated-ocean-seagull,,,,
2094650597651722326,1788238593863,informative-raisin-triller,2094571338857865421,267005748,true,
2094650682968351172,1788238614204,wise-raspberry-nightjar,2094642727073837553,1326229737551912960,true,
2094650688508965166,1788238615525,shrewd-lumber-grebe,2094613259353530503,1950263342666272769,true,
2094650764014547435,1788238633527,informative-raisin-triller,2094558715500454325,19169664,true,
2094650866770792669,1788238658026,cheery-nutmeg-towhee,2094469329786175837,2093948547045404672,true,
2094650900371685870,1788238666038,winged-sunlight-dove,2094395150025761007,73909355,true,
2094650933380559081,1788238673907,diligent-brook-thrasher,,,,
2094650954180071426,1788238678866,great-mountain-brushturkey,2094457498262540613,2023063416261279744,true,
2094651002922348711,1788238690487,miraculous-rose-crossbill,2094518642310279554,1348542587012059136,true,
2094651139543466492,1788238879878,cosmic-root-grackle,2094569449370050892,975200486,false,
2094651196342481324,1788238736603,zappy-winter-thicketbird,2094610032537080104,,true,
2094651338504220935,1788238770496,neighborly-rhubarb-chickadee,2094424527593992558,44502620,true,
2094651365356110248,1788238776898,diligent-brook-thrasher,2094435033649922418,1267748390521225223,true,true
2094651369747632591,1788238777946,informative-raisin-triller,2094526257023050167,1855996587643744257,true,
2094651494951772268,1788238807797,bold-grassland-falcon,2094389158768734427,,true,
2094651640565678483,1788238842513,witty-mint-kite,,,,
2094651687197651433,1788238853631,celebrated-ocean-seagull,2094237306429272533,1429934515800223752,true,
2094651779891789830,1788238875731,creative-mango-emu,2094489360381215186,,true,
2094651796224348333,1788238879626,great-mountain-brushturkey,2094472547081572686,2031523543691964417,true,
2094652091923148873,1788238950125,likable-spruce-petrel,2094328243796971597,874702346835636224,true,
2094652236123066631,1788238984505,zappy-winter-thicketbird,2094430170111472095,2073700162124263424,true,
2094652344122368467,1788239010255,cherished-blossom-eagle,2094601396238647554,2894338357,true,
2094652347544646055,1788239011070,neighborly-rhubarb-chickadee,2094297407982915847,1830442392517775360,true,
2094652517300748768,1788239051543,diligent-brook-thrasher,2094455811405967417,2080127170803101696,true,
2094652523638296976,1788239053055,celebrated-ocean-seagull,2094532801110417749,1989496644136812544,true,
2094652705184563363,1788239096338,heroic-grapefruit-osprey,2094401894802248027,1781063490293100544,true,
2094652714718499318,1788239098611,nifty-cliff-nightingale,2094133268807299427,197856312,true,
2094652776827752814,1788239113420,futuristic-citrus-seabird,2094335472042656212,3846141016,false,false
2094652874873860346,1788239136796,hilarious-seawater-owl,2094345682421428685,852340195399618560,true,
2094653041081450871,1788239176422,nifty-cliff-nightingale,2093403881061728644,1441683373840224264,true,
2094653078301761748,1788239185296,fancy-mangrove-anhinga,2094302713786061025,98734153,true,
2094653085129863314,1788239186924,cheery-nutmeg-towhee,2094482416974844255,2158642935,true,
2094653403569824025,1788239403973,cosmic-root-grackle,2094516530255949954,1344356576786866176,true,
2094653420229525851,1788239266818,great-mountain-brushturkey,2094591985122206065,2411578643,true,
2094653480417755518,1788239281168,zappy-winter-thicketbird,2094411174519746828,2027843808139087875,true,
2094653744428298493,1788239344113,hysterical-magnolia-curassow,2094601588887195692,18093097,true,
2094653848053068102,1788239368820,calm-pomegranate-nighthawk,2094312358420365583,2040844036651773953,true,
2094654648716280034,1788239559713,supreme-pine-stork,2094540817138671640,37491797,true,
2094655046759653803,1788239803369,cosmic-root-grackle,2094398166615396650,183625065,false,
2094655058616938656,1788239657440,neighborly-rhubarb-chickadee,2094647430482370903,,true,
2094655111616152017,1788239670076,diligent-brook-thrasher,,,,
2094655243724194289,1788239701573,celebrated-ocean-seagull,2094497605824729099,2028629004073517056,true,
2094655316805726213,1788239718997,celebrated-ocean-seagull,2094526606840672482,429566325,true,
2094655376155185230,1788239733147,transparent-juniper-jacana,2094519674914705608,2007528067598786560,true,
2094655436712497308,1788239747586,cheery-nutmeg-towhee,2094635706396127283,1525909503111221248,true,
2094655447361876297,1788239750125,great-mountain-brushturkey,2094377342613492009,1308318008985575424,true,
2094655783359373811,1788239995035,cosmic-root-grackle,,,,
2094655825826472148,1788239840357,zappy-winter-thicketbird,,,,
2094655887365349814,1788239855029,neighborly-rhubarb-chickadee,,,,
2094655940763283681,1788239984508,cosmic-root-grackle,2094540817138671640,37491797,true,
2094656101841256928,1788239906165,bountiful-rock-thrush,2091518016949453155,971288268,true,
2094656246167298549,1788239940575,prodigious-fern-nighthawk,2094514583058678088,2011829646707634176,true,
2094656249975677323,1788239941482,lovely-beech-stilt,2094649829016420543,1803059226857660416,true,
2094656259308073055,1788239943707,bountiful-rock-thrush,2091518020128809287,971288268,true,
2094656370394165527,1788239970192,bountiful-rock-thrush,2091518023681348077,971288268,true,
2094656456465211415,1788239990713,alpine-samba-egret,2094279995682070964,1801599571744673792,true,
2094656535100117175,1788240009462,diligent-brook-thrasher,,,,
2094656669414203572,1788240041484,celebrated-ocean-seagull,2094651833658523959,,true,
2094656738712830341,1788240605051,cosmic-root-grackle,2094350986164789572,1391795690565775362,true,
2094656748216865000,1788240060272,cheery-nutmeg-towhee,2094575969159799104,1547929727960199180,true,
2094657005239873675,1788240121551,exquisite-snow-drongo,2093805894840533186,2053044875063328773,true,
2094657059585171633,1788240134509,great-mountain-brushturkey,2094476057328148728,19031057,true,
2094657123246301261,1788240149687,cheery-nutmeg-towhee,2094606165518815687,51254405,true,
2094657357926019125,1788240205639,accomplished-lumber-citril,2094581240921784635,,true,false
2094657406555034037,1788240725316,cosmic-root-grackle,2094643936023171561,1180533698,true,
2094657513253683412,1788240242672,great-mountain-brushturkey,2094271530301579710,,true,
2094657516206465478,1788240243376,zappy-winter-thicketbird,2094271530301579710,,true,
2094657520769847746,1788240244464,neighborly-rhubarb-chickadee,2094413384586506346,1066546124293586944,true,
2094657538541457446,1788240248701,punctual-peppermint-pigeon,2094502081759678465,1591358752267051010,true,
2094657581721522191,1788240258995,diligent-brook-thrasher,2094627111298351144,1769038350470500353,true,
2094657649132347847,1788240275068,celebrated-ocean-seagull,2094492363326382341,2162812627,true,
2094657663720095750,1788240278545,upstanding-mesa-sparrow,2094578825216593954,1295436178343301121,true,
2094657719877664834,1788240291935,cheery-nutmeg-towhee,,,,
2094657755583791207,1788240300448,great-mountain-brushturkey,2094492517269905758,1070362933765525506,true,
2094657802937770424,1788240311738,meticulous-winter-quail,2094406099776761981,,true,
2094657820453150812,1788240315914,transcendent-canopy-parrot,2094445191104983180,1812494345339052032,false,
2094658051529683354,1788240371006,zappy-winter-thicketbird,,,,
2094658109411144063,1788240384806,,2094482416974844255,2158642935,true,
2094658179909197894,1788240401614,punctual-peppermint-pigeon,2093948379063554161,1591358752267051010,true,
2094658270438846762,1788240423198,reserved-peach-partridge,2094101792288383393,1432808185685889025,false,false
2094658589956722920,1788240499377,neighborly-rhubarb-chickadee,2094540817138671640,37491797,true,
2094658866965332443,1788240565421,diligent-brook-thrasher,2094532680524181855,1760662487299473408,true,
2094658868966027374,1788240565899,zappy-winter-thicketbird,2094532680524181855,1760662487299473408,true,
2094658996808355960,1788240596378,celebrated-ocean-seagull,2094633263570583687,1621160970432151553,true,
2094659019399135396,1788240601764,aquatic-sand-warbler,2088058488413208658,1597443115698135040,true,
2094659027351249291,1788240603661,suave-branch-finch,2094545788105859192,5988062,true,false
2094659260160372925,1788240659166,cheery-nutmeg-towhee,2094492395102507366,866336833,true,
2094659286844461429,1788240665528,great-mountain-brushturkey,2094257869570859304,1639462788882919424,true,
2094659287834595548,1788240665764,punctual-peppermint-pigeon,2090897812779409907,1591358752267051010,true,
2094659320109568004,1788240673459,zappy-winter-thicketbird,2094603220693753865,,true,
2094659477920206861,1788240711084,blooming-petal-whistler,2094174666545938458,2067481968355225600,true,
2094659484165820577,1788240712573,carefree-bonsai-dove,2094431948764573845,1754900209992187907,true,
2094659535852257615,1788240724896,versatile-sand-emu,2093969911081254980,2050499209284182017,true,
2094659719353008456,1788241317885,cosmic-root-grackle,2094382923357299145,1419962675992297472,true,
2094660007610499428,1788240837372,celebrated-basswood-kingfisher,2094257513403396353,1337821483352141825,true,
2094660157028368584,1788240872996,neighborly-rhubarb-chickadee,2094643936023171561,1180533698,true,
2094660247042269242,1788240894458,neighborly-rhubarb-chickadee,2094444429780324541,244873413,true,
2094660267091095976,1788240899237,diligent-brook-thrasher,2094643936023171561,1180533698,true,
2094660454316708247,1788240943875,trusting-fjord-quail,2094647430482370903,,true,
2094660537292341428,1788240963658,celebrated-ocean-seagull,2094292246371918245,,true,true
2094660581009842408,1788240974082,cheerful-grove-wader,2094629976297660708,2050197965499748352,true,
2094660586437001439,1788240975375,cheery-nutmeg-towhee,2094326783546196076,,true,
2094660652698677648,1788240991174,diligent-brook-thrasher,2094642588607271135,1905178807830552576,true,
2094660849541488827,1788241038104,helpful-rain-pelican,2094426039682204136,119976960,true,
2094661149421707731,1788241109601,great-mountain-brushturkey,2094435964844466461,2077230757018562560,true,
2094661309963059282,1788241147878,kind-sandalwood-fantail,2094396014153121933,2394657306,true,
2094661760552980700,1788241255306,trusting-blueberry-junco,2093326141495160911,1449649112228384770,true,
2094661795705229702,1788241263687,wholesome-raspberry-stilt,2094482416974844255,2158642935,true,
2094661808053236000,1788241266632,wholesome-raspberry-stilt,2094411174519746828,2027843808139087875,true,
2094662032444543337,1788241320130,fancy-prairie-tern,2094066509614289324,2071100750609211392,true,
2094662130217685083,1788241343441,neighborly-rhubarb-chickadee,2094510139051282904,146972021,true,
2094662385785032927,1788241404373,magnanimous-strawberry-meadowlark,2094649832640012749,1990896329531494400,true,
2094662573035602087,1788241449018,cheery-nutmeg-towhee,2094632062372253988,,true,
2094662847850553676,1788241514538,awesome-coral-sandpiper,2094626149221458266,,true,true
2094663469136273673,1788241662665,striking-wind-owl,2094505448422728072,2083725922616946688,true,
2094663719083274524,1788241722256,enlivened-lychee-brownbul,2094343862076448995,1535678908489777155,true,
2094663752180515215,1788241730147,striking-wind-owl,2094518945193791843,1593703051688173569,true,
2094664070188187656,1788241805965,great-mountain-brushturkey,2094484178226352437,2084262738835148801,true,
2094664136617541831,1788241821804,diligent-brook-thrasher,2094426039682204136,119976960,true,
2094664352695464367,1788241873322,zappy-winter-thicketbird,,,,
2094664387240054970,1788241881558,blissful-reef-hummingbird,2094328062695624750,562773398,true,
2094664517108081071,1788241912520,celebrated-ocean-seagull,2094601461263159459,906773598831964160,true,true
2094664549026693149,1788241920130,outgoing-river-falcon,2088674283266703527,,true,
2094664851133997122,1788241992158,cheery-nutmeg-towhee,2094624614311924204,836653298,true,
2094664940711748068,1788242013515,assuring-flower-nighthawk,2094468083435917784,1919557783806193664,true,
2094665051781095432,1788242039997,great-mountain-brushturkey,2094545769831543098,3530404094,true,
2094665171637600652,1788242068572,likable-plum-puffbird,2094543487232250286,3082383264,true,
2094665345592160691,1788242110047,neighborly-rhubarb-chickadee,2094525158832967833,,true,true
2094665360570015862,1788242113617,zappy-winter-thicketbird,2094553926783672457,,true,
2094665480921346409,1788242142311,neighborly-rhubarb-chickadee,2094544437363818852,749931649945767936,true,
2094665482804605331,1788242142760,great-mountain-brushturkey,2094544437363818852,749931649945767936,true,
2094665525435510921,1788242152924,fast-trail-songbird,2094559048469221842,1897718941168156678,true,
2094665596369514799,1788242169837,zappy-winter-thicketbird,,,,
2094665601784693102,1788242171127,heartwarming-pond-brownbul,2094619524196897127,,true,
2094665702250598763,1788242195081,astounding-ice-logrunner,2094481244247429572,22677397,true,
2094665810723623004,1788242220943,balanced-vine-triller,2094549019636691447,403468718,true,
2094665883905904676,1788242238390,diligent-brook-thrasher,,,,
2094666364489281730,1788242352970,tectonic-sapling-treepie,1991994513175560569,35516339,true,
2094666679364038671,1788242428042,tectonic-sapling-treepie,2094573080924295493,1518680588756131841,true,
2094666681947681182,1788242428659,celebrated-ocean-seagull,2094372715331219609,,true,
2094666765468938646,1788242448571,marvelous-moonlight-firefinch,2094378498362130824,199792746,true,
2094666798993965079,1788242456564,brave-pecan-pipit,2094082537190567998,1295881216516853760,true,
2094666873740644535,1788242474385,cheery-nutmeg-towhee,2094651855150133610,,true,
2094666961946902820,1788242495416,wholesome-raspberry-stilt,2094413343146873071,1864485589791260672,true,
2094666974622064662,1788242498438,wholesome-raspberry-stilt,2094521634719948815,1856748184841682944,true,
2094666976878584187,1788242498975,animated-ridge-waxbill,2094531312065356122,629698642,true,
2094667105761124860,1788242529703,great-mountain-brushturkey,2094607978028507155,,true,
2094667274879955045,1788242570025,thankful-pomegranate-bluejay,2094542533867303115,1469916575545556993,true,
2094667366412046736,1788242591847,neighborly-rhubarb-chickadee,,,,
2094667668141834584,1788242663785,diligent-brook-thrasher,2094580011214983277,348494384,true,
2094667868793127009,1788242711625,zappy-winter-thicketbird,2094315040077758790,2025335805410254849,true,true
2094668010099245503,1788242745314,celebrated-ocean-seagull,2094282684574892176,1494215832217522177,true,
2094668094450835493,1788242765426,meticulous-wood-albatross,2094406541961007538,2268984655,true,
2094668385590104194,1788242834838,diligent-grapefruit-sparrowhawk,2094648013486506333,1178829710186467328,true,
2094668417374560670,1788242842416,meticulous-wood-albatross,2094495959623594495,3401329131,true,
2094668605854036023,1788242887354,mannerly-mangrove-bullfinch,2094493515862667336,2259413975,true,
2094668741707505763,1788242919743,meticulous-wood-albatross,2094544254974513222,1357364870526738432,true,
2094668800805249054,1788242933833,neighborly-rhubarb-chickadee,2094466248293695517,1932349792698667008,true,
2094668875086361014,1788242951543,strategic-park-jay,2094474453338005920,1849601616644546560,true,
2094669112064524396,1788243008044,active-valley-puffleg,2094460350515016154,1981270038817693696,true,
2094669156503392718,1788243018638,innovative-banana-bushlark,2094541440290545773,1849434807308058624,false,
2094669235322577123,1788243037431,diligent-brook-thrasher,2094558050686243164,1678062945052377088,true,
2094669243853791693,1788243039464,celebrated-ocean-seagull,2094336423528919230,,true,
2094669251961590048,1788243041398,practical-lagoon-owl,2094311474357305348,1208397496411668481,true,
2094669393720713462,1788243075196,humorous-ocean-oriole,2094426021823168967,1530450554,true,
2094669407125414035,1788243078391,cheery-nutmeg-towhee,2094490990195151322,1110877819083481088,true,true
2094669423592296885,1788243082317,gumptious-sun-parrot,2094335116424163680,2029621397497200640,true,
2094669542324568464,1788243110625,meticulous-wood-albatross,2094526662863966593,1462865301578469380,true,
2094669626659447215,1788243130732,mindful-hazelnut-anhinga,2094602395544068467,2467791,true,
2094670013068403074,1788243222859,logical-highland-crake,2094162867746480382,300389904,false,false
2094670043040633334,1788243230006,cosmic-raspberry-parakeet,2092993036229771332,904630459539312640,true,
2094670076821528782,1788243238060,great-mountain-brushturkey,2094654775232962635,,true,
2094670086653018221,1788243240404,celebrated-papaya-peafowl,2094465744142561466,1633162382804414471,true,
2094670495610179711,1788243337906,zappy-winter-thicketbird,2094469119420596660,375721095,true,
2094670501423579575,1788243339292,responsible-prairie-swan,2094656215837995450,,true,
2094670530968420656,1788243346336,shrewd-sand-mockingbird,2094484263382999131,1750901914936438784,false,
2094670626300588405,1788243369064,diligent-brook-thrasher,,,,
2094670755984228568,1788243399984,celebrated-ocean-seagull,2094640046829720019,52636712,true,
2094670785705111820,1788243407069,peachy-grapefruit-pelican,2094283204584775888,1002976672218583041,true,
2094670884225139190,1788243430559,thorough-trail-turkey,2094037458455249354,,true,
2094670998130086118,1788243457716,thankful-pomegranate-bluejay,2024592637312061660,268213306,false,
2094671084142665999,1788243478223,,,,,
2094671216770433107,1788243509844,precious-rose-towhee,2094630520491491654,1993659774370758656,true,
2094671669876912479,1788243617873,fearless-brook-bluebird,2094372528206606500,1901908424860033024,false,
2094671696988872769,1788243624338,cheery-nutmeg-towhee,2094440121839886444,2028981620393594880,true,
2094671756946784560,1788243638633,friendly-sun-meadowlark,2094372531281268801,,true,
2094671794212855966,1788244106355,cosmic-root-grackle,2094395073182228731,10671602,false,false
2094672128188518742,1788243727144,great-mountain-brushturkey,,,,
2094672268987113486,1788243760713,miraculous-sunflower-shearwater,2094235906529980608,374594501,true,
2094672309495927012,1788243770370,trusting-fjord-quail,2094580011214983277,348494384,true,
2094672597149745589,1788243838952,inspiring-chestnut-condor,2094349757766639801,1113353605636022272,false,false
2094672601847132434,1788243840072,uplifting-seawater-parakeet,2094487941024215549,1841594727604301824,true,
2094673378062049381,1788244025137,profound-orchard-rooster,2094520881472999541,,true,
2094673637894975814,1788244087086,trusting-sapling-emu,2093950879049146387,1185751158494765058,true,
2094673661781492207,1788244092780,wise-iceberg-lorikeet,2094505201851846678,2714539211,true,
2094673678835261563,1788244096846,prodigious-guava-junco,2094157209580286266,2781340092,true,
2094673762469699683,1788244116785,,,,,
2094674004410020238,1788244622820,cosmic-root-grackle,1701209223000916034,266980765,false,
2094674405028938061,1788244269984,captivating-melon-waxbill,2094645859850088930,1985268859885264896,true,
2094674416760467917,1788244272782,trusting-fjord-quail,2094629134102368422,1032882640666288128,true,false
2094674425853685915,1788244274950,confident-melon-blackbird,2094327621764968840,1773383606918070273,true,true
2094674865311646143,1788244379725,zappy-winter-thicketbird,2094655976125145334,,true,
2094675112486134213,1788244438655,wholesome-raspberry-stilt,2094504216718918025,1351811063164129280,true,
2094675123705962782,1788244441330,wholesome-raspberry-stilt,2094374061589561792,1201055889073082368,true,
2094675125367128154,1788244441726,intellectual-reef-condor,2094325056558239821,1101719117894045696,true,
2094675128797827373,1788244442544,wholesome-raspberry-stilt,2094472547081572686,2031523543691964417,true,
2094675145239503314,1788244446464,masterful-tanoak-sandpiper,2094615123524510043,130557513,false,
2094675189816492414,1788244457092,enchanting-canopy-osprey,2094465289840710141,,false,
2094675216643326303,1788244463488,wonderful-strawberry-owl,2094384567536758839,1991119711250325504,true,
2094675520126439506,1788244535844,neighborly-rhubarb-chickadee,2094521656379097329,1235025484175626240,true,
2094675787442217386,1788244599577,mindful-mist-eagle,,,,
2094675852969574884,1788244615200,animated-ridge-waxbill,2094538169257513162,1917798038766006272,true,
2094675865594638614,1788244618211,sensible-frost-fantail,2094403668225454493,1469916575545556993,true,
2094675892794450120,1788244624695,fancy-seedling-grouse,2094496183834087649,4607388855,true,
2094676157379863028,1788244687778,enlightened-peppermint-softbill,2094376736100335770,1240599043257937920,true,
2094676523957567647,1788244775176,easygoing-island-parrotlet,2094235906529980608,374594501,true,
2094676786768687398,1788244837836,empowered-blossom-songlark,2094308495273447785,1998022087026634754,true,
2094676861083148772,1788244855553,alpine-shoreline-flamingo,2094593108755562927,1518709627927633920,true,
2094677026255057156,1788244894934,sensible-frost-fantail,2094598664438305204,2475453187,true,
2094677154542104914,1788244925519,mindful-mist-eagle,2094283158682538373,61928421,true,
2094677349602361525,1788244972025,energetic-rainforest-puffbird,2094491567298166828,2080236235550027776,true,
2094677442581700842,1788244994193,brave-cove-pheasant,2094283158682538373,61928421,true,
2094677867548615072,1788245095513,wise-kelp-pelican,2094638567750537294,1377007435404075011,true,
2094678082074599664,1788245146661,heartwarming-pond-brownbul,2094520188595212549,,true,
2094678188438036562,1788245172020,wise-kelp-pelican,2094562242842992765,1035799528195031041,true,
2094678541749158254,1788245256256,inspiring-chestnut-condor,2094594497602580639,1017483468010344448,true,
2094678693142757730,1788245292350,mindful-mist-eagle,2094540581808873874,1924803095500095489,true,true
2094678844481360293,1788245328432,,,,,
2094679175642730503,1788245407387,distinguished-valley-mockingbird,2093822162134057083,918490448632664064,true,
2094679397198434304,1788245460210,warm-tide-hummingbird,2085706303910125634,1777533986157563904,true,
2094680074976891290,1788247637400,cosmic-root-grackle,2094674737888649662,2255658193,true,
2094680478867722445,1788245718100,supreme-raisin-grassbird,2094411615202611425,857018615807201280,true,
2094680843033686191,1788245804924,famous-juniper-kingbird,2094651671771009217,1169254465632972800,true,
2094681152414179662,1788245878686,bountiful-rock-thrush,2092530068002361829,2092525743523942400,true,
2094681278721470576,1788245908800,sensible-frost-fantail,2094627284825280948,1083438237006188551,true,
2094681282185994462,1788245909626,bountiful-rock-thrush,2092528640940802510,,true,
2094681641675268311,1788245995335,affable-moon-owl,2094552133097881763,1555229163153498112,false,
2094681644984598713,1788245996124,distinctive-seashore-swamphen,2094516254501486831,1270247766443397132,true,
2094681858822803854,1788246047107,logical-water-turkey,2094100872099758236,1758124774067232768,false,
2094682149718819138,1788246116463,wholesome-raspberry-stilt,2094643936023171561,1180533698,true,
2094682157981540527,1788246118433,wholesome-raspberry-stilt,2094422319158456660,,true,
2094682499456901435,1788246199847,calm-passionfruit-seagull,2094387230328672285,106679103,true,
2094682519853531336,1788246204709,diligent-brook-thrasher,2094609405673382198,48369917,true,
2094682547477512482,1788246211295,wise-kelp-pelican,2084939998592417992,1469916575545556993,true,
2094682859185258906,1788246285612,cheery-nutmeg-towhee,2094609405673382198,48369917,true,
2094682916768858495,1788246299342,celebrated-ocean-seagull,2094411459359060071,2087676854253817856,true,
2094682983907180775,1788246315348,cheery-nutmeg-towhee,2094644753317163485,1148430650388537344,true,true
2094683164480348430,1788246358401,great-mountain-brushturkey,2094678527144861941,,true,true
2094683504269246556,1788246439412,zappy-winter-thicketbird,2094667634868625799,1983022303580770304,true,
2094683535684579722,1788246446903,neighborly-rhubarb-chickadee,2094674737888649662,2255658193,true,
2094683561295073456,1788246453008,great-mountain-brushturkey,2094637481740173632,1266942227118460928,true,
2094683587769409790,1788246459320,diligent-brook-thrasher,2094675690402496673,1491688539901337604,true,
2094683634124906594,1788246470372,celebrated-ocean-seagull,2094624942444736842,,true,
2094683663921254644,1788246477477,courteous-moon-softbill,2094517758004265204,1481569624529547269,true,
2094683682091016276,1788246481809,cheery-nutmeg-towhee,2094668187103035656,2017890939465789440,true,
2094683704555692503,1788246487164,great-mountain-brushturkey,,,,
2094683739213222106,1788246495427,zappy-winter-thicketbird,2094624614311924204,836653298,true,
2094683773648380372,1788246503638,neighborly-rhubarb-chickadee,2094606658819539106,1589682529501556737,true,
2094683776488001921,1788246504314,zappy-winter-thicketbird,2094657196566937608,55814899,true,
2094683805768442355,1788246511295,neighborly-rhubarb-chickadee,2094578152035012653,1995227037418835968,true,
2094683884273185238,1788246530013,diligent-brook-thrasher,,,,
2094683944042008782,1788246544262,diligent-brook-thrasher,2094382014145192034,1081533674871554048,true,
2094684058047418710,1788246571443,celebrated-ocean-seagull,2094674737888649662,2255658193,true,
2094684141262381201,1788246591283,celebrated-ocean-seagull,2094564003611574758,1803578775440912384,true,
2094684244618379549,1788246615925,cheery-nutmeg-towhee,2094610701444849807,1508508342,true,true
2094684312759153100,1788246632171,cheery-nutmeg-towhee,2094374410060960016,2012490420702375936,true,
2094684401724498116,1788246653382,great-mountain-brushturkey,2094666870985302326,1653571481266458627,true,
2094684457605140955,1788246666706,zappy-winter-thicketbird,2094423365226525129,2027843808139087875,true,
2094684471605842229,1788246670044,neighborly-rhubarb-chickadee,2094667270446281037,,true,
2094684489104363944,1788246674215,serene-apricot-parakeet,2093857192289935402,,true,
2094684552820056106,1788246689407,philosophical-strawberry-tinamou,2094562638411731116,1309834513812525057,true,
2094684557035393389,1788246690412,diligent-brook-thrasher,2094374410060960016,2012490420702375936,true,
2094684563733656055,1788246692008,transparent-redwood-mallard,2094572782533189967,80283747,true,
2094684591051178339,1788246698522,celebrated-ocean-seagull,2094656027928998056,1298685741787230209,true,
2094684870609932304,1788246765173,,2094374410060960016,2012490420702375936,true,true
2094684877165633700,1788246766736,cheery-nutmeg-towhee,2094577691735347295,1995227037418835968,true,
2094685060242747850,1788246810385,animated-ridge-waxbill,2094674737888649662,2255658193,true,
2094685219395965204,1788246848330,hardy-grape-tinamou,2093612245179838785,839506284,true,
2094685288253526039,1788246864747,great-mountain-brushturkey,2094559742253232285,1148585520999620608,true,
2094685375901962344,1788246885645,animated-ridge-waxbill,2094610701444849807,1508508342,true,true
2094685397691286003,1788246890839,zappy-winter-thicketbird,2094429787049820546,1620418425955966977,true,
2094685448022970646,1788246902839,neighborly-rhubarb-chickadee,2094553532296806511,4805786922,true,
2094685721906815180,1788246968138,amicable-cherry-sandpiper,2094507622078816427,1734616714837737472,true,
2094685759357726827,1788246977068,diligent-brook-thrasher,2094444957004079324,,true,
2094685813455892840,1788246989966,celebrated-ocean-seagull,2094614134239506940,293883175,true,
2094685873619026226,1788247004310,cheery-nutmeg-towhee,2094413437656846706,1880680166936252416,true,
2094685941986111546,1788247020609,mannerly-oak-needletail,2094666563882299657,187594920,true,
2094685979239915569,1788247029492,empowered-blossom-songlark,2094667569584296075,1765347573353869313,true,true
2094686092372926897,1788247056464,jazzy-blossom-nighthawk,2094530845008593139,38395124,true,true
2094686264331055124,1788247097462,great-mountain-brushturkey,2094665004263858525,,true,
2094686312510935383,1788247108949,zappy-winter-thicketbird,2094581526948135067,2092356411204247552,true,
2094686478190195159,1788247148450,neighborly-rhubarb-chickadee,2094630112197235012,1385494007124357120,true,
2094686523291509001,1788247159204,diligent-brook-thrasher,2094593709824528497,,true,
2094686537917104556,1788247162690,celebrated-ocean-seagull,2094598664438305204,2475453187,true,
2094686620909785120,1788247182478,cheery-nutmeg-towhee,,,,
2094686702631559396,1788247201962,great-mountain-brushturkey,2094500248471134470,1005389407493423105,true,
2094686775663013929,1788247219373,fantastic-prairie-raven,2094453456786608620,1939367996147027968,true,
2094686815420563491,1788247228852,natural-redwood-grassbird,2094436328981061781,38142665,false,
2094686925202309547,1788247255026,zappy-winter-thicketbird,2094638723426025576,2043400278242701312,true,
2094686988767023438,1788247270181,neighborly-rhubarb-chickadee,2094475271051104490,911933287345659905,true,
2094687400475648223,1788247368340,adventurous-cherry-thicketbird,2094671252971520363,39692424,true,
2094687678843514992,1788247434708,mindful-sea-lark,2093941745952383268,127374158,true,
2094687796023988471,1788247462647,logical-sunlight-motmot,2094582289321902293,,true,
2094687865317802404,1788247479166,grand-cantaloupe-scaup,2094463125911183369,260016002,true,
2094687925049184466,1788249265008,cosmic-root-grackle,2094374410060960016,2012490420702375936,true,
2094687959471596005,1788247501616,diligent-brook-thrasher,2094674755269865530,1423647661148852233,true,
2094688264426795318,1788247574322,celebrated-ocean-seagull,2094672703374717396,,true,
2094688274291835301,1788247576674,cheery-nutmeg-towhee,2094533934960758909,2082870583021142016,true,
2094688475756851488,1788247624707,mannerly-oak-needletail,2094501760467456105,561857372,true,
2094688530270232786,1788249336758,cosmic-root-grackle,2094674737888649662,2255658193,true,
2094688652685115762,1788247666891,great-mountain-brushturkey,2094672846157140043,,true,
2094688713179607253,1788247681314,great-mountain-brushturkey,2094671404268478585,1523728979445829632,true,
2094688873242624069,1788247719475,elegant-seedling-shearwater,2094500248471134470,1005389407493423105,false,
2094688976464404954,1788247744085,zappy-winter-thicketbird,2094561376375108082,2005108622628704256,true,
2094688988388811237,1788247746928,neighborly-rhubarb-chickadee,2094560212124602538,1459694066271076352,true,true
2094689003706388918,1788247750581,agile-pomegranate-treerunner,2094651671771009217,1169254465632972800,false,
2094689106739527798,1788247775146,diligent-brook-thrasher,2094665464261595487,2032750510328131586,true,
2094689482461298762,1788247864725,hopeful-mulberry-bluebird,2094627089479881184,,true,true
2094689518217474067,1788247873249,celebrated-ocean-seagull,2094638387638485415,6770022,true,
2094689520276934859,1788247873741,zappy-winter-thicketbird,2094638387638485415,6770022,true,
2094689556305994230,1788247882330,cheery-nutmeg-towhee,2094664515149246741,,true,
2094689772845281315,1788247933957,great-mountain-brushturkey,2094476495989375432,,true,
2094689775881994512,1788247934681,neighborly-rhubarb-chickadee,2094650185053823027,1590936607749820416,true,true
2094689805078610309,1788247941643,wholesome-raspberry-stilt,2094503090116612160,796216874627305472,true,
2094689815967007125,1788247944238,wholesome-raspberry-stilt,2094520521798942934,1554113585898561536,true,
2094689821956427984,1788247945666,wholesome-raspberry-stilt,2094355415601471696,2019599199789051904,true,
2094689907633795236,1788247966093,smiley-grape-cockatoo,2094428840672051450,435331179,true,
2094690076685135989,1788248006398,lionhearted-papaya-cotinga,2094536203765002513,,true,
2094690303458279780,1788248060466,zappy-winter-thicketbird,2094521718865887343,1894646608685346816,true,true
2094690305815478362,1788248061027,neighborly-rhubarb-chickadee,2094583806942658860,1602770900771753984,true,true
2094690308176900194,1788248061590,diligent-brook-thrasher,2094399484721549619,2009547872463925248,true,
2094690478859927784,1788248102284,zesty-harvest-owl,2094675381471044054,1412491640917331975,true,false
2094690512900907174,1788248110400,celebrated-ocean-seagull,2094639411388703044,1712868500895862784,true,
2094690565610709406,1788248122968,diligent-brook-thrasher,2094552585986289756,1326953666700587011,true,
2094690644534915275,1788248141785,phenomenal-beech-peacock,2094610701444849807,1508508342,false,
2094690706807988619,1788248156631,joyful-star-siskin,2094643272438386731,1384435821621645313,true,
2094690831534055788,1788248186368,brave-seawater-hornbill,2094635398362476828,1552713404292288512,true,
2094690883962650650,1788248198868,celebrated-ocean-seagull,2094686946995884290,,true,true
2094691005937426522,1788248227949,joyful-star-siskin,2094637119075762682,1384435821621645313,true,
2094691047351763127,1788248237822,enlightened-banana-grouse,2094414616235258087,1303122298300502016,true,
2094691268274049269,1788248290495,impeccable-holly-barbet,2094465970895221139,1363918699430776833,true,
2094691302114045971,1788248298563,exceptional-sun-crow,2084073788145054013,1940689287176937472,true,
2094691564052177218,1788248361014,cheery-nutmeg-towhee,2094532930802782322,2303671492,true,
2094691763374194760,1788249403260,cosmic-root-grackle,2094587409421959306,855483824351924224,true,
2094691858970804441,1788249345565,cosmic-root-grackle,2094601448747143185,1429400366819512323,true,
2094691932165243254,1788248448780,great-mountain-brushturkey,2094651467416187160,886491173086523393,true,
2094691989065445481,1788248462345,enlightened-peppermint-softbill,2094577102440067557,899796695503953920,true,
2094692009646686271,1788248467252,zappy-winter-thicketbird,2094470159029412297,1580384014816448513,true,
2094692130086441436,1788248495967,quirky-wood-junco,2094312494063878263,1915320367746605057,true,
2094692250953674839,1788248524785,miraculous-tide-wren,2094375038380343383,,true,true
2094692424270442813,1788248566106,neighborly-rhubarb-chickadee,2094513422822265192,2038217603441893377,true,
2094692591291732471,1788248605928,strategic-jacaranda-pratincole,2094601029228577169,1586097578998906880,true,
2094692767435735109,1788248647923,diligent-brook-thrasher,2094579528542896232,948179588005236736,true,
2094692775791051142,1788248649916,authentic-cherry-seabird,2094473749667926428,3044772544,true,
2094692835672899901,1788249600338,cosmic-root-grackle,2094486768070324721,721444955,true,
2094692867394748553,1788248671756,worldly-cactus-canary,2094681682037354554,1958990088840650754,true,
2094692902223880227,1788248680060,celebrated-ocean-seagull,2094433889142116489,1667088705180561409,true,
2094692958360449533,1788248693444,cheery-nutmeg-towhee,,,,
2094693074022924532,1788248721019,authentic-cherry-seabird,2094624942444736842,,true,true
2094693155207532880,1788248740375,great-mountain-brushturkey,2094659049874915613,1398268921011064833,true,
2094693195871305736,1788248750070,extraordinary-grove-lovebird,2094664013993177514,1688410127378829312,true,
2094693233590968504,1788248759063,gentle-orchard-turkey,2094549863354827238,1071730352664698880,true,
2094693301756551654,1788248775316,zappy-winter-thicketbird,2094423761978265815,1445164496868233219,true,
2094693550923329696,1788248834722,neighborly-rhubarb-chickadee,,,,
2094693702220300433,1788248870794,diligent-cactus-seabird,2094127817143279850,1379502523,true,
2094693749301317831,1788248882019,diligent-brook-thrasher,2094550334924329192,,true,
2094693831627141488,1788248901647,modern-cliff-starling,2094685601744445448,1461210699464646662,true,
2094693951454273615,1788248930215,philosophical-cherry-thicketbird,2094669261155557438,1040146057093627904,true,
2094694003451056478,1788248942613,animated-ridge-waxbill,2094473749667926428,3044772544,true,
2094694053002596683,1788248954426,appreciative-mint-anhinga,2094495968334913938,1631995642057719810,false,
2094694248813850698,1788249001111,transparent-valley-macaw,2094682745389887999,1439013704687775746,true,
2094694265330754036,1788249005049,celebrated-ocean-seagull,2094616183580545390,1894599605150781444,true,true
2094694336369750459,1788249021986,cheery-nutmeg-towhee,2094685880313069797,1985121042155687936,true,
2094694493899411700,1788249059545,great-mountain-brushturkey,2094531275986239581,606233074,true,
2094694544885362883,1788249071700,exceptional-wood-spoonbill,2094537846774177867,1666059713484562433,true,
2094694551894003954,1788249073372,tough-lake-crow,2094675381471044054,1412491640917331975,false,
2094694579739951144,1788249080011,zappy-winter-thicketbird,2094681790090727701,1865300573739753472,true,
2094694630356824317,1788249092078,neighborly-rhubarb-chickadee,,,,
2094694632294592858,1788249092540,cheery-nutmeg-towhee,,,,
2094694955918733432,1788249169698,diligent-brook-thrasher,2094686609463460232,771606164,true,
2094694975459958997,1788249174357,animated-ridge-waxbill,2094624942444736842,,true,
2094695173175275982,1788249221497,courteous-coral-shearwater,2094372363819499997,1977541770696404992,false,
2094695459021337017,1788249289648,celebrated-ocean-seagull,2094535947404611687,251726319,true,
2094695810638192859,1788249373480,cheery-nutmeg-towhee,2094683456835821763,1969010035239063552,true,
2094695919564292492,1788249399450,great-mountain-brushturkey,2094453202041421869,28921926,true,
2094695928758145108,1788249598993,cosmic-root-grackle,2094574025510908356,183625065,true,
2094695950803415413,1788249406898,zappy-winter-thicketbird,2094685783533723759,1251611181829292039,true,
2094696022102479169,1788249423896,great-mountain-brushturkey,2094445019687985240,1568266131034480647,true,
2094696500823486634,1788249538032,gleeful-summer-flameback,2094421972104953980,2033442960256438273,true,
2094696515847532553,1788249541614,mindful-canopy-emu,2094543487232250286,3082383264,false,
2094696710388011113,1788249587996,majestic-citrus-dipper,2094496827907469756,2086690059726839809,true,true
2094696870463344766,1788249626161,zappy-winter-thicketbird,2094359451189018648,,true,
2094696957528682568,1788249646919,neighborly-rhubarb-chickadee,2094339361219166629,1516063678759677960,true,
2094697029679124867,1788249664120,mighty-boulder-waxbill,2094378965490438553,1849376720513597441,true,
2094697046003593604,1788249668013,lovely-apple-murrelet,2094547582978596946,1338186398600482816,true,
2094697232838570218,1788249712558,diligent-brook-thrasher,2094486768070324721,721444955,true,
2094697281610031133,1788249724187,celebrated-ocean-seagull,2094579811725246906,1784593928919949313,true,
2094697319388356830,1788249733193,supreme-watermelon-kestrel,2094639022715133973,1829571631989272576,true,
2094697374601900113,1788249746357,cheery-nutmeg-towhee,2094668777078091882,,true,true
2094697403404202452,1788249753224,celebrated-basswood-kingfisher,2094470159029412297,1580384014816448513,true,
2094697512552866141,1788249779247,memorable-winter-sunbird,2094429764849180830,1821258262425042944,true,
2094697880900583537,1788249867068,great-mountain-brushturkey,2094438529107382535,2176838354,true,
2094698046420656551,1788250057215,cosmic-root-grackle,2094055635188871620,1789074247618367488,true,
2094698099729965387,1788249919241,zappy-winter-thicketbird,2094447338567700725,2059164175620804608,true,
2094698162804122012,1788250960705,cosmic-root-grackle,2094562172084834321,1906820607997853696,true,
2094698513770635701,1788250017956,neighborly-rhubarb-chickadee,2094574025510908356,183625065,true,
2094698521479823422,1788250019794,melodious-papaya-snowfinch,2094201686269256048,63617803,true,
2094698544707911990,1788250025333,diligent-brook-thrasher,2094618318267408394,,true,true
2094698564127506668,1788250029962,celebrated-ocean-seagull,2094681793714889094,,true,
2094698572193100273,1788250031886,cheery-nutmeg-towhee,,,,
2094698656012083610,1788250051870,great-mountain-brushturkey,2094460262233600182,1183621586709991425,true,
2094698659996700735,1788250052819,neighborly-rhubarb-chickadee,2094684086019268962,1722014154322575360,true,
2094698860614480143,1788250100650,diligent-brook-thrasher,2094493368235471161,2059551805588086784,true,
2094698862459977769,1788250101090,zappy-winter-thicketbird,2094493368235471161,2059551805588086784,true,
2094699030664126971,1788250141194,approachable-avocado-wheatear,2094671579598717028,18979745,true,
2094699032094335384,1788250141534,neighborly-rhubarb-chickadee,,,,
2094699037182087664,1788250142747,diligent-brook-thrasher,2094675505333092841,1852734048075964417,true,
2094699215381205219,1788250185233,celebrated-ocean-seagull,2094465559027184044,,true,
2094699217314807813,1788250185695,cheery-nutmeg-towhee,2094465559027184044,,true,true
2094699291541475663,1788250203391,great-mountain-brushturkey,2094681855786164699,,true,
2094699606411977101,1788250278463,wholesome-raspberry-stilt,2094601448747143185,1429400366819512323,true,
2094699967210508675,1788250364484,compassionate-rhubarb-grebe,2093992595521487205,1545498531079012353,true,
2094700105660051686,1788250397492,zappy-winter-thicketbird,2094676704438501714,,true,
2094700327870074965,1788250450471,neighborly-rhubarb-chickadee,2094620196380270840,1589891873019023360,true,true
2094700424905331024,1788251049772,cosmic-root-grackle,2094516398550610218,1707355728116056064,false,
2094700667902341542,1788250531541,alpine-cloud-toucan,2093811816581177776,2027429188400254976,true,
2094701464618696844,1788250721493,cheery-nutmeg-towhee,,,,
2094701731758141507,1788250785184,wonderful-grapefruit-cardinal,2094626041935597831,164718384,true,
2094701738775204138,1788250786857,meticulous-winter-quail,2094370688769659082,1471535765297549324,true,
2094701796375564725,1788250800590,diligent-brook-thrasher,2094659822746554745,1268191127565479938,true,
2094701949752873074,1788250837159,meticulous-winter-quail,2093496266449903888,1928357525784776704,true,
2094702011388182551,1788250851854,invigorated-valley-softbill,2094522128317989280,1372539037114904577,true,true
2094702199486005714,1788250896700,bold-brook-jay,2094525729845236043,1640783549337837575,true,true
2094702244885078224,1788250907523,celebrated-ocean-seagull,2094424972752015834,1313101153970917378,true,
2094702376078737453,1788250938802,cheery-nutmeg-towhee,2094370360657580363,2024095006588555264,true,
2094702380340121816,1788250939819,great-mountain-brushturkey,2094605857191547022,,true,
2094702391115579763,1788250942388,talented-island-ibis,2094439995704770991,1282509001926692864,true,
2094702420890697786,1788250949486,zappy-winter-thicketbird,2094549141108003118,1860497581270331392,true,
2094702469859131779,1788250961161,neighborly-rhubarb-chickadee,2094457840794820912,3155911822,true,
2094702511123013667,1788250970999,meticulous-winter-quail,2094367255069106362,1460592843035230211,true,
2094702537928479183,1788250977390,strategic-jacaranda-pratincole,2094451423941394574,5988062,true,false
2094702547990663327,1788250979789,diligent-brook-thrasher,2094686611074162939,2235039606,true,
2094702590793552305,1788250989994,entertaining-frost-firefinch,2094687655334166894,2850651695,true,
2094702663992553775,1788251007446,celebrated-ocean-seagull,2094657196566937608,55814899,true,
2094702812781592737,1788251042920,majestic-fig-seedeater,2094446228784242728,1088383715770859521,false,
2094703018700583103,1788251426427,cosmic-root-grackle,2093773419342876968,1788045804067868672,false,
2094703033586163803,1788251095564,,2094562172084834321,1906820607997853696,true,
2094703042364842413,1788251097657,cheery-nutmeg-towhee,2094516398550610218,1707355728116056064,true,
2094703084757041609,1788251107764,thoughtful-granite-crow,2094638235867910382,1092883822473924608,true,
2094703144802427037,1788251122079,resplendent-beech-sunbird,2094641505336246516,2088199854409592832,true,
2094703234615324744,1788251407711,cosmic-root-grackle,2094387569869893977,1335132884278108161,true,
2094703256140181947,1788251148626,reserved-sky-dove,2094054263932485820,1557505554490310660,true,
2094703868487610547,1788251294621,great-mountain-brushturkey,2094606849538732194,1589231479087058944,true,
2094704006480404756,1788251327520,brave-horseradish-crow,2094595864014594311,,true,
2094704056896020727,1788251339540,miraculous-tide-wren,2094595399298560212,101801049,true,false
2094704227905913214,1788251380312,zappy-winter-thicketbird,2094591761817440527,1804421558586478592,true,
2094704281404187121,1788251393067,intellectual-peat-firefinch,2094683086776660297,2840627851,true,
2094704593254879560,1788251467419,neighborly-rhubarb-chickadee,2094607730950697193,481170638,true,
2094704623739129929,1788251474686,diligent-brook-thrasher,2094676898655748498,1722014154322575360,true,
2094704703351185820,1788251493667,celebrated-ocean-seagull,2094680366556590172,57812581,true,
2094704781453377619,1788251512288,cheery-nutmeg-towhee,2094641811151065220,2021298012329316352,true,
2094705003252318262,1788251565170,prodigious-lumber-robin,2094362605116637515,1451551450967023627,false,
2094705017311654129,1788251568521,great-mountain-brushturkey,2094453897213420018,4595466616,true,
2094705034755703083,1788251572681,zappy-winter-thicketbird,2094525729845236043,1640783549337837575,true,
2094705145560940761,1788251599099,authentic-bamboo-recurvebill,2094573631443534005,974851005882957824,true,false
2094705183074693593,1788251608042,neighborly-rhubarb-chickadee,2094485268384629089,,true,true
2094705278172143646,1788251630715,empowered-lemon-lark,2094679543155994928,,true,
2094705376293687315,1788251654110,diligent-brook-thrasher,2094681851671589142,,true,
2094705632385318935,1788251715166,celebrated-ocean-seagull,2094620494511091852,821751272004993025,true,true
2094705724714582200,1788251737179,vivacious-moon-warbler,2094116940834841020,1341403581820395528,true,
2094705786215678057,1788251751842,great-mountain-brushturkey,2094669328624803840,2075230685107740672,true,
2094706190877949958,1788251848321,upstanding-honeydew-puffleg,2094621713312919791,130557513,true,
2094706383585185989,1788251894267,quirky-rain-osprey,2094670264319521111,43910684,true,
2094706691803856961,1788251967751,motivational-lychee-cacholote,2094690674306433498,,true,
2094706694722834834,1788251968447,cheery-nutmeg-towhee,2094683905337053309,,true,
2094706819968950324,1788251998308,enchanting-mist-friarbird,2094659841612550575,,true,
2094706826013007930,1788251999749,great-mountain-brushturkey,2094397556075974977,1863851447353253888,true,
2094706979742585332,1788252036402,accomplished-roots-tinamou,2094174102655205733,791620697726615554,false,
2094707065981698160,1788252056962,wholesome-raspberry-stilt,2094441753575096440,1221517846821457921,true,
2094707444568170692,1788252147224,meticulous-winter-quail,2094364355588751643,2067099956826284032,true,
2094707643608691108,1788252194680,skilled-dogwood-stilt,2094493515862667336,2259413975,true,
2094707667046658147,1788252200267,humorous-ocean-oriole,2094618282288672888,1983247935682031618,true,
2094707784944103822,1788252228376,zappy-winter-thicketbird,2094670168819372144,829945159940968448,true,
2094708057418973333,1788252293340,humorous-ocean-oriole,2094663787697909792,1754551087926063105,true,
2094708176364998885,1788252321699,punctual-peppermint-firetail,2094532177174413542,128256856,true,
2094708185450123672,1788252323864,admirable-avocado-treerunner,2070407236523098209,2382032083,true,
2094708204210987449,1788252328337,neighborly-rhubarb-chickadee,2094698609942180175,3295423333,true,
2094708314382774321,1788252354605,diligent-brook-thrasher,2094509353692959107,1788330412386729984,true,
2094708316085912052,1788252513382,cosmic-root-grackle,2094439012295450867,21862217,true,
2094708316786078023,1788252355177,cheerful-rose-bunting,2094418679559786785,61020403,true,false
2094708332250464711,1788252358864,celebrated-ocean-seagull,,,,
2094708390668693908,1788252372792,cheery-nutmeg-towhee,2094693134563242340,1796252734401675264,true,
2094708542376681643,1788252408963,zappy-winter-thicketbird,2094703623561212181,2055638819051913217,true,
2094708542892822914,1788252409086,distinguished-jackfruit-falcon,2094613482406838662,2075865220816535552,true,true
2094708548802330652,1788252410494,neighborly-rhubarb-chickadee,2094577656213770508,1319802998370017280,true,
2094708591035040030,1788252420564,mannerly-citrus-tinamou,2094368779627274428,1624766479622352896,true,
2094708618981454307,1788252427226,diligent-brook-thrasher,2094685449755255281,1199736038874324993,true,
2094708642046001234,1788252432725,confident-park-rooster,2094671579598717028,18979745,false,
2094708787424690314,1788252467386,celebrated-ocean-seagull,,,,
2094708922267443213,1788252499536,cheery-nutmeg-towhee,2094364015707214259,1584129909676466178,true,
2094708926113615980,1788252500453,great-mountain-brushturkey,2094568915665813792,,true,
2094709049413783994,1788252529849,kind-raisin-cuckoo,2094701617849200938,,true,
2094709524347162930,1788252643082,zappy-winter-thicketbird,2094695934739329466,,true,
2094709600314687871,1788252661195,meticulous-winter-quail,2091729676972818515,2028421677777137664,true,
2094709655733768461,1788252674407,neighborly-rhubarb-chickadee,,,,
2094709689699521022,1788252682505,artistic-rock-crake,2094682171894075529,,true,
2094710136497381871,1788252789030,diligent-brook-thrasher,2094643626131206553,841000865238528001,true,
2094710184727736346,1788252800529,zappy-winter-thicketbird,2094501760467456105,561857372,true,
2094710186841624776,1788252801033,celebrated-ocean-seagull,,,,
2094710189119119812,1788252801577,neighborly-rhubarb-chickadee,2094605068314247422,1323290841398439937,true,
2094710229434773939,1788252811188,cheery-nutmeg-towhee,,,,
2094710262775283886,1788252819137,great-mountain-brushturkey,2094358305808515453,1498580017449926657,true,
2094710331566154176,1788252835538,diligent-brook-thrasher,2094549019636691447,403468718,true,
2094710553285365792,1788252888400,zappy-winter-thicketbird,2094608457387188491,155343144,true,
2094710806135144786,1788252948684,resourceful-clay-kingfisher,2094701889665507785,145599783,true,
2094710955317801217,1788252984252,neighborly-rhubarb-chickadee,2094694398046990504,247957635,true,
2094711011051757856,1788252997540,diligent-brook-thrasher,2094566159882616953,1963783668289396736,true,
2094711086947913804,1788253015635,earnest-passionfruit-finch,2094325174988329098,1192961513600016384,true,
2094711132741062848,1788253026554,celebrated-ocean-seagull,,,,
2094711219840069818,1788253047319,,2094533332092539307,2886307114,true,
2094711262412148767,1788253057469,celebrated-ocean-seagull,2094666633977512239,1876930083845292033,true,
2094711439952937332,1788253099798,cheery-nutmeg-towhee,,,,
2094711451822735502,1788253102628,great-mountain-brushturkey,2094624470950674719,57028854,true,
2094711490171544030,1788253111772,hopeful-mulberry-bluebird,2094607730950697193,481170638,true,
2094711500288196616,1788253114184,ecstatic-ice-puffin,2094435993399259338,964389261364510722,true,
2094711623978037409,1788253143673,zappy-winter-thicketbird,2094670398537216106,15065470,true,
2094711687483936803,1788253158814,,2094059366672454000,1474454043888177155,true,
2094711756354412652,1788253175234,neighborly-rhubarb-chickadee,2094694773361934402,2086396996735430656,true,true
2094711789493637486,1788253183135,revered-glacier-tern,2093098431426277459,2069472943575289857,false,
2094712037863571680,1788253242352,,2094397556075974977,1863851447353253888,true,
2094712093362598389,1788253255583,diligent-brook-thrasher,2094630520491491654,1993659774370758656,true,
2094712290918506755,1788253302685,celebrated-ocean-seagull,2094691997269316048,,true,
2094712367527469257,1788253320949,energizing-rock-lovebird,2094581762856743099,729453080,true,
2094712369175736547,1788253321342,cheery-nutmeg-towhee,2094523076482629667,2568680099,true,
2094712388427841898,1788253325933,ecstatic-eucalyptus-swamphen,2094595361231057336,,true,
2094712407683748078,1788253330524,great-mountain-brushturkey,,,,
2094712438956704160,1788253337979,frank-mountain-hillstar,2094500960944988329,2353710014,true,
2094712478110478593,1788253347315,bold-wind-eagle,2093389770735104072,2071205388821647361,true,
2094712601649328368,1788253376768,zappy-winter-thicketbird,2094685539467141401,554163579,true,
2094712604094521715,1788253377351,cheery-nutmeg-towhee,2094445019687985240,1568266131034480647,true,
2094712719299707175,1788253404819,inquisitive-pistachio-peacock,2094700510003732665,,true,
2094712749808914790,1788253412092,hysterical-wood-brownbul,2094409409342431563,1920609536169095168,true,
2094712890788073842,1788253445705,tolerant-dogwood-needletail,2094327621764968840,1773383606918070273,true,true
2094712944923644241,1788253458611,intelligent-peachtree-condor,2094460439824339427,2887077099,true,
2094712992587796824,1788253469976,effective-oak-bulbul,2094200246742008203,878568181748695040,false,
2094713036011635167,1788253621031,cosmic-root-grackle,,,,
2094713177887908032,1788253514154,neighborly-rhubarb-chickadee,,,,
2094713212981653931,1788253522521,great-mountain-brushturkey,2094365054036545544,2036784443344523264,true,
2094713356330435062,1788253556699,quirky-rain-osprey,2094700070180409531,114503680,true,
2094713474299429020,1788253584824,diligent-brook-thrasher,2094702352880042198,2023377447513665536,true,
2094713668412080230,1788253631105,ecstatic-eucalyptus-swamphen,2094697126592725323,1948440576140955648,true,
2094714491724263671,1788253827397,celebrated-ocean-seagull,2094412510862692439,1815316017494818816,true,
2094714621378596979,1788253858309,wholesome-raspberry-stilt,2094553493449179624,,true,
2094714737028194554,1788253885883,efficient-dogwood-towhee,2094539471710830892,2051621646507884544,true,
2094714778119798858,1788253895679,cheery-nutmeg-towhee,2094438529107382535,2176838354,true,
2094714824940814723,1788253906842,cheery-nutmeg-towhee,2094363970325111042,1267927961325330434,true,
2094715087483269602,1788253969437,methodical-tree-seedeater,2094445672900559230,1480277942357966849,true,true
2094715145088025056,1788253983171,hardy-boulder-frigatebird,2093805706818236729,,true,
2094715273354039385,1788254013751,meticulous-winter-quail,2093266297018875925,1278956530117853186,true,
2094715528875016681,1788254074673,astonishing-juniper-whistler,2094319661076586981,22740654,true,
2094715710488388085,1788254117973,great-mountain-brushturkey,,,,
2094715725277433916,1788254121500,great-mountain-brushturkey,2094675505333092841,1852734048075964417,true,
2094715846195286052,1788254316290,cosmic-root-grackle,2093710078540955744,1355721251180961792,false,
2094716008770478184,1788254189089,zappy-winter-thicketbird,2094374300241236174,1771351695467134976,true,
2094716055495078359,1788254200230,neighborly-rhubarb-chickadee,,,,
2094716212638892365,1788254237695,merry-freshwater-drongo,2093337813496279212,1731773353915039744,true,
2094716278162215265,1788254253317,dauntless-mangrove-puffleg,2094456925253484722,752077698,true,
2094716295413448995,1788254257431,diligent-brook-thrasher,2094710098220204289,1811322454322880512,true,
2094716411574640971,1788254285125,celebrated-ocean-seagull,2094706253758861466,,true,
2094716434282647721,1788254290540,,,,,
2094716455929475499,1788254295700,cheery-nutmeg-towhee,,,,
2094716488926327106,1788254303567,dynamic-hazelnut-sandgrouse,2094349976990261484,2028794927484895232,true,
2094716492902207529,1788254304515,great-mountain-brushturkey,2094678821928661128,1053411871456407552,true,
2094716500359643482,1788254306294,zappy-winter-thicketbird,,,,
2094716550058041757,1788254318142,neighborly-rhubarb-chickadee,2094707139931468131,,true,
2094716567741235229,1788254886710,cosmic-root-grackle,,,,
2094716903713542181,1788255105829,cosmic-root-grackle,,,,
2094716946650419479,1788254412696,diligent-brook-thrasher,2094434334199398489,1643530993553358849,true,
2094716967160627706,1788254417587,intentional-spring-catbird,2094077288312713662,2000593641480605696,false,
2094716977419882532,1788254420033,entertaining-frost-firefinch,2094699183978537309,80820758,true,
2094717091047723198,1788254447124,celebrated-ocean-seagull,2094696540417966447,1468146891464470528,true,
2094717150326059157,1788254461258,congenial-grapefruit-tanager,2094668815934407145,1604100086656487425,true,
2094717240390148110,1788254482730,cheery-nutmeg-towhee,2094700741902450915,,true,
2094717276662460710,1788254491378,zappy-winter-thicketbird,2094453202041421869,28921926,true,
2094717319284928853,1788254501540,revered-peppermint-friarbird,2094679709770490078,,true,
2094717524096995814,1788254550372,neighborly-rhubarb-chickadee,2094421972104953980,2033442960256438273,true,
2094717623984640218,1788254574187,wholesome-trail-motmot,2094715091417776505,1282509001926692864,true,
2094717696185110642,1788254591400,elated-pistachio-swan,2094658048551788998,1112806505219227650,true,false
2094718021428289783,1788254668944,diligent-brook-thrasher,2094697204615204883,2727345069,true,
2094718046002680277,1788254674803,celebrated-ocean-seagull,,,,
2094718085735268506,1788254684276,cheery-nutmeg-towhee,2094448077805687217,2074069652838457344,true,
2094718088289587282,1788254684885,great-mountain-brushturkey,2094300244381139065,125881920,true,
2094718091343106423,1788254685613,loyal-jacaranda-curassow,2094501219372797999,1148031014,true,
2094718145445482935,1788254698513,legendary-kiwi-petrel,2094513971545919687,111605663,true,true
2094718210964623673,1788254714134,zappy-winter-thicketbird,2094679912959328662,1881471625197133824,true,
2094718217511911928,1788254715694,neighborly-rhubarb-chickadee,2094705267007279377,817641966,true,
2094718300039049331,1788254735370,chipper-summer-flycatcher,2094455799632236752,1613558646,true,
2094718332653941043,1788254743147,diligent-brook-thrasher,,,,
2094718575172882693,1788254800967,loyal-jacaranda-curassow,2091878793409438156,1148031014,true,
2094718608794341603,1788254808983,celebrated-ocean-seagull,,,,
2094718633217777984,1788254814807,cheery-nutmeg-towhee,2094679219406021020,,true,
2094718638037012746,1788254815955,great-mountain-brushturkey,2094658696416735402,1267334333175496704,true,
2094718690625237472,1788254828493,zappy-winter-thicketbird,2094706718785556557,,true,
2094718826986254527,1788254861005,neighborly-rhubarb-chickadee,2094558349639471601,1996503318303248384,true,
2094718831633531160,1788254862112,diligent-brook-thrasher,2094352685864796669,880769859939729411,true,
2094718844350644333,1788254865144,lucent-oak-catbird,2094681663829844378,939053934232195072,true,
2094718848700186951,1788254866182,enlightened-peppermint-softbill,2094680441974648913,97244324,true,
2094718989071167720,1788255059804,cosmic-root-grackle,,,,
2094719091701420183,1788254924118,celebrated-ocean-seagull,2094630827196064159,1957909271146033154,true,
2094719321691816166,1788254978951,cheery-nutmeg-towhee,2094674359788941726,1930558268,true,
2094719354629759404,1788254986805,diligent-kiwi-pipit,2094714737216884739,1355721251180961792,true,
2094719470094651419,1788255014333,jolly-cedar-partridge,2094513409454751856,1316995857242378240,true,
2094719486628642948,1788255018276,courageous-citrus-starling,2094599527260880910,374712154,true,
2094719588869058842,1788255042651,great-mountain-brushturkey,2094402609167614075,1543443901738016773,true,
2094719714169663719,1788255072525,zappy-winter-thicketbird,2094622038858268822,1457884439586144256,true,
2094719844952183012,1788255103706,neighborly-rhubarb-chickadee,,,,
2094719854569767391,1788255105999,diligent-brook-thrasher,,,,
2094719929605911028,1788255123890,celebrated-ocean-seagull,2094500557281251337,1927879942584287232,true,
2094720070962618713,1788255157591,genuine-mint-pipit,2094615718419665354,1323290841398439937,true,
2094720310767493628,1788255214765,tranquil-summer-flycatcher,2094543487232250286,3082383264,true,
2094720386663428455,1788255232860,beautiful-root-seabird,2093122897296679084,1791612891474644992,true,
2094720427469811754,1788255242589,tectonic-sapling-treepie,2094474427748454527,,true,
2094720427998187843,1788255242716,creative-grass-crow,2094565937882259836,1263516193408692226,true,
2094720428711252188,1788255242885,genial-canopy-frigatebird,2094706969328161261,,true,
2094720489075704094,1788255257277,winning-grass-cormorant,2094508988562047293,464128120,false,
2094720759088209968,1788255321654,cheery-nutmeg-towhee,2094706120002560373,1270028946659250180,true,true
2094720949673513139,1788255367092,trusting-fjord-quail,2094706120002560373,1270028946659250180,true,true
2094720978743889952,1788255374024,,2094421972104953980,2033442960256438273,true,
2094721039368348016,1788255388477,genial-canopy-frigatebird,2094706904945557725,,true,
2094721205563699201,1788255428102,thrilled-grove-seedeater,,,,
2094721258877317528,1788255440812,great-mountain-brushturkey,2094669815432593559,1040146057093627904,true,true
2094721305064952228,1788255451824,zappy-winter-thicketbird,2094679597413462283,1582481266124804098,true,
2094721347532259396,1788255461950,vibrant-peach-mockingbird,2094536718028259661,,true,
2094721359066644551,1788255464700,sensible-creek-kite,2094572511153254536,1478989654712098816,true,
2094721695680545048,1788255544954,gregarious-sea-grackle,2094258606539472919,1230516522784894976,true,
2094721777280717164,1788255564409,neighborly-rhubarb-chickadee,2094538217299353669,2537825904,true,
2094721828656705587,1788255576658,diligent-brook-thrasher,2094697081457754277,954697105406332928,true,
2094721992146530773,1788255615637,zappy-winter-thicketbird,2094679709770490078,,true,
2094722153874899423,1788256184600,cosmic-root-grackle,,,,
2094722198154207533,1788255664753,wholesome-raspberry-stilt,2094558050686243164,1678062945052377088,true,
2094722237139968024,1788255674049,celebrated-ocean-seagull,2094706473997681037,,true,
2094722397014274182,1788255712166,overjoyed-mist-bushlark,2094429380441423981,1450040510316310528,true,true
2094722470892998953,1788255729780,eccentric-persimmon-bluejay,2094425187953607085,,false,
2094722498096980066,1788255736265,felicitous-acorns-peacock,2094701889665507785,145599783,false,
2094722531085152402,1788255744130,cheery-nutmeg-towhee,2094477560344191403,312916162,true,true
2094723022624006321,1788255861322,great-mountain-brushturkey,,,,
2094723399801049097,1788255951248,majestic-summer-flycatcher,2094526388820684975,2046057989065363456,true,
2094723644538679588,1788256009599,independent-creek-cardinal,2094387078628798684,1849601616644546560,true,
2094723687828140219,1788256019919,botanical-olive-bunting,2094429764849180830,1821258262425042944,false,
2094723723882565927,1788256028515,wondrous-pear-nightjar,2094433943202185634,1537130875296563200,true,
2094723884020887801,1788256066695,zappy-winter-thicketbird,2094704182506713255,,true,
2094724020444758050,1788256099221,smart-water-bunting,2093282310930268367,1632884568431681537,true,
2094724090741326215,1788256115981,overjoyed-mist-bushlark,2094558062514483396,250323361,true,
2094724162820436351,1788256133166,jolly-coconut-piculet,2094718198549483754,,true,
2094724282630730141,1788256161731,neighborly-rhubarb-chickadee,2094590728060227913,840720991777054720,true,
2094724313371095437,1788256169061,humorous-river-grebe,2094389914427367739,2075506257939804161,true,true
2094724428261122250,1788256196452,trusting-fir-drongo,2094503235239493844,1409100101843304452,true,
2094724562659279170,1788256228495,sincere-summer-goose,2094117696120242193,1079769536730140672,true,
2094724568187322611,1788256229813,mighty-pistachio-bushlark,2094435295827460574,3923534654,true,
2094724594351394999,1788256236051,diligent-brook-thrasher,2094702650885394608,1724715749514817536,true,
2094724723905024273,1788256402459,cosmic-root-grackle,2094403989617999964,2886307114,false,
2094724784923791378,1788256281487,celebrated-ocean-seagull,,,,
2094724908274094362,1788256310896,cheery-nutmeg-towhee,,,,
2094724919099535770,1788256313477,great-mountain-brushturkey,2094580035948589330,9624742,true,
2094725101237289334,1788256356902,neighborly-rhubarb-chickadee,2094665413313663478,1339979295196913667,true,
2094725356401946956,1788256417738,cheery-nutmeg-towhee,2094577656213770508,1319802998370017280,true,
2094725487411044786,1788256626945,cosmic-root-grackle,,,,
2094725572358295647,1788256469226,great-mountain-brushturkey,2094355735249362987,3190339799,true,
2094725637688938767,1788256484802,meticulous-winter-quail,2094436789838852329,,true,
2094725903951560919,1788256548284,zappy-winter-thicketbird,2094589045485846801,,true,
2094726036994867485,1788256580004,outstanding-jacaranda-peacock,2094238421950591317,1122265194036715520,true,
2094726144759050477,1788256605698,neighborly-rhubarb-chickadee,2094526390280331348,1440995493967011840,true,
2094726197015925020,1788256618157,diligent-brook-thrasher,2094713591454732315,1290376515608354817,true,
2094726216230039702,1788256622737,celebrated-ocean-seagull,2094695907258257861,1950287220822462467,true,
2094726568111481189,1788257221715,cosmic-root-grackle,2094587409421959306,855483824351924224,true,
2094726783899693262,1788256758080,cheery-nutmeg-towhee,2094704332172136601,91334232,true,
2094726941379051851,1788256795626,great-mountain-brushturkey,,,,
2094727045276139633,1788256820397,driven-kiwi-partridge,2094588711979610511,732297349834362882,true,true
2094727123441250747,1788256839033,discerning-flower-grosbeak,2094351672545808401,1846165228511256576,true,
2094727206807220669,1788256858909,expressive-honeydew-grouse,2094219426396623256,1689220399177871360,false,
2094727919289487840,1788257028778,tough-pistachio-kookaburra,2094413384586506346,1066546124293586944,true,
2094727930652107012,1788257031488,wondrous-pear-nightjar,1810369107017216409,758701597107032065,true,
2094727958267089189,1788257038072,altruistic-cantaloupe-osprey,2094508614396301444,1001732195206205445,true,
2094728065301586149,1788257063590,majestic-summer-flycatcher,2094412060650065923,2549647958,true,
2094728084888891393,1788257068260,wise-hillside-nightingale,2094376033872933370,1791568404425433089,true,
2094728181265609079,1788257091238,fascinating-mist-barbet,2012393951450317237,25629019,true,
2094728234709508144,1788257103980,natural-earth-kingbird,2094669815432593559,1040146057093627904,true,true
2094728319300431953,1788257124148,tough-pistachio-kookaburra,2094498083858264302,1553023513069780998,true,
2094728468466442380,1788257159712,smiley-wood-tern,2094443244897644853,1560138943177412609,true,
2094728547340333505,1788257178518,committed-grassland-firetail,2094399335748215195,15012486,true,
2094728584153681928,1788257187295,heartwarming-passionfruit-pratincole,2094507622078816427,1734616714837737472,false,
2094728630194655593,1788257198271,altruistic-sea-gull,2094023245104029904,1650351529067675648,true,
2094728649190543416,1788257202800,neighborly-rhubarb-chickadee,2094664640621912496,,true,
2094728697282457621,1788257214267,diligent-brook-thrasher,2094518267062751444,2002471346820018177,true,
2094728737015177240,1788257223739,celebrated-ocean-seagull,2094466461477617735,303393578,true,
2094728782154203229,1788257234502,cosmic-winter-toucan,2093594540439486838,21201150,false,
2094728981962448927,1788257282139,cheery-nutmeg-towhee,2094389914427367739,2075506257939804161,true,true
2094729099541467574,1788257310172,great-mountain-brushturkey,2094371802675839431,1632371482209730561,true,
2094729312343666934,1788257360908,zappy-winter-thicketbird,2094593804166701258,1911423634368806912,true,
2094729445462405472,1788257392647,neighborly-rhubarb-chickadee,2094636325567955269,1092883822473924608,true,
2094729471261876578,1788257398797,genuine-mint-pipit,2094696972045398338,180585090,true,
2094729574659903724,1788257423449,amazing-strawberry-bushlark,2094715091417776505,1282509001926692864,true,
2094729590342091068,1788257427188,,2094600210437505516,1513410916473192450,true,true
2094729671174754674,1788257446460,diligent-brook-thrasher,2094719913760051349,1572041307383812096,true,
2094729693664530895,1788257451822,wholesome-raspberry-stilt,2094669815432593559,1040146057093627904,true,true
2094729705375117400,1788257454614,wholesome-raspberry-stilt,2094676628806816012,255471924,true,false
2094729712832528841,1788257456392,wholesome-raspberry-stilt,2094505104439496974,1099579684981944320,true,
2094729717668581653,1788257457546,wholesome-raspberry-stilt,2094392197453910261,,true,
2094729725042126887,1788257459303,wholesome-raspberry-stilt,2094513302835761598,1038878211805990912,true,
2094730208167211475,1788257574490,celebrated-ocean-seagull,,,,
2094730209614283064,1788257574835,tectonic-sapling-treepie,2094664640621912496,,true,
2094730267051037155,1788257588528,cheery-nutmeg-towhee,2094643886937317849,1274060173112496129,true,
2094730282888753436,1788257592304,magical-passionfruit-sandgrouse,2094504732949918090,1457321154,true,
2094730453861208358,1788257633068,zappy-winter-thicketbird,2094365054036545544,2036784443344523264,true,
2094730566834729244,1788257660002,tectonic-sapling-treepie,2094620494511091852,821751272004993025,true,
2094730676797124803,1788257686219,courteous-blossom-sparrow,2094658696416735402,1267334333175496704,false,
2094731054875889873,1788257776360,happy-lime-seagull,2094280082378629488,1818341852208414723,true,
2094731180490846274,1788257806309,neighborly-rhubarb-chickadee,2094644545199992855,1942376178398158850,true,
2094731201546174523,1788257811329,exciting-raspberry-tern,2093294364936077804,1709614971926007808,false,
2094731268940255316,1788257827398,diligent-brook-thrasher,,,,
2094731450109001988,1788257870591,classy-grass-pitohui,2094379281644466510,,true,
2094731487417413763,1788257879487,motivated-moss-condor,2094485769448485289,288277167,true,
2094731558636671348,1788257896467,celebrated-ocean-seagull,2094679647330193429,,true,
2094731576479199465,1788257900720,alpine-root-bulbul,2094495646950560047,1316995857242378240,true,
2094731625632301513,1788257912440,cheery-nutmeg-towhee,2094327936946160035,2452937996,true,
2094731735993078105,1788258103536,cosmic-root-grackle,2094432558545059949,138749160,true,
2094731797179289988,1788257953340,thorough-mist-dove,2094553223377916156,359391942,true,
2094732227167084583,1788258187517,cosmic-root-grackle,2094575070362349748,1344356576786866176,false,
2094732358427517041,1788258087151,great-mountain-brushturkey,2094678198751723543,1081784365799989248,true,true
2094732379432608237,1788258092159,zappy-winter-thicketbird,2094718198549483754,,true,
2094732420515819877,1788258101954,neighborly-rhubarb-chickadee,,,,
2094732472655266029,1788258114384,punctual-peppermint-firetail,2094478154920525976,1909660164069707776,true,
2094732613340504535,1788258147928,diligent-brook-thrasher,2094660753588670787,1966859937406971904,true,true
2094732709365260635,1788258170822,joyful-star-siskin,2094688264091484369,1598089301329588224,true,
2094732855674880236,1788258205704,great-mountain-brushturkey,2094570994048377275,1318303792379662337,true,
2094732879284851117,1788258211333,composed-cantaloupe-nighthawk,2094530333790392688,1945261947764854784,false,
2094732944669561341,1788258226922,curious-twig-owl,2094578825216593954,1295436178343301121,false,
2094732945835651331,1788258227201,zappy-winter-thicketbird,2094588070985371706,1200992191985795073,true,
2094732963267166685,1788258231357,neighborly-rhubarb-chickadee,,,,
2094732972729504054,1788258385829,cosmic-root-grackle,,,,
2094733138069016671,1788258441938,cosmic-root-grackle,2094575070362349748,1344356576786866176,false,
2094733488687652952,1788258356626,aquatic-roots-woodpecker,2094418679559786785,61020403,true,false
2094733535420584403,1788258367769,sincere-pecan-nighthawk,2094723470588289525,3292982985,true,
2094733546241892593,1788258564551,cosmic-root-grackle,2093795963810771131,1259862054,false,
2094733556132262306,1788258532108,cosmic-root-grackle,2094476106413768905,,false,
2094733878447722784,1788258620064,cosmic-root-grackle,,,,
2094734000715665729,1788258478703,punctual-peppermint-firetail,2094461465172246835,1059906874684960770,true,
2094734013525000486,1788258481757,diligent-brook-thrasher,2094584950276153372,1222762171370819584,true,true
2094734039882084527,1788258488041,celebrated-ocean-seagull,2094716451987063042,1467643957492744193,true,
2094734102373048788,1788258502940,zappy-winter-thicketbird,,,,
2094734325795447028,1788258556209,lively-bamboo-treepie,,,,
2094734552472129965,1788258610252,wholesome-eucalyptus-egret,2094489360381215186,,true,
2094734675742732467,1788258639642,neighborly-rhubarb-chickadee,2094432558545059949,138749160,true,
2094734827287130328,1788258675773,alert-spring-drongo,2094403963776851974,1203826073353510913,true,
2094734865547526359,1788258684896,wholesome-raspberry-stilt,2094593804166701258,1911423634368806912,true,
2094734876851261504,1788258687591,wholesome-raspberry-stilt,2094439414068130083,2027843808139087875,true,
2094734929439654026,1788258700129,melodious-raspberry-songbird,2094715981029675020,,true,
2094734956140363854,1788258706494,zappy-winter-thicketbird,,,,
2094734962960265490,1788258708121,magnificent-star-bunting,2094429898492276805,2090445109741416448,false,
2094735046628556959,1788258728069,neighborly-grassland-spoonbill,2094449897663545794,1389516450747015172,true,true
2094735101405839382,1788258741128,upbeat-leaf-robin,2094481075770663227,2850651695,true,
2094735151485837328,1788258753069,neighborly-rhubarb-chickadee,2094602292628476399,128692408,true,
2094735211040792766,1788258767267,affable-aspen-ostrich,2094153124885721342,,true,
2094735363906449706,1788258803713,powerful-dune-penguin,2094614976329560219,1457867047334031360,true,false
2094735556584304739,1788258849651,diligent-brook-thrasher,2094686977064853507,1325030405028913153,true,
2094735685995429981,1788258880505,celebrated-ocean-seagull,2094603125868892227,1799834523158396928,true,
2094735774373527933,1788258901576,cheery-nutmeg-towhee,2094725566679412852,,true,
2094736152570057048,1788258991746,lucky-cypress-osprey,2094714168620597376,358581527,true,
2094736153697980789,1788258992014,great-mountain-brushturkey,2094634800149569791,,true,
2094736178050162816,1788258997821,diligent-brook-thrasher,2094725232191758410,40649011,true,
2094736206609121768,1788259004630,celebrated-ocean-seagull,2094667182840107365,405427035,true,
2094736378911179182,1788259045709,zappy-winter-thicketbird,2094476106413768905,,true,
2094736385672437902,1788259047322,neighborly-rhubarb-chickadee,2094665620143079828,1653278595719081986,true,
2094736457269227585,1788259064392,diligent-brook-thrasher,2094588711979610511,732297349834362882,true,true
2094736561397178419,1788259089217,studious-avocado-oriole,2094734513209512084,1664847203205251072,true,
2094736584713331056,1788259094776,beautiful-honeydew-eagle,2094716451987063042,1467643957492744193,true,true
2094736783632138341,1788259142203,celebrated-ocean-seagull,2094299393222496420,1546497037117579264,true,
2094737023965770080,1788259199503,lucent-moonlight-jay,2094697014080528731,1387110045272449029,false,
2094737166081392824,1788259233385,cheery-nutmeg-towhee,2094637954715050028,1210531085160976384,true,
2094737214601109713,1788259244953,great-mountain-brushturkey,2094412661169533009,334069080,true,
2094737242845565234,1788259251688,astute-hazelnut-thicketbird,2094689807699992624,821751272004993025,true,false
2094737345010454804,1788259276045,zappy-winter-thicketbird,,,,
2094737370146885650,1788259282039,cheery-nutmeg-towhee,,,,
2094737480440242633,1788259308334,neighborly-rhubarb-chickadee,2094428201028354099,2236798214,true,
2094737539739381845,1788259322472,diligent-brook-thrasher,,,,
2094737662976335917,1788259351854,celebrated-ocean-seagull,2094626010834866294,1706383008620744704,true,
2094737700129509758,1788259360712,wondrous-pond-crossbill,2094395480948023791,374712154,true,
2094737701627199831,1788259535339,cosmic-root-grackle,2094395480948023791,374712154,false,
2094737761794166823,1788259375414,terrific-tomato-cardinal,2093519013108154873,1586736411838906368,true,
2094737788252151810,1788259381723,contemporary-poplar-hawk,2094714923037434043,1069512940926062592,true,
2094737869273276806,1788259401039,memorable-snow-macaw,2094688850706653418,1736179462515908608,true,true
2094738225906753653,1788259656486,cosmic-root-grackle,2083020032699957334,1122623265673891840,true,
2094738350859038930,1788259515858,intellectual-horseradish-emu,2094435406653595755,19017675,true,true
2094738550742815054,1788259563514,great-mountain-brushturkey,2094679597413462283,1582481266124804098,true,
2094738778690564151,1788259617861,tectonic-sapling-treepie,2094044597798474144,1996395714872795136,true,
2094738862115348839,1788259637751,confident-water-firetail,2094565937882259836,1263516193408692226,false,
2094738888963113274,1788259644152,cheery-nutmeg-towhee,2094586966813606215,1588160425065078786,true,
2094738953110700043,1788259659447,great-mountain-brushturkey,2094664587408719975,,true,
2094738986811961639,1788259807453,cosmic-root-grackle,2094395480948023791,374712154,false,
2094739026557165659,1788259676957,zappy-winter-thicketbird,,,,
2094739096149074284,1788259693549,neighborly-rhubarb-chickadee,2094714664999673986,1808120200296124418,true,
2094739203296743824,1788259719095,sensible-lumber-albatross,2094425337815789774,883445106803650560,true,
2094739665458778497,1788259829283,diligent-brook-thrasher,2094398831626449231,1171821935459803136,true,
2094739719569514962,1788259842184,heartwarming-passionfruit-pratincole,2094411698039816247,1995563629916422146,true,
2094739784128164035,1788259857577,celebrated-ocean-seagull,2094716116660826496,1983418439084732416,true,
2094739895889658069,1788259884222,cheery-nutmeg-towhee,2094510681865265410,1258472473747763200,true,
2094739915883827657,1788259888989,beautiful-honeydew-eagle,2094707156394357000,1200992191985795073,true,
2094739964529438848,1788259900587,great-mountain-brushturkey,,,,
2094740377752498440,1788259999107,beautiful-honeydew-eagle,2094694773361934402,2086396996735430656,true,
2094740451026686199,1788260016577,zappy-winter-thicketbird,2094697024742629523,,true,
2094740614550343823,1788260055565,flying-harvest-penguin,2094735118904824194,1742560146054881280,true,
2094740757299024362,1788260260949,cosmic-root-grackle,2094737823572074634,2091578011728449536,true,
2094740814681211254,1788260103279,neighborly-rhubarb-chickadee,2094522128317989280,1372539037114904577,true,
2094741203010916762,1788260195865,empowering-coral-curassow,2094486860240503204,146320301,true,
2094741241648783574,1788260205077,powerful-dune-penguin,2093377203736281173,1997560590886400000,false,
2094741250318426433,1788260207143,amusing-boulder-osprey,2094699183978537309,80820758,false,
2094741734874046658,1788260322670,beautiful-honeydew-eagle,2094598664438305204,2475453187,true,
2094741739559162066,1788260323787,resplendent-sky-spurfowl,2094126362944819394,2047022353562079232,true,
2094741847578959912,1788260519708,cosmic-root-grackle,2094579740636278809,1481110622079266817,false,
2094741911525351756,1788260364788,diligent-brook-thrasher,2094619850366935432,1154478487,true,
2094742044904415735,1788260396588,gracious-pond-kite,2094127892859130084,1480927857631272972,true,
2094742139972313133,1788260419254,worthy-vine-nightjar,2094692641325637833,394594313,true,
2094742287863664935,1788260454513,lively-bamboo-treepie,2094674812098773269,,true,
2094742397058257230,1788260480547,wholesome-raspberry-stilt,2094724470921400625,1440842365049004037,true,
2094742397976555983,1788260480766,entertaining-grass-albatross,2094705703323640263,2000219626068983808,true,
2094742493984145840,1788260503656,flying-frost-waterfowl,2094679486876844408,1396007142050746368,true,
2094742575727161354,1788260523146,mindful-mist-eagle,2094355962547286349,995424021821902848,true,
2094742631595061606,1788260536466,celebrated-ocean-seagull,,,,
2094742658069778875,1788260542777,energizing-cherry-ibis,2094710661263790293,1507389150823026698,true,
2094742719151084012,1788260557340,cheery-nutmeg-towhee,2094389873264259195,2083207423758635008,true,true
2094742881915326594,1788260596146,easygoing-foothill-nightingale,2090347254817112113,2228529494,true,
2094742894695346684,1788260599193,great-mountain-brushturkey,2094704808946958575,1985712295448862720,true,
2094742928887353524,1788260607345,zappy-winter-thicketbird,2094502059105988728,1297121104935485441,true,
2094742982712807598,1788260620178,eccentric-jackfruit-canary,2094067619313922531,,true,
2094743014576967747,1788260627775,neighborly-rhubarb-chickadee,2094355735249362987,3190339799,true,
2094743192784527490,1788260670264,diligent-brook-thrasher,,,,
2094743198631350759,1788260671658,observant-cedar-swan,2094176919449124939,1930471289040277504,true,
2094743219313500547,1788260676588,celebrated-ocean-seagull,2094719465191526778,15747950,true,
2094743253350261168,1788260684703,cheery-nutmeg-towhee,2094730157198123099,832978972602429440,true,true
2094743255225077939,1788260685151,zappy-winter-thicketbird,2094730157198123099,832978972602429440,true,
2094743301287297328,1788260696132,mindful-mist-eagle,2094600921347162318,348296733,true,
2094743400918511846,1788260719886,great-mountain-brushturkey,2094637956346556884,1534794219738566656,true,
2094743569370063067,1788260760049,zappy-winter-thicketbird,2094699782199734598,1586689572431622149,true,
2094743826531307590,1788260821360,grand-sycamore-goose,2094717064476774520,574749470,true,
2094743960782622890,1788260853368,grand-sycamore-goose,2094716858578440419,2531947981,true,
2094743983704375515,1788260858833,neighborly-rhubarb-chickadee,2094443680018919793,2616110089,true,true
2094744006420738309,1788260864249,diligent-brook-thrasher,2094706309262434687,,true,
2094744130299597098,1788260893784,celebrated-ocean-seagull,2094730775946297482,817641966,true,
2094744263724818472,1788260925595,trusting-fjord-quail,2094714664999673986,1808120200296124418,true,
2094744279822328000,1788260929434,cheery-nutmeg-towhee,2094732869042057274,,true,
2094744297564238282,1788260933663,neighborly-rhubarb-chickadee,2094657450360389671,1902209762156322816,true,
2094744377394401338,1788260952696,great-mountain-brushturkey,2094716942968119730,2050853556828372993,true,
2094744592448963024,1788261003969,cozy-creek-flatbill,2094740586053984343,2011829646707634176,true,
2094744609846861994,1788261008117,methodical-tree-seedeater,2094455047849390587,6421892,true,true
2094744629698580588,1788261012851,zappy-winter-thicketbird,2094508884308222043,1543987005612253188,true,
2094744733213941903,1788261037530,soothing-beach-robin,2094634338545435132,1137834061324533760,true,
2094744776214012001,1788261047782,diligent-brook-thrasher,2094574466584260612,65463088,true,
2094744920720343527,1788261082235,cheery-nutmeg-towhee,,,,
2094744954769654110,1788261090353,neighborly-rhubarb-chickadee,2094676408089911423,926525347520184321,true,
2094744983014195265,1788261097087,diligent-brook-thrasher,2094554126374052230,1990335107430068224,true,
2094744988731023371,1788261098451,celebrated-ocean-seagull,2094737385649312253,,true,
2094745089176125461,1788261122399,cheery-nutmeg-towhee,2094611124369113257,2086649027110871041,true,
2094745128187408701,1788261131699,great-mountain-brushturkey,2094708711126385151,1692045460092157953,true,true
2094745278095994903,1788261167441,balanced-rose-puffin,2094588034700239303,1062859889264021504,true,
2094745390985757031,1788261194356,nestling-fern-drongo,2094576972789596582,,true,
2094745391015104575,1788261194362,positive-mint-softbill,2091824521678659971,1984878502714490880,true,
2094745442709835782,1788261206687,felicitous-lowland-mockingbird,2094463005681447208,1235374800618631173,true,
2094746130043081060,1788261370561,kind-raisin-cuckoo,2094508630821491181,30413146,true,
2094746218001801417,1788261391531,zappy-winter-thicketbird,2094473697956344117,,true,
2094746242471322018,1788261397365,captivating-rainfall-magpie,2094379550117593451,1951001334850912256,true,
2094746289993093547,1788261408695,peaceful-iceberg-sunbird,2094176565806665895,1360116640256454662,true,
2094746422801215847,1788261440359,smiley-hill-stilt,2094383983156928798,1655378015503654913,true,
2094746470683443553,1788261451776,grand-sycamore-goose,2094716122205479085,1262170619329892353,true,
2094746633733115992,1788261490649,persistent-blueberry-peacock,2093996134343831745,926670840673878017,true,
2094746651391140178,1788261494859,lionhearted-orchard-siskin,2094473319839854876,1736356067204874240,true,
2094746676393095651,1788261500820,neighborly-rhubarb-chickadee,,,,
2094746794567544872,1788261528995,diligent-brook-thrasher,,,,
2094746825765044365,1788261536433,lionhearted-raisin-canary,2094536929379279224,281046697,true,
2094746861177274499,1788261544876,distinctive-sunlight-nighthawk,,,,
2094747021697503329,1788261583147,celebrated-ocean-seagull,2094608368807649629,1335649648808251395,true,
2094747345720127720,1788261660400,animated-ridge-waxbill,2094658048551788998,1112806505219227650,true,
2094747380268532181,1788261668637,cheery-nutmeg-towhee,,,,
2094747431200030950,1788261680781,great-mountain-brushturkey,2094406179816399080,1123825539792494593,true,
2094747468290257118,1788261689623,zappy-winter-thicketbird,,,,
2094747553384534406,1788261709911,courageous-apricot-francolin,2094036893608333600,2086811668349128704,true,
2094747670351081542,1788261737798,peaceful-iceberg-sunbird,2094683185405980929,77411795,true,
2094747683776836035,1788261741000,neighborly-rhubarb-chickadee,,,,
2094747754341769695,1788261757823,enlightened-summer-turkey,2094330571879051506,26110930,true,
2094747838571802949,1788261777905,modest-grove-kingbird,2094476269148639312,53029114,true,
2094747849661550793,1788261780549,involved-star-wigeon,2094101577866838054,107020761,true,
2094747882360324347,1788261788345,bubbly-summer-goose,2094740490927452220,,true,
2094747907962630498,1788261794449,careful-fjord-parrot,2094724142197272739,,true,
2094747932800999670,1788261800371,easygoing-island-parrotlet,2094558447375446090,1240801003181690884,true,true
2094748134014341282,1788261848344,contemporary-cactus-lovebird,,,,
2094748231515197892,1788261871590,hypersonic-rosewood-hillstar,2094565937882259836,1263516193408692226,false,
2094748239912202414,1788261873592,bubbly-summer-goose,2094732984335126737,,true,
2094748281473835059,1788261883501,resplendent-garden-pratincole,2094389005601386522,1344897174,true,
2094748284095168794,1788261884126,ecstatic-chestnut-goldfinch,2094607661597929893,1140831298270793728,true,
2094748450898301264,1788261923895,remarkable-winter-jay,2094521924747481111,1883853671148167168,true,
2094748602484535669,1788261960037,diligent-brook-thrasher,2094674112270721154,,true,
2094748691747745844,1788261981318,celebrated-ocean-seagull,2094389594355540041,2062901299197235200,true,
2094748760018477153,1788261997596,bubbly-summer-goose,2094736276322755071,,true,
2094748784613810471,1788262003460,cheery-nutmeg-towhee,2094655710894100868,1922688645095460864,true,
2094748868021723292,1788262023346,great-mountain-brushturkey,2094641562034844022,858356908683603969,true,
2094748870680907980,1788262023979,zappy-winter-thicketbird,2094641562034844022,858356908683603969,true,
2094748949840073201,1788262042852,nice-acorn-canary,2094668074976710842,,true,
2094748980110631333,1788262050069,early-sequoia-hummingbird,2094422402214379602,2054135112082800641,true,
2094749076688691538,1788262073095,realistic-juniper-egret,2094735841222684801,,true,
2094749112524575169,1788262081639,neighborly-rhubarb-chickadee,2094736276322755071,,true,
2094749191591399765,1788262100490,diligent-brook-thrasher,,,,
2094749383762034930,1788262146308,humorous-ocean-oriole,2094722822669205822,,true,
2094749439168749927,1788262159518,frolicsome-mountain-songlark,2094746694256836879,908950877045645312,true,
2094749563361939560,1788262189128,noble-mint-stilt,2094510889185513748,1944289284,false,
2094749616499535965,1788262201796,cosmic-glacier-treerunner,2094391312678076668,1694854809935917056,true,
2094749726973562949,1788262228135,humorous-ocean-oriole,2094655596725465151,,true,
2094749855516344678,1788262258782,realistic-juniper-egret,2094736860530761858,,true,
2094749863590121851,1788262260708,celebrated-ocean-seagull,2094633610791768464,1174592320022482944,true,
2094749882489979182,1788262265213,peaceful-iceberg-sunbird,2094315833841549635,44502620,true,
2094749923006730247,1788262274874,cheery-nutmeg-towhee,2094731733555974577,1298685741787230209,true,
2094749949649199324,1788262281225,witty-boulder-lark,2094724142197272739,,true,
2094749971467960660,1788262286427,brave-seawater-hornbill,2094681770683965562,959454253549961216,true,
2094750030100086888,1788262300406,joyful-star-siskin,2094651914084372591,1964614438054715392,true,
2094750243992608782,1788262351403,great-mountain-brushturkey,2094666950819352801,22404768,true,
2094750267703169442,1788262357055,trusty-strawberry-puffin,2094673983014891926,276141927,true,
2094750282601112027,1788262360608,zappy-winter-thicketbird,2094624569415848184,1770740666282192896,true,false
2094750295083331694,1788262363583,genuine-magnolia-nightjar,2094451496238624788,354347533,true,
2094750373659717769,1788262382317,beautiful-honeydew-eagle,2094668007763304580,1526854847462375426,true,
2094750402671452258,1788262389234,clever-iceberg-cuckoo,2094549683565740150,402862978,false,
2094750533588279357,1788262420448,luminous-clay-gull,2093811816581177776,2027429188400254976,false,
2094750644443787292,1788262446877,winning-autumn-bushbird,2094586827705389208,69238179,true,
2094750706901102949,1788262461768,celebrated-basswood-kingfisher,2094413955800125616,1393791482767814660,true,
2094750791139569669,1788262481853,humble-vine-meadowlark,2094484109397495857,870422325350596609,true,
2094750862765662381,1788262643799,cosmic-root-grackle,2093995723968692248,,true,
2094751165116457065,1788262748273,cosmic-root-grackle,2093990646138769790,27716419,false,
2094751306674049421,1788262604766,neighborly-rhubarb-chickadee,2094467392718172492,1432808185685889025,true,
2094751325439328406,1788262609239,diligent-brook-thrasher,2094688040337748185,,true,
2094751362244358442,1788262618014,communicative-creek-crimsonwing,2094512492265295951,1879644163769335808,true,
2094751376274227634,1788262621359,determined-grapefruit-nightjar,2094664386518327381,900766265245130753,false,
2094751538069832060,1788262659935,peaceful-iceberg-sunbird,2094334626093551760,1929707738998915072,true,
2094751649835241512,1788262686581,daring-apple-kingfisher,2094685082095145338,1829551493239681024,true,
2094751677081399595,1788262693077,celebrated-ocean-seagull,2094681504177955206,1005159242347765762,true,
2094751817527636193,1788262726562,cheery-nutmeg-towhee,2094738088140710137,,true,
2094751927208972584,1788262910394,cosmic-root-grackle,2094585509859205299,,true,
2094752020812947627,1788262775029,great-mountain-brushturkey,,,,
2094752113469591886,1788262797121,energizing-cherry-ibis,2094747522493505786,1507389150823026698,true,
2094752171078107482,1788262810855,zappy-winter-thicketbird,2094619088760766828,49132320,true,
2094752269585580252,1788262834341,neighborly-rhubarb-chickadee,,,,
2094752445390041193,1788263076372,cosmic-root-grackle,,,,
2094752495784636652,1788262888271,happy-canopy-redstart,2094618766432710810,34713362,true,
2094752582791291350,1788263130997,cosmic-root-grackle,2094165308088971606,2267633525,false,
2094752751658180613,1788262949276,genius-pear-thrasher,,,,
2094752935955599410,1788262993216,focused-cantaloupe-goshawk,2094671579598717028,18979745,true,
2094752952925978893,1788262997262,peaceful-iceberg-sunbird,2094358305808515453,1498580017449926657,true,
2094753022328852861,1788263013810,diligent-brook-thrasher,2094350956611686880,1243232728188846082,true,
2094753068638159196,1788263024850,celebrated-ocean-seagull,2094732092127236530,,true,
2094753149474984157,1788263044123,gentle-marble-emu,2094533903461609699,1310504833754050561,true,
2094753238541357514,1788263680433,cosmic-root-grackle,2094567404441424195,1259862054,true,
2094753422494814330,1788263109216,magnetic-bonsai-macaw,,,,
2094753704155172921,1788263176369,understanding-samba-macaw,2094324949016330412,1947116786643857408,true,
2094753788905021830,1788263196575,cheery-nutmeg-towhee,2094725232191758410,40649011,true,
2094753796304113779,1788263198339,thrilled-grove-seedeater,2094327621764968840,1773383606918070273,true,true
2094753954433298594,1788263236040,understanding-samba-macaw,2094282214729281759,1947116786643857408,true,
2094754018169917880,1788263251236,great-mountain-brushturkey,2094583863037063477,1721756038389547008,true,
2094754053259411938,1788263642735,cosmic-root-grackle,2094228507492565019,1259862054,true,
2094754385125392448,1788263338725,affable-apricot-cotinga,2094116636991062109,,true,
2094754398656164061,1788263341951,nestling-desert-petrel,2094519428343837169,19370966,true,true
2094754533305979327,1788263374054,zappy-winter-thicketbird,2094679148073537591,1397837532998537216,true,
2094754535860252754,1788263374663,neighborly-rhubarb-chickadee,2094736271939973447,1299674729612222466,true,
2094754568928432518,1788263382547,cosmic-orchard-logrunner,2094731871435235735,,true,
2094754575509029121,1788263384116,neighborly-rhubarb-chickadee,2094412661169533009,334069080,true,
2094754597092880561,1788263389263,fashionable-riverbank-nighthawk,2094242118424211643,2062720250823450624,true,
2094754600150577253,1788263389992,diligent-brook-thrasher,2094664112429281617,71960205,true,true
2094754603837321372,1788263390870,celebrated-ocean-seagull,2094603870978883888,19031057,true,
2094754641959362873,1788263399959,jazzy-tree-cuckoo,2094588562033529308,1098062971278770176,false,
2094754770854539610,1788263430690,cheery-nutmeg-towhee,2094435323857998254,1131191154102427650,true,
2094754775388631073,1788263431772,great-mountain-brushturkey,2094686192759398845,1792436088663068672,true,
2094754891071631524,1788263459352,diligent-brook-thrasher,,,,
2094755157741346917,1788263522931,neighborly-rhubarb-chickadee,2094479074878185518,2027843808139087875,true,
2094755194902818871,1788263531792,strong-tigerwood-barbet,2094457741737627824,1075547216683696128,true,
2094755198161883154,1788263532569,diligent-brook-thrasher,,,,
2094755202972753930,1788263533716,lithe-blossom-dipper,2094603870978883888,19031057,true,
2094755281393651719,1788263552413,celebrated-ocean-seagull,2094457741737627824,1075547216683696128,true,
2094755304755851570,1788263557982,admirable-lychee-hillstar,2094122723714666990,45840174,true,
2094755305238192613,1788263748504,cosmic-root-grackle,2094122723714666990,45840174,true,
2094755335617511525,1788263565340,fashionable-granite-grassbird,2094730607041380445,,true,
2094755596075463122,1788263627438,cheery-nutmeg-towhee,2094360664886407269,706114101387243521,true,
2094755628480700486,1788263635164,celebrated-ocean-seagull,2094711169437032857,1456931140422471684,true,
2094755631760543890,1788263635947,strong-tigerwood-barbet,2094583863037063477,1721756038389547008,true,
2094755643877888420,1788263638835,cheery-nutmeg-towhee,,,,
2094755655252889719,1788263641548,great-mountain-brushturkey,2094570583493116337,1965420800,true,
2094755722940526648,1788263657685,dauntless-rainfall-sandpiper,2094307016214811011,1412491640917331975,true,
2094755857527370135,1788263689773,zappy-winter-thicketbird,2094725577173336458,1429883608706203649,true,
2094755896060510553,1788263698961,neighborly-rhubarb-chickadee,,,,
2094756004382621903,1788263724786,diligent-brook-thrasher,2094684958644220256,,true,
2094756006676799838,1788263725333,great-mountain-brushturkey,2094684958644220256,,true,
2094756029858816306,1788263730861,,2094570583493116337,1965420800,true,
2094756066064294153,1788263739492,knowledgeable-elm-penguin,2094286943865696711,,true,
2094756213992882465,1788263774762,explorative-clay-flameback,2094464541606154335,1268186096569143296,true,true
2094756234293551601,1788263779601,distinctive-mist-condor,2094473319839854876,1736356067204874240,true,
2094756268929904700,1788263787859,tectonic-sapling-treepie,2094457741737627824,1075547216683696128,true,
2094756479203188783,1788263837992,trusting-fjord-quail,2094739567689470024,2919694493,true,
2094756512858063084,1788263846017,celebrated-ocean-seagull,,,,
2094756524618813814,1788263848820,creative-peach-osprey,2091937301475815884,,true,
2094756571972874285,1788263860110,trusting-fjord-quail,2094540581808873874,1924803095500095489,true,
2094756591367082434,1788263864734,tectonic-sapling-treepie,2094583863037063477,1721756038389547008,true,
2094756768865792091,1788263907054,cheery-nutmeg-towhee,2094492674405380423,1589630182482231302,true,
2094756836037554656,1788263923068,great-mountain-brushturkey,2094688603402113422,1440995493967011840,true,
2094756855482363992,1788264328474,cosmic-root-grackle,2094562172084834321,1906820607997853696,false,
2094756936092717537,1788264425729,cosmic-root-grackle,2094587409421959306,855483824351924224,true,
2094757016203878786,1788263966024,prudent-mango-puffin,2094728519376941409,227373977,true,true
2094757058381844526,1788263976079,zappy-winter-thicketbird,2094648490689458382,,true,
2094757100358353070,1788263986087,easygoing-island-parrotlet,2094650185053823027,1590936607749820416,true,true
2094757336271249537,1788264042333,tremendous-mint-pitohui,,,,
2094757512843288959,1788264084431,tidy-sea-robin,2094668777078091882,,false,
2094757666040008898,1788264120956,neighborly-rhubarb-chickadee,2094425752938610945,2078630299827613696,true,true
2094757774840287697,1788264146896,diligent-brook-thrasher,2094625761529586042,1314504056484687873,true,
2094758045452554434,1788264211416,celebrated-ocean-seagull,,,,
2094758047474168219,1788264211898,zappy-winter-thicketbird,,,,
2094758219973267868,1788264253024,optimistic-freshwater-bushbird,2094745355678073157,314155396,true,
2094758240957382824,1788264258027,cheery-nutmeg-towhee,2094719159175188656,1241376995176411137,true,
2094758294170546323,1788264270714,neighborly-rhubarb-chickadee,2094742218623922282,1215636170467676161,true,
2094758335966806422,1788264280680,wholesome-raspberry-stilt,2094498368579842532,1512739555916587009,true,
2094758540334260625,1788264329405,great-mountain-brushturkey,2094632209948778597,1646516211268878339,true,true
2094758575046365232,1788264337681,zappy-winter-thicketbird,2094739254995984600,,true,
2094758687847936065,1788264364574,neighborly-rhubarb-chickadee,2094703723121393889,2065147809377001473,true,
2094758861240754452,1788264405914,proactive-bamboo-eagle,2094668829813285045,312696314,true,
2094758890441457944,1788264412877,dynamic-hazelnut-sandgrouse,2094346777617166340,1713738905730867200,true,
2094758894908080144,1788264413941,stalwart-cypress-towhee,2094750480492609634,2425571623,true,
2094758913941877107,1788264418479,gregarious-peppermint-shorebird,2094686946995884290,,true,
2094759294436605968,1788264509196,diligent-brook-thrasher,2094468097063411936,1357011245208059912,true,
2094759366268494159,1788264526323,stalwart-cashew-quail,2092917284910358839,1469916575545556993,true,
2094759544672948728,1788264568857,intellectual-earth-duck,2094750480492609634,2425571623,false,
2094759575664693704,1788264576246,lucky-moon-flatbill,2094554008408957084,2881252791,true,
2094759576012816650,1788264576330,celebrated-ocean-seagull,2094307016214811011,1412491640917331975,true,
2094759895845245373,1788264652584,cheery-nutmeg-towhee,,,,
2094759900756762764,1788264653754,adaptable-chestnut-nightingale,2094740658716106866,1564351995363868675,true,
2094759953898824097,1788264666424,noteworthy-clay-francolin,2093990564249178285,1654774825204994048,true,
2094759957996490818,1788264667402,thrilled-melon-waterfowl,2094660953757388960,1741817979543674880,false,
2094759968670884056,1788264669947,great-mountain-brushturkey,2094667389082149174,1402158064468381698,true,true
2094760030432104759,1788264684672,zappy-winter-thicketbird,2094723141671190707,1457884439586144256,true,
2094760151966228493,1788264713647,luminous-sunflower-crane,2094438990065614913,67435360,true,false
2094760231674789932,1788264732652,majestic-woodland-egret,2094523118379204978,1400110491079434242,false,
2094760273491947966,1788264742621,gleeful-cove-friarbird,2094223963274539354,254599256,true,
2094760278668071127,1788264743856,expressive-raisin-pitohui,2094327621764968840,1773383606918070273,true,true
2094760614895747273,1788264824018,neighborly-rhubarb-chickadee,2094734762196013249,1387110045272449029,true,
2094760640305098894,1788264830077,distinctive-mist-condor,2094628176219525497,,true,true
2094760647506509958,1788264831793,informative-peach-drongo,2094753434545090635,2658222025,true,
2094760692402282704,1788264842497,diligent-brook-thrasher,2094745355678073157,314155396,true,
2094760851592941684,1788265299839,cosmic-root-grackle,,,,
2094761077951316047,1788264934419,dauntless-redwood-fantail,,,,
2094761440389566548,1788265020832,amusing-acorns-heron,2094346777617166340,1713738905730867200,false,
2094761525055520957,1788265041018,enjoyable-moon-pheasant,2094745383964442978,18819375,true,true
2094761539874034067,1788265044550,winning-plum-pheasant,2094694996892860524,708417025312473088,true,
2094761548031893578,1788265046495,elegant-snow-duck,2094481075770663227,2850651695,false,
2094761563399897534,1788265050160,fashionable-granite-grassbird,2094728255211209038,,true,
2094761617565352165,1788265063073,limber-juniper-friarbird,2094718078206845167,1302617307336728578,true,
2094761634635952316,1788265067144,positive-sand-grackle,2094676592114938145,1768531524138221568,true,
2094761838701654105,1788265115796,studious-lumber-thicketbird,2094750480492609634,2425571623,false,
2094761859526152220,1788265120761,celebrated-ocean-seagull,2094716561021882576,1151230672679383045,true,
2094761924709810563,1788265136302,cheery-nutmeg-towhee,2094723596400591329,553993031,true,
2094762087289626694,1788265573579,cosmic-root-grackle,,,,
2094762096735002765,1788265177316,great-mountain-brushturkey,,,,false
2094762235184726372,1788265210326,zappy-winter-thicketbird,2094694425511256257,2021799686487912450,true,
2094762272304558352,1788265219175,phenomenal-woodland-seabird,2094672768352632948,1100998693354799104,true,
2094762280541888663,1788265221139,vibrant-passionfruit-falcon,2094751550291706121,1512306276,true,
2094762313702134144,1788265229045,friendly-kelp-eagle,2094738222454870371,16736535,true,
2094762413446811685,1788265252826,astute-tanoak-troupial,2094727750674174397,3972812140,true,false
2094762427992703120,1788265256295,neighborly-rhubarb-chickadee,2094693126774686157,706114101387243521,true,
2094762648411791845,1788265308846,challenging-pear-sandgrouse,2094632902063432174,2037530448197271552,true,
2094762831329542618,1788265352457,diligent-brook-thrasher,2094736479712923907,1978242210488619008,true,
2094762834840207516,1788265353294,diligent-brook-thrasher,2094430003954172174,1402277755,true,
2094762871339012124,1788265458821,cosmic-root-grackle,2093956893001814161,394060363,false,
2094763045113241917,1788265403427,celebrated-ocean-seagull,2094724615192957190,2026660978046480384,true,
2094763070631387225,1788265409512,cheery-nutmeg-towhee,2094717774815952904,2012490420702375936,true,
2094763073550619085,1788265410207,terrestrial-grapefruit-robin,2094462726492057778,1375287174480859147,true,
2094763227133407438,1788265446824,celebrated-ocean-seagull,2094431599962042756,2082915932364578816,true,
2094763448588554550,1788265499623,great-mountain-brushturkey,,,,
2094763474073330133,1788265505699,happy-creek-thrasher,2094695631201915121,1747809072001482752,true,
2094763495279517992,1788265510756,luminous-sand-whistler,2094542556193493006,1879644163769335808,true,
2094763516976676978,1788265515928,zappy-winter-thicketbird,2094734570557956272,1160183392094294017,true,
2094763526057283808,1788265518094,neighborly-rhubarb-chickadee,2094687953658524028,1980053859960856577,true,
2094763533539934672,1788265519877,diligent-brook-thrasher,2094722422066774506,1083164367896674304,true,
2094763721742483649,1788265564748,celebrated-ocean-seagull,2094726600596054398,,true,
2094763771793133935,1788265576682,cheery-nutmeg-towhee,2094647743352344932,1070199223126237184,true,
2094763783029735486,1788265579360,great-mountain-brushturkey,2094628176219525497,,true,true
2094763830429495641,1788265590661,zappy-winter-thicketbird,2094443086797471964,2011811654766641157,true,
2094763885517496654,1788265603795,temperate-mangrove-cuckoo,2094166081958969664,45901207,false,
2094764024441233726,1788265636917,neighborly-rhubarb-chickadee,2094594916890394706,838372548156993541,true,
2094764165701283967,1788265670596,happy-coconut-cormorant,2094428840672051450,435331179,false,
2094764171992961024,1788265672096,thoughtful-willow-crossbill,2094506538593652982,333176681,false,
2094764191101890642,1788265676653,beloved-beech-firefinch,2094575022530507062,1521546982887759872,true,
2094764289642926283,1788265700146,colorful-root-finfoot,2094584913211146680,887792363052998656,true,
2094764409151209921,1788265728640,majestic-cove-meadowlark,2094553767094239616,29349511,true,
2094764499580354734,1788265750200,superb-seashore-cotinga,2094493565019722205,1884145301251837952,true,
2094764557470150908,1788265764002,diligent-brook-thrasher,,,,
2094764577879728537,1788265768867,celebrated-ocean-seagull,2094734194278564180,163265067,true,
2094764580773777815,1788265769557,cheery-nutmeg-towhee,2094674534750101548,,true,
2094764610704331034,1788265776693,great-mountain-brushturkey,2094343878836937167,864803046,true,
2094764771988107581,1788265815147,kind-kiwi-jay,2094555568979497355,61485061,true,true
2094764979979202905,1788265864736,zappy-winter-thicketbird,2094694169759359165,,true,
2094765097595891982,1788265892778,diligent-brook-thrasher,,,,
2094765190105768077,1788265914834,endearing-cypress-treepie,2094508536763998227,93996853,true,false
2094765193905504677,1788265915739,heroic-shoreline-flatbill,2094188871093194785,1825190876307398656,true,false
2094765202369642843,1788265917758,celebrated-ocean-seagull,2094742415152210308,1571492689509601280,true,
2094765211378950648,1788265919905,overjoyed-hill-sandgrouse,2094612478823202940,2068764885232795648,true,true
2094765294447161768,1788266278826,cosmic-root-grackle,2094516398550610218,1707355728116056064,true,
2094765385056706835,1788265961314,refreshing-pond-skylark,2094692934826242420,302961644,false,
2094765396209348717,1788265963972,cheery-nutmeg-towhee,2094727164172394968,2075506257939804161,true,true
2094765502560129192,1788265989328,reliable-holly-spoonbill,2094399025319444597,1439849452257386496,true,
2094765737889906857,1788266045435,great-mountain-brushturkey,2094746211697737889,1916149319947739136,true,
2094765792428769352,1788266058438,involved-fig-skylark,2094538145656398203,,true,
2094765996183527426,1788266107018,tectonic-sapling-treepie,2094063739225944245,,true,
2094765999941681391,1788266107914,splendid-beech-nightjar,2094192330706473101,1449387273716310022,true,false
2094766015569678343,1788266111640,wholesome-raspberry-stilt,2094650185053823027,1590936607749820416,true,true
2094766081814725019,1788266127433,nimble-desert-wren,2094626318155428237,121597316,true,true
2094766083177885943,1788266127758,notable-frost-skimmer,2094621813108044032,2045654384088883200,true,
2094766176018509917,1788266149894,zappy-winter-thicketbird,,,,
2094766389353398310,1788266200757,neighborly-rhubarb-chickadee,2094438305769161072,197856312,true,
2094766447071232033,1788266214517,peaceful-mangrove-conure,2094527254684434844,1623629170432409600,false,
2094766500351463910,1788266227221,talented-sunflower-wigeon,2094129561558462643,1994212612557688833,true,
2094766516927381711,1788266231173,cheery-nutmeg-towhee,2094751174461378689,1085521280869138432,true,
2094766539811479867,1788266236628,enthralling-cliff-meadowlark,2094341268616732770,143415291,true,
2094766666538160310,1788266266843,great-mountain-brushturkey,2094736276322755071,,true,
2094766802718859534,1788266299310,empowered-wind-oriole,2094701713194152056,1327588332713500674,true,
2094766807001272789,1788266300331,zappy-winter-thicketbird,,,,
2094766830451593320,1788266305923,prodigious-seawater-pigeon,2094591155631427646,65119912,true,
2094766854711484710,1788266311706,cheerful-iceberg-mallard,2094704914312347702,342192132,true,
2094766909409431908,1788266459931,cosmic-root-grackle,2094591767509135716,16117029,true,
2094766928032158119,1788266329187,diligent-brook-thrasher,,,,
2094766987884777984,1788266343458,cheery-nutmeg-towhee,2094632964936143157,,true,
2094767185109426372,1788266390480,great-mountain-brushturkey,2094560866293207512,1744611648386600960,true,
2094767217862721773,1788266398289,zappy-winter-thicketbird,2094356389221036128,2078847306690965504,true,
2094767244224106952,1788266404574,fancy-mango-tern,2094565937882259836,1263516193408692226,false,
2094767245578694727,1788266404896,diligent-brook-thrasher,2094713542549409850,1602770900771753984,true,
2094767246002585907,1788266404998,mindful-mist-eagle,2094695631201915121,1747809072001482752,true,
2094767426097520870,1788266447936,alert-jacaranda-troupial,2092126096825471322,1282509001926692864,true,
2094767441272324484,1788266451553,neighborly-rhubarb-chickadee,2094686441091817949,1993897898640330755,true,
2094767523828818329,1788266471236,hearty-rain-hillstar,2094569449370050892,975200486,false,
2094767749041926425,1788266524931,celebrated-ocean-seagull,2094596404631294296,1689666357300969472,true,
2094767809129599249,1788266539258,cheery-nutmeg-towhee,2094565422108438759,1752859758510460928,true,
2094767965635748131,1788266576572,great-mountain-brushturkey,2094452988761055686,1431309811807756330,true,
2094768046539706719,1788266595860,diligent-brook-thrasher,,,,
2094768063694729431,1788266599950,mindful-mist-eagle,2094620414786068660,1629270057439346688,true,
2094768133689200885,1788266616638,heartwarming-seedlings-friarbird,2094407173543432270,1316995857242378240,true,
2094768224457937020,1788266638279,charming-watermelon-skimmer,2094502192870748407,,true,
2094768227784007838,1788266639072,zappy-winter-thicketbird,2094495761136521393,2081416110331621376,true,
2094768299368198621,1788266656140,elated-rain-mallard,2094617018226110862,265892345,true,
2094768411028935010,1788266682762,studious-kiwi-bushbird,2094490990195151322,1110877819083481088,false,
2094768538439274933,1788266907677,cosmic-root-grackle,,,,
2094768543875084392,1788266714435,celebrated-ocean-seagull,2094537608344826186,1845424547773939717,true,
2094768560128057584,1788266718309,neighborly-rhubarb-chickadee,2094759935519162561,2040796424141471744,true,
2094768736020615461,1788266760246,extraordinary-granite-flamingo,2094593065696797061,1400759281729773576,true,
2094769016644514203,1788266827151,diligent-brook-thrasher,2094712480182231148,1798158543050199041,true,
2094769090371964997,1788266844730,celebrated-ocean-seagull,2094497984771703026,1341094507534807041,true,
2094769134038839535,1788266855141,cheery-nutmeg-towhee,,,,
2094769312925970471,1788266897790,cheery-nutmeg-towhee,2094563578208518173,1281672810730000385,true,
2094769427279471017,1788267062060,cosmic-root-grackle,2094714732624408908,2009357622580006922,false,
2094769565796319546,1788266958079,great-mountain-brushturkey,,,,
2094769622277124402,1788266971545,capable-wood-flamingo,2094099703298437229,22677397,false,
2094769715696578875,1788266993818,zappy-winter-thicketbird,2094712627524186563,,true,
2094769748294644148,1788267001591,fascinating-rain-nighthawk,2094192330706473101,1449387273716310022,false,
2094769774391676961,1788267007812,famous-mulberry-peacock,2094209078583316942,1950951710337429504,true,
2094769818251473048,1788267018269,kind-chestnut-logrunner,2094655955765956939,,true,
2094769893954420743,1788267036318,great-mountain-brushturkey,2094366668063641615,16423797,true,
2094770102914723972,1788267524652,cosmic-root-grackle,2094601448747143185,1429400366819512323,false,
2094770152491614370,1788267097959,brave-mist-turkey,2094550055730762239,810015588198338560,true,
2094770254417182761,1788267122259,agile-cove-mousebird,2094714001787613679,1960440060630990848,true,
2094770336982044798,1788267141945,quotable-reef-cockatoo,2094756921144189278,,true,
2094770361556492468,1788267147804,harmonious-slope-penguin,2094522895145763009,452540168,false,
2094770364928983467,1788267148608,capable-wood-flamingo,2094512438645526598,1733911151225057280,true,
2094770526023479747,1788267187015,neighborly-rhubarb-chickadee,2094693569479032894,141155085,true,
2094770549121577397,1788267192523,diligent-brook-thrasher,,,,
2094770643816288459,1788267215100,magnetic-ocean-whistler,2094763242111287476,,true,
2094770753040220450,1788267241140,celebrated-ocean-seagull,2094738308316180663,217669607,true,
2094770877015494693,1788267270699,cheery-nutmeg-towhee,2094737584903622912,,true,
2094770879162990988,1788267271210,zappy-winter-thicketbird,2094737584903622912,,true,
2094770929280717032,1788267283160,great-mountain-brushturkey,2094592674129170812,95014181,true,
2094770936276828264,1788267284828,benevolent-river-raven,2094755206453993778,39844876,true,
2094770988902748195,1788267297374,quick-fern-petrel,2094513270111559775,1654077428002701312,true,
2094770989737640227,1788267297574,soothing-rock-waterfowl,2093141195861983690,2036798566274887680,true,
2094771015423275430,1788267303697,zappy-winter-thicketbird,,,,
2094771032087261536,1788267307671,neighborly-rhubarb-chickadee,2094364581355479317,1011356467113353217,true,
2094771070960021687,1788267316939,elegant-pond-tailorbird,2094520488613581062,1419591061756911622,true,
2094771194113278401,1788267346301,diligent-brook-thrasher,2094554295446167624,1429560247,true,
2094771282780860619,1788267367440,celebrated-ocean-seagull,2094730823081882084,,true,
2094771316771406164,1788267375544,cheery-nutmeg-towhee,,,,
2094771482534486019,1788267415065,splendid-peanut-thrush,2094466903917928928,1676007912672489475,false,
2094771537740013999,1788267428228,devoted-marble-scaup,,,,false
2094771640806559851,1788267452800,great-mountain-brushturkey,2094665548999307426,1041406226234396672,true,
2094771725406011582,1788267472970,nice-snow-grouse,2094354336885395492,,true,
2094771781722673476,1788267486397,zappy-winter-thicketbird,2094542703425958195,93176598,true,
2094771949780050404,1788267526465,amicable-cedar-owl,2094169805502730497,242895126,true,
2094772072207561008,1788267555654,reserved-hillside-flameback,2094765370796077091,1169620189836697600,true,
2094772080512258167,1788267557635,reliable-holly-spoonbill,2094631456756687133,,true,
2094772203195654439,1788267586885,curious-summer-petrel,2094593108755562927,1518709627927633920,false,false
2094772218139906286,1788267590447,fancy-beech-crimsonwing,2093319462674116981,10671602,true,
2094772274205266330,1788267603814,neighborly-rhubarb-chickadee,2094679486876844408,1396007142050746368,true,
2094772287216222489,1788267606917,wholesome-raspberry-stilt,2094660753588670787,1966859937406971904,true,true
2094772295701078270,1788267608939,inquisitive-clay-goshawk,2083276654634312169,1895738331104714753,false,
2094772311966523774,1788267612817,celebrated-ocean-seagull,,,,
2094772388642623565,1788267631099,enterprising-petal-cacholote,2094101577866838054,107020761,false,
2094772611532112174,1788267684239,spunky-rock-chicken,2094443680018919793,2616110089,true,
2094772618964668741,1788267686011,yielding-seedlings-auklet,2094713496462066057,2918608078,true,
2094772795720814864,1788267728153,tropical-pine-kestrel,2094707834768269361,1982757033347817472,true,false
2094772895004205085,1788267751825,cheery-nutmeg-towhee,2094561810821136424,1820184292947111936,true,
2094772971814400087,1788267770137,neighborly-rhubarb-chickadee,2094598926049427693,16699096,true,
2094773019067764752,1788267781403,eccentric-riverbank-hawk,2094682968258142269,1476598950,true,
2094773243873751320,1788267835002,yielding-seedlings-auklet,2094508132848246979,1316382905359372288,true,
2094773345971482634,1788267859343,hip-pond-crossbill,2094739173999571320,83947838,true,false
2094773427907305779,1788267878879,great-mountain-brushturkey,2094662663372439632,3162932667,true,true
2094773478285000752,1788267890890,amicable-spring-songbird,2094603870978883888,19031057,true,
2094773536736915968,1788267904826,zappy-winter-thicketbird,,,,
2094773646606626837,1788267931021,neighborly-rhubarb-chickadee,,,,
2094773723098181883,1788267949258,diligent-brook-thrasher,2094486638026006907,127611848,true,
2094773835308417422,1788267976010,celebrated-ocean-seagull,,,,
2094773846423277792,1788267978660,peaceful-hazelnut-skimmer,2094508536763998227,93996853,false,
2094773920020807846,1788267996207,luminous-leaf-warbler,2094558062514483396,250323361,true,
2094774183288881227,1788268058975,brainy-melon-puffin,2094362076865008076,,true,false
2094774192474399203,1788268061165,refreshing-grass-piculet,2094750417523490906,1495771603552153607,false,
2094774247491010972,1788268074282,lovely-sunflower-falcon,2094768571326881884,1169620189836697600,true,
2094774283830726735,1788268082946,classy-lagoon-kookaburra,2094427910962917508,1808290075123539968,true,
2094774382501511277,1788268106472,cheery-nutmeg-towhee,2094754540147155360,,true,
2094774402441261368,1788268111225,diligent-brook-thrasher,,,,
2094774410146398340,1788268113062,splendid-grape-mockingbird,2094279042560364992,,true,
2094774467943653451,1788268126842,independent-creek-cardinal,2094427939043442956,372812630,true,
2094774481961058556,1788268130184,great-mountain-brushturkey,2094762196416774327,40649011,true,
2094774483848511988,1788268130635,easygoing-island-parrotlet,2094594916890394706,838372548156993541,true,
2094774488445690248,1788268131730,inclusive-daylight-bunting,2094749981362262293,981543070897287168,true,false
2094774652912709868,1788268170942,adept-canyon-blackbird,2094199895414698310,2041336017970446336,true,
2094774745120059711,1788268192927,zappy-winter-thicketbird,,,,
2094774944332722567,1788268240422,majestic-summer-flycatcher,2094294108458156240,891137341,true,
2094774953623113990,1788268242638,neighborly-rhubarb-chickadee,2094766112302862546,,true,
2094775140827504664,1788268287271,gracious-river-cardinal,2094760554225176797,914815520842616834,true,true
2094775171043221940,1788268294474,easygoing-island-parrotlet,2094640028827705494,216878261,true,true
2094775242853929247,1788268542020,cosmic-root-grackle,2094165308088971606,2267633525,true,
2094775372495609948,1788268342504,eccentric-jackfruit-canary,2094208656715718725,1573112872565149699,true,
2094775461783953663,1788268363793,ardent-winter-turkey,2094723470588289525,3292982985,true,
2094775462535090371,1788268363971,yielding-seedlings-auklet,2094759583365386271,1890842214,true,
2094775616880984515,1788268400770,jolly-valley-bittern,2094707834768269361,1982757033347817472,false,
2094775635809824853,1788268405283,diligent-brook-thrasher,2094760798669144207,,true,true
2094775689413341346,1788268418063,accomplished-apricot-guillemot,2094736271939973447,1299674729612222466,true,
2094775741099524357,1788268430386,celebrated-ocean-seagull,2094627146681684207,1640561818551877632,true,
2094775749572006059,1788268432406,dexterous-banana-ibis,2094723377223406008,122104594,true,
2094775772003103173,1788268437754,cheery-nutmeg-towhee,2094738277878108665,4052729956,true,
2094775923203592373,1788268473803,great-mountain-brushturkey,2094768690042446026,3324689194,true,
2094775969286348818,1788268484790,zappy-winter-thicketbird,2094771188341854684,,true,
2094776013410738552,1788268495310,amazing-maple-flamingo,2094752501425717743,,true,
2094776092896743608,1788268514261,neighborly-rhubarb-chickadee,,,,
2094776133808230407,1788268683720,cosmic-root-grackle,,,,
2094776158520840313,1788268529907,diligent-brook-thrasher,2094688513585447267,365918709,true,
2094776297247432873,1788268562982,celebrated-ocean-seagull,2094456178314994029,2551938078,true,
2094776330558562548,1788268570925,informative-rock-wigeon,2094038465834873130,,false,
2094776369846866345,1788268580292,incredible-walnut-bushbird,2094732374550725023,818016779821682688,true,
2094776543264354494,1788268621637,phenomenal-dune-owl,2094041754898923648,1814404106875793408,true,
2094776855677084082,1788268696122,celebrated-ocean-seagull,,,,
2094776924027392192,1788268712419,cheery-nutmeg-towhee,2094257390430691399,,true,
2094777073483084283,1788268748051,great-mountain-brushturkey,2094464541606154335,1268186096569143296,true,
2094777083922710785,1788268750540,zappy-winter-thicketbird,,,,
2094777434629353812,1788268834155,neighborly-rhubarb-chickadee,2094704540679626919,467321275,true,true
2094777465113633122,1788268841423,witty-peachtree-tailorbird,2093112693318119534,,true,
2094777477948223715,1788268844483,diligent-brook-thrasher,2094694996892860524,708417025312473088,true,
2094777510512714075,1788268852247,celebrated-ocean-seagull,2094688960245018743,138037459,true,
2094777549977002141,1788268861656,cheery-nutmeg-towhee,,,,
2094777850503028780,1788268933308,charitable-jacaranda-junco,2094535053246136794,147204319,true,
2094777932350705827,1788268952821,marvelous-daylight-nightjar,2094432336469442607,,true,
2094777972523713011,1788268962399,cheery-nutmeg-towhee,,,,
2094777982481027479,1788269079965,cosmic-root-grackle,2094768078403916076,1541030615394521091,true,
2094778091457356143,1788268990755,great-mountain-brushturkey,2094439773049864553,1280195725243154432,true,
2094778099489505696,1788268992670,quiet-elm-grosbeak,2094373138050036200,1613884312964808708,true,
2094778105248518278,1788268994043,electric-sequoia-cormorant,2093101366277533750,726803892520919040,true,
2094778115163570562,1788268996407,shrewd-eucalyptus-petrel,2094554357891023339,112617480,true,
2094778205542433171,1788269017955,profound-pear-flameback,2094707834768269361,1982757033347817472,false,
2094778265928192365,1788269032352,transparent-lumber-hawk,2094608593635180694,24727245,true,
2094778336585105504,1788269049198,sanguine-avocado-grackle,2094775844841336969,1169620189836697600,true,
2094778363109847439,1788269055522,zappy-winter-thicketbird,2094708552862695617,,true,
2094778372467384755,1788269057754,neighborly-rhubarb-chickadee,2094760729614090287,1446037754962395137,true,
2094778395527675998,1788269063251,diligent-brook-thrasher,2094732218706850188,1159225563854360593,true,
2094778413114360179,1788269067444,great-mountain-brushturkey,2094734762196013249,1387110045272449029,true,true
2094778421616476481,1788269069471,transparent-lumber-hawk,2094617818658459848,3041581204,true,
2094778564306513991,1788269103491,celebrated-ocean-seagull,2094742823216017615,3292982985,true,
2094778695965638759,1788269134881,cheery-nutmeg-towhee,2094385441399062733,366703535,true,
2094778780577644838,1788269155055,transparent-lumber-hawk,2094648088556171443,21525682,true,false
2094778854845915384,1788269172761,superb-sky-nightingale,2094018852468445576,,true,
2094778933757501482,1788269191576,quiet-flower-catbird,2094391592622903570,,true,
2094778945346404491,1788269194338,zappy-winter-thicketbird,2094705590501265849,2073632368087502848,true,
2094778969564295365,1788269200112,great-mountain-brushturkey,2094764698554057089,,true,
2094779300784357656,1788269279081,playful-cherry-lovebird,2094371187786760449,2493701,true,
2094779630779588690,1788269357759,zappy-winter-thicketbird,2094575022530507062,1521546982887759872,true,
2094779638224753110,1788269359534,distinctive-mist-condor,2094325174988329098,1192961513600016384,true,
2094779641685004744,1788269360358,trusting-fjord-quail,2094694996892860524,708417025312473088,true,
2094779654519611488,1788269363418,trusting-fjord-quail,2093652620833390604,1197937694472585216,true,
2094779847977378200,1788269409542,neighborly-rhubarb-chickadee,2094468420150378932,66472634,true,
2094779853090300137,1788269410761,diligent-brook-thrasher,2094669142146060740,1790757535542132736,true,
2094779996292239554,1788269444903,serene-summer-shearwater,2094754082099433581,,true,
2094780078785986893,1788269464571,trusting-fjord-quail,2094764698554057089,,true,
2094780135761211902,1788269478155,empowered-jackfruit-shearwater,2094057002507079992,1647474433672757248,true,
2094780288601645229,1788269514595,tremendous-mint-pitohui,2094395266644275688,62694426,true,
2094780433263116730,1788269549085,celebrated-ocean-seagull,2094539180156035304,1023953839106523136,true,
2094780672455905340,1788269606113,profound-citrus-rooster,2094747483582657007,60725986,true,
2094780714243834072,1788269616076,wise-persimmon-finfoot,2094501520196723118,1422660397115576322,true,
2094780736070946817,1788269621281,dependable-pear-swamphen,2094003555153629259,1683462828374761474,false,
2094780796972183654,1788269635801,neighborly-rhubarb-chickadee,2094736479712923907,1978242210488619008,true,
2094780805591740879,1788269637855,wholesome-raspberry-stilt,2094561810821136424,1820184292947111936,true,
2094780813678166433,1788269639783,cheery-nutmeg-towhee,2094652222932234650,3328580558,true,
2094780819047063554,1788269641063,wholesome-raspberry-stilt,2094421972104953980,2033442960256438273,true,
2094780827033026898,1788269642967,wholesome-raspberry-stilt,2094464541606154335,1268186096569143296,true,
2094780832498237758,1788269644270,wholesome-raspberry-stilt,2094464018245124388,2090280410852827136,true,
2094781009128792502,1788270156781,cosmic-root-grackle,2094324491878842864,2023377447513665536,true,
2094781051180646663,1788269696408,great-mountain-brushturkey,2094578643896795276,1757946287326969856,true,
2094781107891773793,1788269709929,superb-apricot-flameback,2094741528996446654,56342824,true,
2094781214481633399,1788269735342,diligent-brook-thrasher,2094768078403916076,1541030615394521091,true,
2094781245309747486,1788269742692,zappy-winter-thicketbird,2094470333587710387,65119912,true,
2094781369973162314,1788269772415,interesting-hillside-shearwater,2094757183388819643,1574269554271797249,true,
2094781470367703224,1788269796350,neighborly-rhubarb-chickadee,,,,
2094781646860116245,1788269838430,tropical-highland-eagle,2094453611631698363,9633802,true,
2094781727902232752,1788269857752,diligent-brook-thrasher,2094720275799564332,701941266716762112,true,
2094781791165141354,1788269872835,ambitious-mesa-goldfinch,2094407065963753567,1573915572764610560,true,true
2094781794147000585,1788269873545,agreeable-autumn-lorikeet,2094728003683332320,,true,
2094781844277584131,1788269885497,trusting-fjord-quail,2094459593858371810,4296903437,true,
2094782119859847520,1788269951201,genius-jackfruit-crimsonwing,2094747483582657007,60725986,true,true
2094782228194632185,1788269977031,poised-island-eagle,2094478711743811862,1943515261891387393,true,
2094782345840632104,1788270005080,celebrated-ocean-seagull,2094686486130270248,1921840774091862017,true,
2094782346926944269,1788270005339,mannerly-summer-whistler,2094770109310996788,1357348953574973447,true,
2094782409275257316,1788270020203,cheery-nutmeg-towhee,2094682895218807230,1512721586549575685,true,
2094782433795133487,1788270026049,keen-marble-ibis,2094472204494762099,486561007,true,
2094782574820278559,1788270059673,great-mountain-brushturkey,2094421590297760069,2230456518,true,
2094782616679424193,1788270069652,zappy-winter-thicketbird,2094717907938791895,,true,
2094782646735753543,1788270076818,mannerly-summer-whistler,2094766485033922945,1357348953574973447,true,
2094782698363465735,1788270089127,poised-island-eagle,2094461427218305094,1708727825115873280,true,
2094782709344108809,1788270091745,neighborly-rhubarb-chickadee,2094763258289045949,1039727570000994304,true,
2094782747050983831,1788270100736,diligent-brook-thrasher,2094705292319600998,1507302228327079936,true,
2094782939665985603,1788270146659,celebrated-ocean-seagull,2094540581808873874,1924803095500095489,true,
2094783086391177307,1788270181640,quiet-orchard-myna,2094318185491395011,1889283800259313664,true,
2094783287499616629,1788270229588,cheery-nutmeg-towhee,2094694106903748905,46282367,true,true
2094783322194866585,1788270237860,great-mountain-brushturkey,2094716332491051219,141538417,true,
2094783393502212499,1788270254861,zappy-winter-thicketbird,,,,
2094783413710422355,1788270259680,poised-island-eagle,2094089543641338173,122025193,true,
2094783452453200271,1788270268916,neighborly-rhubarb-chickadee,2094631087360418063,1984496686568513536,true,
2094783602252742849,1788270304631,diligent-brook-thrasher,2094484319578517531,969846783156170752,true,
2094783606484865067,1788270305640,easygoing-island-parrotlet,2094719465191526778,15747950,true,
2094783606983999964,1788270305760,profound-reef-swift,2094726108516130942,1518969512288305153,true,
2094783610473640012,1788270306592,mannerly-summer-whistler,2094769519180857725,1357348953574973447,true,
2094783669168640107,1788270320586,adept-nectarine-duck,2094427612315570659,917381810253975553,true,
2094783753293811755,1788270340642,cheery-nutmeg-towhee,2094767673066299742,885972982052597761,true,
2094783871531253947,1788270368832,great-mountain-brushturkey,2094491401593696320,2047992087920951296,true,
2094783919895757015,1788270380364,tectonic-sapling-treepie,2094429465732612305,2027843808139087875,true,
2094783962019246100,1788270390406,celebrated-ocean-seagull,,,,
2094783977382940840,1788270394070,zappy-winter-thicketbird,2094739121197433118,1830619150600773632,true,
2094784046752477664,1788270410608,bold-moon-logrunner,2094402349418656171,1549174311138779136,true,
2094784145893294142,1788270434245,easygoing-island-parrotlet,2094720803669516744,1121375429884039175,true,
2094784163937173967,1788270438547,blissful-raspberry-warbler,2094603450675814494,417262550,true,
2094784170752933921,1788270440172,valorous-rainforest-blackbird,2094741303909065204,462336843,true,
2094784376643240391,1788270489260,,,,,false
2094784502597914682,1788270519291,astounding-daylight-tanager,2093686902146695267,1551215613716168704,true,
2094784595753332815,1788270541501,bold-moon-logrunner,2094512398619324902,1183,true,true
2094784667388084702,1788270558579,lively-bamboo-treepie,2094715977867157550,1410613627262930960,true,
2094784674090643724,1788270560177,motivational-aspen-petrel,2093906286614364374,3273093468,true,
2094784879674192066,1788270609193,poised-grassland-nightingale,2094768707486577031,1276657624046542851,true,
2094784945856090551,1788270624972,cheery-nutmeg-towhee,2094634671472853323,2028354985394888705,true,true
2094785051162550277,1788270650079,neighborly-rhubarb-chickadee,2094749752629821579,,true,
2094785116673359931,1788270665697,altruistic-evergreen-egret,2078505134372344031,377773483,true,
2094785449298436563,1788270745001,fearless-twig-frigatebird,2094362605116637515,1451551450967023627,true,
2094785622573486359,1788270786314,diligent-brook-thrasher,2094489403401916574,2019748258084446208,true,true
2094785881433370855,1788270848030,celebrated-ocean-seagull,,,,
2094785883413062088,1788270848503,groovy-chestnut-crossbill,2094690339583922385,1491847454400077826,true,
2094785991999430892,1788270874391,cheery-nutmeg-towhee,2094531128665194703,1961936992087728128,true,
2094786007828721683,1788270878165,great-mountain-brushturkey,2094769674533888025,2462822395,true,
2094786051931803745,1788270888681,great-mountain-brushturkey,2094725885202989118,974672281589993472,true,
2094786059133755507,1788270890398,cherished-sunflower-pipit,2094734926197203333,1022920763865812992,true,
2094786151919788467,1788270912519,zappy-winter-thicketbird,2094743251165311242,,true,
2094786268353765486,1788270940280,neighborly-rhubarb-chickadee,2094587038624354719,981663298813767680,true,true
2094786275048091902,1788271098299,cosmic-root-grackle,2094592325993353602,1822321218717925376,false,
2094786335814844458,1788270956363,clever-bamboo-spoonbill,2094671579598717028,18979745,true,
2094786672877605163,1788271267400,cosmic-root-grackle,,,,
2094786674844737790,1788271037194,zappy-winter-thicketbird,2094713490539962655,520652924,true,
2094786688639787459,1788271040483,diligent-brook-thrasher,2094530415684104659,4166425527,true,true
2094786700639621141,1788271043344,celebrated-ocean-seagull,2094621338505756702,243163874,true,true
2094786725008585050,1788271049154,cheery-nutmeg-towhee,,,,
2094786733921497582,1788271234809,cosmic-root-grackle,,,,
2094786909889614322,1788271093233,trusty-park-swift,2094479418232099226,1487986695534436355,true,
2094786975920259234,1788271108976,great-mountain-brushturkey,2094663148615680137,805532293951606785,true,
2094787011907314089,1788271117556,zappy-winter-thicketbird,,,,
2094787095889858991,1788271137579,neighborly-rhubarb-chickadee,2094743536583286792,1969010035239063552,true,
2094787255139192970,1788271175548,neighborly-rhubarb-chickadee,,,,
2094787270175760693,1788271179133,diligent-brook-thrasher,2094774446926012571,3324689194,true,
2094787420419961140,1788271214954,joyful-hillside-catbird,2093063982714163472,205565258,true,
2094787423586697726,1788271215708,celebrated-ocean-seagull,2094454537922703523,368183883,true,
2094787432956723363,1788271217942,cheery-nutmeg-towhee,,,,
2094787444495335728,1788271220693,diligent-brook-thrasher,2094594858140717453,1998008343169028097,true,
2094787528834301996,1788271240800,exceptional-vine-hillstar,2094634516912439633,,true,
2094787555338461585,1788271247121,valorous-jackfruit-heron,2094654194682929276,141150828,true,
2094787594618036308,1788271256486,empowered-blossom-songlark,2094347822548287884,1621816902652932097,true,
2094787772489887828,1788271298893,invigorated-valley-softbill,2094547770296140027,3211965965,true,
2094787920725000600,1788271334235,cozy-creek-flatbill,2094517847544258911,67174925,true,true
2094787970905600350,1788271346199,great-mountain-brushturkey,2094772844513096043,,true,
2094787991180804269,1788271351034,smart-elm-bulbul,2094679219406021020,,false,false
2094788003315286046,1788271353926,logical-granite-owl,2094329753641840815,1331968310443864065,true,
2094788128250741072,1788271383713,zappy-winter-thicketbird,2094727657607078168,1661659975285088257,true,
2094788134399590627,1788271385180,dedicated-fig-songbird,2094665413313663478,1339979295196913667,false,
2094788190485807573,1788271398551,innovative-seedlings-mousebird,2094514583058678088,2011829646707634176,true,
2094788271356125466,1788271417832,neighborly-rhubarb-chickadee,,,,
2094788321117622766,1788271429697,miraculous-sea-kestrel,2094400749426049195,249010725,true,
2094788571810959395,1788271489466,precious-banana-needletail,2094512919899697353,1623114468459786241,true,
2094788576965755040,1788271490695,diligent-brook-thrasher,,,,
2094788615243268322,1788271635832,cosmic-root-grackle,2094591970375004464,1824139331352616960,true,false
2094788644796067865,1788271506868,celebrated-ocean-seagull,2094655955765956939,,true,true
2094788664383488158,1788271511538,impeccable-acorn-jacana,2094471170762412334,2033903217466347523,true,true
2094788672109334810,1788271513380,celebrated-ocean-seagull,2094777237170176167,1924761853625786368,true,
2094788709061218380,1788271522190,cheery-nutmeg-towhee,2094738813339750510,1234463099341635585,true,
2094788804993294447,1788271545062,tough-mint-seagull,2093745451413504128,1272057522657124354,true,
2094788815005134936,1788271547449,great-mountain-brushturkey,2094655270081192272,1327966047916482560,true,true
2094788821158396044,1788271548916,transparent-lumber-hawk,2094785719604584675,183697115,true,
2094788839516844245,1788271553292,inspirational-snow-cockatoo,2094731186140811316,1282509001926692864,true,
2094788858713981138,1788271557869,zappy-winter-thicketbird,2094710001633751415,34867057,true,
2094789101048545413,1788271615646,transparent-lumber-hawk,2094624581919084550,18004222,true,
2094789164856148355,1788271630859,neighborly-rhubarb-chickadee,2094757944927932612,2064772374281756672,true,
2094789167074943460,1788271631389,cheery-nutmeg-towhee,2094757944927932612,2064772374281756672,true,
2094789226030399525,1788271645444,powerful-pine-bushbird,2094511096333730107,1613381202475376642,true,
2094789279889416408,1788271892442,cosmic-root-grackle,2094752394034774067,763094579491008512,false,
2094789324361421206,1788271668888,diligent-brook-thrasher,2094784073319231833,2293697022,true,
2094789355189477461,1788271676239,charming-ridge-crake,2094780022225526841,70744910,true,false
2094789387645075904,1788271683977,celebrated-ocean-seagull,2094534650244862349,1798291048579371008,true,
2094789469853376725,1788271703576,cheery-nutmeg-towhee,2094741062182957265,159616794,true,
2094789532122067001,1788271902447,cosmic-root-grackle,,,,
2094789677576282596,1788271753101,inclusive-beech-hawk,2094465682595614835,2087857564105228288,true,
2094789728910369029,1788271765340,great-mountain-brushturkey,2094514660749770909,1232168577064689666,true,
2094789790931484761,1788271780127,great-mountain-brushturkey,2094777292526620719,1924761853625786368,true,
2094789902684889204,1788271806771,genuine-chestnut-lark,2093337813496279212,1731773353915039744,false,
2094789937375682564,1788271815043,clean-willow-drongo,2094626758511231450,1324889974349697024,true,
2094790027351871903,1788271836494,zappy-winter-thicketbird,2094782554398216224,2793124376,true,
2094790104044687495,1788271854779,wholesome-raspberry-stilt,2094429465732612305,2027843808139087875,true,
2094790116334043206,1788271857709,wholesome-raspberry-stilt,2094757971511194046,18382184,true,
2094790123883823160,1788271859509,wholesome-raspberry-stilt,2094489403401916574,2019748258084446208,true,
2094790130414334002,1788271861066,wholesome-raspberry-stilt,2094738987030110490,22619233,true,
2094790187888922745,1788271874770,ecstatic-fir-seagull,2094748409735393787,,true,
2094790286513692716,1788271898283,poised-mist-sunbird,2094573080924295493,1518680588756131841,false,
2094790444232143000,1788271935887,neighborly-rhubarb-chickadee,2094779775940542798,,true,
2094790627284099348,1788271979529,quick-mist-turkey,2094367139683528752,959531564341317632,false,
2094790636402545040,1788271981704,worldly-seawater-warbler,2094772262545363122,86395621,false,
2094790695563280836,1788271995809,bubbly-summer-goose,2094788265429651801,,true,
2094790736638046358,1788272005602,diligent-brook-thrasher,,,,
2094790747975291267,1788272008304,celebrated-ocean-seagull,2094532048447041808,,true,
2094790883065442611,1788272040512,cheery-nutmeg-towhee,,,,
2094790923443920924,1788272050139,realistic-lumber-kingbird,,,,
2094791024686076409,1788272074277,soothing-grape-parakeet,2094418049872842793,1594003062,true,
2094791264524738897,1788272131459,confident-grass-parrot,2094689470360809606,1183,true,
2094791264684196279,1788272131498,great-mountain-brushturkey,2094653756311027860,1876788665235681280,true,
2094791275757072636,1788272134137,zappy-winter-thicketbird,,,,
2094791328114639127,1788272146620,heroic-highland-bluebird,2094588107177738598,1172881890933727234,true,
2094791355545297308,1788272153160,wise-apple-crane,2093571757760221580,110398672,true,
2094791473317269618,1788272181239,peachy-orchard-puffin,2094707055634366595,140034129,true,
2094791488928350398,1788272184961,early-cantaloupe-barbet,2093019889808326701,1575343631485243392,true,
2094791868500283393,1788272275458,neighborly-rhubarb-chickadee,2094773708107690313,1474408716044673028,true,
2094792014546317697,1788272310278,vibrant-banana-albatross,2094122021257179201,105377784,true,
2094792215956443508,1788272540507,cosmic-root-grackle,,,,
2094792278581666109,1788272373229,diligent-brook-thrasher,2094630386416357388,1263607904378200069,true,
2094792293404278792,1788272376763,easygoing-island-parrotlet,2094437274163515611,1154308866496008192,true,
2094792535554015738,1788272434496,celebrated-ocean-seagull,2094720619707560173,2023280368364015616,true,
2094792636963971195,1788272458674,philosophical-berry-brushturkey,2094598862245658943,1603194901,true,
2094792815045701754,1788272501132,cheery-nutmeg-towhee,2094740586053984343,2011829646707634176,true,
2094792827867726318,1788272504189,strong-cloud-anhinga,2094664386518327381,900766265245130753,false,
2094792920012664876,1788272526158,distinctive-mist-condor,2094727562824179993,136932734,true,
2094792943865327920,1788272531845,celebrated-basswood-kingfisher,2093686902146695267,1551215613716168704,true,
2094793096391426102,1788272725833,cosmic-root-grackle,,,,
2094793211231306159,1788272595591,easygoing-island-parrotlet,2094552865716965514,1682540567748591618,true,
2094793255862890768,1788272606231,great-mountain-brushturkey,2094601396238647554,2894338357,true,
2094793327094944117,1788272623214,vibrant-banana-albatross,2091814228315578762,,true,
2094793342592668111,1788272626909,zappy-winter-thicketbird,,,,
2094793369452945859,1788272633313,extraordinary-savanna-emu,2094651380829126717,,true,
2094793387152912764,1788272637533,powerful-tomato-flatbill,2094517706632392725,3157713998,true,
2094793401145147451,1788272640869,neighborly-rhubarb-chickadee,2094762196416774327,40649011,true,
2094793459509199276,1788272654784,humorous-ocean-oriole,2094540381153378555,965870588710367232,true,
2094793482191650992,1788272660192,neighborly-rhubarb-chickadee,2094773599567479164,,true,
2094793584860090778,1788272910967,cosmic-root-grackle,2094727562824179993,136932734,true,
2094793599036555453,1788272688050,tectonic-sapling-treepie,2094591970375004464,1824139331352616960,true,
2094793624676450716,1788272694163,observant-sycamore-tinamou,2094162867746480382,300389904,true,
2094793683073646705,1788272708086,lucky-pineapple-drongo,2094543013062353394,1707380247476248576,true,
2094793706482360571,1788272713667,humorous-ocean-oriole,2094638198374941181,1757387986436550657,true,
2094793724370813150,1788272717932,diligent-brook-thrasher,2094649096896397318,2052419875176656896,true,
2094793736018395405,1788272720709,celebrated-ocean-seagull,2094538607981961578,3075524656,true,
2094793756671095286,1788272725634,cheery-nutmeg-towhee,2094598862245658943,1603194901,true,
2094793802720625090,1788272736613,radiant-jackfruit-rooster,2094658048551788998,1112806505219227650,false,
2094793808651203019,1788272738026,diligent-brook-thrasher,2094487941024215549,1841594727604301824,true,
2094793999206727865,1788272783459,celebrated-ocean-seagull,2094775856564428892,2025577354974916609,true,
2094794071881465877,1788272800786,great-mountain-brushturkey,2094696818827489619,2023207701833228288,true,true
2094794074221908068,1788272801343,zappy-winter-thicketbird,2094552865716965514,1682540567748591618,true,
2094794089111900302,1788272804894,goodhearted-water-parrot,2094699398999724130,1830498859824578560,true,
2094794138264776846,1788273022830,cosmic-root-grackle,2094516530255949954,1344356576786866176,false,
2094794138357043490,1788272816635,soulful-river-sparrowhawk,2094439773049864553,1280195725243154432,false,
2094794153922334905,1788272820345,auspicious-snow-brownbul,2094690617221628128,2333150096,true,
2094794398428971222,1788272878640,neighborly-rhubarb-chickadee,2094676428705161342,1664620592610553857,true,
2094794457795154302,1788272892794,virtuous-rock-tailorbird,2094360724512370732,1953169988228907008,true,
2094794469820477730,1788272895661,supreme-pine-stork,2094700043127415267,1564195753219657729,true,
2094794479140053316,1788272897883,wholesome-raspberry-stilt,2094591970375004464,1824139331352616960,true,
2094794490158399717,1788272900511,wholesome-raspberry-stilt,2094621338505756702,243163874,true,true
2094794549788803489,1788272914728,bountiful-granite-swift,2094666776130830728,1277288422281932800,true,false
2094794557430862320,1788272916550,genuine-persimmon-kingbird,2094449511296892953,91882544,true,
2094794618348920982,1788272931074,striking-cantaloupe-quail,2094141585596326156,,true,
2094794669263614218,1788272943213,diligent-brook-thrasher,2094437274163515611,1154308866496008192,true,
2094794877359825171,1788272992826,merry-citrus-greenbul,2093768763984228793,1504550028236496902,false,
2094794891742122232,1788272996255,giving-willow-quetzal,2094510889185513748,1944289284,true,false
2094794904895455260,1788272999391,supportive-coast-hoopoe,2094679219406021020,,true,
2094794943998890111,1788273008714,dexterous-ridge-needletail,2094071895406825899,1264304798771277824,true,
2094795114690519367,1788273049410,happy-creek-crimsonwing,2094773856905183327,,true,
2094795335302311998,1788273102008,celebrated-ocean-seagull,,,,
2094795441191739859,1788273127254,trusting-apple-anhinga,2094446696302260427,,true,true
2094795512109035741,1788273144163,cheery-nutmeg-towhee,2094765862762811700,2043274299755147264,true,
2094795688181682647,1788273186141,great-mountain-brushturkey,,,,
2094795740572712986,1788273198632,zappy-winter-thicketbird,2094779783129231831,2019883670169849856,true,
2094795856574591370,1788273226289,neighborly-rhubarb-chickadee,2094785781478863209,1467843136378527752,true,
2094795910190444809,1788273239072,luminous-sand-whistler,2094537662438998184,2162812627,true,
2094796013668122916,1788273263744,diligent-brook-thrasher,2094496073670930747,1263491240336769026,true,
2094796058517795287,1788273274436,luminous-sand-whistler,2094537861408403581,763094579491008512,true,
2094796088972571025,1788273281698,majestic-coral-ibis,2094690605859250196,28076891,true,true
2094796206111441045,1788273309625,clever-sand-dipper,2094450933522456610,1944756751485591552,true,
2094796271953305944,1788273325323,diligent-brook-thrasher,2094742823216017615,3292982985,true,
2094796308028502387,1788273333925,extraordinary-grove-lovebird,2094794106610348404,1688410127378829312,true,
2094796370548846665,1788273348830,spectacular-trail-treerunner,2094066501657485711,14398840,true,
2094796381055492552,1788273351335,luminous-sand-whistler,2094537377557688323,1663701168839872512,true,
2094796390224232750,1788273353521,majestic-coral-ibis,2094683191437103598,25893416,true,
2094796513675190747,1788273382954,luminous-sand-whistler,2094597057902473630,779104195,true,
2094796517911490873,1788273383965,celebrated-ocean-seagull,2094766204892152038,1961467799299112960,true,
2094796520281317597,1788273384529,cheery-nutmeg-towhee,2094766204892152038,1961467799299112960,true,
2094796581522518236,1788273620341,cosmic-root-grackle,2094686810110677174,1340122352101646337,false,
2094796597083394359,1788273402840,pleasant-cactus-kite,2094708543626924284,2016377821653082112,true,
2094796601483014466,1788273403890,superb-vine-bluebird,2094505931124207769,1972557488265252864,true,
2094796642306117697,1788273413622,luminous-sand-whistler,2094537480272068775,1922803520019013632,true,
2094796728968868112,1788273434285,great-mountain-brushturkey,,,,
2094796734765400557,1788273435667,pleasant-freshwater-treerunner,2094528859995533632,4018808434,true,
2094796764570104120,1788273442772,cheery-nutmeg-towhee,2094737615786225975,,true,
2094796802486620576,1788273451813,zappy-winter-thicketbird,2094746751336939766,1782752374664089600,true,
2094796804957093902,1788273452402,great-mountain-brushturkey,2094746751336939766,1782752374664089600,true,
2094796812456452107,1788273454189,dexterous-prairie-pelican,2094203706329997566,312696314,true,
2094796850318725197,1788273463216,logical-mountain-starling,2094779829908386024,8383592,true,
2094796926579269722,1788273481398,zappy-winter-thicketbird,2094782740851724333,1403366437843050500,true,
2094796950121980101,1788273487011,neighborly-rhubarb-chickadee,2094765300516368535,1916149319947739136,true,
2094797020720439362,1788273503843,diligent-brook-thrasher,2094740668153573591,2075506257939804161,true,
2094797236077007072,1788273555188,celebrated-ocean-seagull,2094761054601670709,144814432,true,
2094797271736975699,1788273563691,eccentric-canyon-swan,2094554712528113710,1429560247,true,
2094797288900108690,1788273567782,extraordinary-grove-lovebird,2094794578402644447,1688410127378829312,true,
2094797420370497614,1788273599127,cheery-nutmeg-towhee,2094371226798244031,951666482160652289,true,
2094797468160368849,1788273610521,rational-seedling-wren,2094791134740349005,10671602,true,
2094797484484706345,1788273614413,great-mountain-brushturkey,2094524478860759173,1453811299691884549,true,
2094797649631232183,1788273653787,zappy-winter-thicketbird,2094551058865353046,1984976634395713537,true,
2094797738965959145,1788273675086,challenging-wildflower-redstart,2094502077041119680,,true,
2094797886210941118,1788273710192,flexible-summer-whistler,2094112647641793005,2792557771,true,
2094797897493553600,1788273712883,elegant-daylight-grebe,2094741528996446654,56342824,false,
2094797963725836470,1788273728673,neighborly-rhubarb-chickadee,2094709221497712777,1615363218,true,
2094798010177761782,1788273739748,agile-bamboo-raven,2094468759381770349,4239551,false,
2094798035855593563,1788274205542,cosmic-root-grackle,,,,
2094798394187256155,1788273831303,clever-bamboo-grebe,2094792138609361135,39692424,true,
2094798410620588439,1788273835222,jolly-cliff-rooster,2093665721175925095,1589809438369533952,false,
2094798483211325627,1788273852529,diligent-brook-thrasher,2094771893928612188,1687442530143514624,true,
2094798507630625265,1788273858351,involved-blossom-finch,2094484814585823385,1849601616644546560,false,
2094798628556599776,1788273887181,pioneering-lime-bushlark,2094691763893973222,878983029661806592,true,
2094798783188197794,1788274327035,cosmic-root-grackle,,,,
2094798806235709916,1788273929544,positive-wind-bittern,2094248667720941979,1902115343230722049,true,
2094798806831214919,1788273929685,celebrated-ocean-seagull,,,,
2094798849017544856,1788273939744,cheery-nutmeg-towhee,2094787363503263918,1138842105856573445,true,
2094798901622554651,1788273952286,winning-walnut-albatross,2094533196092194831,1953480106598625280,true,
2094798917770555890,1788273956135,great-mountain-brushturkey,2094652203923554419,2043328603589324800,true,
2094798937035059493,1788273960728,zappy-winter-thicketbird,,,,
2094798938440081715,1788273961063,majestic-passionfruit-tern,2093783732113092768,1410450771980734467,false,
2094798938477932907,1788273961074,miraculous-sunflower-shearwater,2094785953470599489,,true,
2094798987211440141,1788273972691,joyful-mist-waterfowl,2094757971511194046,18382184,false,
2094798997542101190,1788273975155,neighborly-rhubarb-chickadee,2094766675757322383,435225922,true,
2094799099304239557,1788273999417,diligent-brook-thrasher,2094582778822353068,1389913567671975937,true,
2094799102085059029,1788274000080,celebrated-ocean-seagull,2094567910886793274,1425576314241753092,true,
2094799120779141199,1788274004536,cheery-nutmeg-towhee,2094769257498165431,459496578,true,
2094799148432114139,1788274011129,quick-water-siskin,2094435241955910085,1811506838602665984,true,
2094799193793581067,1788274455261,cosmic-root-grackle,2094663142055792781,1582698242357215232,true,
2094799220209238025,1788274028242,great-mountain-brushturkey,2094774554480525730,1200356868733972480,true,
2094799278862422384,1788274042226,zappy-winter-thicketbird,,,,
2094799368352325778,1788274063563,lucky-tide-puffin,2094537531933036973,1917684236557115396,true,
2094799370025906206,1788274186095,cosmic-root-grackle,,,,
2094799371833372690,1788274064392,excellent-branch-bullfinch,2094035548050739258,,true,
2094799432424231213,1788274078839,neighborly-rhubarb-chickadee,2094783931266834676,,true,
2094799505396994506,1788274260516,cosmic-root-grackle,,,,
2094799630164808129,1788274125983,neighborly-rhubarb-chickadee,2094502465139831004,,true,
2094799699001643166,1788274142395,diligent-brook-thrasher,2094757475509539001,513361194,true,
2094799868187353164,1788274182733,jolly-oak-crow,2094130663276363896,32481781,true,
2094799896964481428,1788274189594,celebrated-ocean-seagull,,,,
2094799953511997485,1788274203076,energetic-flower-quetzal,2094580232120307828,707446688,true,
2094800037423329430,1788274223082,cheery-nutmeg-towhee,,,,
2094800081967095959,1788274233701,articulate-acorn-wigeon,2094516278849667436,1710010894636486656,true,
2094800215790542988,1788274265607,articulate-acorn-wigeon,2094242730142822613,1241376995176411137,true,
2094800230508265881,1788274269116,meticulous-ice-crow,2094626318155428237,121597316,true,true
2094800307943350513,1788274287579,great-mountain-brushturkey,2094622813785342034,1518978308880355331,true,
2094800351035891946,1788274297852,articulate-acorn-wigeon,2094140255364432218,83856637,true,
2094800364486754600,1788274301059,diligent-brook-thrasher,2094422402214379602,2054135112082800641,true,
2094800367368261742,1788274301746,zappy-winter-thicketbird,2094696764104409514,1138842105856573445,true,
2094800482547949816,1788274678041,cosmic-root-grackle,2094395073182228731,10671602,false,false
2094800553674993914,1788274346165,courteous-moon-softbill,2094708013114212618,1599325934590500866,true,
2094800591482769470,1788274355179,genuine-reef-finfoot,2094280082378629488,1818341852208414723,true,
2094800657412968531,1788274370898,articulate-acorn-wigeon,2094696818827489619,2023207701833228288,true,
2094800766355521796,1788274396872,brainy-moss-hoopoe,2094609939444691354,839116207756279808,true,
2094800839114199326,1788274414219,celebrated-ocean-seagull,2094790385390301696,57812581,true,
2094800856071672238,1788274418263,neighborly-rhubarb-chickadee,,,,
2094800976284930409,1788274446923,articulate-acorn-wigeon,2094723141671190707,1457884439586144256,true,
2094801175098823049,1788274494324,diligent-brook-thrasher,2094786041618018677,,true,
2094801217247388061,1788274504374,alpine-valley-hillstar,2094697503736131707,248807814,true,
2094801291717578925,1788274522128,great-tide-heron,2093011488395129048,1376356413383925761,true,
2094801311086891028,1788274758958,cosmic-root-grackle,2094395480948023791,374712154,false,
2094801311422189765,1788274526826,diligent-brook-thrasher,,,,
2094801316161651088,1788274527957,celebrated-ocean-seagull,2094461687696871561,1390465417,true,
2094801379772559403,1788274543123,cheery-nutmeg-towhee,2094737645309992961,29341990,true,
2094801383731917124,1788274544066,celebrated-ocean-seagull,2094534655106007514,1235056868050993152,true,
2094801527269634158,1788275170952,cosmic-root-grackle,,,,
2094801531224646040,1788274579231,great-mountain-brushturkey,2094713867880505520,2039279035230912512,true,
2094801548492812520,1788274583348,trusty-eucalyptus-francolin,2094471703158042979,2051194352488046592,true,
2094801585561862172,1788274592187,wholesome-raspberry-stilt,2094666526301507930,,true,
2094801608714416267,1788274597706,zappy-winter-thicketbird,2094663939741131003,3060404986,true,
2094801676012027986,1788274613751,neighborly-rhubarb-chickadee,2094546677214704019,236487888,true,
2094801753828946025,1788274632304,,2094445953889849732,1492361525641678850,true,
2094801804274131203,1788274644332,great-tide-heron,2093265876162326862,1097500111687614464,true,
2094802149226037724,1788274726575,easygoing-island-parrotlet,2094634338545435132,1137834061324533760,true,
2094802185770983838,1788274735288,majestic-nectarine-mallard,2094688200505643390,1954402777,true,
2094802209682649161,1788274740988,cheery-nutmeg-towhee,2094796334704546057,1432808185685889025,true,
2094802212148982255,1788274741576,diligent-brook-thrasher,2094796334704546057,1432808185685889025,true,
2094802441581601130,1788274796278,articulate-leaf-troupial,2094795612600352980,1697094453398315008,true,
2094802451702403294,1788274798690,talented-cantaloupe-citril,2094536034151444633,1552624386,true,
2094802452646404234,1788274798915,nimble-pistachio-turkey,2094681790090727701,1865300573739753472,true,
2094802460984631482,1788274800904,orderly-mountain-swift,2093896759210815756,1930624004144111616,true,
2094802484380176891,1788274806481,strong-evergreen-crow,2094443244897644853,1560138943177412609,false,
2094802491904770294,1788274808275,noble-daylight-parrotlet,2094460213017620505,1432808185685889025,true,
2094802494610174015,1788274808920,celebrated-ocean-seagull,2094792623147864472,1583830278,true,
2094802590139621729,1788274831696,enthralling-strawberry-wheatear,2094567715797078422,1353824455886327808,true,
2094802631843807337,1788274841639,active-island-peafowl,2094776097699397697,721262788648173568,true,
2094802689917911467,1788274855485,cheery-nutmeg-towhee,2094575180483793132,36235676,true,
2094802691142623516,1788274855777,noble-daylight-parrotlet,2094466629551657259,255607038,true,
2094802709920501999,1788274860255,great-mountain-brushturkey,2094790385390301696,57812581,true,
2094802874937049294,1788274899597,zappy-winter-thicketbird,2094663142055792781,1582698242357215232,true,
2094802930700325101,1788274912892,,2094704496358146126,818295162740834305,true,
2094802954435870964,1788274918551,neighborly-rhubarb-chickadee,2094500473281904858,68498809,true,
2094802980306289100,1788274924719,diligent-brook-thrasher,2094445953889849732,1492361525641678850,true,
2094803039454687371,1788275229376,cosmic-root-grackle,2094686810110677174,1340122352101646337,false,
2094803045699727814,1788274940310,great-mountain-brushturkey,2094489403401916574,2019748258084446208,true,
2094803136359637119,1788274961926,steady-tomato-duck,2094594864776159345,1360615250,true,
2094803227753484524,1788274983715,refreshing-grass-piculet,2094781135293427890,856236750028648448,true,
2094803236205019235,1788274985730,celebrated-ocean-seagull,2094767337891090710,1234463099341635585,true,
2094803299564408938,1788275000836,orderly-mountain-swift,2094276917541457984,2069253299480748032,true,
2094803346573983932,1788275012044,matchless-melon-bushbird,2094580232120307828,707446688,false,
2094803359064801783,1788275015022,lovable-lake-dove,2094801523473821716,,true,
2094803374931677404,1788275018805,tectonic-sapling-treepie,2094582778822353068,1389913567671975937,true,
2094803466556420182,1788275040650,trusty-eucalyptus-francolin,2094442555660247068,1885083213934010368,true,
2094803553323765903,1788275061337,tranquil-fir-siskin,2094707055634366595,140034129,true,
2094803641425101088,1788275082342,funny-almond-stork,2094784711579344994,1750738822646636545,true,
2094803697372958901,1788275095681,zappy-winter-thicketbird,,,,
2094803722345889860,1788275101635,cheery-nutmeg-towhee,2094644769565847634,2080661814933880832,true,
2094803834833187186,1788275128454,peppy-rose-thrush,2094432521597399054,177101260,true,
2094803861655404670,1788275134850,great-mountain-brushturkey,2094708484717637838,1966936503516282880,true,
2094803991016120513,1788275165692,zappy-winter-thicketbird,2094794312265412766,57226715,true,
2094804044317425928,1788275178400,neighborly-rhubarb-chickadee,2094786109616308646,,true,
2094804162332839951,1788276053777,cosmic-root-grackle,2094619932759638108,1931382033818726400,false,
2094804216820932793,1788275455248,cosmic-root-grackle,2094092826942546026,187688062,true,
2094804340808601640,1788275249088,diligent-brook-thrasher,2094766384676766020,1190799145621000192,true,
2094804582039753134,1788275306603,empowered-wood-pelican,2094370439501869288,1945916773796040704,true,
2094804631884910776,1788275318486,informative-grassland-francolin,2094793666619457845,953409531949838336,true,
2094804764080959872,1788275350004,celebrated-ocean-seagull,2094599007242723825,2044248452649930752,true,
2094804769428615196,1788275351279,jovial-watermelon-crimsonwing,2094158594312659408,1769720558235635712,true,
2094804805428371648,1788275359862,cheery-nutmeg-towhee,,,,
2094805022739501519,1788275411674,strong-beech-lovebird,2094503413648064977,256441366,true,
2094805051277476014,1788275418477,great-mountain-brushturkey,2094626281694409199,1374885952309633029,true,
2094805096215261510,1788275429191,neighborly-rhubarb-chickadee,2094777827925094631,1675613234030690305,true,
2094805098509607133,1788275429739,zappy-winter-thicketbird,2094777827925094631,1675613234030690305,true,
2094805278734856464,1788275472708,vivacious-birch-sparrow,2094636467473834029,1629270057439346688,true,
2094805447500857845,1788275512944,genuine-persimmon-kingbird,2094787127099658673,33281058,true,true
2094805471135703410,1788275518580,spunky-lake-mockingbird,2094550416688054623,53189543,true,
2094805536990519641,1788275534280,worldly-autumn-needletail,2094513302835761598,1038878211805990912,false,
2094805565067165798,1788275540974,consistent-wood-whistler,2094770156530553008,,true,
2094805567000768846,1788275541436,neighborly-rhubarb-chickadee,,,,
2094805643073114323,1788275559572,supreme-pine-stork,2094769851525132460,4020373452,true,
2094805757137129490,1788275586768,capable-wood-flamingo,2094280082378629488,1818341852208414723,true,
2094805832323977485,1788275604693,energizing-evergreen-towhee,2094732415587491884,19248923,true,
2094805833519378905,1788275604978,diligent-brook-thrasher,2094767824656855366,2088247315484028928,true,
2094805878687895989,1788275615748,courageous-citrus-peacock,2094247363250463200,1492723738340691971,false,
2094805882626326896,1788275616686,serene-peanut-warbler,2094504243147485571,216881337,true,false
2094805906487701609,1788275622375,refreshing-hillside-cormorant,2094508614396301444,1001732195206205445,false,
2094805928780730510,1788275767372,cosmic-root-grackle,2094418493168816408,928219752,false,
2094806422957461774,1788275745511,celebrated-ocean-seagull,2094440651421012446,,true,
2094806444973396001,1788275750760,diligent-brook-thrasher,2094777237170176167,1924761853625786368,true,
2094806481589723535,1788275759490,articulate-leaf-troupial,,,,
2094806545930359263,1788275774830,altruistic-tree-lark,2094497020081836066,15675138,false,
2094806620572180856,1788275792626,cheery-nutmeg-towhee,2094790095966486529,1583830278,true,
2094806629975998496,1788275794868,beautiful-winter-puffbird,2094763846229774415,18928078,true,
2094806723185799545,1788275817092,celebrated-ocean-seagull,2094785345577791801,1825952834548039680,true,
2094806809538163070,1788275837679,great-mountain-brushturkey,2094742218623922282,1215636170467676161,true,
2094806848599707898,1788275846992,zappy-winter-thicketbird,2094730656509026315,2486944871,true,
2094806910201471283,1788276299594,cosmic-root-grackle,,,,
2094806954317107423,1788275872198,neighborly-rhubarb-chickadee,,,,
2094807017525309885,1788275887268,celebrated-ocean-seagull,2094664301676015784,151903477,true,
2094807081459028112,1788275902511,cheery-nutmeg-towhee,2094417575996211242,1986056611404865537,true,
2094807128317788441,1788275913682,skilled-bamboo-woodpecker,2094631456756687133,,true,
2094807136651874364,1788275915670,precious-flower-firefinch,2094688870478561361,,true,true
2094807136664502544,1788275915673,great-mountain-brushturkey,2094764811607302603,1686028826126536705,true,
2094807230818201636,1788275938120,enterprising-dune-friarbird,2094237809187991962,1690736452118728704,false,
2094807239169102145,1788275940112,zappy-winter-thicketbird,,,,
2094807279979622569,1788275949841,neighborly-rhubarb-chickadee,2094778794770845750,539410830,true,
2094807423760412773,1788275984122,diligent-brook-thrasher,,,,
2094807604916584586,1788276027313,celebrated-ocean-seagull,2094796590301278620,,true,
2094807654472220943,1788276039127,cheery-nutmeg-towhee,2094750936790909360,1959744344531050496,true,true
2094807686533521519,1788276046771,great-mountain-brushturkey,,,,
2094807694058074171,1788276170859,cosmic-root-grackle,2094762164707787009,1960975193998024704,true,
2094807946458706323,1788276108742,zappy-winter-thicketbird,2094523911954186419,139539038,true,
2094807957535896027,1788276111383,neighborly-rhubarb-chickadee,,,,
2094807978406744249,1788276116359,bold-moon-logrunner,2094688870478561361,,true,true
2094808132723577264,1788276153151,amazing-sky-albatross,2094577935445283126,,true,
2094808241301606490,1788276179039,diligent-brook-thrasher,2094792242980372978,1881403461234810880,true,
2094808315889103198,1788276196821,lucky-peat-greenbul,2093691870794875040,3309405097,true,
2094808417315729458,1788276221003,kinetic-mountain-emu,2094526867391066216,3351195340,true,
2094808444574355584,1788276227502,celebrated-ocean-seagull,,,,
2094808540334715291,1788276882568,cosmic-root-grackle,2094591767509135716,16117029,false,
2094808583149891857,1788276260542,powerful-savanna-gull,2094688118171455701,1220630515,true,
2094808583846133866,1788276260708,cheery-nutmeg-towhee,,,,
2094808602183950626,1788276265079,organized-foothill-motmot,2094389005601386522,1344897174,false,
2094808697578864664,1788276287823,great-mountain-brushturkey,2094557979676721385,1521128820014727168,true,
2094808704755314968,1788276289534,zappy-winter-thicketbird,2094538483817697436,1940652783184551936,true,
2094808904433545659,1788276337141,exquisite-peppermint-anhinga,2094792030786334740,2162812627,false,
2094808965682995478,1788276351744,careful-basswood-quail,2094629419222528398,,true,
2094808991721197678,1788276357953,harmonious-plum-parakeet,2094449191590244528,,true,
2094809040299634844,1788276369534,cheery-nutmeg-towhee,2094787415483290070,,true,
2094809168926355704,1788276400202,winged-wood-tinamou,2094659347754197112,,true,
2094809200236831016,1788276407666,neighborly-rhubarb-chickadee,2094789064780104110,1583830278,true,
2094809215185396057,1788276411231,diligent-brook-thrasher,2094715871432417734,2086409925769699328,true,
2094809274585096327,1788276425392,chirpy-seedlings-toucan,2094478648531198004,1950596856012054528,false,
2094809315051798771,1788276435040,celebrated-ocean-seagull,2094481150664163470,1830619150600773632,true,
2094809353928819073,1788276444309,cheery-nutmeg-towhee,2094792115272200226,1954519504765259776,true,
2094809376808681890,1788276449764,great-mountain-brushturkey,2094418493168816408,928219752,true,
2094809498506440917,1788277478980,cosmic-root-grackle,2094604731955990832,1464977259425632256,true,
2094809557134451063,1788276492758,zappy-winter-thicketbird,2094790005268844855,1685019874341367809,true,
2094809587408929174,1788276499976,spunky-lowland-cardinal,2094492547913576790,1882084077995442176,false,
2094809742170533991,1788276536873,peaceful-ocean-cuckoo,2094738328918860159,249010725,true,
2094809845983518778,1788276561624,considerate-garden-hawk,2094791705249640840,1188209073239609346,true,
2094809858323435914,1788276564566,effective-sky-bulbul,2094779031803887893,1521611638176055296,true,
2094809960651899334,1788276588963,peaceful-ocean-cuckoo,2094738172609782040,249010725,true,
2094809963449217172,1788276589630,orderly-mountain-swift,2092869370880119135,1755262863420358656,true,
2094810079275171875,1788276617246,mighty-forest-songlark,2094681790090727701,1865300573739753472,true,
2094810359475347609,1788276684050,wholesome-raspberry-stilt,2094767824656855366,2088247315484028928,true,
2094810371051729047,1788276686810,wholesome-raspberry-stilt,2094485380829495515,22869693,true,
2094810376936251792,1788276688213,wholesome-raspberry-stilt,2094587038624354719,981663298813767680,true,
2094810413653541144,1788276696967,orderly-mountain-swift,2092494927930474520,1949723142324404224,true,
2094810443395334303,1788276704058,grand-willow-whistler,2094327936946160035,2452937996,true,
2094810465180262405,1788276709252,neighborly-rhubarb-chickadee,,,,
2094810468594471104,1788276710067,articulate-leaf-troupial,2094768946025001114,545643493,true,
2094810487175438686,1788276714496,orderly-mountain-swift,2087784308463599771,886535108374675456,true,
2094810504136933840,1788276718540,diligent-brook-thrasher,,,,
2094810534616932729,1788276725808,enlightened-cloud-finfoot,2094751640314368439,1466547367277072387,true,
2094810600631083504,1788276741546,calm-banana-owl,2094601782542438583,825997317962620928,true,
2094810730507944278,1788276772511,peaceful-ocean-cuckoo,2094401038745039058,249010725,true,
2094810731036155975,1788276772638,delightful-moon-grouse,2094551058865353046,1984976634395713537,false,
2094810760623124593,1788276779691,orderly-mountain-swift,2092901861997330875,2040990296616398848,true,
2094810773268877371,1788276782706,ambitious-freshwater-softbill,2094666583339659428,1021449857968599045,true,
2094810836950728862,1788276797890,celebrated-ocean-seagull,2094692616147214733,1417887886125436931,true,
2094810894773432586,1788276811675,calm-fig-thrasher,2094728572082479245,121829561,true,
2094810897478799428,1788276812321,alert-water-bluejay,2094069038573871134,1298372735383605249,false,
2094810958816260391,1788276826944,great-mountain-brushturkey,2094508019963056274,1428911804781056004,true,
2094810984724439342,1788276833121,shimmering-boulder-goldfinch,2094587401343574263,1562958433904902150,true,
2094811040756228555,1788276846480,zappy-winter-thicketbird,,,,
2094811064739545511,1788276852198,great-field-cacholote,2094791134740349005,10671602,false,false
2094811126999789576,1788276867042,hysterical-peppermint-flycatcher,2094559222583169254,2013005500271509504,true,
2094811130912739558,1788276867976,neighborly-rhubarb-chickadee,2094681697690292534,1391715496005824513,true,
2094811232721084581,1788276892248,diligent-brook-thrasher,2094513937962414238,1738438821719773184,true,
2094811233165685194,1788277953387,cosmic-root-grackle,2094319189611684122,1959130441048543232,true,
2094811273355477262,1788276901936,earnest-summer-parrot,2094593108755562927,1518709627927633920,false,
2094811290942251297,1788276906129,motivating-pineapple-pratincole,2094453333398303013,798630679579856897,true,
2094811315638301078,1788276912018,great-mountain-brushturkey,2094651380829126717,,true,
2094811331224379825,1788276915733,celebrated-ocean-seagull,2094782319680754004,,true,
2094811335418630446,1788276916733,steady-tomato-duck,2094587602569658453,793542678377926656,true,
2094811339034149036,1788277156601,cosmic-root-grackle,,,,
2094811345795297690,1788276919207,cheery-nutmeg-towhee,2094793405020737583,52540277,true,
2094811358797922449,1788276922308,prodigious-grove-cormorant,2094591970375004464,1824139331352616960,false,
2094811434538484151,1788276940365,zappy-winter-thicketbird,,,,
2094811450480931060,1788276944166,neighborly-rhubarb-chickadee,2094724970110980252,,true,true
2094811588817453056,1788276977148,diligent-brook-thrasher,,,,
2094811693213798639,1788277002038,easygoing-island-parrotlet,2094759622686945350,19661146,true,
2094811712029356424,1788277006524,tropical-cantaloupe-crow,2094769845698965635,3004016068,true,
2094811753397821660,1788277016388,cheery-nutmeg-towhee,2094649096896397318,2052419875176656896,true,
2094811786012938729,1788277024163,trusting-fjord-quail,2094659173086855227,,true,
2094811802517242085,1788277028098,expressive-moonlight-kingfisher,2094802585072849063,10671602,true,
2094811807865061740,1788277029374,remarkable-sapling-swan,2094555458396647582,,true,
2094811878950105509,1788277313377,cosmic-root-grackle,2094686810110677174,1340122352101646337,false,
2094812027239670008,1788277081676,philosophical-berry-brushturkey,2094690339491811745,2042167422023589890,true,
2094812127186059410,1788277105505,upbeat-wind-kookaburra,2094670676150169707,147907263,true,
2094812139059880209,1788277108337,expressive-moonlight-kingfisher,2094802724844196085,36969785,true,
2094812157170917426,1788277112655,great-mountain-brushturkey,2094762164707787009,1960975193998024704,true,
2094812291879325914,1788277144771,transcendent-apple-heron,2094403963776851974,1203826073353510913,false,
2094812302633468088,1788277147335,mesmerizing-tomato-thrush,2094326834854858875,368889720,true,
2094812318227935569,1788277459225,cosmic-root-grackle,2094587602569658453,793542678377926656,false,
2094812376759517307,1788277165009,engaging-peppermint-bluebird,2094735209237254431,1280335933494235136,true,
2094812381058871429,1788277863230,cosmic-root-grackle,2094808421564330038,1895833822400241664,true,
2094812409684717720,1788277172859,motivating-pineapple-pratincole,2094444697666089397,1446270320252424194,true,
2094812419595882826,1788277175221,frank-horseradish-softbill,1691210782858784769,369908962,false,
2094812451774550172,1788277182894,bubbly-apricot-cormorant,2094679219406021020,,true,
2094812455796916384,1788277183852,enterprising-sea-drongo,2094768484827992237,2649335568,true,
2094812527767015518,1788277201011,zappy-winter-thicketbird,2094690339491811745,2042167422023589890,true,
2094812530728190386,1788277201718,motivating-pineapple-pratincole,2094445335904940496,1362849016468414468,true,
2094812589049979363,1788277215622,,2094688960245018743,138037459,true,
2094812833523396662,1788277273909,zappy-winter-thicketbird,2094659173086855227,,true,
2094812906198016013,1788277291237,tectonic-sapling-treepie,2092305573551407483,1432808185685889025,true,
2094813012431704498,1788277316565,valiant-freshwater-dove,2094165703993516426,1356786368656138241,true,
2094813080643354776,1788277332828,neighborly-rhubarb-chickadee,2094793736035201191,1526309625267687425,true,
2094813098909524088,1788277337183,neighborly-rhubarb-chickadee,,,,
2094813185392177465,1788277357802,superb-nutmeg-skimmer,2094208018913079455,1562209922854449152,true,
2094813299116225015,1788277384916,diligent-brook-thrasher,2094718983257870826,1605974634414981120,true,
2094813316623262147,1788277389089,ardent-cave-jacana,2094315388620456031,1491797938162397189,false,false
2094813446613188629,1788277420081,earnest-nectarine-anhinga,2094480457031168074,1729178660484055040,false,
2094813470956949645,1788277425886,celebrated-ocean-seagull,,,,
2094813531233222819,1788277440257,stunning-garden-wheatear,2094565933708706143,,true,
2094813631674212408,1788277464204,cheery-nutmeg-towhee,,,,
2094813656059932993,1788277470017,enterprising-sea-drongo,2094446095074005033,87679233,true,
2094813762830155998,1788277715239,cosmic-root-grackle,,,,
2094813945362305259,1788277538993,hardworking-olive-stork,2094393037061587019,,true,
2094813967507947542,1788277544273,diligent-brook-thrasher,2094637848226062701,1164200820377817092,true,
2094814158025896349,1788277589695,expressive-moonlight-kingfisher,2094808235308195923,40953865,true,
2094814159909089729,1788277590144,great-mountain-brushturkey,,,,
2094814468664344958,1788277663757,zappy-winter-thicketbird,2094709417442738459,1594686632791261184,true,
2094814499559637315,1788277671123,neighborly-rhubarb-chickadee,,,,
2094814505536540966,1788277672549,reliable-moss-blackbird,2094716943110414821,,true,
2094814587405087170,1788277692068,diligent-brook-thrasher,,,,
2094814699577630892,1788277718811,great-mountain-brushturkey,2094805988628926749,3315264553,true,
2094814704782713120,1788277720052,zappy-winter-thicketbird,2094805988628926749,3315264553,true,
2094814807291462092,1788277744493,zappy-winter-thicketbird,2094649580801384723,1587876039165939712,true,
2094814843710664952,1788277753176,botanical-sky-peafowl,2094594887106613627,1219397875479740418,false,
2094814940548788563,1788277776264,neighborly-rhubarb-chickadee,2094517288837792048,1212089328127508480,true,
2094815064801087540,1788277805888,trusty-poplar-barbet,2094744132002730435,1164679820866805760,true,
2094815128738770972,1788277821132,proactive-blossom-crossbill,2094398623442235506,967425200684924928,false,
2094815146975580284,1788277825479,neighborly-rhubarb-chickadee,2094808546441322912,368183883,true,
2094815218878525570,1788277842623,diligent-brook-thrasher,2094600949553619191,1870840102613667840,true,
2094815235546722730,1788277846596,celebrated-ocean-seagull,2094734884371607815,1514719632439009285,true,true
2094815246393258440,1788277849182,cheery-nutmeg-towhee,2094731769786589477,1304293491338428416,true,
2094815250910531825,1788277850260,magnificent-redwood-robin,2094745103063789837,1596316648163921921,true,
2094815259911401951,1788277852406,great-mountain-brushturkey,,,,
2094815290408206682,1788277859677,zappy-winter-thicketbird,,,,
2094815335773823296,1788277870492,diligent-brook-thrasher,2094460213017620505,1432808185685889025,true,
2094815361736626673,1788277876683,neighborly-rhubarb-chickadee,2094617744905785854,3387734645,true,
2094815423476989963,1788277891402,committed-cliff-blackbird,2094710422708592761,2835572938,true,
2094815565797884313,1788277925334,diligent-brook-thrasher,,,,
2094815591165051215,1788277931382,celebrated-ocean-seagull,,,,
2094815635133915312,1788277941866,cheery-nutmeg-towhee,2094672768352632948,1100998693354799104,true,
2094815652481847427,1788277946001,humble-cantaloupe-pratincole,2094666526301507930,,false,
2094815655656644809,1788277946758,great-mountain-brushturkey,2094796938537259148,22791049,true,
2094815699709374965,1788277957261,zappy-winter-thicketbird,2094684301245747343,1566297786357878784,true,
2094815738011795868,1788277966394,neighborly-rhubarb-chickadee,,,,
2094815745217573079,1788277968112,diligent-brook-thrasher,2094799743217971519,1289823541098143744,true,true
2094815760069632059,1788277971652,endearing-snow-grosbeak,2094541107938169255,1458101514271080451,false,
2094815894530601350,1788278003711,distinguished-sycamore-hillstar,2094588107177738598,1172881890933727234,false,
2094816008670220353,1788278030924,celebrated-ocean-seagull,,,,
2094816027016401141,1788278035297,great-autumn-heron,2094565422108438759,1752859758510460928,false,
2094816065465307311,1788278044465,devoted-cypress-brushturkey,2094500663493382454,1883860490394198016,true,
2094816069206589696,1788278045356,cheery-nutmeg-towhee,2094796703492948438,,true,
2094816083291132074,1788278048715,great-mountain-brushturkey,2094519118133166573,1813198414722588672,true,
2094816166363410496,1788278068520,zappy-winter-thicketbird,2094786019480514948,17752026,true,true
2094816218049884402,1788278080844,neighborly-rhubarb-chickadee,2094566847345787045,1718480228845248512,true,
2094816236840394793,1788278085324,diligent-brook-thrasher,2094804510673608984,1117344988453646336,true,true
2094816249503158355,1788278088342,keen-honeydew-puffin,2094745383964442978,18819375,false,false
2094816617410478168,1788278176058,diligent-pomegranate-mallard,2094789009755013370,208788838,true,
2094816629829914829,1788278179020,celebrated-ocean-seagull,,,,
2094816705528889564,1788278197068,comical-samba-whistler,2094648417096233005,1668982815222816776,true,
2094816970008883491,1788278260124,cheery-nutmeg-towhee,2094511792772804608,,true,
2094816975759237327,1788278261496,enthralling-tanoak-piculet,2094063739225944245,,true,
2094817048605999271,1788278278863,smart-lychee-wheatear,2094504243147485571,216881337,false,
2094817098711142596,1788278290809,jolly-cypress-falcon,2094809576709251324,,true,
2094817139181924576,1788278300460,civil-magnolia-sparrowhawk,2094415476008874219,,true,
2094817154310746354,1788278304066,great-mountain-brushturkey,2094795790866628827,1559846350358986752,true,
2094817269461201076,1788278331520,zappy-winter-thicketbird,2094795793261592669,,true,
2094817528723984873,1788278393333,dauntless-jackfruit-pipit,2094125479813070877,294306372,false,
2094817599414804536,1788278410187,wholesome-raspberry-stilt,2094589134492913789,4720383563,true,
2094818035160719409,1788278514076,neighborly-rhubarb-chickadee,,,,
2094818100889739737,1788278529747,diligent-brook-thrasher,2094801007943332246,,true,
2094818126294819275,1788278535804,valiant-sky-kookaburra,2094799501282382045,1285543846135230464,true,
2094818154031505789,1788278542417,celebrated-ocean-seagull,2094753583174463653,,true,
2094818275334955306,1788278571338,jolly-cypress-falcon,2094816230624408048,41702018,true,
2094818528847167699,1788278631780,heroic-prairie-flamingo,2094755728808386870,1290550819,true,
2094818572895650186,1788278915451,cosmic-root-grackle,,,,
2094818702164128008,1788279007382,cosmic-root-grackle,2094594765723738443,2078354291191136256,true,
2094818813900468429,1788278699743,great-mountain-brushturkey,2094518790809624826,1744449346412687360,true,
2094818851045150920,1788278708599,celebrated-ocean-seagull,2094765598400229648,2092614339459260416,true,
2094818968708276511,1788278736651,mellow-mangrove-cormorant,2094238421950591317,1122265194036715520,false,
2094818979080499680,1788278739124,stoic-desert-parrotlet,2094603746495906220,1680636043148554240,true,
2094819147494416769,1788278779278,cheery-nutmeg-towhee,2094708013114212618,1599325934590500866,true,
2094819151684481401,1788278780276,joyful-mist-waterfowl,2089791954569883695,,false,
2094819268730700106,1788278808183,famous-vine-rooster,2094594765723738443,2078354291191136256,true,
2094819434011529543,1788278847589,great-mountain-brushturkey,2094633837787845085,1513710322510573571,true,
2094819473538613392,1788278857012,zappy-winter-thicketbird,,,,
2094819637754298460,1788278896165,hardworking-olive-stork,2094749800138994125,,true,
2094819678392570154,1788278905853,funny-bonsai-guillemot,2094752585190187431,,false,
2094819792129503373,1788278932970,neighborly-rhubarb-chickadee,2094811721101676671,1150186283014246400,true,
2094819811029053618,1788278937476,marvelous-cherry-peafowl,2094063739225944245,,true,
2094819834420678704,1788278943053,motivating-sunflower-hummingbird,2094299393222496420,1546497037117579264,true,
2094819857220952097,1788278948490,motivating-sunflower-hummingbird,2094492363326382341,2162812627,true,
2094819857418105060,1788278948536,diligent-ocean-blackbird,2094749051434488136,561857372,true,
2094819871448027259,1788278951883,intelligent-peachtree-condor,2094619932759638108,1931382033818726400,true,
2094819871875809345,1788280525840,cosmic-root-grackle,2094619932759638108,1931382033818726400,false,
2094819880159568296,1788278953959,motivating-sunflower-hummingbird,2094573080924295493,1518680588756131841,true,
2094819896546767018,1788278957865,great-mountain-brushturkey,2094502465139831004,,true,
2094819897041936634,1788278957983,clever-bamboo-grebe,2094671347259474081,,true,
2094819904079737105,1788278959662,welcoming-spring-towhee,2094235906529980608,374594501,true,
2094819927232295279,1788278965182,welcoming-spring-towhee,2094658048551788998,1112806505219227650,true,
2094819950338707504,1788278970690,motivating-sunflower-hummingbird,2094679219406021020,,true,
2094819974414037171,1788278976431,balanced-orchard-albatross,2094561810821136424,1820184292947111936,true,
2094820000582283700,1788278982670,zappy-winter-thicketbird,,,,
2094820224214106383,1788279035988,neighborly-rhubarb-chickadee,2094759710062719095,3129585045,true,
2094820350248767903,1788279275662,cosmic-root-grackle,,,,false
2094820353713561884,1788279066862,prodigious-winter-sandpiper,2094665841673666738,1423274974865809408,true,
2094820364702417014,1788279069482,philosophical-wood-seagull,2094716943110414821,,true,
2094820372851945545,1788279071425,enlivened-marble-quail,2094770989725061245,,true,
2094820420901871944,1788279082881,curious-ice-waterfowl,2094787326136209661,1883987029517631488,true,
2094820514426445862,1788279105180,transcendent-harvest-songlark,2094620494511091852,821751272004993025,true,true
2094820524639625217,1788279107614,beloved-frost-siskin,2094015226484035869,1928853547761979392,false,
2094820565458587684,1788279117346,diligent-brook-thrasher,2094745693613101229,1606055344786100227,true,
2094820595343204491,1788279124471,accomplished-canopy-recurvebill,2094591984426180874,1490747440324296704,true,
2094820607816786422,1788279127445,transcendent-harvest-songlark,2094624942444736842,,true,
2094820620869521817,1788279130557,thorough-sea-hornbill,2094579740636278809,1481110622079266817,true,
2094820651693461627,1788279137907,celebrated-ocean-seagull,,,,
2094820687399485585,1788279146419,cheery-nutmeg-towhee,2094714609748115846,1316079401012989952,true,
2094820692202062170,1788279147564,transcendent-harvest-songlark,2094374474153947403,1485331905079914496,true,
2094820729246073121,1788279156397,great-mountain-brushturkey,2094670139119796338,1670516142321049600,true,
2094820754705600898,1788279162466,zappy-winter-thicketbird,2094788888816439558,2026660978046480384,true,
2094820773638590671,1788279166980,transcendent-harvest-songlark,2094495968334913938,1631995642057719810,true,
2094820817531994165,1788279177445,neighborly-rhubarb-chickadee,2094814462712655998,,true,
2094820829716423116,1788279180350,diligent-brook-thrasher,,,,
2094820893696434269,1788279195604,celebrated-ocean-seagull,2094768063803527574,149472362,true,
2094820924939800719,1788279203054,shining-seedlings-owl,2094583863037063477,1721756038389547008,true,
2094820940416798768,1788279206743,early-basswood-conebill,2094238421950591317,1122265194036715520,false,
2094821001246749171,1788279221246,mindful-watermelon-raven,2094553532296806511,4805786922,false,
2094821022037860522,1788279226204,cheery-nutmeg-towhee,2094766338447122645,3097780451,true,
2094821034457284703,1788279229164,easygoing-island-parrotlet,2094617777017639149,,true,true
2094821058020855885,1788279234782,intentional-almond-wigeon,2094473749667926428,3044772544,true,
2094821108281410035,1788279246765,prodigious-sandalwood-bluebird,2094779518536106210,1166718745466662912,true,
2094821143244877882,1788279255101,intentional-almond-wigeon,2094457741737627824,1075547216683696128,true,
2094821199670866019,1788279268554,great-mountain-brushturkey,,,,
2094821206171996189,1788279270105,zappy-winter-thicketbird,2094581007978512604,2411578643,true,
2094821275306692642,1788279286587,nestling-mesa-frigatebird,2094397556075974977,1863851447353253888,true,
2094821326649201023,1788279298829,creative-rain-sparrowhawk,2094153457561116985,2768271223,true,
2094821454722351320,1788279329363,exuberant-blossom-kingfisher,2094223963274539354,254599256,true,
2094821498108219780,1788279339707,fabulous-guava-cacholote,2094716943110414821,,false,
2094821552852238599,1788279352760,easygoing-island-parrotlet,2094506999060877429,18730634,true,
2094821795404874027,1788279410588,civil-cashew-cockatoo,2094723229546094726,2035291828669612032,true,
2094821817273745652,1788279415803,neighborly-rhubarb-chickadee,2094694853657636906,1754551087926063105,true,
2094821833564733926,1788279419686,dazzling-autumn-kingbird,2094807060097700123,,true,
2094821850270335070,1788279423670,diligent-brook-thrasher,2094806992212689232,2071186180066942976,true,
2094821923402187032,1788279441106,celebrated-ocean-seagull,2094718858376737206,3150075552,true,
2094821992578847203,1788279457598,cheery-nutmeg-towhee,2094747658451845370,1574269554271797249,true,
2094822056240013736,1788279472776,,2094497984771703026,1341094507534807041,true,
2094822064070795319,1788279474643,great-mountain-brushturkey,2094472941136392459,,true,
2094822196577198526,1788279506236,zappy-winter-thicketbird,2094510534423085270,1829787389817978880,true,
2094822201568485392,1788279507426,upstanding-cactus-osprey,2094634516912439633,,false,
2094822233076105475,1788279514938,spunky-blueberry-ibis,2093455702169637087,817818358959710211,false,
2094822316106449023,1788279534732,neighborly-rhubarb-chickadee,2094737631682896196,1290090710167883778,true,
2094822445035536535,1788280537160,cosmic-root-grackle,,,,
2094822475309703405,1788279572691,explorative-sunlight-condor,2092658028806099198,113571686,true,
2094822573238300840,1788279596039,bubbly-apricot-cormorant,2094648088556171443,21525682,false,
2094822594583068695,1788279601127,diligent-brook-thrasher,2094594765723738443,2078354291191136256,true,
2094822809750884751,1788279652428,celebrated-ocean-seagull,,,,
2094823041008074850,1788279707564,kind-hazelnut-kite,,,,
2094823047924474196,1788279709212,cheery-nutmeg-towhee,2094726617608196355,368183883,true,
2094823117306712161,1788279725754,great-mountain-brushturkey,,,,
2094823425327993199,1788279799193,valiant-beech-hoopoe,2094750029848183100,1002752469456375808,true,
2094823553258369059,1788279829694,zappy-winter-thicketbird,2094801987921477683,,true,
2094823734968213941,1788279873016,informative-ice-mallard,2094793855367258266,2704294333,false,
2094823881605267650,1788279907978,neighborly-rhubarb-chickadee,2094804625828311150,1676310913232564246,true,
2094823892141383997,1788279910488,giving-raspberry-cardinal,2094787326136209661,1883987029517631488,false,
2094823947342623001,1788279923650,amusing-grass-myna,2094260629356048489,2089999389234450432,true,
2094823947477172616,1788279923682,compassionate-river-egret,2094735329928372528,2022369174245306368,true,
2094823949196472723,1788279924093,diligent-brook-thrasher,2094784957302665430,775592463667003392,true,
2094823986010173485,1788280140742,cosmic-root-grackle,,,,
2094824043148898359,1788279946491,celebrated-ocean-seagull,2094617777017639149,,true,true
2094824105992147041,1788279961476,cheery-nutmeg-towhee,,,,
2094824668087648582,1788280095489,zappy-winter-thicketbird,2094713867880505520,2039279035230912512,true,
2094824685867254222,1788280099728,sincere-oak-triller,2094777781750018295,,true,
2094824802573787383,1788280127553,neighborly-rhubarb-chickadee,,,,
2094824820105990417,1788280131733,heartwarming-tree-nightingale,2094588034700239303,1062859889264021504,false,false
2094824852536353113,1788280139466,diligent-brook-thrasher,2094410877663334906,1959252756101042176,true,
2094824866281132370,1788280142742,zappy-winter-thicketbird,2094761910533042670,1514930418356736001,true,
2094824913295053050,1788280153951,peachy-samba-hawk,2094462893995463001,1351610277536489472,false,
2094825016491696423,1788280178555,lionhearted-passionfruit-parakeet,2086809804475891785,904809776454000641,true,
2094825088235241773,1788280195661,amazing-papaya-spoonbill,2094672521429700746,2089847166999343104,true,true
2094825121630355855,1788280203622,celebrated-ocean-seagull,2094766062784933905,2911869878,true,
2094825183647236114,1788280218408,futuristic-marble-auklet,2094787326136209661,1883987029517631488,false,
2094825218346741775,1788280226681,kind-hazelnut-kite,2094440096485265596,32965648,true,
2094825287619887564,1788280243198,captivating-fir-needletail,2094805453419000034,1520258462839717889,true,
2094825298147570172,1788280245707,neighborly-rhubarb-chickadee,,,,
2094825425684119998,1788280276114,academic-canopy-skylark,2094759862278242685,,true,true
2094825470617415816,1788280286827,cheery-nutmeg-towhee,2094629225693417883,1916163802246078464,true,
2094825517866197184,1788280298092,diligent-brook-thrasher,2094810431726477770,1543913669397987328,true,
2094825650993410512,1788280329833,beloved-rose-warbler,2094791746228265390,,true,
2094825657024803319,1788280331270,great-mountain-brushturkey,2094794257781620915,1992563986387410944,true,
2094825661613388098,1788280332364,zappy-winter-thicketbird,2094685408454226218,1916172970353168385,true,
2094825693393653809,1788280339941,neighborly-rhubarb-chickadee,2094744963938496874,,true,
2094825721369653416,1788280346612,diligent-brook-thrasher,2094798931486269918,1043663694608003072,true,
2094825736343261637,1788280350181,sensational-coconut-bulbul,2094497984771703026,1341094507534807041,true,
2094825756710854861,1788280355038,celebrated-ocean-seagull,2094810152666882309,2228368218,true,
2094825783365976199,1788280361393,punctual-woodland-barbet,2094641853052166627,1454234557079719938,true,
2094825837497368789,1788280374298,cheery-nutmeg-towhee,2094730790781243416,1100059133506662400,true,
2094826103571374559,1788280437735,great-mountain-brushturkey,2094510817693859841,1652552962747531264,true,
2094826192050286783,1788280458830,shimmering-marble-heron,2094454107671007386,14700316,true,
2094826279446913402,1788280479667,zappy-winter-thicketbird,2094664367874638289,889837233741733888,true,
2094826308530262347,1788280486601,happy-cloud-robin,2094777039723135316,3348183443,false,
2094826313819242741,1788280487863,neighborly-rhubarb-chickadee,,,,
2094826363530179018,1788280499714,diligent-brook-thrasher,2094635080035545390,192945606,true,
2094826405494169761,1788280509719,celebrated-ocean-seagull,2094775243499802742,2809959174,true,
2094826517016584200,1788280536308,cheery-nutmeg-towhee,2094791705249640840,1188209073239609346,true,true
2094826674307449041,1788280573810,awesome-coral-sandpiper,2094825954535231570,1448156119726133253,true,
2094826801419968721,1788280604116,personable-avocado-songbird,2094538901360636285,999644788717768704,true,
2094826867505193101,1788280619872,witty-peachtree-tailorbird,2094737636493861310,,true,
2094827126440525926,1788280681607,celebrated-ocean-seagull,2094802275051147316,16585184,true,
2094827302903275627,1788280723678,dependable-hillside-puffleg,2094508864699760657,1442168110870523921,true,true
2094827387389174137,1788280743821,great-mountain-brushturkey,2094806518612860961,1120750848404000769,true,
2094827462719086824,1788280761781,stunning-root-duck,2094793672717893653,3294086169,true,
2094827525146923140,1788281292994,cosmic-root-grackle,,,,
2094827581719855275,1788280790154,brilliant-fern-firefinch,2094524414909984922,1879644163769335808,true,
2094827833650483247,1788280850218,wholesome-raspberry-stilt,2094808929176015095,118764942,true,
2094827842517258427,1788280852332,wholesome-raspberry-stilt,2094775243499802742,2809959174,true,
2094827848364163109,1788280853726,wholesome-raspberry-stilt,2094811997967688148,133938408,true,
2094827852998815803,1788280854831,wholesome-raspberry-stilt,2094574025510908356,183625065,true,
2094827929008324981,1788280872953,stunning-root-duck,2094804192892207223,1153366154343276545,true,
2094827998092365896,1788280889424,zappy-winter-thicketbird,2094618011739336809,2045091065300959232,true,
2094828006674252270,1788280891470,considerate-earth-cardinal,2092916771703374279,26228625,true,
2094828096633634936,1788281054841,cosmic-root-grackle,2094788114539852284,,true,
2094828124181512413,1788280919486,agreeable-nutmeg-flycatcher,2094745746876633587,1272725816137388035,true,true
2094828226312872023,1788280943836,thrilled-coconut-jacana,2094688720305742077,1634824708574048256,false,
2094828780263027083,1788281075909,neighborly-rhubarb-chickadee,2094792387180609871,1327630782035341314,true,
2094828797249917402,1788281079959,centered-marble-starling,2094500429891526796,27530459,true,
2094828801138344315,1788281080886,matchless-jacaranda-curassow,2094826997687976075,1603766451600498690,true,
2094828871304483024,1788281097614,steady-tomato-duck,2094548761322147991,15757578,true,
2094829011243565272,1788281130978,fancy-banana-pigeon,2093384801910964248,,true,
2094829287173943375,1788281196765,diligent-brook-thrasher,2094810618406506844,1344032292432437248,true,
2094829299711066211,1788281199755,flying-lake-catbird,2094781135293427890,856236750028648448,false,
2094829396037165268,1788281222720,enlivened-marble-quail,2094445016194207745,1874124951738867712,true,false
2094829415054426517,1788281227255,matchless-jacaranda-curassow,2094826886681530871,2087904057558011904,true,
2094829424659296593,1788281631452,cosmic-root-grackle,2089366791789093287,777907120897454080,true,
2094829552937713704,1788281260128,celebrated-ocean-seagull,2094499568746709061,1727398439397306368,true,
2094829610638696671,1788281273886,cheery-nutmeg-towhee,2094801057087992107,1546868562765266946,true,
2094829616229687771,1788281275218,great-mountain-brushturkey,2094431349285285986,1796777381387964416,true,
2094829634089312597,1788281279477,affable-papaya-shearwater,2094815040989966765,93713485,true,
2094829894957936674,1788281341672,zappy-winter-thicketbird,2094802597836210608,1796509639074332672,true,
2094830015451984345,1788281526763,cosmic-root-grackle,,,,
2094830077007561029,1788281535091,cosmic-root-grackle,2094484109397495857,870422325350596609,false,
2094830111144935649,1788281393215,neighborly-rhubarb-chickadee,2094784177241456968,1060908107541475330,true,
2094830131944566897,1788281398174,cheery-nutmeg-towhee,2094544443235766773,1270296146062303232,true,
2094830309015732598,1788281440391,matchless-jacaranda-curassow,2094826832470135173,1518736105390190592,true,
2094830317798600862,1788281442485,adept-isle-starling,2094740336895840605,842560988683550721,true,true
2094830356276908512,1788281611468,cosmic-root-grackle,2094759862278242685,,true,
2094830414778995060,1788281465607,diligent-brook-thrasher,2094761722074509779,959531564341317632,true,
2094830483397881894,1788281481968,independent-cypress-mallard,2094341749049344460,1814962695113728000,true,
2094830553682100504,1788281498724,matchless-jacaranda-curassow,2094826807329448020,1488622965646372864,true,
2094830562561171930,1788281500841,celebrated-ocean-seagull,2094670275367600611,2082847368807112705,true,
2094830638042079727,1788281617629,cosmic-root-grackle,2094826149662933323,1446527484271366145,true,
2094830679854870615,1788281528806,cheery-nutmeg-towhee,2094784277875487109,452540168,true,
2094830694266732833,1788282218210,cosmic-root-grackle,2094591970375004464,1824139331352616960,false,
2094830757827039639,1788281547396,flying-frost-waterfowl,2094669159632076954,,true,true
2094830834071089157,1788281565574,great-mountain-brushturkey,2094506593736122710,1686348604804300801,true,
2094830871027098070,1788281574386,great-mountain-brushturkey,2094804598888292658,1295830833018929154,true,
2094830877440139508,1788281575914,zappy-winter-thicketbird,2094800576877871525,2148233600,true,
2094830889825919223,1788281578867,neighborly-rhubarb-chickadee,2094806231118487734,1765641125228838912,true,
2094831011674685643,1788281607918,animated-ridge-waxbill,2094593108755562927,1518709627927633920,true,
2094831012115001677,1788282237156,cosmic-root-grackle,2094593108755562927,1518709627927633920,false,
2094831087029526800,1788281625885,diligent-brook-thrasher,2094797487261245857,1599660956061253632,true,
2094831444841410594,1788281711193,nice-holly-francolin,2094811473222451492,,true,
2094831457827217641,1788281714289,matchless-jacaranda-curassow,2094826653251703037,1974966736752619520,true,
2094831490785841291,1788281722148,celebrated-ocean-seagull,2094801707272221163,790521104414674945,true,true
2094831510927065395,1788281726949,jubilant-bonsai-flamingo,2094182943581442220,1469916575545556993,true,
2094831519139270871,1788281728907,easygoing-island-parrotlet,2094757971511194046,18382184,true,
2094831781228712128,1788281791395,proactive-hill-stilt,2094743487522685256,132947534,true,
2094831893896216591,1788281818257,adept-nectarine-duck,2094820815329968291,31667539,true,
2094831905996783996,1788281821141,cheery-nutmeg-towhee,2094691551175958804,513361194,true,
2094831961659367436,1788281834412,fashionable-eucalyptus-fantail,2093799276308791414,2027843808139087875,true,
2094831972199580124,1788281836925,great-mountain-brushturkey,2094819375668662430,1990335107430068224,true,
2094832171965952402,1788281884554,zappy-winter-thicketbird,,,,false
2094832191465304222,1788281889203,neighborly-rhubarb-chickadee,2094540658195226912,214962875,true,
2094832213720256659,1788281894509,zappy-winter-thicketbird,2094789689274249633,1978242210488619008,true,
2094832295408550226,1788281913984,diligent-brook-thrasher,,,,false
2094832421686440314,1788281944091,wholesome-raspberry-stilt,2094765300516368535,1916149319947739136,true,false
2094832433426313603,1788281946891,wholesome-raspberry-stilt,2094801707272221163,790521104414674945,true,true
2094832438987935830,1788281948216,wholesome-raspberry-stilt,2094784957302665430,775592463667003392,true,
2094832600971898930,1788281986836,admirable-prairie-macaw,2094161373789827343,2003823017517088770,true,
2094832621402395119,1788281991708,celebrated-ocean-seagull,2094768809437487291,552530026,true,true
2094832661126905878,1788282001178,strategic-vine-barbet,2094825110402138279,10671602,true,
2094832706089541791,1788282011898,cheery-nutmeg-towhee,2094764267081752954,,true,
2094832774565789745,1788282028225,great-mountain-brushturkey,2094751014503190955,1282509001926692864,true,
2094832821533892788,1788282147569,cosmic-root-grackle,2094814616610041958,19644592,false,
2094832857047085187,1788282047889,lucent-ice-waterfowl,2093821521353420835,,true,true
2094832940354085086,1788282067751,zappy-winter-thicketbird,,,,
2094833090262651260,1788282103492,neighborly-rhubarb-chickadee,2094788114539852284,,true,
2094833161087947044,1788282120378,enterprising-iceberg-hawk,2094827881994060224,108568373,true,
2094833222316105934,1788282134977,warm-tanoak-jacana,2094388539668803950,1133510366422392833,true,
2094833305849827715,1788282154892,dexterous-prairie-pelican,2094826294466810366,25159286,true,
2094833443255243004,1788282524949,cosmic-root-grackle,2094816230624408048,41702018,true,
2094833487207408061,1788282198131,diligent-brook-thrasher,2094731712001376347,43987548,true,
2094833764421521872,1788282264224,celebrated-ocean-seagull,2094779087789170975,1586020168752324610,true,true
2094833789365092396,1788282270172,cheery-nutmeg-towhee,2094820275191722242,268960597,true,
2094833840187449638,1788282282289,eager-redwood-puffin,2094553825176674692,1355721251180961792,false,
2094833930297839851,1788282303772,funny-bonsai-guillemot,2094754082099433581,,false,
2094834090176332031,1788282341890,tolerant-grove-seagull,2094101577866838054,107020761,true,
2094834269721899111,1788282384697,great-mountain-brushturkey,2094703653840159111,239236074,true,
2094834351196233941,1788282404122,zappy-winter-thicketbird,2094779934052864213,1289650726789054467,true,
2094834359471641040,1788282406095,neighborly-rhubarb-chickadee,2094663518104805523,1047942695484682240,true,
2094834382557020276,1788282411599,empathetic-passionfruit-macaw,2094821643046494699,1028403242282221568,true,false
2094834423434826015,1788282421345,neighborly-rhubarb-chickadee,2094745746876633587,1272725816137388035,true,true
2094834476828303791,1788282434076,diligent-brook-thrasher,2094798192491540700,2028838475374710784,true,
2094834511066304802,1788282442238,celebrated-ocean-seagull,2094728920805568548,1983022303580770304,true,
2094834520067297503,1788282444384,fearless-marble-crake,2094764969111822829,1265679422666964994,true,
2094834520344105209,1788282444450,cheery-nutmeg-towhee,2094821720041681071,1432808185685889025,true,
2094834819268309281,1788282515719,adventurous-apricot-cormorant,2094517117110415865,201940526,true,
2094835031172641100,1788282566241,magnificent-sycamore-nightingale,2094775433321382200,2001054435251027969,true,
2094835063150043361,1788282573865,trusty-apricot-sunbird,2094783346286948700,,true,
2094835118179307588,1788282586986,great-mountain-brushturkey,2094712348279808307,,true,
2094835160474624043,1788282597070,magnificent-walnut-citril,2094763011139338607,759055104,true,
2094835271980232910,1788282623655,zappy-winter-thicketbird,2094829025470697976,1164200820377817092,true,
2094835312220381440,1788283436958,cosmic-root-grackle,,,,
2094835339030372550,1788282639640,neighborly-rhubarb-chickadee,2094699309967044625,1988694978676289540,true,true
2094835383976779942,1788282650357,humble-kelp-pitohui,2094573241377423590,,true,
2094835518575943812,1788282682447,spectacular-fjord-quetzal,2094772378974769575,2001054435251027969,true,
2094835593360339238,1788282700278,diligent-brook-thrasher,2094820136435745134,1866217792283803648,true,
2094835666320314695,1788282717673,celebrated-ocean-seagull,2094759862278242685,,true,
2094835726240075803,1788282731958,cheery-nutmeg-towhee,2094779410695991786,1435732236628803586,true,
2094835742312673507,1788282735791,great-mountain-brushturkey,,,,
2094835802014454104,1788282750025,zappy-winter-thicketbird,2094813783482880269,1536693901230321666,true,
2094835955069063358,1788282786515,smiley-hill-stilt,2094773788156330194,312696314,true,
2094836082244243784,1788282816836,smiley-hill-stilt,2094759022310150308,754718787237281792,true,
2094836109318443355,1788282823291,neighborly-rhubarb-chickadee,2094606978593235428,1620053921673920513,true,
2094836141450989853,1788282830952,jolly-frost-whistler,2094813136243335455,26547262,true,
2094836319985741987,1788282873518,diligent-brook-thrasher,2094795790866628827,1559846350358986752,true,
2094836568548671927,1788282932781,superb-ridge-friarbird,2094315113326989731,3439292716,false,
2094836717941354569,1788282968398,diligent-brook-thrasher,,,,
2094836876200845415,1788283006130,fancy-rain-duck,2094465406777905198,1408159133434581003,true,
2094836939316711739,1788283021178,cheery-nutmeg-towhee,2094534655106007514,1235056868050993152,true,true
2094836987953926346,1788283032774,great-mountain-brushturkey,2094619542177607736,85301968,true,
2094837042949869760,1788283045886,celebrated-basswood-kingfisher,2094822396792557826,2150473845,true,
2094837147157061827,1788283070732,amicable-reef-peacock,2094732415587491884,19248923,false,
2094837316846051539,1788283111189,zappy-winter-thicketbird,2094818129561956726,,true,
2094837350597898435,1788283119236,blazing-mangrove-fantail,2094531128665194703,1961936992087728128,false,
2094837538615607751,1788283164062,neighborly-rhubarb-chickadee,2094514775225164254,3294772345,true,
2094837598673899563,1788283178381,celebrated-ocean-seagull,,,,
2094837611021971519,1788283181326,quiet-coconut-junco,2094785802601656333,567472588,true,
2094837752986845358,1788283215172,glowing-fig-pelican,2094531843215499530,36201559,false,
2094837801229381660,1788283226675,diligent-brook-thrasher,2094790567922139136,,true,
2094837888454136080,1788283247470,celebrated-ocean-seagull,2094819085892616320,1977766148897714176,true,
2094837911115939986,1788283252874,cheery-nutmeg-towhee,2094779984841777356,2081863830976540672,true,
2094837925699535016,1788283256351,agile-elm-shorebird,2094830140756791720,1982757033347817472,true,
2094837956142125276,1788283263609,trusting-mountain-cardinal,2094675570730917982,1498453182623584256,true,
2094837978405147016,1788283268916,great-mountain-brushturkey,2094705175302975634,,true,
2094838018397843465,1788283278452,zappy-winter-thicketbird,2094441298224947707,758701597107032065,true,
2094838052128530830,1788283286494,cheery-nutmeg-towhee,,,,
2094838070298267664,1788283290825,neighborly-rhubarb-chickadee,2094805185478426800,1693307459752882176,true,
2094838090665783742,1788283295681,diligent-brook-thrasher,2094673946687750638,1726070798773784576,true,
2094838093324898603,1788283296316,great-mountain-brushturkey,2094673946687750638,1726070798773784576,true,
2094838110542872861,1788283300421,ardent-creek-grebe,2094616433527501170,,false,
2094838329002864788,1788283352505,attentive-ocean-puffin,2094830169852936476,36969785,true,
2094838382216036783,1788283365192,celebrated-ocean-seagull,2094806071361536502,1491126350442344450,true,
2094838444992114886,1788283380160,cheery-nutmeg-towhee,2094823582626971731,1201890753447895040,true,
2094838633479979213,1788283425099,great-mountain-brushturkey,2094811896708825270,,true,
2094838706339226098,1788283442469,zappy-winter-thicketbird,2094658469307851249,1992563986387410944,true,
2094838724316037242,1788283446756,neighborly-rhubarb-chickadee,2094788715910439177,1985585083101954048,true,
2094838766066131000,1788283456710,diligent-brook-thrasher,2094609050616959027,1341497965320560641,true,
2094838781706916235,1788283460438,phenomenal-cove-wren,2094493326070423664,1876527349363343360,true,
2094838867484414456,1788283480890,zappy-winter-thicketbird,2094787607326859279,,true,
2094838967036235996,1788283504625,celebrated-ocean-seagull,2094816230624408048,41702018,true,
2094839073248596077,1788283529948,invigorated-brook-swift,2094788715910439177,1985585083101954048,true,
2094839091372208441,1788283534269,cheery-nutmeg-towhee,2094804412359131150,2049227838109241345,true,true
2094839096522735802,1788283764474,cosmic-root-grackle,2094587409421959306,855483824351924224,false,
2094839114897994226,1788283539878,eccentric-jackfruit-canary,2094475820937228632,281877818,true,
2094839135202693385,1788283544718,great-mountain-brushturkey,2094790257615258093,2019236565764161536,true,
2094839343240114463,1788283594318,zappy-winter-thicketbird,2094592867196866947,2053143603468222465,true,
2094839371081891951,1788283600957,neighborly-rhubarb-chickadee,2094811770024034616,1351634041070563331,true,
2094839380032512046,1788283603091,diligent-brook-thrasher,,,,
2094839422219161692,1788283613148,safe-mulberry-triller,2094485371392233624,1267541765931892736,true,false
2094839513126182983,1788283634822,celebrated-ocean-seagull,2094821360228778483,1799137677716910080,true,
2094839602620043703,1788283656159,cheery-nutmeg-towhee,2094794996922896599,,true,
2094839622383640821,1788283660872,chirpy-riverbank-ostrich,2094821643046494699,1028403242282221568,false,
2094839724057755783,1788283685112,tectonic-sapling-treepie,2094811997967688148,133938408,true,
2094839751941472312,1788283691760,neighborly-rhubarb-chickadee,2094739033712898232,1723770559920832512,true,
2094839857210163523,1788283716859,great-mountain-brushturkey,2094750807967330400,2094749604906696704,true,
2094839877493772298,1788283721695,zappy-winter-thicketbird,2094489159188537481,1168572778498404354,true,
2094839886113104364,1788283723749,daring-jacaranda-robin,2094807128678498625,96019137,true,
2094839944560906681,1788283737684,tectonic-canopy-sandpiper,2094445016194207745,1874124951738867712,false,
2094839962009059726,1788283741845,involved-meadow-goose,2094147450621620542,2001054435251027969,true,true
2094840023828873298,1788283756583,wholesome-raspberry-stilt,2094514775225164254,3294772345,true,true
2094840035375796509,1788283759336,wholesome-raspberry-stilt,2094594864776159345,1360615250,true,
2094840039263932908,1788283760263,wholesome-raspberry-stilt,2094604731955990832,1464977259425632256,true,
2094840112513237091,1788283777727,active-moonlight-flameback,2094729790552961288,84334040,true,
2094840260542800023,1788283813022,spectacular-raisin-bittern,2094740081839907015,1694530166339387393,true,
2094840399932092691,1788283846254,neighborly-rhubarb-chickadee,2094809186454720571,,true,true
2094840410275303683,1788284006337,cosmic-root-grackle,2094816407057842563,1326229737551912960,true,
2094840414201127423,1788283849656,overjoyed-boulder-bulbul,2094765932715340242,887346967,true,
2094840469343830514,1788284036641,cosmic-root-grackle,,,,
2094840494878502927,1788284021040,cosmic-root-grackle,2042705713936437265,1320917783597625349,true,
2094840559613477161,1788283884324,diligent-brook-thrasher,2094808127543681261,1722314998490230784,true,
2094840561706397810,1788283884823,celebrated-ocean-seagull,2094769036210892974,2023674840171843584,true,
2094840609739583788,1788283896276,discerning-savanna-swan,2094834192357933495,,true,
2094840624574812667,1788283899812,philosophical-berry-brushturkey,2094486069764931896,807355480188141568,true,false
2094840723103227954,1788283923303,upstanding-kiwi-flamingo,2094425203065458938,1881451105454002176,true,
2094840731655459090,1788283925342,cheery-nutmeg-towhee,,,,
2094840742136996301,1788283927841,pleasant-lake-whistler,2094817579151843387,4229241075,true,
2094840759467860455,1788283931973,celebrated-ocean-seagull,2094646610114298260,996766160447332352,true,
2094840769295110473,1788283934316,informative-grape-condor,2094833247540920511,2062317720432185344,true,
2094840820180418808,1788283946448,bountiful-granite-swift,2094659639082139960,1908811238148116480,true,
2094840837863608435,1788283950665,great-mountain-brushturkey,2094705365841809467,1854426332018700288,true,
2094841050334466433,1788284001321,tectonic-sapling-treepie,2094441753575096440,1221517846821457921,true,
2094841100880027667,1788284013372,serene-daylight-swamphen,1829005086606901481,44196397,false,
2094841132664397854,1788284020950,zappy-winter-thicketbird,2094735329928372528,2022369174245306368,true,
2094841278332629154,1788284055680,neighborly-rhubarb-chickadee,,,,
2094841290575724835,1788284058599,diligent-brook-thrasher,2094651468230099278,1923473196717625344,true,
2094841344879374674,1788284220859,cosmic-root-grackle,,,,
2094841477595631707,1788284103188,gumptious-elm-conebill,2094752563430130124,,true,
2094841554498163028,1788284121524,enterprising-rainfall-canary,2094751952219312213,4782853939,true,
2094841704343846997,1788284157250,celebrated-ocean-seagull,,,,
2094841915103396350,1788284207498,exuberant-horseradish-crane,2094774526886203898,1310892304207613954,true,
2094842048016736686,1788284239187,content-holly-cardinal,,,,
2094842093826929115,1788284250109,wondrous-holly-macaw,2094615044344394065,2252299098,true,
2094842127104790690,1788284258043,trusting-fjord-quail,2094825214655803491,1736292196293263360,true,
2094842137175261385,1788284260444,trusting-fjord-quail,2094641514789978463,1304139124685840384,true,
2094842152480370859,1788284264093,trusting-fjord-quail,2094705365841809467,1854426332018700288,true,
2094842165709119612,1788284267247,trusting-fjord-quail,2094739033712898232,1723770559920832512,true,true
2094842212710236526,1788284278453,gracious-magnolia-barbet,2094655899562365317,1388768217414447104,true,
2094842341240533336,1788284309097,chirpy-cashew-crake,2094209078583316942,1950951710337429504,false,
2094842438611296700,1788284332313,genial-snow-grouse,2094457140408692829,200656238,true,
2094842545951887594,1788284802470,cosmic-root-grackle,,,,
2094842651367391609,1788284383037,cheery-nutmeg-towhee,2094766431070019736,1541030615394521091,true,
2094842693998330108,1788284393201,great-mountain-brushturkey,,,,
2094842719105667104,1788284399187,eccentric-pineapple-mockingbird,2094619586096140670,880602945632575488,true,
2094842794883871091,1788284417254,miraculous-foothill-hawk,2094797305329103088,1298685741787230209,true,
2094842794980389300,1788284417277,heroic-prairie-flamingo,2094755146475442647,383144838,true,
2094842822830473511,1788284423917,cheery-nutmeg-towhee,2094801987921477683,,true,
2094842826538311960,1788284424802,remarkable-mesa-robin,2094741536940458061,1700367645680295936,true,
2094842914690175265,1788284445819,miraculous-foothill-hawk,2094821028358664574,1298685741787230209,true,
2094842956943425682,1788284455893,zappy-winter-thicketbird,2094590688147177712,1541030615394521091,true,
2094843061754892343,1788284480881,invigorated-shoreline-swamphen,2094817844059881727,1667906305212706816,true,
2094843280781709530,1788284533101,elated-brook-guillemot,2094689022043992404,1434917696823570432,true,
2094843415494308180,1788284565219,hearty-snow-kestrel,2094273820689613140,1850767233536114688,true,
2094843445084819626,1788284572275,neighborly-rhubarb-chickadee,2094786574709899747,1634986333721559041,true,
2094843540803056120,1788285124491,cosmic-root-grackle,2094619932759638108,1931382033818726400,false,
2094843551603429689,1788284597670,tectonic-sky-bullfinch,2094821643046494699,1028403242282221568,false,
2094843563712319718,1788284600557,diligent-brook-thrasher,2094586879580525046,2429615017,true,
2094843606435610822,1788284820802,cosmic-root-grackle,,,,
2094843706046333315,1788284634492,unique-peanut-bittern,2094507407841825204,1458938466281177090,true,true
2094843715369975963,1788284636716,celebrated-ocean-seagull,2094793865115161083,2041576844818800640,true,
2094843759720599656,1788284647290,clever-lime-firetail,2094597244771033540,49849732,true,
2094843777093644473,1788284651431,knowledgeable-avocado-kookaburra,2094815788024672566,474073938,true,
2094843827701928066,1788284663497,cheery-nutmeg-towhee,2094783636738343258,1668658974315655168,true,true
2094843832101683251,1788284849025,cosmic-root-grackle,2094542556193493006,1879644163769335808,false,
2094843897293726188,1788284680089,great-mountain-brushturkey,,,,
2094843941036433648,1788284690518,knowledgeable-elm-penguin,2094773854816096598,374712154,true,
2094843960485097515,1788284695155,wise-mint-flowerpecker,2094767048597316046,,true,
2094844068618486155,1788284720936,zappy-winter-thicketbird,2094823507855098182,1704897589903011840,true,
2094844093633294707,1788284726900,neighborly-rhubarb-chickadee,2094832908993454088,,true,
2094844128592793674,1788284735235,great-mountain-brushturkey,,,,
2094844135932867009,1788284736985,diligent-brook-thrasher,2094814198563803424,4641709514,true,
2094844212470526011,1788284755233,zappy-winter-thicketbird,,,,
2094844353651048729,1788284788893,intelligent-riverbank-spoonbill,2094763242111287476,,true,
2094844387284984298,1788284796912,peachy-grapefruit-pelican,2094511759943958549,2873434726,true,
2094844653019267179,1788284860268,celebrated-ocean-seagull,2094659646686413082,289118612,true,
2094844667774874069,1788284863786,cheery-nutmeg-towhee,,,,false
2094844682219962642,1788284867230,great-mountain-brushturkey,2094812918432903557,1294000995744325638,true,
2094844684447141962,1788284867761,neighborly-rhubarb-chickadee,2094812918432903557,1294000995744325638,true,
2094844704483676388,1788284872538,profound-forest-wader,2093384801910964248,,true,true
2094844712595116487,1788284874472,magnetic-raspberry-mallard,2077095375916142879,1431419854565826561,true,
2094844731318473055,1788284878936,neighborly-rhubarb-chickadee,2094816407057842563,1326229737551912960,true,
2094844768622723488,1788284887830,content-holly-cardinal,2094826379263037946,2600210567,true,
2094844887245991976,1788284916113,peachy-grapefruit-pelican,2094607900505415748,1478983813506031617,true,
2094844951926333801,1788284931533,diligent-brook-thrasher,,,,
2094844978967035947,1788285154624,cosmic-root-grackle,,,,
2094845029705568608,1788284950077,celebrated-ocean-seagull,2094827258556858450,,true,
2094845044293300637,1788284953556,cheery-nutmeg-towhee,,,,
2094845052602155193,1788284955536,diligent-brook-thrasher,,,,
2094845060735209553,1788284957475,hilarious-highland-finfoot,,,,
2094845085170995707,1788284963302,celebrated-ocean-seagull,2094772268950044734,4760694445,true,
2094845126002475182,1788284973037,cheery-nutmeg-towhee,2094823475617919314,856236750028648448,true,
2094845159795986737,1788284981093,great-mountain-brushturkey,2094822648106913924,2049519535854854144,true,
2094845162367172640,1788284981706,peachy-grapefruit-pelican,2094605960790642956,,true,
2094845368852722032,1788285030936,zappy-winter-thicketbird,2094817887823245411,1402158064468381698,true,
2094845443666518019,1788285048774,neighborly-rhubarb-chickadee,2094773791188562430,1718851298,true,
2094845472246563243,1788285055587,peachy-grapefruit-pelican,2094481695625912450,1594107264985665538,true,
2094845554308333951,1788285075153,awesome-twig-fantail,2094780061412929810,1600964443122421769,true,false
2094845564731142608,1788285202002,cosmic-root-grackle,2094804769797759326,1952751562691915776,true,
2094845611514221022,1788285088791,diligent-brook-thrasher,2094674714232775104,,true,
2094845779869331484,1788285128930,celebrated-ocean-seagull,2094771502159638850,1725001919159021568,true,
2094845799540592929,1788285133621,peachy-grapefruit-pelican,2094593093257314355,1518694880716931072,true,
2094845805886845227,1788285135133,colorful-bonsai-kingbird,2094800796672262402,1954100804970831872,true,
2094845880691982608,1788285152968,cheery-nutmeg-towhee,2094810091396456683,245791854,true,true
2094845911427961047,1788285160296,great-mountain-brushturkey,,,,
2094845945707970659,1788285168470,zappy-winter-thicketbird,2094840247506931820,1659210667294068738,true,
2094846044097872138,1788285191927,neighborly-rhubarb-chickadee,2094809796708847802,1590936607749820416,true,
2094846099160727602,1788285205055,diligent-brook-thrasher,,,,
2094846211182207238,1788285231763,peachy-grapefruit-pelican,2094819086555295858,159815004,true,
2094846426807197985,1788285283171,celebrated-ocean-seagull,2094770589886226827,1508426880860704771,true,
2094846444255469811,1788285287332,cheery-nutmeg-towhee,2094775936743014709,2051621646507884544,true,
2094846446197522902,1788285287795,great-mountain-brushturkey,2094775936743014709,2051621646507884544,true,
2094846453508083924,1788285289539,cosmic-slope-kestrel,,,,
2094846478216831153,1788285295429,great-mountain-brushturkey,2094738222454870371,16736535,true,
2094846558382526709,1788285314542,zappy-winter-thicketbird,2094619364515332409,2029822613024047104,true,
2094846559271731540,1788285314755,energizing-earth-antwren,2094810091396456683,245791854,true,true
2094846560525754686,1788285315053,quick-forest-needletail,2094785332340257231,288277167,true,
2094846690448564669,1788285346029,hip-freshwater-pigeon,2094817557932900842,341194704,true,
2094846709830418637,1788285350650,zappy-winter-thicketbird,2094793732835209494,,true,true
2094846803032035496,1788285372871,neighborly-rhubarb-chickadee,2094825733470274022,1380411410748952577,true,
2094847021018427897,1788285424843,diligent-brook-thrasher,2094751931441041549,,true,
2094847107794440419,1788285445532,trusting-island-lorikeet,2094812828960239659,1338867940792254465,true,
2094847133262172602,1788285451604,blooming-peachtree-crake,2094835355597828463,1982542472577466369,true,
2094847201344147480,1788285467837,cheery-nutmeg-towhee,2094802275051147316,16585184,true,
2094847314447798545,1788285494802,loyal-rosewood-flowerpecker,,,,
2094847349788975154,1788285503228,great-mountain-brushturkey,2094828125016281198,4010649447,true,
2094847361520480748,1788285506026,neighborly-rhubarb-chickadee,2094804769797759326,1952751562691915776,true,
2094847471297925419,1788285532199,smiley-mist-guillemot,2094810597183668614,558360059,true,true
2094847561936896291,1788285553808,cosmic-slope-kestrel,2094691207418884166,2008833197203677184,true,
2094847609588318466,1788285565169,zappy-winter-thicketbird,2094746678683115556,1417254931803824132,true,
2094847821841088990,1788286089470,cosmic-root-grackle,2094619932759638108,1931382033818726400,false,
2094847997737599175,1788285657711,neighborly-rhubarb-chickadee,2094841886368280955,2040796424141471744,true,
2094848281771684220,1788285725430,diligent-brook-thrasher,2094723072863727785,,true,
2094848311521862090,1788285732523,wise-bamboo-francolin,2094818460429881813,1541905373476577280,false,
2094848397429604741,1788285753006,affable-olive-spurfowl,2094515880759599214,1120750848404000769,true,
2094848534273032482,1788285785631,astonishing-lychee-sparrowhawk,2094632450873815418,1369868832718745607,true,
2094848546386198999,1788285788519,modest-wood-scaup,2094568726675022156,764187379,true,
2094848661356486736,1788285957437,cosmic-root-grackle,2091575753775439879,3299813970,true,
2094848815714996630,1788285852733,celebrated-ocean-seagull,2094747744854212755,1860201328485498880,true,
2094848874049593626,1788285866640,strong-snow-curassow,2094815234565587052,2786014886,true,true
2094848928713679185,1788285879674,matchless-winter-goose,2094841120219963687,1947311696663683072,true,
2094848977145352517,1788285891221,cheery-nutmeg-towhee,2094500960944988329,2353710014,true,
2094849122587001322,1788285925896,philosophical-berry-brushturkey,2094655955765956939,,true,
2094849151091503414,1788285932692,great-mountain-brushturkey,2094800768708534403,1826353111394304000,true,
2094849210688344547,1788285946901,flying-frost-waterfowl,2094672762103029763,1765098765441196032,true,
2094849260588056808,1788285958798,zappy-winter-thicketbird,2094527715412189428,2079956789261459456,true,
2094849291583914092,1788286101399,cosmic-root-grackle,2094437289837379673,1135361633717489664,false,
2094849364359352651,1788285983539,serene-ocean-needletail,2094793105585098792,255169741,true,
2094849379073200234,1788286310190,cosmic-root-grackle,2094493216925999207,1253066567983812612,false,
2094849383233892809,1788285988039,realistic-cove-crimsonwing,2094818252384084040,1411504836,true,
2094849385821532556,1788285988656,diligent-brook-thrasher,2094767048597316046,,true,
2094849388094824525,1788285989198,neighborly-rhubarb-chickadee,,,,
2094849398857441302,1788285991764,lively-peppermint-flycatcher,2093978717118730718,2035463129099046912,true,
2094849455069536588,1788286005166,diligent-brook-thrasher,2094810911869419960,57812581,true,
2094849468042498382,1788286008259,overjoyed-boulder-bulbul,2094726593050517643,887346967,true,
2094849527794602097,1788286022505,bubbly-peach-wren,2094820178039046563,849634700402601984,true,
2094849572040241285,1788286033054,celebrated-ocean-seagull,2094833452528828738,2530835306,true,
2094849575634808920,1788286033911,cheery-nutmeg-towhee,,,,false
2094849655624400965,1788286052982,philosophical-berry-brushturkey,2094587038624354719,981663298813767680,true,
2094849706589307196,1788286065133,overjoyed-boulder-bulbul,2094386698222186885,887346967,true,
2094849883106623579,1788286107218,gracious-magnolia-barbet,2093400680128024701,1673913084891496448,true,
2094849906473328969,1788286112789,welcoming-olive-condor,2094842407556653326,1174497900950433793,true,
2094849930829418997,1788286118597,celebrated-ocean-seagull,2094640709596828039,1116716759875244038,true,
2094849945589403676,1788286122115,valorous-jackfruit-heron,2094729650253795545,1875603720173711362,true,
2094849969794519446,1788286127886,great-mountain-brushturkey,2094808082874249551,1574404616707514371,true,
2094850101625930073,1788286159317,skillful-rock-sandpiper,2094817795091415042,10671602,true,
2094850143723905303,1788286169354,zappy-winter-thicketbird,,,,
2094850227601616922,1788286189352,neighborly-rhubarb-chickadee,2094831808303292776,63653875,true,
2094850440634810551,1788286240143,notable-grass-lorikeet,2094690487735087160,2850651695,true,
2094850488911180204,1788286694904,cosmic-root-grackle,2094843414688813548,1402158064468381698,false,
2094850529616674846,1788286261359,diligent-brook-thrasher,2094823758477324768,1969010035239063552,true,
2094850552181969277,1788286266738,innovative-lake-hillstar,2094520488613581062,1419591061756911622,false,
2094850573359087903,1788286271787,reliable-tigerwood-guillemot,2094745481553342831,,true,
2094850686403985459,1788286437999,cosmic-root-grackle,,,,
2094850926272004328,1788286355929,humorous-peachtree-kingbird,2094800964163101032,812058121531179008,true,
2094850952348012670,1788286362146,upstanding-kiwi-flamingo,2094755206453993778,39844876,true,
2094850990851911985,1788286543211,cosmic-root-grackle,,,,
2094851023089311974,1788286379058,resplendent-mist-cormorant,2094169396092469329,4135901687,true,
2094851070056919441,1788286479379,cosmic-root-grackle,2094508522402722101,2009061232662507520,true,
2094851214190014516,1788286424573,celebrated-ocean-seagull,2094773448673296664,1398828682828038146,true,
2094851288257171614,1788286442233,cheery-nutmeg-towhee,2094823729284923632,907431892491935748,true,
2094851463499427884,1788286484013,great-mountain-brushturkey,2094803101584863368,957620996504080386,true,
2094851490410016883,1788286490429,zappy-winter-thicketbird,2094782208581996832,1453141041020915715,true,
2094851498362417338,1788286492325,cheery-nutmeg-towhee,2094721299138351264,399295506,true,
2094851581330010127,1788286512107,neighborly-rhubarb-chickadee,,,,
2094851608920141871,1788286518685,diligent-brook-thrasher,2094798465381339647,,true,
2094851615497060485,1788286520253,polite-rose-sparrow,2094584889274470773,1087407657248448512,true,
2094851721814008175,1788286545601,inventive-root-lapwing,2094839544285647224,1120750848404000769,false,
2094851740042416172,1788286549946,neighborly-rhubarb-chickadee,2094817564022943931,1428911804781056004,true,
2094851748624028145,1788286551993,celebrated-ocean-seagull,,,,
2094851784921465240,1788286560647,diligent-brook-thrasher,2094826492572078486,1215636170467676161,true,
2094851848049942644,1788286575698,expressive-moonlight-kingfisher,2094841481379148041,40953865,true,
2094851887342227673,1788286585065,enlivened-marble-quail,,,,
2094852057467359248,1788286625626,limber-seedlings-owl,2094850553834775004,1222239337548435456,true,
2094852111678758992,1788286638551,cheery-nutmeg-towhee,2094575967167459468,1808809515292504068,true,
2094852218277257692,1788286663966,cheerful-grove-tern,2094847812840144997,,false,
2094852236392456221,1788286956780,cosmic-root-grackle,,,,
2094852261063102554,1788286674168,great-mountain-brushturkey,2094793598386704464,834390490330050560,true,true
2094852292134510601,1788286681575,zappy-winter-thicketbird,,,,
2094852415258509506,1788286710930,harmonious-riverbank-myna,2094789469505499141,,true,true
2094852442101870713,1788286717330,lively-peppermint-flycatcher,2094636365245743264,2035463129099046912,true,
2094852663804330305,1788286770188,celebrated-ocean-seagull,2094477820168655229,1973117652509007875,true,
2094852741239574781,1788286917076,cosmic-root-grackle,,,,
2094852762735358101,1788286793775,neighborly-rhubarb-chickadee,2094762690673553546,288350901,true,
2094852787947352256,1788286799787,diligent-brook-thrasher,2094771664454119838,340548866,true,
2094852858709459251,1788286816657,celebrated-ocean-seagull,2094780829289361578,918453205318565888,true,
2094852885909573938,1788286823143,astonishing-horseradish-sandgrouse,2087903680284545385,1001732195206205445,true,
2094852925780877695,1788286832649,powerful-guava-sunbird,2094385184468557909,1878342378806710272,true,
2094852994860814685,1788286849119,cheery-nutmeg-towhee,,,,
2094853044705882519,1788286861003,great-mountain-brushturkey,2094827010405106036,1288319695658135552,true,
2094853087840096398,1788286871287,zappy-winter-thicketbird,2094835299440308506,,true,
2094853110229270870,1788286876624,great-mountain-brushturkey,2094847670816747542,1514543129004761090,true,
2094853335996088592,1788287067908,cosmic-root-grackle,,,,
2094853346100199928,1788286932860,neighborly-rhubarb-chickadee,2094617334363140538,2289682901,true,
2094853350499979293,1788286933910,hip-acorn-thrasher,2094803511875907849,1387497871751196672,true,false
2094853376789950963,1788286940178,diligent-brook-thrasher,2094835296626004164,1842177846778728448,true,
2094853393940688953,1788286944266,awesome-cantaloupe-kestrel,2094719386687094998,1263091103290421248,false,
2094853598664699921,1788286993076,empathetic-cloud-crow,2094784072446877973,968425742886490113,true,
2094853734454956400,1788287025452,diligent-brook-thrasher,2094789689274249633,1978242210488619008,true,
2094853752695976292,1788287029800,celebrated-ocean-seagull,2094631059199844640,,true,
2094853829443424558,1788287048098,cheery-nutmeg-towhee,2094738355447632102,1639658468385734658,true,true
2094853840998649925,1788287050853,great-mountain-brushturkey,2094584429041562058,15840849,true,
2094853907243552956,1788287066647,temperate-melon-mallard,2094474323343917500,1692250111705784320,true,
2094853955222163833,1788287078087,zappy-winter-thicketbird,2094834073608794350,,true,
2094854225767420401,1788287142590,brawny-mango-grosbeak,2094807280449437702,1169620189836697600,true,
2094854316251336930,1788287164162,contemporary-cactus-lovebird,2094833330151961004,,true,true
2094854488729207084,1788287205285,alpine-shoreline-flamingo,2094500444726788473,242827267,true,
2094854577698808046,1788287226497,entertaining-snow-spoonbill,2094553905069732104,2011829646707634176,true,
2094854676575580594,1788287250070,alpine-shoreline-flamingo,2094520852511354948,242827267,true,
2094854699488846201,1788287455032,cosmic-root-grackle,,,,
2094854708339032387,1788287257643,civil-canopy-pitohui,2094803078377615817,1812760654991724545,true,
2094854786885578932,1788287276371,enjoyable-canopy-piculet,2094803511875907849,1387497871751196672,false,
2094854876090249216,1788287395048,cosmic-root-grackle,,,,
2094854896231370890,1788287302440,calm-sequoia-bluebird,2094803511875907849,1387497871751196672,false,
2094854911120802265,1788287451738,cosmic-root-grackle,2094579740636278809,1481110622079266817,false,false
2094855034005581878,1788287335288,intriguing-blueberry-seagull,2094756666533167536,1909774678824304643,true,
2094855096052138240,1788287350081,commendable-avocado-curassow,2094649577131425978,2021888118182621188,true,
2094855129920950569,1788287358157,neighborly-rhubarb-chickadee,2094511248134316228,1192460117238669313,true,
2094855139513565683,1788287360444,trusting-fjord-quail,2091111032848605238,1362287350789922816,true,
2094855139785904304,1788287360508,diligent-brook-thrasher,2094695631201915121,1747809072001482752,true,
2094855144425070881,1788287361615,informative-lumber-flameback,2094830766656229782,63653875,true,
2094855189278703736,1788287493446,cosmic-root-grackle,2094676564755587215,1326389646,false,
2094855218391322716,1788287379249,celebrated-ocean-seagull,,,,
2094855444321927471,1788287433116,trusting-island-lorikeet,,,,
2094855464068493630,1788287437823,warmhearted-sandalwood-drongo,2093746336701305225,45840174,true,
2094855750036148631,1788287506003,cheery-nutmeg-towhee,2094816322651566187,2989535037,true,
2094855790779633749,1788287515717,great-mountain-brushturkey,2094742172285194394,1819608033103618048,true,true
2094855792566337881,1788287516143,benevolent-juniper-goldfinch,2094548150589514123,1666250285021364226,true,
2094855888855027820,1788287539100,celebrated-ocean-seagull,,,,
2094855891656855982,1788287539768,beloved-fjord-bushlark,2094560653839138982,46184556,true,
2094855980135629280,1788287560863,zappy-winter-thicketbird,2094679813986373786,,true,
2094856196138185172,1788287612363,neighborly-rhubarb-chickadee,,,,
2094856304950952390,1788287638305,mannerly-mangrove-bullfinch,2094684667572015311,1184820653565853696,true,
2094856321472319664,1788287642244,diligent-brook-thrasher,2094613809835249789,1977922541621776384,true,
2094856334059487445,1788287645245,hysterical-foothill-mockingbird,2094826136526000143,48199048,true,
2094856471397716099,1788287677990,cheery-nutmeg-towhee,2094811337218265582,1500639956737597442,true,
2094856539156664580,1788287694145,celebrated-ocean-seagull,2094694710363205703,2087522645856116736,true,true
2094856569187905829,1788287701304,cheery-nutmeg-towhee,,,,
2094856767817548079,1788287748661,great-mountain-brushturkey,,,,
2094856874164093105,1788287774016,zappy-winter-thicketbird,2094832113371554053,1515638455174316037,true,
2094856876445860170,1788287774560,great-mountain-brushturkey,2094832113371554053,1515638455174316037,true,
2094856902895370724,1788287780866,trusting-fjord-quail,2094706279860023668,1260567635739246592,true,
2094857037700272166,1788287813007,alert-pear-partridge,2094850456904245697,2516315844,true,
2094857043681112295,1788287814432,phenomenal-fjord-citril,2094801415369564352,1248925608039591936,false,
2094857166184481002,1788287843639,wise-roots-tern,2094794911388180897,1857023455557820416,true,
2094857246081462721,1788287862688,neighborly-rhubarb-chickadee,2094711874709233783,1526928789644750849,true,
2094857271494771051,1788287868747,diligent-brook-thrasher,2094562092338561198,1572186670488850433,true,true
2094857324468846974,1788287881377,fascinating-oak-sandgrouse,2094771199318655262,,true,
2094857399383228911,1788288012529,cosmic-root-grackle,2094740353962192956,1777098850240532480,false,
2094857452315463728,1788287911858,celebrated-ocean-seagull,2094799675882659989,1873530178049302528,true,
2094857513112084599,1788287926353,tremendous-mint-pitohui,2094832671591481618,252402164,true,
2094857553263853788,1788287935927,cheery-nutmeg-towhee,2094808970430951751,394350155,true,
2094857585140605421,1788287943526,zesty-slope-goshawk,2094647688272994384,1319287761048723458,true,
2094857681655971963,1788287966537,wholesome-raspberry-stilt,2094630713136181437,1546328123410620417,true,
2094857713452785843,1788287974119,neighborly-wood-nighthawk,2094839544285647224,1120750848404000769,false,
2094857715055251913,1788287974500,wholesome-raspberry-stilt,2094816407057842563,1326229737551912960,true,
2094857764606550490,1788287986315,zappy-winter-thicketbird,2094805185478426800,1693307459752882176,true,
2094857790044910003,1788287992379,easygoing-island-parrotlet,2094797487261245857,1599660956061253632,true,
2094857920597123075,1788288023505,studious-cliff-myna,2094346956625858773,1217680162134691840,true,
2094858006227767778,1788288043922,neighborly-rhubarb-chickadee,2094790567922139136,,true,
2094858021960876524,1788288047672,diplomatic-park-sandpiper,2094826564181455019,991058905689149445,true,
2094858032211439819,1788288050116,,2094783636738343258,1668658974315655168,true,true
2094858089061044297,1788288063670,incredible-moon-swamphen,2094823475617919314,856236750028648448,false,
2094858097625842104,1788288504397,cosmic-root-grackle,2094593108755562927,1518709627927633920,false,
2094858162725650920,1788288081234,bright-desert-redstart,2094500147803615404,2291430434,true,
2094858280715550754,1788288109364,great-mountain-brushturkey,,,,
2094858297245356154,1788288113305,zappy-winter-thicketbird,2094851880325206390,1845978020206571520,true,
2094858315654172926,1788288117695,philosophical-berry-brushturkey,2094544437363818852,749931649945767936,true,
2094858347367579722,1788288125257,wise-roots-tern,2093028270329446553,1857023455557820416,true,
2094858399926124653,1788288137786,neighborly-rhubarb-chickadee,2094656092521329064,1858769826593886209,true,true
2094858403357020455,1788288138604,diligent-brook-thrasher,,,,
2094858468268069063,1788288154081,celebrated-ocean-seagull,2094630713136181437,1546328123410620417,true,
2094858520155857245,1788288166451,diligent-brook-thrasher,2094819380211208430,1528872169,true,
2094858522726948996,1788288167064,cheery-nutmeg-towhee,2094819380211208430,1528872169,true,
2094858570684567938,1788288178498,great-mountain-brushturkey,,,,
2094858588665581665,1788288182785,philosophical-berry-brushturkey,2094630713136181437,1546328123410620417,true,
2094858738662285477,1788288218547,zappy-winter-thicketbird,2094774707010589109,1080940016187162624,true,
2094858784141464021,1788288229390,sturdy-peachtree-myna,2094816922491625780,2333857536,true,
2094858832786657456,1788288240989,patient-magnolia-kestrel,2094784918328840623,1686551250538528769,true,
2094858971664547921,1788288274100,wise-roots-tern,2092303493654786442,1857023455557820416,true,
2094858993545924792,1788288279317,contemporary-cactus-lovebird,2094818827515167120,969918339186380800,true,
2094858995739636083,1788288279839,celebrated-ocean-seagull,,,,
2094858998000328843,1788288280379,neighborly-rhubarb-chickadee,,,,
2094859008670642479,1788288282922,industrious-walnut-needletail,2094816097518113098,232124120,true,true
2094859171254456516,1788288321686,diligent-brook-thrasher,2094682130982838721,31090827,true,
2094859232780959752,1788288336355,trusting-fir-drongo,2094797523340673476,840042680,true,
2094859425496400148,1788288382302,contemporary-cactus-lovebird,2094773527823912962,969918339186380800,true,
2094859495994257772,1788288399109,uplifting-vine-ibis,2094800584889254036,15675138,true,
2094859581633577029,1788288419527,celebrated-ocean-seagull,2094848470536319471,,true,
2094859659543003525,1788288438102,goodhearted-sunlight-bluejay,2094808393949020627,1965681071632068608,true,
2094859663225298965,1788288438980,cheery-nutmeg-towhee,2094795620909289661,1859985284714102784,true,
2094859682753994825,1788288443637,great-mountain-brushturkey,2094817654896763226,1367205283165069317,true,
2094859776475930856,1788288465982,proactive-forest-bulbul,2094785985221627916,1638752602786762755,true,
2094859842519187621,1788288481727,zappy-winter-thicketbird,2094780046091132970,745325766125064192,true,true
2094859853638599008,1788288484378,personable-avocado-songbird,2093393499601227976,1537666074400813057,true,
2094860022597460007,1788288524662,neighborly-rhubarb-chickadee,2094744933714337936,227221651,true,
2094860099520978956,1788288543001,cheery-nutmeg-towhee,2094780046091132970,745325766125064192,true,
2094860148753776950,1788288554739,discerning-walnut-scaup,2094704311565717805,2034569967690289152,true,
2094860276893892980,1788288702306,cosmic-root-grackle,2094712958525800554,2034510824975536128,false,
2094860302542065897,1788288591406,great-mountain-brushturkey,2094677682068115592,,true,true
2094860431332418047,1788288622111,kinetic-rainforest-magpie,2091148387634511878,10671602,false,
2094860672479744060,1788288679605,neighborly-rhubarb-chickadee,2094811608371298780,1024353990379745281,true,
2094860749503950903,1788288697969,diligent-brook-thrasher,,,,
2094860832555344117,1788288717770,celebrated-ocean-seagull,2094829778746434028,3403306503,true,
2094861230225670637,1788288812582,cheery-nutmeg-towhee,2094746045079310472,2090116151565291521,true,
2094861233413574945,1788288813342,agreeable-nutmeg-flycatcher,2094813030446137715,,true,true
2094861270994354354,1788288822302,celebrated-peat-spurfowl,2094692481640083784,1590300272735158273,true,
2094861277076033666,1788288823753,eager-sun-mousebird,2094589708751740951,1778792270692556801,true,
2094861281631113353,1788289302928,cosmic-root-grackle,2094712958525800554,2034510824975536128,false,
2094861563295601056,1788288891992,wholesome-woodland-hoopoe,2094823573764407527,1504113983028174854,true,
2094861564730118506,1788288892334,funny-tree-kestrel,2094834771197329724,1546101560,true,false
2094861708141466041,1788288926527,great-mountain-brushturkey,,,,
2094861769273389443,1788288941102,cozy-sapling-mockingbird,2094763155373097342,80396134,true,
2094861787099185470,1788289146007,cosmic-root-grackle,2094752394034774067,763094579491008512,false,
2094861819001110931,1788288952958,adventurous-sky-crimsonwing,2094508757438877991,1605962922064232449,true,
2094861893206688161,1788288970649,hysterical-garden-goshawk,2094853564615041037,,true,
2094862082986652008,1788289168780,cosmic-root-grackle,2094395480948023791,374712154,false,
2094862089521181105,1788289017454,zappy-winter-thicketbird,2094704422940987486,1774638432502906880,true,
2094862136073945305,1788289028558,observant-sycamore-tinamou,1701209223000916034,266980765,true,
2094862166239182994,1788289035745,diligent-brook-thrasher,2094597912403886395,14914631,true,
2094862171473654085,1788289036993,neighborly-rhubarb-chickadee,2094541128297070777,1738916624126906368,true,
2094862174199988634,1788289037643,diligent-brook-thrasher,2094784248737616082,1930702206363168768,true,
2094862395088748853,1788289090311,fun-lemon-stilt,2094526721303216555,8350912,true,
2094862566941937679,1788289131280,quiet-elm-grosbeak,2094855348473536901,1829216593135493120,true,
2094862710055866795,1788289165401,zappy-winter-thicketbird,,,,
2094862737675264183,1788289171986,famous-sequoia-emu,2094672521429700746,2089847166999343104,true,true
2094862838107971968,1788289195931,matchless-star-albatross,2094706120002560373,1270028946659250180,true,true
2094862943737311628,1788289221116,neighborly-rhubarb-chickadee,2094680929965137977,1523941596240044035,true,
2094863070111650208,1788289251245,diligent-brook-thrasher,,,,
2094863115951251539,1788289262174,celebrated-ocean-seagull,2094831897704620166,1796252734401675264,true,
2094863130861899891,1788289265729,contemporary-cactus-lovebird,2094802561161163149,1483527386872393732,true,
2094863193277333738,1788289280611,vivacious-raisin-triller,2094784049998934101,2646454764,true,
2094863195718427010,1788289281193,celebrated-ocean-seagull,2094516907273863604,1597364389048614912,true,
2094863240295575980,1788289291820,cheery-nutmeg-towhee,2094701999455715425,,true,true
2094863425666965535,1788289336016,cheery-nutmeg-towhee,2094849898772402409,1597767604998922241,true,
2094863481178910760,1788289349251,frank-daylight-peacock,2094858934162952365,,true,
2094863784800358568,1788289421640,hysterical-valley-flamingo,2094817557932900842,341194704,false,
2094863786180301249,1788289551645,cosmic-root-grackle,2094176138985972220,1513410916473192450,true,
2094863800319049879,1788289425341,great-mountain-brushturkey,2094839326664438081,1165790594729304064,true,
2094863815502381263,1788289428960,loyal-lime-spoonbill,,,,
2094863915909800147,1788289452899,zappy-winter-thicketbird,2094836483911725275,1295939043633528832,true,
2094864012366270553,1788289475896,neighborly-rhubarb-chickadee,2094820245500268694,1385512827893526528,true,
2094864073737351638,1788289490528,diligent-brook-thrasher,2094853542569972182,1917559689832980481,true,
2094864089864441924,1788289494373,celebrated-ocean-seagull,,,,
2094864229488607687,1788290036174,cosmic-root-grackle,2094601448747143185,1429400366819512323,true,
2094864307443892425,1788289546248,neighborly-wood-nighthawk,2094671252971520363,39692424,false,
2094864330353217700,1788289666124,cosmic-root-grackle,2094176138985972220,1513410916473192450,true,true
2094864468052217940,1788290025438,cosmic-root-grackle,,,,
2094864492886651234,1788289590461,humorous-holly-raven,2094203363160216041,873724542706962432,false,
2094864506476507388,1788289593702,faithful-shoreline-songlark,2094418049872842793,1594003062,true,
2094864618967486664,1788289620521,cheery-nutmeg-towhee,2094850553834775004,1222239337548435456,true,
2094864733878812820,1788289647919,radiant-canopy-kestrel,2094350844263055708,629698642,true,
2094864916998205947,1788290142164,cosmic-root-grackle,,,,
2094864924333805773,1788289693326,great-mountain-brushturkey,2094809796708847802,1590936607749820416,true,
2094864998363508987,1788289710976,supportive-rainforest-tanager,2094829134023475692,2245656206,true,
2094865015765684381,1788289715125,genius-oak-falcon,2094837041431228549,,true,
2094865074015936529,1788289729013,peachy-mint-bullfinch,2094569915432730874,1485301396664725512,true,
2094865248603742244,1788289770638,zappy-winter-thicketbird,2094859319242031498,1371500074753257472,true,
2094865250709356869,1788289771140,neighborly-rhubarb-chickadee,,,,
2094865252626145503,1788289771598,great-mountain-brushturkey,,,,
2094865266857386426,1788289774991,fashionable-mangrove-nighthawk,2094515799050297427,,true,
2094865275854176589,1788289952235,cosmic-root-grackle,2093918680153247909,1462947496158707712,true,
2094865296804725088,1788289782130,zappy-winter-thicketbird,,,,
2094865333492277362,1788289790877,neighborly-rhubarb-chickadee,2094604022560813438,1838307248168407041,true,
2094865603357987295,1788289855218,generous-shoreline-drongo,2094773484706484700,1435317247770181635,false,
2094865789149229342,1788289899514,mannerly-sycamore-crossbill,2094710961789919326,76134964,true,
2094865890982437147,1788290026128,cosmic-root-grackle,2094855075105513780,1516061879331966985,false,
2094865950700954110,1788290095194,cosmic-root-grackle,,,,
2094865958485492203,1788289939888,diligent-brook-thrasher,,,,
2094866046326845934,1788289960830,cheery-nutmeg-towhee,2094846716058931495,41702018,true,
2094866207677555027,1788289999300,great-mountain-brushturkey,2094847785463882208,,true,
2094866220625383633,1788290002386,diligent-brook-thrasher,2094740985377100218,1322558046044741638,true,
2094866238442717591,1788290006634,zappy-winter-thicketbird,2094606012439212092,1714704356522508288,true,
2094866290246582691,1788290018986,fearless-peachtree-albatross,2094846649948582084,,true,
2094866320944685465,1788290026305,neighborly-rhubarb-chickadee,2094550410363060664,1838011937881526272,true,
2094866338556825699,1788290030503,intriguing-nectarine-bunting,2094751636912779330,702168516812623872,true,true
2094866386250051996,1788290041875,jovial-pecan-bunting,2094856679250919746,2024518793679294464,true,false
2094866408513351740,1788290047182,diligent-brook-thrasher,2094859823368073503,,true,
2094866435038187756,1788290053507,celebrated-ocean-seagull,2094692539936702745,1805403984569741312,true,
2094866522934071592,1788290074462,cheery-nutmeg-towhee,2094517933858845008,1219759335884103681,true,
2094866582631576034,1788290088695,alpine-shoreline-flamingo,2094772269415633185,1948010155280367616,true,
2094866633269628941,1788290100768,sunny-mesa-lovebird,2094756645762994534,3056307455,true,
2094866636247302327,1788290101478,smart-lowland-seedeater,2094705385143750854,1976873611622244352,true,true
2094866673920610696,1788290110460,fast-twig-needletail,2094840027008147684,733310501019627520,true,
2094866758515425545,1788290130629,frank-sky-myna,2094621263339696637,871757503939346432,true,
2094866789096206562,1788290137920,great-mountain-brushturkey,2094795422506111389,1830442392517775360,true,
2094866829738995837,1788290147610,zappy-winter-thicketbird,,,,
2094866946588033304,1788290175469,celebrated-ocean-seagull,2094778483159302442,147204319,true,
2094866988359131323,1788290185428,neighborly-rhubarb-chickadee,2094816097518113098,232124120,true,true
2094867127501275605,1788290218602,carefree-rain-sunbird,2094803878243876997,1543531119294939137,true,
2094867158199136512,1788290225921,animated-ridge-waxbill,2094780046091132970,745325766125064192,true,
2094867283449713039,1788290255783,trusty-sky-goldfinch,2094839029833277770,55329156,true,
2094867454124069144,1788290296475,diligent-brook-thrasher,2094794956527354186,1197050178139762688,true,
2094867496373297393,1788290306548,celebrated-ocean-seagull,,,,
2094867515570598189,1788290446909,cosmic-root-grackle,2094500663493382454,1883860490394198016,true,
2094867704213909824,1788290356102,gumptious-nectarine-bluebird,2094848972623860133,43910684,true,
2094867738971836526,1788290364389,animated-ridge-waxbill,2094839326664438081,1165790594729304064,true,
2094867991305273551,1788290424549,early-sunlight-thrush,2094856679250919746,2024518793679294464,false,
2094868013644447945,1788290429876,stunning-coral-sparrow,,,,
2094868028647186480,1788290433452,responsible-spruce-condor,2094800768708534403,1826353111394304000,true,
2094868073236860930,1788290444083,tectonic-sapling-treepie,2094507688059383946,2092614339459260416,true,
2094868229755662800,1788290481401,cheery-nutmeg-towhee,2094832916861727031,628811898,true,
2094868351625421170,1788290510456,great-mountain-brushturkey,2094821181702508581,743530286,true,
2094868381333692642,1788290517540,zappy-winter-thicketbird,2094860273291330029,352940830,true,
2094868520752259354,1788290550779,sensational-sunlight-songbird,2094609939511558503,177101260,true,false
2094868533952016511,1788290553927,lionhearted-petal-cormorant,2094443641779397001,25048816,true,
2094868554097029252,1788290558729,neighborly-rhubarb-chickadee,2094761137766056083,1934731247248658433,true,
2094868570836459633,1788290562721,cheery-nutmeg-towhee,2094503446053278130,1543642391051214849,true,
2094868591619326002,1788290567675,diligent-brook-thrasher,2094789377872343551,1583830278,true,
2094868659533476014,1788290583867,great-mountain-brushturkey,2094779344333820328,178150543,true,
2094868709286257030,1788290595729,cheery-nutmeg-towhee,2094810911869419960,57812581,true,
2094868715258995135,1788290597153,great-mountain-brushturkey,2094797255073251381,1323084170,true,
2094868838684962972,1788290626581,articulate-acorn-wigeon,2094769851525132460,4020373452,true,
2094869000245403700,1788290665100,powerful-lake-emu,,,,
2094869098890985493,1788290688618,zappy-winter-thicketbird,2094862282262032854,2530835306,true,
2094869119921184854,1788290693633,neighborly-rhubarb-chickadee,,,,
2094869121863442597,1788290694095,responsible-guava-jay,2094839742982685010,,true,
2094869142809739418,1788290699089,overjoyed-tigerwood-bunting,2094825110402138279,10671602,false,false
2094869188175376483,1788290709905,loyal-earth-nighthawk,2094834771197329724,1546101560,true,
2094869267585896594,1788290728838,diligent-brook-thrasher,2094634603906847087,864977018823131136,true,
2094869284027601018,1788290732758,celebrated-ocean-seagull,2094784049998934101,2646454764,true,true
2094869299470967082,1788290736441,cheery-nutmeg-towhee,2094751636912779330,702168516812623872,true,true
2094869387052515514,1788290757321,doughty-rock-crow,2094851880325206390,1845978020206571520,true,
2094869401732325723,1788290760821,great-mountain-brushturkey,2094852272320565650,,true,
2094869420350795979,1788290765261,zappy-winter-thicketbird,2094826326964293889,1864919261983989760,true,
2094869544154382716,1788290794778,cheerful-lagoon-tailorbird,2094698080499335622,1153045459,true,
2094869587175088374,1788290805034,flying-raisin-canary,2094854982059114698,1187524450809536513,true,
2094869622470173166,1788290813449,neighborly-rhubarb-chickadee,2094827688900829621,1982423567867564032,true,
2094869636281970857,1788290816743,diligent-brook-thrasher,2094842598691369451,1434655261738815493,true,
2094869735603155170,1788290840422,celebrated-ocean-seagull,,,,
2094869738107121935,1788290841020,cheery-nutmeg-towhee,2094805157754376609,2080127170803101696,true,
2094869741647114581,1788290841863,great-mountain-brushturkey,2094696297445917169,1752069635543859200,true,
2094869743899398342,1788290842401,neighborly-rhubarb-chickadee,2094696297445917169,1752069635543859200,true,
2094869756796903715,1788290845476,contemplative-pecan-scaup,2093873635488313384,1639087838464471041,false,
2094869779643244818,1788290850922,zappy-winter-thicketbird,2094729195267998146,,true,
2094869788195487991,1788290852961,neighborly-rhubarb-chickadee,2094721299138351264,399295506,true,
2094869789332447349,1788290853232,faithful-shoreline-songlark,2094809457867788484,1895495095409156096,true,
2094869795007062102,1788290854586,diligent-brook-thrasher,2094793275685130263,1455517450687160320,true,
2094869800891896020,1788290855988,imaginative-poplar-hoopoe,2094854082720677899,,true,
2094869829685575731,1788290862853,celebrated-ocean-seagull,2094839742982685010,,true,true
2094869837222715744,1788290864650,cheery-nutmeg-towhee,2094800565352177784,,true,
2094869904763638079,1788290880753,great-mountain-brushturkey,2094786546540892322,1553102376483028992,true,
2094869973784986090,1788290897209,zappy-winter-thicketbird,,,,
2094869996526522749,1788290902631,neighborly-rhubarb-chickadee,,,,
2094870029867131079,1788290910580,magnificent-chestnut-wigeon,2094863659381952660,1364069006207025152,true,
2094870049156673543,1788290915179,diligent-brook-thrasher,2094798684244398410,1071484733543079936,true,
2094870059265003562,1788290917589,celebrated-ocean-seagull,2094810597183668614,558360059,true,
2094870079380787624,1788290922385,effective-tide-eagle,2094783789922754859,1140638482223603712,true,false
2094870084846006673,1788290923688,cheery-nutmeg-towhee,2094852303354261734,1355721251180961792,true,
2094870086192636304,1788291385576,cosmic-root-grackle,,,,
2094870148419080217,1788290938846,great-mountain-brushturkey,2094778688604619002,1866615718961115137,true,
2094870267143045205,1788290967151,brawny-apricot-seabird,2094846513100755298,42425411,true,
2094870298793275580,1788290974698,zappy-winter-thicketbird,2094855665734787401,248007541,true,
2094870349825392772,1788290986864,matchless-highland-flowerpecker,2094501056625426670,60402920,false,
2094870915515339196,1788291121736,neighborly-rhubarb-chickadee,2094862847146639521,,true,
2094871047442985125,1788291153190,diligent-brook-thrasher,,,,
2094871073758265668,1788291159463,enterprising-eucalyptus-eagle,2094607186928234938,15676944,true,
2094871110353391782,1788291168188,peachy-banana-woodpecker,2094855538781638994,1660728219299971073,true,
2094871132549611950,1788291173481,genuine-chestnut-wigeon,2094806323854508340,158049457,true,
2094871148458651757,1788291177273,celebrated-ocean-seagull,,,,
2094871254071165017,1788291202454,cheery-nutmeg-towhee,2094801080349856011,,true,
2094871275764138467,1788291207626,great-mountain-brushturkey,2094825909211873651,1779808482964729856,true,
2094871379740971047,1788291232415,zappy-winter-thicketbird,2094601473942249870,40940836,true,true
2094871392122782205,1788291235367,elated-mountain-nighthawk,2094560866381480160,1138842105856573445,true,
2094871534615863788,1788291269341,faithful-shoreline-songlark,2094798924720620019,1260750648758489088,true,
2094871651980542201,1788291297322,neighborly-rhubarb-chickadee,2094670363246711076,750700196,true,
2094871681651417403,1788291304396,brawny-apricot-seabird,2094852084222824864,140034129,true,
2094871765679783978,1788291324430,modern-bamboo-conure,2094479784822948184,1432808185685889025,true,
2094871876652904557,1788291350889,happy-trail-myna,2094412603384873248,2182568914,true,
2094871936698360305,1788291365204,positive-magnolia-warbler,2094861754681430114,962387615382196229,true,
2094872139035726028,1788291413446,diligent-brook-thrasher,2094785834188759466,1675790346054164480,true,
2094872157394190563,1788291417823,celebrated-ocean-seagull,2094856983211839586,474886468,true,
2094872197672374316,1788291427425,electric-boulder-jay,2094839029833277770,55329156,false,
2094872199614394429,1788291427888,trusting-fjord-quail,2094829778746434028,3403306503,true,
2094872229293027442,1788291434964,cheery-nutmeg-towhee,2094776947272556644,2058940536934084608,true,
2094872282254786693,1788291447592,precious-cave-dove,2092559596410036347,1246032506811494401,true,
2094872349199790367,1788291463552,great-mountain-brushturkey,2094797523340673476,840042680,true,
2094872405818712162,1788291477051,zappy-winter-thicketbird,2094854335880732845,1426948915480334336,true,
2094872454824882191,1788291488736,celebrated-ocean-seagull,2094835299440308506,,true,
2094872482700489110,1788291495381,philosophical-grape-egret,2094707055634366595,140034129,false,
2094872805988819334,1788291572459,endearing-moonlight-kingbird,2094693207867064535,59885627,true,
2094872885395706085,1788291591392,eager-holly-hoopoe,2094768689551708445,873963418449051648,true,false
2094872906861805572,1788291596509,cheery-nutmeg-towhee,2094814892272373864,1963735939374592000,true,
2094873051284279467,1788291630942,neighborly-rhubarb-chickadee,2094711483342999824,897587022126358528,true,true
2094873262043857195,1788291681191,diligent-brook-thrasher,2094854095286743256,,true,
2094873304901546438,1788291691410,loyal-earth-nighthawk,2094805597539713391,1546101560,true,
2094873345774715168,1788291701154,involved-holly-mousebird,2094775223069405200,742143,true,
2094873348496875954,1788291701803,celebrated-ocean-seagull,2094855054662525148,1845978020206571520,true,
2094873385771663503,1788291710691,capable-peppermint-lovebird,2094731404122956204,1671124268191735808,false,
2094873461327810626,1788291830551,cosmic-root-grackle,2094806765296574975,2178040394,false,
2094873508845383856,1788291740033,virtuous-pineapple-crow,2094796528233697308,3221888150,false,
2094873534434873806,1788291919701,cosmic-root-grackle,2093654450833383862,17855815,true,
2094873623924527328,1788291767471,loyal-earth-nighthawk,2094804886047412418,1546101560,true,
2094873701523087466,1788291785972,cheery-nutmeg-towhee,2094839544285647224,1120750848404000769,true,
2094873737975693389,1788291794662,great-mountain-brushturkey,2094865611574710367,,true,
2094873784348021031,1788291805718,zappy-winter-thicketbird,2094849838839951773,1651386864316579843,true,
2094873809249763569,1788291811655,faithful-shoreline-songlark,2094475732114186361,1711732984338878465,true,
2094873962534568006,1788291848201,neighborly-rhubarb-chickadee,2094623486635577523,1378640165313208323,true,
2094874011909967938,1788291859973,great-mountain-brushturkey,2094801469425774761,1609212286475837443,true,
2094874076510588944,1788291875375,zappy-winter-thicketbird,2094826262279618623,341746855,true,
2094874209495273825,1788291907081,diligent-brook-thrasher,2094558928214634756,,true,
2094874333239972260,1788291936584,creative-lime-nighthawk,2094842466017144968,1511355740367298562,true,
2094874333701103787,1788291936695,neighborly-rhubarb-chickadee,2094794200957038850,4875929793,true,
2094874848690614717,1788292565625,cosmic-root-grackle,2094562172084834321,1906820607997853696,false,
2094874886967554443,1788292068603,focused-kelp-jay,2094780061412929810,1600964443122421769,false,
2094874906513019232,1788292073263,celebrated-ocean-seagull,2094861558887452842,1705601556085673984,true,
2094874918768746524,1788292076185,cheery-nutmeg-towhee,2094854082720677899,,true,
2094874944551145793,1788292082332,amicable-bamboo-tailorbird,2094800584889254036,15675138,false,
2094874963391959264,1788292086824,great-mountain-brushturkey,2094790438620410157,1635004022506627073,true,
2094875000322842732,1788292095629,zappy-winter-thicketbird,2094854215755514157,2293697022,true,
2094875152802517088,1788292131984,neighborly-rhubarb-chickadee,2094843853089935363,1416607974,true,
2094875163300974714,1788292134486,diligent-brook-thrasher,2094742932951535654,2068363495368720389,true,
2094875277385933035,1788292161687,motivated-eucalyptus-cotinga,2094795700450054577,144376833,true,
2094875316913324471,1788292171110,noteworthy-mango-pelican,2094734826012102707,92564226,true,
2094875323087159336,1788292172582,celebrated-ocean-seagull,2094834377507193107,961933019853524992,true,
2094875507171213775,1788292216471,zesty-rock-flameback,2094856519443521919,794600079965454340,true,
2094875523881009506,1788292220455,cheery-nutmeg-towhee,,,,
2094875568370053405,1788292231063,great-mountain-brushturkey,,,,
2094875707608367609,1788292264259,zappy-winter-thicketbird,2094854146512093654,1426948915480334336,true,
2094875902517617096,1788292310730,original-banana-flowerpecker,2094831611669840096,780460754910732288,true,false
2094875903268389163,1788292310907,wise-highland-falcon,2094768689551708445,873963418449051648,false,
2094875951712608584,1788292322458,neighborly-rhubarb-chickadee,2094688204792218111,1637231757241065472,true,
2094876054825377876,1788292347043,diligent-brook-thrasher,2094813030446137715,,true,
2094876081979568422,1788292353517,placid-prairie-dove,2094869173813805263,1225158981787770880,true,
2094876094461890987,1788292356492,temperate-mangrove-cuckoo,2094871411475054886,285169789,true,
2094876177034854759,1788292376180,peppy-coast-falcon,2094875456407261542,1622975245148737537,true,false
2094876186283299220,1788292378385,celebrated-ocean-seagull,2094775314501247231,87936729,true,
2094876228142408032,1788292388364,philosophical-berry-brushturkey,2094287630653395234,1982814112515276800,true,
2094876330894438603,1788292412863,cheery-nutmeg-towhee,2094856586296504517,,true,
2094876352063095285,1788292417909,great-mountain-brushturkey,2094714328629055982,1986457232889028609,true,
2094876512423940306,1788292456143,zappy-winter-thicketbird,2094854651841585597,1845978020206571520,true,
2094876542811725838,1788292686661,cosmic-root-grackle,2094816230624408048,41702018,false,
2094876545085026529,1788292463929,neighborly-rhubarb-chickadee,2094840564139376647,2030927462981607424,true,
2094876556082483365,1788292466552,diligent-brook-thrasher,2094808970430951751,394350155,true,
2094876569558782057,1788292469765,empowering-park-shorebird,2094843651029451060,2905232597,true,
2094876724768993694,1788292506770,awesome-apple-hummingbird,2094793666619457845,953409531949838336,false,
2094876773980770746,1788292518502,easygoing-island-parrotlet,2094784177241456968,1060908107541475330,true,
2094876821326082051,1788292529790,celebrated-ocean-seagull,2094847963021349034,,true,true
2094876840792097078,1788292534432,amusing-canopy-blackbird,2094782584974946772,891580645297856512,true,
2094876842113315326,1788292534746,personable-avocado-songbird,2094859585886585292,1537666074400813057,true,
2094876955938353167,1788292561885,bubbly-petal-waxbill,2094531742455693395,3751750334,true,
2094876971524121009,1788292565600,diligent-brook-thrasher,2094777961995993232,1889621104194412544,true,
2094876998195974188,1788292571959,humble-rhubarb-treerunner,2094593108755562927,1518709627927633920,false,false
2094877059629875465,1788292586607,outgoing-sun-canary,2094831611669840096,780460754910732288,false,
2094877098691231992,1788292595919,cheery-nutmeg-towhee,2094859790388285578,1766813446392135680,true,
2094877119016820934,1788292600766,easygoing-island-parrotlet,2094806532999553311,64844802,true,
2094877120107307451,1788292601025,enchanting-seedling-cormorant,2094647817499189688,2046987468432347136,true,
2094877162549440723,1788292611144,great-mountain-brushturkey,2094784954328895543,1389913567671975937,true,
2094877297513746937,1788292643322,zappy-winter-thicketbird,2094840674734715058,1917559689832980481,true,
2094877369160909071,1788292660404,strategic-summer-petrel,2094785332340257231,288277167,false,
2094877492678971725,1788292689853,neighborly-rhubarb-chickadee,2094869335592378813,972530860988788736,true,
2094877671389827394,1788292732461,peaceful-canopy-pelican,2094777808123777277,374712154,true,
2094877678214017531,1788292734088,diligent-brook-thrasher,2094851544457847173,239200202,true,
2094877695007920403,1788292738092,celebrated-ocean-seagull,2094745142720975058,,true,
2094877787366511083,1788292760112,cheery-nutmeg-towhee,2094794913816715367,1071484733543079936,true,
2094877795897717176,1788292762146,eccentric-rock-goshawk,2094875456407261542,1622975245148737537,false,
2094877809508286683,1788292765391,great-mountain-brushturkey,2094711549495759126,1071730352664698880,true,
2094877857470111960,1788292776826,zappy-winter-thicketbird,2094833192700158264,1714839454546796545,true,
2094877935115096476,1788292795339,quotable-pine-hoopoe,2094608516111646870,158887240,true,
2094877939489730619,1788292796382,celebrated-ocean-seagull,2094754421989155206,,true,
2094877994628051406,1788292809527,frank-daylight-peacock,2094873657310912869,74309518,true,
2094877997064966190,1788292810108,cheery-nutmeg-towhee,,,,
2094878022889345046,1788292816265,cheery-nutmeg-towhee,2094754421989155206,,true,
2094878089117311364,1788292832056,tectonic-sapling-treepie,2094797523340673476,840042680,true,
2094878146315063724,1788292845693,bubbly-grove-lovebird,2094836118269399086,,true,
2094878159027974578,1788292848723,great-mountain-brushturkey,2094824655005589658,1687083754991562752,true,
2094878161213288916,1788292849244,zappy-winter-thicketbird,2094772269348217035,986270130454913024,true,
2094878195216454085,1788292857351,neighborly-rhubarb-chickadee,,,,
2094878203718582780,1788292859378,convivial-cactus-needletail,2094826278667125158,1411504836,true,
2094878210844721530,1788292861077,terrific-honeydew-wheatear,2094058838492119508,1712147716321542146,true,
2094878292570779678,1788292880562,outgoing-almond-treepie,2092598345764311366,1910228577406373888,true,
2094878311465844812,1788292885067,bubbly-grove-lovebird,2094862222317281783,,true,
2094878350636396610,1788292894406,reserved-snow-spoonbill,2094810477901815980,2075343720799686656,true,false
2094878922185826366,1788293030674,phenomenal-river-robin,2094846076473762271,1602818168,true,
2094878981388726419,1788293044789,loyal-field-brownbul,2094775223069405200,742143,false,
2094879069108408684,1788293065703,informative-brook-crow,2094764205983617133,2024123498357198848,true,
2094879086598389955,1788293069873,great-mountain-brushturkey,2094723110406926639,1954872275548684289,true,
2094879169641316411,1788293089672,diligent-brook-thrasher,2094817326466060709,,true,
2094879208107573350,1788293098844,phenomenal-river-robin,2094840027008147684,733310501019627520,true,
2094879213085974887,1788293100031,celebrated-ocean-seagull,2094824738225111240,1365252740050350081,true,true
2094879244270633178,1788293107465,quick-river-bittern,2094446981531738305,848854573326401536,true,
2094879256903930365,1788293110477,cheery-nutmeg-towhee,,,,
2094879258870997364,1788293110946,zappy-winter-thicketbird,,,,
2094879385878667303,1788293141227,great-mountain-brushturkey,2094790162886566069,328797181,true,
2094879399841558612,1788293144556,neighborly-rhubarb-chickadee,,,,
2094879429113557406,1788293151536,diligent-brook-thrasher,2094814147498377688,,true,
2094879431156244912,1788293152022,zappy-winter-thicketbird,2094814147498377688,,true,
2094879435631538346,1788293153089,involved-lemon-condor,2094631830859264441,1357204816401989632,true,
2094879451058167929,1788293156768,polite-fern-spurfowl,2094835901872693295,586068461,true,
2094879490828562700,1788293166249,celebrated-ocean-seagull,2094848895562231831,,true,
2094879496537042979,1788293167611,neighborly-rhubarb-chickadee,,,,false
2094879501427819007,1788293280834,cosmic-root-grackle,2094783636738343258,1668658974315655168,true,true
2094879513209446584,1788293171585,phenomenal-river-robin,2094852084222824864,140034129,true,
2094879521073729729,1788293173461,cheery-nutmeg-towhee,,,,
2094879639571247379,1788293201713,academic-sand-motmot,2094810477901815980,2075343720799686656,false,
2094879683221635456,1788293212120,curious-avocado-tinamou,2094564715582423268,826639143522467840,true,
2094879687730516474,1788293213194,phenomenal-river-robin,2094852014836740427,1416349142,true,
2094879863870001551,1788293255189,diligent-brook-thrasher,2094536929379279224,281046697,true,
2094879890105339999,1788293261445,jazzy-petal-meadowlark,2094331737195098242,1993282789236785152,true,
2094879939317096497,1788293273177,encouraging-mint-dipper,2094879374185046259,2361580418,true,
2094879962561966169,1788293278719,hilarious-dune-swamphen,2094590056359203146,,true,
2094880189461184876,1788293332816,celebrated-ocean-seagull,2094820972696047959,1408099100701114368,true,true
2094880482265555063,1788293402626,cheery-nutmeg-towhee,2094591361026535839,556118417,true,
2094880539723378976,1788293416326,gentle-glacier-kingbird,2094848841614840231,780460754910732288,true,
2094880598955352117,1788293430447,great-mountain-brushturkey,,,,false
2094880646212538528,1788293441714,zappy-winter-thicketbird,,,,
2094880654060061084,1788293443585,devoted-persimmon-nighthawk,2094854946868941116,540325082,true,
2094880715829649783,1788293458312,wholesome-raspberry-stilt,2094796528233697308,3221888150,true,
2094880716613960027,1788293458500,neighborly-rhubarb-chickadee,2094853194065330206,1230175645293875200,true,
2094880768564801878,1788293614781,cosmic-root-grackle,2094635488254579086,1539899668481679361,false,
2094881185302192603,1788293570243,diligent-brook-thrasher,2094785242213335277,1385116702090797057,true,
2094881201341485173,1788293574067,botanical-mulberry-cormorant,2091562115962179811,4697667446,true,
2094881275748229213,1788293591808,magnanimous-peat-pigeon,2094823520274423862,1478494241584263170,false,
2094881276171837777,1788293591908,frank-daylight-peacock,2094834427159269757,56457949,true,false
2094881323638726690,1788293603225,devoted-rainforest-mousebird,2094787326136209661,1883987029517631488,false,
2094881346107703443,1788293608582,great-mountain-brushturkey,2094704015309152299,2029822613024047104,true,true
2094881517235290619,1788293649382,cheery-almond-starling,2094766788168847477,138048156,true,
2094881536256417822,1788293653917,zappy-winter-thicketbird,,,,
2094881576106508365,1788293663419,great-autumn-raven,2094852014836740427,1416349142,false,
2094881701377831253,1788293693286,celebrated-ocean-seagull,2094832927037166010,69814551,true,
2094881738656981136,1788293702173,composed-willow-raven,2094829057217118310,1611914652,true,
2094881781208301997,1788293712318,wholesome-pond-hornbill,2094629905145147681,1260750648758489088,true,
2094881787436544370,1788293713803,cheery-nutmeg-towhee,,,,
2094881799281242166,1788293716628,generous-snow-songlark,2092579457320042665,3190339799,true,
2094881933327311282,1788293748586,talented-acorns-tailorbird,2094827869650166263,1731776051230003200,true,
2094882067901493391,1788293780671,brave-horseradish-crow,2094349757766639801,1113353605636022272,true,true
2094882118585192824,1788293792755,great-mountain-brushturkey,2094858363414659105,1887886132987215872,true,true
2094882128269905992,1788293795065,zappy-winter-thicketbird,,,,
2094882178710605921,1788293807091,neighborly-rhubarb-chickadee,2094835658905035083,1650405625791389696,true,
2094882215972704411,1788293815974,neighborly-rhubarb-chickadee,2094861648393875954,,true,
2094882665916772647,1788293923249,diligent-brook-thrasher,2094762026061201569,1734543139682078720,true,
2094882698519036112,1788293931022,nice-ocean-bullfinch,2094855901354111145,1586807769306374149,true,
2094882702113534010,1788293931879,celebrated-ocean-seagull,2094752787779207210,1860371543626301440,true,
2094882862495342942,1788293970117,cheery-nutmeg-towhee,,,,
2094882892270743632,1788293977217,empathetic-cloud-crow,2094770973623169514,1745124603033497600,true,
2094882893872996788,1788293977598,great-mountain-brushturkey,,,,
2094882897333305622,1788293978424,zappy-winter-thicketbird,2094875340195918145,319598469,true,
2094882903213645977,1788293979825,neighborly-rhubarb-chickadee,2094860949760970848,1516063678759677960,true,
2094882998810546447,1788294433379,cosmic-root-grackle,2094593108755562927,1518709627927633920,false,
2094883055433392155,1788294016117,diligent-brook-thrasher,2094764142741553178,1323893103623852033,true,
2094883063381532893,1788294018012,celebrated-ocean-seagull,2094865166458400882,,true,
2094883064740454630,1788294018337,prudent-cloud-grassbird,2094840027008147684,733310501019627520,true,
2094883067437453560,1788294018979,cheery-nutmeg-towhee,2094839029833277770,55329156,true,
2094883153651302636,1788294039534,great-mountain-brushturkey,2094847066300145895,966665653578067968,true,
2094883411336757697,1788294100971,zappy-winter-thicketbird,2094791925920321575,1094881364887986177,true,
2094883422389109011,1788294103607,tropical-park-osprey,2094853542569972182,1917559689832980481,true,
2094883481440628764,1788294117685,magnanimous-peat-macaw,2094395750042284329,1509148069232742407,true,
2094883558468763653,1788294136050,neighborly-rhubarb-chickadee,2094803091367571877,2080127170803101696,true,
2094883693332725816,1788294168204,excellent-marmalade-oriole,2094763596584542410,1722715461832335360,true,
2094883730909471227,1788294177163,confident-hazelnut-grosbeak,2094535869747319292,1953445384967118848,true,
2094883744335151169,1788294180364,diligent-brook-thrasher,2094798784962220505,1272725816137388035,true,
2094883780741763135,1788294189044,celebrated-ocean-seagull,2094873660699865380,880097678901862401,true,
2094883969057562809,1788294233942,diligent-brook-thrasher,2094813878068666657,,true,
2094884063676895569,1788294256501,celebrated-ocean-seagull,,,,
2094884064990003267,1788294256814,proactive-pistachio-needletail,2094861932826100111,2153468676,false,
2094884216710263028,1788294292988,cheery-nutmeg-towhee,2094878121774198824,317750296,true,
2094884461309514007,1788294351305,great-mountain-brushturkey,,,,
2094884541349425565,1788294370387,magnificent-walnut-citril,2094211116381401198,,true,
2094884641027035211,1788294394153,flying-wind-jacana,2094406541961007538,2268984655,false,
2094884712795828334,1788294411263,zappy-winter-thicketbird,2094816740286836741,2082861811620003840,true,
2094884713781715047,1788294411499,blooming-oak-scaup,2094849373112881543,1446466075709804567,true,true
2094884888906174676,1788294453252,neighborly-rhubarb-chickadee,,,,
2094884940513153198,1788294465556,trusty-passionfruit-bushbird,2093916333943533879,2462889674,false,
2094884961941614952,1788294470664,diligent-brook-thrasher,2094820672862138852,1872038470266306560,true,true
2094885075234308401,1788294497676,convivial-clay-nightjar,2094878191928135874,4802979863,true,
2094885088395718964,1788294500813,celebrated-ocean-seagull,2094850694113034586,1147596946875379712,true,
2094885090518077900,1788294501319,cheery-nutmeg-towhee,,,,
2094885185355391462,1788294523931,cheerful-beech-guillemot,2094783789922754859,1140638482223603712,false,
2094885188971176303,1788294524792,futuristic-foothill-nightjar,2094748720457830523,831707186,true,
2094885263289782604,1788294542511,great-mountain-brushturkey,,,,
2094885290926076347,1788294549101,zappy-winter-thicketbird,2094864055240397276,1694421395386646528,true,
2094885340473651360,1788294560913,futuristic-foothill-nightjar,2094847006342554091,1308211178,true,
2094885428708954406,1788294581951,hardy-pecan-swamphen,2094856606211330299,96877126,true,
2094885434098675826,1788294583235,neighborly-rhubarb-chickadee,,,,
2094885559348990410,1788294613098,diligent-brook-thrasher,2094802656363516410,2058455340547485696,true,
2094885597462573564,1788294622185,celebrated-ocean-seagull,2094861507934724394,1631040569119059970,true,
2094885604601233471,1788294805523,cosmic-root-grackle,,,,
2094885765864104445,1788294662335,trusting-fjord-quail,2094870942610542995,1622975245148737537,true,
2094885824353702376,1788294676279,comforting-coast-raven,2094802718586175831,429227921,true,
2094885900887220374,1788294694526,polished-peppermint-antwren,2094554507439149315,,false,
2094885922353389918,1788294699644,glamorous-prairie-peafowl,2094742823216017615,3292982985,true,
2094886126159081564,1788294748236,encouraging-mint-dipper,2094063739225944245,,false,
2094886180504346998,1788294761192,hypnotic-boulder-pigeon,2083930831652036744,1260022316756434944,true,
2094886233755324650,1788294773889,cheery-nutmeg-towhee,2094690605859250196,28076891,true,
2094886258803626046,1788294779860,great-mountain-brushturkey,2094827887333720136,249010725,true,
2094886269306159559,1788294782364,zappy-winter-thicketbird,2094879734790303886,1921427474,true,
2094886282837008764,1788294785590,animated-ridge-waxbill,2094799675882659989,1873530178049302528,true,true
2094886295269216295,1788294788554,exceptional-mangrove-emu,2094790994323526012,1356609261166616579,true,
2094886329649648083,1788294796751,resilient-moonlight-petrel,2094542556193493006,1879644163769335808,false,false
2094886361186574830,1788294804270,wholesome-raspberry-stilt,2094847066300145895,966665653578067968,true,
2094886373769552044,1788294807270,wholesome-raspberry-stilt,2094694710363205703,2087522645856116736,true,
2094886378953720248,1788294808506,wholesome-raspberry-stilt,2094848274855600202,1499556521457303555,true,
2094886414529732753,1788294816988,neighborly-rhubarb-chickadee,,,,
2094886441880821766,1788294823510,attentive-cactus-frigatebird,2094845457918824884,250801453,true,false
2094886566707568902,1788294853270,splendid-sandalwood-albatross,2094847764739850738,1274441565256265737,true,
2094886699364999560,1788294884899,tectonic-sapling-treepie,2094847066300145895,966665653578067968,true,
2094886717761204424,1788294889285,methodical-brook-skimmer,2094358135959912749,1528872169,true,
2094886994291634276,1788294955215,diligent-brook-thrasher,2094693032151109669,143328179,true,true
2094887070418210967,1788294973364,amazing-marble-eagle,2094791824867004585,777004766777880577,true,
2094887133924495408,1788294988505,profound-grape-woodpecker,2094795949109334394,2022459431817039872,true,
2094887193512935887,1788295197812,cosmic-root-grackle,,,,
2094887260500144353,1788295018683,fortuitous-winter-lark,2094865123265429678,,true,
2094887286655623245,1788295024919,celebrated-ocean-seagull,2094545360836530502,4419993868,true,
2094887298693496907,1788295027790,hypnotic-oak-crow,2094798403624370675,,true,
2094887326912844232,1788295034518,sturdy-cloud-seagull,2091383751683031192,18949452,true,
2094887415378817353,1788295055609,easygoing-island-parrotlet,2094836751982334382,1513410916473192450,true,
2094887500221133211,1788295075837,cheery-nutmeg-towhee,2094777338068124044,295399070,true,
2094887568894550476,1788295092210,genial-beech-crossbill,2094765610680848560,1325908655598936064,true,
2094887619184476163,1788295104200,cherished-almond-peacock,2094496273999032628,62174527,true,
2094887675492704683,1788295248864,cosmic-root-grackle,,,,
2094887695524798794,1788295122401,careful-basswood-quail,2094884035348632009,,true,
2094887710917853678,1788295126071,great-mountain-brushturkey,2094454821176697088,452540168,true,true
2094887902241018218,1788295171686,zappy-winter-thicketbird,2094739495824617735,,true,true
2094888143396770271,1788295229182,humorous-moonlight-hawk,2092859938783506609,1750646975760850945,true,
2094888173994217749,1788295236478,witty-peachtree-tailorbird,2093976614979657822,1533040764527300610,true,
2094888178511704181,1788295237555,strategic-pear-pigeon,2094789004931530781,1472246506614935559,true,
2094888192595935694,1788295240912,frank-daylight-peacock,2094883862945874409,8802752,true,
2094888208077107348,1788295244603,expressive-sequoia-eagle,2094801676683080010,1648455348364410888,true,
2094888384733098387,1788295286721,trusty-passionfruit-bushbird,2094476767813886435,2027843808139087875,true,
2094888605881647454,1788295339447,neighborly-rhubarb-chickadee,2094837746602791084,1494072723001286658,true,
2094888663683338482,1788295353228,encouraging-mint-dipper,2094876627318513839,2361580418,true,
2094888666363768976,1788295353867,academic-apple-flatbill,2094851134246490187,579741408,true,
2094888776976023866,1788295380239,revered-glacier-whistler,2094386979958108379,1013843809384333315,true,true
2094888817886892543,1788295389994,genial-frost-macaw,2094876501204164989,,true,
2094888887445516734,1788295406577,rollicking-moonlight-pelican,2094566639958450414,1808905056894472192,true,
2094888990541226196,1788295431157,diligent-brook-thrasher,,,,
2094889024318017675,1788295439210,celebrated-ocean-seagull,2094853324600422642,1845978020206571520,true,
2094889026452935101,1788295439719,neighborly-rhubarb-chickadee,2094853324600422642,1845978020206571520,true,
2094889172876370011,1788295608277,cosmic-root-grackle,,,,
2094889211987923200,1788295483954,diligent-brook-thrasher,2094842563048165523,53919282,true,
2094889216693903557,1788295485077,celebrated-ocean-seagull,2094855665734787401,248007541,true,
2094889217784484257,1788295485336,masterful-frost-hillstar,2094781884530057585,98346073,true,
2094889276483723722,1788295499332,cheery-nutmeg-towhee,2094868967282139248,1947541851357024256,true,
2094889378741105019,1788295523712,crafty-earth-songbird,2094816427442110873,8802752,true,
2094889395111227469,1788295527615,amiable-island-hornbill,2094057002507079992,1647474433672757248,true,
2094889479894872114,1788295547828,cheery-nutmeg-towhee,2094830668991574480,1847763279994884096,true,
2094889641446953088,1788295586346,great-mountain-brushturkey,2094783297297498382,174646175,true,false
2094889756253413561,1788295613718,efficient-wind-chicken,2094817489188515850,2044854132385705985,true,
2094889828487979431,1788295630939,transcendent-maple-lovebird,2094834708790280650,2767540996,true,
2094889932389052684,1788295655711,zappy-winter-thicketbird,2094572526781239597,1959744344531050496,true,
2094890004833320997,1788295780786,cosmic-root-grackle,2094856215708733828,1686228946986119168,true,
2094890056024526863,1788295685188,academic-apple-flatbill,2094843651029451060,2905232597,true,
2094890169962758390,1788295712353,amicable-summer-crake,2094852332504629715,234113882,true,
2094890237457478066,1788295728445,kind-bamboo-grebe,2094780989381701753,20888115,true,
2094890260631077346,1788295733970,neighborly-rhubarb-chickadee,2094831183930466626,311601642,true,true
2094890354881302644,1788295756442,diligent-brook-thrasher,2094883910341591187,368183883,true,
2094890628412772610,1788295821656,academic-apple-flatbill,2094848972623860133,43910684,true,
2094890651645341788,1788295827195,original-cliff-catbird,2094834879045222879,17469289,true,
2094890708800872535,1788295840822,celebrated-ocean-seagull,2094869035666051414,1544873087971237895,true,
2094890768792014878,1788295855125,cheery-nutmeg-towhee,2094767430622949529,892767878,true,
2094890818033066236,1788295866866,great-mountain-brushturkey,2094833804036735052,64032321,true,
2094890828816953534,1788295869436,giving-raspberry-cardinal,2094874210036482098,1875980871746179072,true,
2094890864057241617,1788295877839,great-mountain-brushturkey,,,,
2094890915613544704,1788295890131,zappy-winter-thicketbird,2094826072705475016,9624742,true,
2094891031032455404,1788295917649,mighty-tigerwood-crane,2094822946602664298,1615029284673814534,true,true
2094891068093255711,1788295926484,gracious-plum-seabird,2094806532999553311,64844802,true,
2094891133709037711,1788295942128,neighborly-rhubarb-chickadee,2094868622317662597,2015360147896537088,true,
2094891211597246535,1788295960699,terrestrial-moon-duck,2094733051519500596,154611570,true,
2094891242828046663,1788295968144,great-mountain-brushturkey,2094794200957038850,4875929793,true,
2094891486202720624,1788296026170,informative-kiwi-snowfinch,2094496273999032628,62174527,false,false
2094891654281064956,1788296212889,cosmic-root-grackle,,,,
2094891655623020693,1788296066563,stunning-cashew-goose,2094862185768104110,1060288423485980672,true,
2094891747688005955,1788296088513,challenging-buckeye-blackbird,2094850506640560545,2688066517,true,
2094891887111131427,1788296121753,beautiful-honeydew-eagle,2092197479957872823,,true,
2094892039456587979,1788296158076,cozy-coast-canary,2094857904524501131,1961132317831008256,true,
2094892114035495145,1788296175857,tropical-rose-hillstar,2094553825176674692,1355721251180961792,false,
2094892159510159849,1788296186698,mannerly-plum-cuckoo,2094176138985972220,1513410916473192450,true,
2094892223901106236,1788296322979,cosmic-root-grackle,2094856215708733828,1686228946986119168,false,
2094892226014830769,1788296202554,mindful-savanna-flamingo,2094847762462573033,1535531114827329536,true,
2094892288803827767,1788296217524,cozy-coast-canary,2094859525492773227,98916203,true,
2094892349339931048,1788296231957,zappy-winter-thicketbird,2094782584974946772,891580645297856512,true,
2094892355350622213,1788296233390,admirable-dune-flameback,2094832908993454088,,false,
2094892414162870737,1788296247413,neighborly-rhubarb-chickadee,2094538763519300093,2051621646507884544,true,
2094892455481024788,1788296257263,informative-kiwi-snowfinch,2094544944245493985,1275304047931727872,true,
2094892475345211464,1788296261999,diligent-brook-thrasher,,,,
2094892522396926290,1788296273217,celebrated-ocean-seagull,2094521588540710929,503623081,true,
2094892555842576728,1788296281191,amusing-papaya-turkey,2094612637887930451,237109267,true,
2094892576444977401,1788296286103,considerate-mist-shearwater,2094806883890528295,1045895131184975872,true,
2094892605641285799,1788296293064,neighborly-rhubarb-chickadee,,,,
2094892651271397411,1788296303943,flying-rhubarb-needletail,2094833919426257292,1250643188618080256,true,
2094892669780521080,1788296308356,cheery-nutmeg-towhee,2094764969111822829,1265679422666964994,true,true
2094892714709918075,1788296319068,great-mountain-brushturkey,2094837717821505706,43755777,true,
2094892755679916406,1788296328836,wholesome-raspberry-stilt,2094704015309152299,2029822613024047104,true,
2094892840685830473,1788296349104,zappy-winter-thicketbird,2094739246024200388,1633431512,true,
2094892843668017621,1788296349814,flexible-glacier-antwren,2094885736080113791,3120207231,true,
2094892896222683410,1788296362345,affable-olive-spurfowl,2094879428815827077,1120750848404000769,true,
2094892909141381143,1788296365424,tremendous-lumber-grassbird,2094877365675442441,,true,
2094892952044630495,1788296375653,neighborly-rhubarb-chickadee,2094866428906160204,1843077680603766784,true,
2094893075235786964,1788296540672,cosmic-root-grackle,,,,
2094893097339486623,1788296410294,polite-isle-kestrel,2094598084194169226,2051621646507884544,false,
2094893135704785263,1788296419442,diligent-brook-thrasher,2094833777759686795,1748403625569742849,true,
2094893168194101252,1788296427187,academic-cedar-falcon,2094806323854508340,158049457,false,
2094893168546525280,1788296427272,respectful-flower-robin,2094651760136835083,,true,
2094893258836967537,1788296448798,celebrated-ocean-seagull,2094827950868963642,2015060918766542848,true,
2094893312713142295,1788296461644,curious-riverbank-meadowlark,2094862525556744414,68740712,true,
2094893390584496393,1788296480210,observant-walnut-flycatcher,2094843412373549480,116247695,true,
2094893475904758063,1788296500551,cheery-nutmeg-towhee,2094806255604752581,2018076544560762881,true,
2094893709917897041,1788296556345,intriguing-citrus-logrunner,2094866225960493189,1482656062146859011,true,
2094893771544567932,1788296571038,effective-twig-bulbul,2094794554973253764,1962527318129389569,true,
2094893803664703514,1788296578695,striking-snow-seabird,2094619932759638108,1931382033818726400,false,
2094893804964737123,1788297090737,cosmic-root-grackle,2094619932759638108,1931382033818726400,false,
2094893903338254517,1788296602459,trusty-beech-lorikeet,2094893085171843514,76766018,true,
2094894078701793687,1788296644269,great-mountain-brushturkey,2094849373112881543,1446466075709804567,true,
2094894149396730107,1788296661125,fascinating-mountain-whistler,2094893207804916150,10671602,true,
2094894171735896151,1788296666450,worldly-slope-recurvebill,2094719953253613611,1959047834,true,
2094894207798530055,1788296675048,active-coral-gull,2094712403988549849,824394932320342019,true,false
2094894352984138081,1788296912933,cosmic-root-grackle,,,,
2094894406532764134,1788296722431,zappy-winter-thicketbird,2094807684038144357,122100073,true,true
2094894501303140742,1788296745025,neighborly-rhubarb-chickadee,2094757451648160037,1300519628528128002,true,
2094894561654943886,1788296759414,diligent-brook-thrasher,2094875169617596743,2074241201704734721,true,
2094894569246658637,1788296761224,diligent-brook-thrasher,2094854452243243326,126991342,true,true
2094894637185896511,1788296777422,celebrated-ocean-seagull,,,,
2094894659663519774,1788296782781,trusty-sunlight-songbird,2094621338505756702,243163874,false,
2094894705221734901,1788296793644,cheery-nutmeg-towhee,2094853422117761421,1975928226989150208,true,
2094894738981769509,1788296801692,celebrated-ocean-seagull,2094685185367318838,1560906482308317187,true,
2094894894036705285,1788296838661,zappy-winter-thicketbird,2094888865609961684,2027843808139087875,true,
2094894998160396334,1788296863486,virtuous-grassland-tailorbird,2094848972623860133,43910684,true,
2094895231275794703,1788296919065,revered-glacier-whistler,2094647870951768252,1929072273509822464,true,
2094895390243897800,1788296956966,neighborly-rhubarb-chickadee,,,,
2094895456102797364,1788296972667,aquatic-trail-kestrel,2094792687119392812,,true,
2094895474595487973,1788296977076,,2094735495502647347,1744941792263327744,true,
2094895495382503809,1788296982032,cheery-nutmeg-towhee,2094889287573745705,2027843808139087875,true,
2094895552567677273,1788296995666,fabulous-elm-finch,2094847135443214446,,true,
2094895612546191471,1788297009966,great-mountain-brushturkey,2094849833131454902,1446466075709804567,true,
2094895662894563532,1788297021970,zappy-winter-thicketbird,2094723229546094726,2035291828669612032,true,
2094895684797546679,1788297027192,gracious-passionfruit-parakeet,2094810008798233061,78085410,true,
2094895727738552400,1788297037431,neighborly-rhubarb-chickadee,,,,
2094895852212961595,1788297067107,tectonic-sapling-treepie,2094601448747143185,1429400366819512323,true,
2094895907519201455,1788297080293,clean-orchard-waterfowl,2094861972076421607,378052796,true,
2094896033796923659,1788297110400,diligent-brook-thrasher,,,,
2094896047977861479,1788297113782,cheery-nutmeg-towhee,,,,
2094896057809334607,1788297116126,great-mountain-brushturkey,2094535869747319292,1953445384967118848,true,
2094896081737838747,1788297121831,enterprising-isle-jacana,2094871688550744466,1343340279718432769,true,
2094896108073894127,1788297128109,celebrated-ocean-seagull,2094626749376303308,1490211598689992705,true,
2094896154580230236,1788297139197,cheery-nutmeg-towhee,2094743422217203818,869530262161567744,true,
2094896171068375439,1788297143128,profound-reef-rooster,2094876514416312603,1137059450014130177,true,
2094896327826038959,1788297180503,great-mountain-brushturkey,2094635137086435819,1351408046086483968,true,
2094896336080613856,1788297182470,inspiring-orchard-nightingale,2094522627390046682,2027843808139087875,true,
2094896455240520049,1788297210880,zappy-winter-thicketbird,,,,
2094896458998640925,1788297211776,neighborly-rhubarb-chickadee,,,,
2094896483799638309,1788297217689,diligent-brook-thrasher,2094890366088413592,1343340279718432769,true,
2094896493480005912,1788297219997,celebrated-ocean-seagull,2094880467283542366,754393222563102720,true,
2094896534806552704,1788297229850,easygoing-island-parrotlet,2094634938641383595,1306687707414966274,true,true
2094896612913086917,1788297248472,cozy-coast-canary,2094867539398365471,1657691309627301894,true,
2094896667153891357,1788297261404,dauntless-lumber-thrasher,2094374657923452987,1706803709525872640,true,
2094896761177338118,1788297283822,magnificent-coral-firetail,2094549166252753040,2011829646707634176,true,true
2094896796497527264,1788297292242,personable-buckeye-sparrowhawk,2094830668991574480,1847763279994884096,true,
2094896802709278733,1788297293723,animated-ridge-waxbill,2094852303354261734,1355721251180961792,true,
2094896875295981926,1788297311029,cozy-coast-canary,2094875241675952399,1627053853983260672,true,
2094896928542654803,1788297323724,cheery-nutmeg-towhee,2094782875501535530,2024565021171470336,true,
2094896954581111265,1788297329932,hypnotic-sand-puffin,2094771392826802184,2887883469,true,
2094897068250714163,1788297357034,great-mountain-brushturkey,,,,
2094897099678638233,1788297364526,patient-hill-drongo,2094843412373549480,116247695,true,
2094897128870907936,1788297371487,easygoing-island-parrotlet,2094529718427218155,,true,
2094897153973891315,1788297377471,winning-winter-bushlark,2094825641514352923,181936367,false,
2094897283288727757,1788297557940,cosmic-root-grackle,,,,
2094897285431783874,1788297408814,zappy-winter-thicketbird,,,,
2094897384837029996,1788297432514,humorous-coast-hummingbird,2094098966115684461,777907120897454080,true,
2094897420953846021,1788297441124,astute-strawberry-kookaburra,2094799076084596886,42678046,true,
2094897429523132469,1788297443167,reserved-tide-bluebird,2094633665632272852,1539916244048125954,true,
2094897482173984815,1788297455720,gracious-passionfruit-parakeet,2094481468508766248,2027843808139087875,true,
2094897511928311935,1788297462814,neighborly-rhubarb-chickadee,2094861923581935842,434689325,true,
2094897538646073824,1788297469184,nimble-coral-tinamou,2094475732114186361,1711732984338878465,false,
2094897557306490961,1788297473633,celebrated-ocean-seagull,,,,
2094897625606623646,1788297489917,cheery-nutmeg-towhee,2094833364851191875,1633162382804414471,true,
2094897692019171480,1788297505751,classy-rosewood-hummingbird,2094629917514400111,18839785,true,
2094897698461634930,1788297507287,neighborly-rhubarb-chickadee,2094476767813886435,2027843808139087875,true,
2094897768946954607,1788297524093,victorious-marble-hummingbird,2094801494415405327,1298913397967290368,true,
2094897952451915776,1788297567843,diligent-brook-thrasher,,,,
2094898058697826709,1788297593174,celebrated-ocean-seagull,2094526388820684975,2046057989065363456,true,
2094898256895463663,1788297640428,cheery-nutmeg-towhee,2094833123007627356,1462545496900349953,true,
2094898511825236073,1788297701208,grand-sapling-francolin,2094041754898923648,1814404106875793408,true,
2094898567513280627,1788297714485,revered-glacier-whistler,2094779441272791480,,true,
2094898610655678849,1788297724771,great-mountain-brushturkey,2094835283694952723,1673368945426874368,true,
2094898615147762036,1788297725842,zappy-winter-thicketbird,,,,
2094898724048695460,1788297751807,neighborly-rhubarb-chickadee,2094877456863776777,2065652901012451328,true,
2094898769737474465,1788297908436,cosmic-root-grackle,2094612456509231490,1360615250,true,
2094898800271966248,1788297769979,matchless-star-albatross,2094122714168451537,,true,
2094899050382229716,1788297829611,exuberant-sequoia-mallard,2094890745014427688,1212783083272855552,false,
2094899066857467938,1788297833539,gracious-passionfruit-parakeet,2094730373607325907,1320313369379954689,true,
2094899101250777411,1788297841738,diligent-brook-thrasher,2094822946602664298,1615029284673814534,true,true
2094899114420904209,1788297844878,celebrated-ocean-seagull,2094602852366753850,1425939065870893065,true,
2094899178329592067,1788297860115,mesmerizing-spring-lovebird,2094893085171843514,76766018,true,false
2094899225804911027,1788297871435,cheery-nutmeg-towhee,,,,
2094899407842128266,1788297914835,excellent-coconut-shearwater,2094823963482583191,249010725,true,true
2094899416759181334,1788297916961,beautiful-honeydew-eagle,2091748257043218829,157057698,true,
2094899784255459614,1788298004579,great-mountain-brushturkey,,,,
2094899827213738315,1788298014821,noble-rain-robin,2094843412373549480,116247695,true,
2094899994159378818,1788298054625,brainy-cedar-pheasant,2094459593858371810,4296903437,true,
2094900130650477015,1788298087166,beloved-foothill-heron,2094867290437099646,1389680593336680452,true,
2094900137021833292,1788298088686,effective-tide-catbird,2094757118507131141,1611087712982818843,false,
2094900244408414662,1788298114289,striking-sunflower-sparrow,2094879734790303886,1921427474,false,
2094900249550573899,1788298115515,energetic-canyon-pheasant,2094373106894688290,,true,
2094900315665342730,1788298131278,zappy-winter-thicketbird,2094851667598491849,463908071,true,
2094900326381797661,1788298133832,neighborly-rhubarb-chickadee,2094546239958200486,1798154287672864769,true,
2094900525947048289,1788298181412,cosmic-spruce-pratincole,2094800018540507147,2084305030484553728,true,
2094900594368823769,1788298197725,modern-sky-skimmer,2094370721946624000,1600401143863336961,true,
2094900766289051993,1788298238715,glowing-garden-flycatcher,2094540868833415628,4519100906,true,
2094900892726428153,1788298268859,futuristic-apple-penguin,2094796632671817835,15944436,true,
2094900938712506433,1788298279823,diligent-brook-thrasher,,,,
2094900988285182138,1788298291642,enterprising-sea-drongo,2094884314664116482,1262867550184116226,true,
2094901157281894433,1788298528991,cosmic-root-grackle,2094132310241079505,257196512,true,
2094901602721071207,1788298438136,zappy-winter-thicketbird,2094764142741553178,1323893103623852033,true,
2094901764512534665,1788298476710,amazing-pineapple-bluejay,2094898534679974175,1488169200,true,
2094901832392856039,1788298492893,sensible-savanna-recurvebill,2094895353862472166,844332836979167233,true,true
2094901905034207615,1788298510212,revered-glacier-whistler,2094797174605525410,,true,
2094901907173081484,1788298510723,neighborly-rhubarb-chickadee,,,,
2094901967323574433,1788298525064,celebrated-ocean-seagull,2094738618417811637,449063773,true,
2094902051675279579,1788298545174,cheery-nutmeg-towhee,,,,
2094902076941979744,1788298551199,trusting-fjord-quail,2094861923581935842,434689325,true,
2094902142788120636,1788298566897,great-mountain-brushturkey,2094748479490769244,16133363,true,
2094902145300443299,1788298567496,diligent-brook-thrasher,2094872103669444742,1808318369226952704,true,
2094902261696569374,1788298595248,zappy-winter-thicketbird,2094699876650987602,2006767830692438016,true,
2094902313118818460,1788298607507,neighborly-rhubarb-chickadee,2094879977455898896,2530835306,true,
2094902342743109691,1788298614570,celebrated-ocean-seagull,2094802473516990703,1436987851,true,
2094902387853152711,1788298625325,wholesome-raspberry-stilt,2094818858653638672,1642769605423939584,true,
2094902397588164651,1788298627646,wholesome-raspberry-stilt,2094873660699865380,880097678901862401,true,
2094902402117980453,1788298628726,wholesome-raspberry-stilt,2094602852366753850,1425939065870893065,true,
2094902403103440970,1788298628961,delightful-mountain-parrot,2094878940024238539,1044647459581038594,true,true
2094902406093865393,1788298629674,diligent-brook-thrasher,,,,
2094902408233242750,1788298630185,wholesome-raspberry-stilt,2094894490809213250,216776631,true,
2094902574050857279,1788299174888,cosmic-root-grackle,,,,
2094902629403123716,1788298682915,logical-star-bullfinch,2094896768525767120,1387497871751196672,false,
2094902813411119577,1788298726786,celebrated-basswood-kingfisher,2094879500718727509,1220474851942682624,true,
2094902814044524670,1788298726937,celebrated-ocean-seagull,,,,
2094902859049414901,1788298737667,cheery-nutmeg-towhee,,,,
2094902886467502371,1788298744205,motivating-chestnut-sparrowhawk,,,,
2094902945846358211,1788298758362,great-mountain-brushturkey,2094816790681378979,1151084197345447936,true,
2094902975017971920,1788299246870,cosmic-root-grackle,2094641397122965980,1369186945469870081,false,
2094903037546381791,1788298780225,neighborly-rhubarb-chickadee,2094864055240397276,1694421395386646528,true,
2094903143683285396,1788298805529,cheery-nutmeg-towhee,,,,
2094903186855207361,1788298996995,cosmic-root-grackle,2094767430622949529,892767878,false,
2094903217356411056,1788298823094,glamorous-birch-cormorant,2094706467521904783,,false,
2094903293537345711,1788298841257,brawny-apricot-seabird,2094860623620477371,978932870,true,
2094903330824679431,1788298850147,ardent-fern-starling,2094881227270402348,1455576852492324872,true,
2094903343512469585,1788298853172,great-mountain-brushturkey,2094747044493824200,6240732,true,
2094903808786563468,1788298964102,diligent-brook-thrasher,2094842541468193075,1603194901,true,
2094903901199708472,1788298986136,celebrated-ocean-seagull,2094858673667674516,1550153387928346625,true,
2094903938986221777,1788298995144,cheery-nutmeg-towhee,2094861363642319208,2050291672907395072,true,
2094903941184057738,1788298995668,zappy-winter-thicketbird,2094861363642319208,2050291672907395072,true,
2094904040786219510,1788299019415,great-mountain-brushturkey,2094849669872369846,,true,
2094904098709553279,1788299033226,zappy-winter-thicketbird,,,,
2094904208348610665,1788299059366,tropical-root-kingfisher,2094735495502647347,1744941792263327744,true,
2094904359150649760,1788299095319,neighborly-rhubarb-chickadee,2094551676430565383,2920720727,true,
2094904622976803145,1788299158220,flowing-peach-falcon,2094764969111822829,1265679422666964994,false,false
2094904645697101887,1788299163637,diligent-brook-thrasher,2094883770164015174,3559894949,true,
2094904720427036710,1788299181455,neighborly-rhubarb-chickadee,2094690605859250196,28076891,true,
2094904745324314919,1788299187391,diligent-brook-thrasher,,,,
2094904814341877944,1788299203845,ecstatic-wind-magpie,2094630386416357388,1263607904378200069,true,
2094904943631376431,1788299234670,vibrant-banana-albatross,2092581317351280825,1007267972459716608,true,
2094904968897843342,1788299240694,fabulous-tide-motmot,2094844217159745594,3319347093,true,false
2094904994332102716,1788299246758,eager-rainforest-scaup,2094811412862525536,1674802292178972675,true,
2094905049428226138,1788299259894,fun-conifer-bushlark,2094800565452611646,1477058348700811268,true,
2094905194207490133,1788299294412,logical-sunlight-motmot,2094778551723827416,,true,
2094905208996282550,1788299297938,authentic-cloud-rooster,2094901603924844932,,true,
2094905273412378720,1788299313296,celebrated-ocean-seagull,,,,
2094905314923470994,1788299323194,musical-maple-flamingo,2094822590967947488,61569136,true,
2094905316756332940,1788299323630,celebrated-ocean-seagull,2094901966153408917,1395859200006311939,true,
2094905342463214031,1788299329759,,2094825546265870439,1575555198524788736,true,
2094905342777794716,1788299329834,cheery-nutmeg-towhee,,,,
2094905443353079859,1788299353813,cheery-nutmeg-towhee,,,,
2094905504275259828,1788299368338,great-mountain-brushturkey,,,,
2094905587536461855,1788299388189,powerful-orchard-hawk,2094717873587363961,2078968782920286208,true,
2094905589457400053,1788299388647,zappy-winter-thicketbird,2094807826350641375,363402480,true,
2094905633938063694,1788299399252,neighborly-rhubarb-chickadee,2094822408867713295,17469289,true,
2094905653131432105,1788299403828,challenging-cove-finch,2094822703933149536,23554832,true,
2094905657728106690,1788299404924,cheery-nutmeg-towhee,,,,
2094905658193658220,1788299618060,cosmic-root-grackle,2094579740636278809,1481110622079266817,false,
2094905685020402047,1788299411431,great-mountain-brushturkey,2094672521429700746,2089847166999343104,true,true
2094905732038557953,1788299422642,zappy-winter-thicketbird,2094899329731309981,1544649684672778240,true,
2094905758949216372,1788299429057,neighborly-rhubarb-chickadee,,,,
2094905820278337902,1788299443679,neighborly-rhubarb-chickadee,2094756889141645466,2064772374281756672,true,
2094905870861672507,1788299455739,diligent-brook-thrasher,,,,
2094906330288922670,1788299565275,celebrated-ocean-seagull,2094648641214623765,20294410,true,
2094906350350275052,1788299570058,tectonic-sapling-treepie,2094748479490769244,16133363,true,
2094906497159381416,1788299605061,admirable-seashore-crane,2094876200548098254,,true,
2094906523222679939,1788299611274,sparkly-hill-parakeet,2094770816562946211,361830564,true,
2094906544609448436,1788299616373,cheery-nutmeg-towhee,2094621271707558129,418039235,true,
2094906554101190942,1788299618636,great-mountain-brushturkey,2094740065918611506,1979596320316043265,true,
2094906623433076897,1788299635167,easygoing-island-parrotlet,2094765300516368535,1916149319947739136,true,
2094906759211356435,1788299667538,zesty-olive-mallard,2094883718347526418,1492240643212472322,true,
2094906759525933536,1788299667613,nice-maple-whistler,2094800584889254036,15675138,true,
2094906797614383318,1788299676694,adaptable-chestnut-nightingale,2093797003943965084,1387110045272449029,false,
2094907071107936741,1788299741900,energetic-lime-thrush,2094867211081134248,822817898267897858,true,
2094907185771802689,1788299769238,animated-ridge-waxbill,2094818858653638672,1642769605423939584,true,
2094907401371541535,1788299820642,jovial-citrus-flamingo,2094691207418884166,2008833197203677184,false,
2094907421785293047,1788299825508,zappy-winter-thicketbird,2094879465549754427,1462093600527994881,true,
2094907470023991410,1788299837010,cosmic-passionfruit-lory,2094885736080113791,3120207231,false,
2094907507638522327,1788299845977,easygoing-island-parrotlet,2094836483911725275,1295939043633528832,true,
2094907658562158734,1788299881960,neighborly-rhubarb-chickadee,2094879428815827077,1120750848404000769,true,
2094907782415736936,1788299911489,diligent-brook-thrasher,2094811412862525536,1674802292178972675,true,
2094907877123104862,1788299934069,diligent-brook-thrasher,2094763580726075836,,true,
2094907894026093045,1788299938100,cozy-coconut-finfoot,2094868598153994570,,true,true
2094908005171224656,1788299964598,trusting-island-lorikeet,2094848470536319471,,true,
2094908027610505464,1788299969949,likable-seashore-kingbird,2094882309451182222,1212783083272855552,true,
2094908177682710846,1788300005728,celebrated-ocean-seagull,,,,
2094908319634780186,1788300039572,easygoing-island-parrotlet,2094822946602664298,1615029284673814534,true,
2094908349330661669,1788300046652,wholesome-raspberry-stilt,2094807361169097080,2027843808139087875,true,
2094908359921287413,1788300049177,wholesome-raspberry-stilt,2094748479490769244,16133363,true,
2094908365910753769,1788300050606,wholesome-raspberry-stilt,2094723229546094726,2035291828669612032,true,
2094908516213338366,1788300086441,daring-granite-hillstar,2094506807880524281,2080127170803101696,true,
2094908534253125988,1788300090741,ardent-spring-tern,2094833496183164959,,true,true
2094909141965840736,1788300235631,celebrated-ocean-seagull,2094864912543596630,374752807,true,
2094909146172625087,1788300236634,cheery-nutmeg-towhee,2094869733250154937,94543804,true,
2094909247469326650,1788300260786,admirable-ocean-cormorant,2094667530367279407,,true,
2094909278842679629,1788300268265,cheery-nutmeg-towhee,2094823243479674916,1944677949028093952,true,
2094909394211230197,1788300295771,radiant-persimmon-mockingbird,2094812425216204931,,true,
2094909404092997978,1788300298127,dazzling-glacier-myna,2094486893538705876,205565258,true,
2094909466248347692,1788300312946,great-mountain-brushturkey,2094800101919314323,2077941742842863616,true,
2094909528408019412,1788300327766,zappy-winter-thicketbird,2094897140451389569,2800216425,true,
2094909533378228350,1788300328952,neighborly-rhubarb-chickadee,2094836966701384069,328749866,true,
2094909578152460330,1788300456941,cosmic-root-grackle,,,,
2094909618984231157,1788300498519,cosmic-root-grackle,,,,
2094909664097943779,1788300360117,remarkable-tide-kestrel,2094525570134519862,3207545212,false,false
2094909686441283625,1788300365444,trusting-fjord-quail,2094861363642319208,2050291672907395072,true,
2094909800861839486,1788300857239,cosmic-root-grackle,2094619932759638108,1931382033818726400,false,false
2094909826698502328,1788300398885,diligent-brook-thrasher,2094870452862640353,1364957012367446026,true,
2094910080672317858,1788300595852,cosmic-root-grackle,,,,
2094910080869179725,1788300459483,celebrated-ocean-seagull,2094904154061779352,1847763279994884096,true,
2094910245369758091,1788300498703,cheery-nutmeg-towhee,2094849693494727019,1446466075709804567,true,
2094910325413830915,1788300517788,great-mountain-brushturkey,,,,
2094910510156173697,1788300561834,great-mountain-brushturkey,2094800540609794301,,true,
2094910512345522359,1788300562355,diligent-brook-thrasher,2094800540609794301,,true,
2094910536819282394,1788300568190,electric-freshwater-starling,2094713457345995015,205565258,true,
2094910605295542780,1788300584516,celebrated-ocean-seagull,2094896862289400129,1352616395675226112,true,
2094910794932568158,1788300629730,cheery-nutmeg-towhee,2094884552778916251,1297832635016912896,true,
2094910830663921813,1788300638249,great-mountain-brushturkey,2094761014738796618,1161272189645180931,true,
2094910944828686839,1788300665467,zappy-winter-thicketbird,2094638354943938604,2344106450,true,
2094910948368929234,1788300666311,beautiful-honeydew-eagle,2091438842654212106,143202850,true,
2094911002055774264,1788300679111,neighborly-rhubarb-chickadee,,,,
2094911066627010864,1788300694507,diligent-brook-thrasher,2094569043483107480,14093707,true,
2094911115465457723,1788300706150,neighborly-rhubarb-chickadee,2094873788366082267,2064899164996059136,true,
2094911123501760908,1788300708067,celebrated-ocean-seagull,2094896319995474259,,true,
2094911218867683677,1788300730803,precious-flower-firefinch,2094827848942993726,1659413809759674368,true,
2094911291588579824,1788300748142,cheery-nutmeg-towhee,2094884165338767770,81202321,true,
2094911322597028344,1788300755534,fearless-tide-nightingale,2094812177253212408,,true,true
2094911343841181847,1788300760600,thoughtful-maple-eagle,2094898369948791273,2004722276659593216,true,false
2094911361834766625,1788300764889,dependable-peach-wheatear,2094671579598717028,18979745,false,
2094911400753729594,1788300774168,diligent-brook-thrasher,,,,
2094911420567790010,1788300778892,happy-creek-thrasher,2094767698786054156,1614952463299391488,true,
2094911441543319717,1788300783894,great-mountain-brushturkey,2094886082789695836,2020281184589172736,true,
2094911458186502495,1788300787861,miraculous-sea-kestrel,2056994502821490706,249010725,true,
2094911554881732752,1788300978310,cosmic-root-grackle,2094759862278242685,,true,
2094911559852003801,1788300812100,zappy-winter-thicketbird,2094679756293992739,3401009959,true,
2094911584967778789,1788300818088,powerful-olive-lorikeet,2094867889207533618,1660728219299971073,true,
2094911661576495171,1788300836353,diplomatic-grapefruit-starling,2094900894093787451,242827267,true,
2094911772461261090,1788300862790,neighborly-rhubarb-chickadee,2094578871777534361,1938708179124109312,true,
2094911807160832185,1788300871064,diligent-brook-thrasher,,,,
2094911817105522959,1788300873434,celebrated-ocean-seagull,2094810128000090240,1953236900908810244,true,
2094911909505999017,1788300895464,kinetic-cedar-kingbird,2094662663372439632,3162932667,false,
2094912174313574843,1788300958599,hypersonic-peat-owl,1428789576026533897,844053374807035905,true,true
2094912291909107976,1788300986637,cheery-nutmeg-towhee,2094693025532235846,1617183407456370690,true,true
2094912399128064409,1788301012199,great-mountain-brushturkey,2094854452243243326,126991342,true,
2094912417469706425,1788301016572,heroic-hillside-thrush,2094720994128564430,2047254328897880064,true,
2094912471945695290,1788301499582,cosmic-root-grackle,,,,
2094912667370877290,1788301276138,cosmic-root-grackle,2090875525887656122,1310964012457353216,false,
2094912707447214148,1788301085708,famous-blueberry-pitohui,2094883718347526418,1492240643212472322,true,
2094912982190796883,1788301151212,zappy-winter-thicketbird,2094805888204972184,,true,true
2094913030702150008,1788301162778,celebrated-ocean-seagull,2094900575582175315,49217025,true,
2094913038306467951,1788301164591,neighborly-rhubarb-chickadee,2094900575582175315,49217025,true,
2094913107646631974,1788301181123,diligent-brook-thrasher,2094774635438948563,18730634,true,
2094913132908949926,1788301187146,celebrated-ocean-seagull,2094845625783160910,1094742534348251136,true,
2094913335338909799,1788301235409,hypnotic-star-goshawk,2094679219406021020,,false,false
2094913341424537755,1788301236860,cheery-nutmeg-towhee,,,,
2094913449432129764,1788301262611,great-mountain-brushturkey,2094883409331982796,1998524099971170304,true,
2094913480298045592,1788301269970,miraculous-hill-nighthawk,2094789445731914057,21817608,true,
2094913560409522187,1788301289070,revered-glacier-whistler,2094732946519539789,815571291814039553,true,
2094913566759367145,1788301290585,zappy-winter-thicketbird,2094866225960493189,1482656062146859011,true,
2094913678936301948,1788301466637,cosmic-root-grackle,2094881277442998610,838938482,true,
2094913723190194272,1788301327881,neighborly-rhubarb-chickadee,,,,
2094913735039091107,1788301330705,cheery-nutmeg-towhee,2094805284640190596,2253756806,true,
2094913855696851094,1788301359472,marvelous-pineapple-lapwing,2094814032523911231,2439192133,true,
2094914242042372165,1788301451585,diligent-brook-thrasher,,,,
2094914341917106488,1788301475396,celebrated-ocean-seagull,,,,
2094914531583471801,1788301520616,cheery-nutmeg-towhee,,,,
2094914641415811423,1788301546802,trusting-fjord-quail,2094800540609794301,,true,
2094914860693819727,1788301599082,legendary-olive-dove,2094526721303216555,8350912,true,
2094914907594477758,1788301610264,notable-water-osprey,2094891163266297998,117798111,true,
2094914997268681092,1788301631645,eccentric-jackfruit-canary,2094537531933036973,1917684236557115396,true,
2094915135840067779,1788301664682,great-mountain-brushturkey,2094802576692695295,1868140934552047616,true,
2094915178097738226,1788301674757,zappy-winter-thicketbird,2094880905156583595,2051621646507884544,true,
2094915184796037185,1788302372804,cosmic-root-grackle,2094870712872026501,1305548473907974150,true,
2094915207868854734,1788301681855,extraordinary-grove-lovebird,2094855074841551347,358786032,true,true
2094915356372721776,1788301717261,cosmic-passionfruit-lory,2094897559453991404,1556751502575898624,true,
2094915389436125242,1788301725144,great-mountain-brushturkey,2094786886833254416,1155455693157208065,true,
2094915468494565597,1788301743993,soothing-plum-kookaburra,2094367529711923278,2030939988121251840,false,
2094915486530011572,1788301748293,neighborly-rhubarb-chickadee,,,,
2094915637197869459,1788301784215,sparkly-honeydew-crimsonwing,2094770816562946211,361830564,false,
2094915681515172047,1788301794781,glowing-spring-falcon,2094912855531201016,3374364357,true,
2094915686904775025,1788301796066,lovely-berry-tailorbird,2094901975259267085,1577498644110008320,true,
2094915767716159853,1788301815333,wholesome-raspberry-stilt,2094839029833277770,55329156,true,
2094915769641369668,1788301815792,diligent-brook-thrasher,,,,
2094915776486518924,1788301817425,wholesome-raspberry-stilt,2094881227270402348,1455576852492324872,true,
2094915786229928045,1788301819747,celebrated-ocean-seagull,2094496233930834331,1669729561095839744,true,
2094915813354463431,1788301826214,cheery-nutmeg-towhee,2094791473590075817,788483539725651969,true,
2094915853430992952,1788301835770,great-mountain-brushturkey,2094900966789148913,2029354317124411392,true,
2094915867675140277,1788301839165,notable-cactus-sunbird,2094907923591745731,807355480188141568,true,
2094915876151808296,1788302045000,cosmic-root-grackle,2094853191267451375,2977083957,true,
2094915961291706836,1788301861486,zappy-winter-thicketbird,2094815375527403931,1819608033103618048,true,
2094916059388399705,1788301884873,refreshing-forest-cacholote,2094387889178386507,1589777534476247041,true,
2094916113754931639,1788301897835,steady-spring-lovebird,2094886742620856606,2001054435251027969,true,
2094916236882665808,1788301927192,zappy-winter-thicketbird,2094815034543153540,1957931583165317120,true,
2094916361223118977,1788301956837,jovial-isle-egret,2092601551080833106,1996148024436031489,true,
2094916364511109304,1788301957620,,2094853191267451375,2977083957,true,
2094916394768879635,1788301964834,sanguine-summer-lark,2094717502701887771,2044837926442307584,true,
2094916428243644783,1788301972815,terrestrial-winter-cacholote,2094739698123989253,1002752469456375808,true,
2094916434937987332,1788301974411,refreshing-forest-cacholote,2094484413224747125,1359842362445295616,true,
2094916545780564353,1788302000839,spunky-star-emu,2094810136804254144,1637402838530760706,true,
2094916609718583337,1788302016083,neighborly-rhubarb-chickadee,2094806752780750864,1985121042155687936,true,
2094916731269472306,1788302200721,cosmic-root-grackle,2094853191267451375,2977083957,true,
2094916768330314219,1788302053898,diligent-brook-thrasher,2094854337683996862,1504493255831994374,true,true
2094916809002508695,1788302063595,neighborly-rhubarb-chickadee,2094803718973637042,18688200,true,
2094916867462709603,1788302077534,diligent-brook-thrasher,2094743422217203818,869530262161567744,true,
2094916935821529383,1788302093831,tectonic-sapling-treepie,2094663008999948645,,true,
2094917075223683290,1788302127068,musical-wind-canary,2094806532999553311,64844802,false,
2094917139979182568,1788302142506,celebrated-ocean-seagull,,,,
2094917234913423467,1788302165140,happy-acorn-warbler,2094848972623860133,43910684,true,
2094917363074318453,1788302195697,cheery-nutmeg-towhee,2094833496183164959,,true,
2094917403226308733,1788302205269,,2094756036829745387,1547929727960199180,true,
2094917413414285703,1788302207698,great-mountain-brushturkey,,,,
2094917487309836569,1788302225316,flexible-bonsai-motmot,,,,
2094917517760430098,1788302232576,valiant-valley-logrunner,2094855074841551347,358786032,true,
2094917597217046991,1788302251520,happy-acorn-warbler,2094840027008147684,733310501019627520,true,
2094917602854293753,1788302252865,zappy-winter-thicketbird,2094869616501596404,2040963756537110529,true,
2094917632713510981,1788302259984,neighborly-rhubarb-chickadee,,,,
2094917676183290133,1788302270347,diligent-brook-thrasher,2094911469947170914,1359055966524891138,true,
2094917745682829577,1788302286917,philosophical-berry-brushturkey,2094774635438948563,18730634,true,
2094917758827782167,1788302290051,celebrated-ocean-seagull,2094905548575543402,1881451105454002176,true,
2094917782202708146,1788302295624,celebrated-ocean-seagull,2094861923581935842,434689325,true,
2094917835684225243,1788302308375,endearing-tree-parrot,2094537633502253069,1710636146894495744,true,
2094917893473361980,1788302322153,cheery-nutmeg-towhee,2094902545848156667,,true,true
2094917898225463797,1788302323286,cheery-nutmeg-towhee,,,,
2094917926168166635,1788302329949,methodical-tree-seedeater,2094845831471894569,1459610389981937669,true,
2094917954064339151,1788302336599,great-mountain-brushturkey,2094739307663683613,2013760525495095298,true,
2094917970078114046,1788302340418,zappy-winter-thicketbird,2094856874491265262,29995610,true,
2094917982904344740,1788302343475,neighborly-rhubarb-chickadee,2094667530367279407,,true,
2094918118480957750,1788302375800,diligent-brook-thrasher,2094764609773167018,1427686715964248069,true,
2094918157420859617,1788302385083,felicitous-sand-oriole,2094862770202193969,1544413677872418820,true,false
2094918169127182465,1788302538190,cosmic-root-grackle,,,,
2094918234000810389,1788302403341,revered-glacier-whistler,2094759290741612906,815571291814039553,true,
2094918296453644348,1788302418231,celebrated-ocean-seagull,2094869012639277102,280333104,true,
2094918321556611088,1788302424216,cheery-nutmeg-towhee,,,,
2094918370831348073,1788302435965,great-mountain-brushturkey,2094901436001771818,221378668,true,
2094918386165686751,1788302439620,philosophical-berry-brushturkey,2094839029833277770,55329156,true,
2094918512187744556,1788302469667,zappy-winter-thicketbird,2094900948153856493,1639006932886343681,true,
2094918712130171348,1788302517337,,2094562328985625072,11347122,true,
2094918811933913337,1788302541131,helpful-marble-softbill,2094049270429319179,2033692386396864512,true,
2094918889612152913,1788302559651,neighborly-rhubarb-chickadee,2094880231203262767,1792314129283190784,true,
2094919089429041423,1788302607292,amicable-papaya-greenbul,2093924912125624789,113737695,true,
2094919121129636328,1788302735509,cosmic-root-grackle,2094883343695278527,330262748,true,
2094919122060530105,1788302615071,diligent-brook-thrasher,2094794689408827828,2591508062,true,
2094919169263251764,1788302626325,celebrated-ocean-seagull,2094779363841511622,1968570382853582848,true,
2094919237445791919,1788302642581,cheery-nutmeg-towhee,2094778976598360189,2051621646507884544,true,
2094919408896409710,1788302683459,great-mountain-brushturkey,2094870712872026501,1305548473907974150,true,
2094919439388962973,1788302690728,creative-aspen-wren,2094917104948392210,,true,
2094919467151061260,1788302697348,zappy-winter-thicketbird,,,,
2094919534478012442,1788302713399,supportive-sunlight-crow,2094844998923501576,,true,
2094919680188117088,1788302887605,cosmic-root-grackle,,,,false
2094919977824358434,1788302819101,neighborly-rhubarb-chickadee,2094870599717867737,2049243072169406464,true,
2094920018144219219,1788302828715,diligent-brook-thrasher,2094870372709487101,1988694978676289540,true,
2094920048226046138,1788302835887,amicable-papaya-greenbul,2094367480332575188,1379763512,true,
2094920161346355668,1788303043597,cosmic-root-grackle,,,,
2094920282263941477,1788302891685,courteous-lowland-skylark,2094621813108044032,2045654384088883200,false,
2094920305219350573,1788302897158,nimble-beech-bunting,2094376472236708098,1171941576932642817,true,
2094920454490468836,1788302932748,amazing-strawberry-bushlark,2094751014503190955,1282509001926692864,true,
2094920850981929162,1788303027279,cozy-poplar-nightjar,2094494800594485414,49407341,true,
2094920884695822673,1788303035316,celebrated-ocean-seagull,2094830969576374476,,true,true
2094920902018240943,1788303039447,lovely-berry-tailorbird,2094882768547451341,1587112753881354242,true,
2094921005298790772,1788303586472,cosmic-root-grackle,2057514184372551688,16635277,true,
2094921200690479338,1788303110655,cheery-nutmeg-towhee,2094787872838574398,2049076183732490240,true,
2094921225256530309,1788303116513,aquatic-star-tern,2094851134246490187,579741408,true,
2094921330139562304,1788303141518,amiable-forest-egret,2094678466621063622,2077230757018562560,true,
2094921401735979056,1788303158588,great-mountain-brushturkey,,,,
2094921425966551068,1788303164365,zappy-winter-thicketbird,2094786354848678328,4406708903,true,
2094921526181064789,1788303188259,neighborly-rhubarb-chickadee,2094900590824358296,1681839188671442945,true,
2094921749825454342,1788303241579,diligent-brook-thrasher,2094718403504165145,2040407865635098624,true,
2094921908265607313,1788303279354,observant-cedar-tanager,2094903932019708212,72609319,true,
2094921934094143878,1788303285512,energizing-poplar-sunbird,2094593108755562927,1518709627927633920,false,
2094921989085610162,1788303424390,cosmic-root-grackle,2094782098309513275,4486093643,true,
2094922126411116947,1788303331364,inspiring-avocado-eagle,2094176138985972220,1513410916473192450,false,false
2094922149253296632,1788303336810,celebrated-ocean-seagull,2094907213957439663,1240801003181690884,true,
2094922281340318110,1788303368303,great-mountain-brushturkey,2094901236491567415,1560033899488722944,true,
2094922283940798577,1788303368922,cheery-nutmeg-towhee,2094901236491567415,1560033899488722944,true,
2094922350726934669,1788303514334,cosmic-root-grackle,2094871664148263165,23784804,false,
2094922431387332832,1788303404076,gracious-mesa-recurvebill,2094800584889254036,15675138,false,
2094922493345636814,1788303418848,great-mountain-brushturkey,2094871664148263165,23784804,true,
2094922528875561128,1788303427319,zappy-winter-thicketbird,2094665561145823652,,true,
2094922553609384162,1788303433217,neighborly-rhubarb-chickadee,2094760115622846751,2081066490682396672,true,
2094922603253403805,1788303445053,futuristic-river-puffin,2094895353862472166,844332836979167233,false,
2094922616200962277,1788303448139,diligent-brook-thrasher,2094772262100693206,1778792270692556801,true,
2094922641790374374,1788303454241,celebrated-ocean-seagull,2094890278385590596,1289913893595291648,true,
2094922739698090380,1788303477584,cheery-nutmeg-towhee,2094882768547451341,1587112753881354242,true,
2094922820623241539,1788303496878,magnetic-autumn-wren,2094862770202193969,1544413677872418820,false,
2094923041461461038,1788303549529,great-mountain-brushturkey,,,,
2094923093743419872,1788303561994,zappy-winter-thicketbird,2094761081990205497,1143857685781200897,true,
2094923367724012030,1788303627316,frank-melon-stilt,2094827482633646106,,true,
2094923438674592168,1788303644233,neighborly-rhubarb-chickadee,,,,
2094923457846796668,1788303648804,logical-autumn-tern,2094905548575543402,1881451105454002176,true,
2094923608766488647,1788303807680,cosmic-root-grackle,2094629461538791777,1468405479873605632,false,
2094923621932409293,1788303687924,vivacious-raspberry-thrush,2094823573764407527,1504113983028174854,false,
2094923661329186962,1788303697317,diligent-brook-thrasher,2094825109403947237,1169664359628509184,true,
2094923802882769216,1788303731067,daring-peppermint-flamingo,2094603746495906220,1680636043148554240,false,
2094923810432598126,1788303732867,celebrated-ocean-seagull,2094816057789698193,2029213457544015872,true,
2094923833048219921,1788303738259,celebrated-ocean-seagull,2094900938540540172,1024353990379745281,true,
2094923941840130078,1788303764196,cheery-nutmeg-towhee,2094832842287263866,2088374910473359360,true,
2094924168034693535,1788303818125,great-mountain-brushturkey,2094823309405794492,1609482918203723779,true,
2094924290877686153,1788303847413,spunky-rain-swift,2094833364851191875,1633162382804414471,false,
2094924292118962353,1788304310751,cosmic-root-grackle,2085963447947149452,2083507716430147584,true,
2094924321403633949,1788303854691,sensible-isle-brushturkey,2094576699744621040,183625065,true,
2094924344292004205,1788303860148,innovative-highland-bunting,2094915519191429210,2466279320,true,false
2094924420896968789,1788303878413,sturdy-strawberry-wren,2094793032809992371,1986483024322830336,true,
2094924428404560211,1788303880203,zappy-winter-thicketbird,2094910483484541168,1550153387928346625,true,
2094924443529146703,1788303883808,masterful-seawater-bulbul,2094707834768269361,1982757033347817472,true,
2094924492430581906,1788303895467,hilarious-dune-swamphen,2093498649791582496,464167887,true,true
2094924576740327780,1788304028745,cosmic-root-grackle,,,,
2094924651189109202,1788303933318,suave-apple-stilt,2094401321600192713,1193022502009819137,true,true
2094924753249132724,1788303957651,magnificent-sapling-songlark,2094910483484541168,1550153387928346625,true,
2094924783586521104,1788303964885,zappy-winter-thicketbird,2094901567270834355,1677520391286190082,true,
2094924799185211606,1788303968604,poised-banana-pipit,2094817395072516119,1917559689832980481,true,
2094924973479501936,1788304010159,neighborly-rhubarb-chickadee,2094914748231889036,1429883608706203649,true,
2094924987341656499,1788304533783,cosmic-root-grackle,2094619932759638108,1931382033818726400,false,false
2094925177574592575,1788304058819,caring-aspen-hoopoe,2094867156458762677,824307994196262916,true,false
2094925319262081041,1788304092600,beloved-maple-magpie,2094890370026885522,1552795969959636992,true,false
2094925328628043994,1788304094832,diligent-brook-thrasher,2094921035099594844,781609133153722369,true,
2094925344130097255,1788304098528,celebrated-ocean-seagull,2094687356120903846,173199373,true,
2094925688083972483,1788304321464,cosmic-root-grackle,,,,
2094925693909934097,1788304181922,independent-garden-triller,2094857399274279004,2041527740784873472,true,
2094925802907598952,1788304207909,stoic-grapefruit-barbet,2094563502031536613,1355963617951297548,true,
2094925859551330807,1788304221414,heroic-glacier-treepie,2094764961075486822,45823110,true,
2094926131254194376,1788304286194,cheery-nutmeg-towhee,2094801469425774761,1609212286475837443,true,
2094926157485371564,1788304292447,great-mountain-brushturkey,,,,
2094926303610704380,1788304327287,natural-root-grosbeak,2094805430505517434,,false,
2094926637036872113,1788304406781,careful-basswood-quail,2094923923322261716,,true,
2094926663037718897,1788304412980,agile-bamboo-conebill,2094857830557684096,632475061,true,
2094926691802009896,1788304419838,zappy-winter-thicketbird,2094855389686739405,1604687316257210372,true,
2094926700362809398,1788304421880,relatable-pineapple-lory,2094818857235947679,1234903345745272832,true,
2094926721908654156,1788304427016,natural-horseradish-quetzal,2094893062602498363,2056862211335987200,true,
2094926726681731291,1788304428154,heartwarming-rainforest-thicketbird,2094772037222859182,917893531771064320,true,
2094926741341171804,1788304431650,methodical-tree-seedeater,2094609872855740866,1963742528429051905,true,
2094926752611262717,1788304434336,enjoyable-mango-crow,2094726080645234741,1590731664975859714,true,
2094926773926654254,1788304439418,chirpy-twig-canary,2094901863338463639,10671602,true,
2094926830486646840,1788304452903,neighborly-rhubarb-chickadee,2094865427578957859,,true,
2094926833905012916,1788304453719,easygoing-island-parrotlet,2094821035111538765,1590275860224958464,true,true
2094926907573694873,1788304471283,neighborly-rhubarb-chickadee,2094847311092580368,2027843808139087875,true,
2094926984824443155,1788304489700,diligent-brook-thrasher,2094774618922025040,,true,
2094927012724969540,1788304496352,celebrated-ocean-seagull,2094902243539460558,1157545116095143936,true,
2094927030907228567,1788304500687,cheery-nutmeg-towhee,2094837266539548843,3074396561,true,
2094927244229501047,1788304551547,great-mountain-brushturkey,2094882478872002680,1453811299691884549,true,
2094927267323343321,1788304557053,animated-ridge-waxbill,2094826326964293889,1864919261983989760,true,
2094927285237244363,1788304561324,practical-elm-crow,2094873283199902040,65562484,true,true
2094927309933363408,1788304567212,zappy-winter-thicketbird,,,,
2094927333404647902,1788304572809,neighborly-rhubarb-chickadee,,,,
2094927411364192716,1788304591395,diligent-brook-thrasher,2094514205378634118,1348062595073323011,true,
2094927414128157043,1788304592054,celebrated-ocean-seagull,2094514205378634118,1348062595073323011,true,
2094927427889742136,1788304595335,cheery-nutmeg-towhee,2094860906630901997,1510828313828335617,true,
2094927442607792473,1788304967711,cosmic-root-grackle,2094894002633900186,1267854060608200710,false,
2094927467035476470,1788304604669,enjoyable-mango-crow,2094697857941164321,,true,
2094927706907427150,1788304661859,great-mountain-brushturkey,2094866226568642771,1766240902551609344,true,
2094927728747155690,1788304667065,cheerful-cedar-puffin,2094530286226682172,,true,
2094928002714870066,1788304732384,zappy-winter-thicketbird,2094879428815827077,1120750848404000769,true,
2094928003554013557,1788304732585,courageous-acorn-kestrel,2094810171184713819,1925492814718140417,true,
2094928022591725619,1788304737123,tectonic-sapling-treepie,2094865934024687868,745708855481425920,true,
2094928030128857315,1788304738920,outgoing-dogwood-finfoot,2094878920881414584,1411669080,true,false
2094928153932423619,1788304768437,cool-seawater-chicken,2094886170865856740,31700619,true,
2094928159905067057,1788304769861,alert-raspberry-egret,2094813009369538820,102244899,true,
2094928201919152576,1788305170725,cosmic-root-grackle,,,,
2094928234882150547,1788304888295,cosmic-root-grackle,2094842380402774450,1428557264831590403,false,
2094928280822370462,1788304798690,neighborly-rhubarb-chickadee,,,,
2094928289093779503,1788304800662,intriguing-cave-citril,2094581626244149310,1927159295516278784,true,true
2094928355489358146,1788304816492,diligent-brook-thrasher,2094583623567433738,1204556231580569602,true,
2094928507075739898,1788304852633,celebrated-ocean-seagull,2094729996539416667,1978242210488619008,true,
2094928702941344163,1788304899331,celebrated-ocean-seagull,2094743487522685256,132947534,true,
2094928746067210634,1788304909613,easygoing-fern-cacholote,,,,
2094928788253491604,1788304919671,wholesome-beech-bittern,2094891128873226397,197496309,true,false
2094928807815750000,1788304924335,cheery-nutmeg-towhee,2094922384729911547,1558555145310437376,true,
2094928820109541422,1788304927267,miraculous-sea-kestrel,2093300764328493545,249010725,true,
2094928874840957092,1788304940315,musical-tigerwood-robin,2094890370026885522,1552795969959636992,false,
2094928904955805885,1788304947496,great-mountain-brushturkey,,,,
2094928992612585539,1788304968394,zappy-winter-thicketbird,2094591076539519061,2060624253872156672,true,
2094929004897743061,1788304971323,neighborly-rhubarb-chickadee,2094824805220729026,2045232802325581824,true,
2094929014867497219,1788304973700,diligent-brook-thrasher,2094686810110677174,1340122352101646337,true,
2094929043518792116,1788304980531,celebrated-ocean-seagull,,,,
2094929070962204749,1788304987074,cheery-nutmeg-towhee,2094659436589748604,95014181,true,
2094929104114233346,1788304994978,quick-rain-chickadee,2094892110210064608,1633162382804414471,true,
2094929105586462857,1788304995330,noble-watermelon-cacholote,2094855607258157212,2012900421275365376,true,
2094929223202824311,1788305023371,great-mountain-brushturkey,,,,
2094929431571706283,1788305073050,zappy-winter-thicketbird,2094896965381140503,1327630782035341314,true,
2094929446864105760,1788305076697,cheery-nutmeg-towhee,2094730977507512469,1924236185762988032,true,
2094929485372039539,1788305085877,neighborly-rhubarb-chickadee,2094683751561527336,1497957307061317640,true,
2094929886603362713,1788305181539,involved-cactus-swan,2094663008999948645,,true,
2094929890504061150,1788305182468,harmonious-lumber-turkey,2094907219456283116,852487234171404288,true,
2094929893062574384,1788305183078,comical-granite-osprey,2094875699303649486,1981270038817693696,true,
2094929939724460078,1788305194203,temperate-chestnut-nighthawk,2094724492136476971,1427313128384045071,true,
2094930140467798505,1788305242064,diligent-brook-thrasher,2094908079410405467,1364069006207025152,true,
2094930394496057721,1788305302630,imaginative-peat-bulbul,2094723402544390433,1964134084566978560,false,
2094930405275107531,1788305305199,celebrated-ocean-seagull,2094684774204150182,2080661814933880832,true,
2094930687077810253,1788305372386,cheery-nutmeg-towhee,,,,
2094930838643155043,1788305598508,cosmic-root-grackle,,,,
2094931204789121200,1788305495818,considerate-mist-shearwater,2094837486824394788,1232831855038214149,true,
2094931304366178805,1788305519559,upstanding-dune-shearwater,2094866725678240028,1111901164487000064,false,
2094931431973683549,1788305549983,great-mountain-brushturkey,2094820268891894017,2057183948367695872,true,
2094931483341328504,1788305562231,zappy-winter-thicketbird,2094844913699508323,1679219079205253121,true,true
2094931830231240971,1788305644935,celebrated-ocean-seagull,,,,
2094932008145141950,1788305687353,hypersonic-beach-pratincole,2094919012169728379,1544873087971237895,true,
2094932017934733483,1788305689687,cheery-nutmeg-towhee,2094691954319618227,,true,
2094932065158402382,1788305700947,great-mountain-brushturkey,2094764961075486822,45823110,true,
2094932068056658092,1788305701637,doughty-spruce-goose,2094516973442875541,201940526,true,
2094932098603749413,1788305708920,mesmerizing-cove-hillstar,2094781173411246543,1456163056829046785,true,
2094932190962262098,1788305730941,splendid-mesa-nighthawk,2094900894093787451,242827267,false,
2094932201213403157,1788305733385,trusting-fjord-quail,2094724645459234906,2010953171485802498,true,
2094932279969656855,1788305752161,elated-olive-parrot,2094831048488075610,1747720736918196224,true,
2094932384923705848,1788305777184,zappy-winter-thicketbird,2094887337448632618,104105131,true,
2094932390141456771,1788305778429,neighborly-rhubarb-chickadee,,,,
2094932452720402826,1788305793349,flying-marble-seabird,2094913050147012648,701117744373243906,true,
2094932492356587795,1788305802798,diligent-brook-thrasher,2094919070827319652,835896083041644545,true,
2094932524451385421,1788305810450,inquisitive-peanut-turkey,2093621218553594321,985689212,true,true
2094932645268349089,1788305839255,great-mountain-brushturkey,2094868118698897510,1947073426210123776,true,
2094932686057918593,1788305848980,celebrated-ocean-seagull,2094842380402774450,1428557264831590403,true,
2094932844468384108,1788305886748,extraordinary-juniper-raven,2094817266319958242,1375396777348698115,true,
2094932997199851884,1788305923162,realistic-bonsai-cuckoo,2094874210036482098,1875980871746179072,false,
2094933001301844291,1788305924140,intellectual-berry-goose,2094892551837044912,1200616796295847936,true,true
2094933161897828478,1788305962429,enlightened-peppermint-softbill,2094528379458625742,23515896,true,
2094933208613974494,1788306132585,cosmic-root-grackle,2094531367119835538,3247652319,true,true
2094933335298719833,1788306003771,beloved-redwood-murrelet,2094923358345494749,179574390,true,false
2094933435211030761,1788306027592,worldly-cloud-seagull,2094206712936886704,582230335,true,
2094933496200417557,1788306042133,flying-marble-seabird,2094699183978537309,80820758,true,
2094933738840891655,1788306099983,cheery-nutmeg-towhee,,,,
2094933784512569462,1788306110872,great-mountain-brushturkey,2094752870243447285,1360561588495859712,true,
2094933844994531594,1788306125292,zappy-winter-thicketbird,2094755715860590657,743452002,true,
2094933853441778066,1788306127306,neighborly-rhubarb-chickadee,2094835566684582353,,true,
2094933866389594518,1788306130394,diligent-brook-thrasher,2094535273145151948,2904132347,true,
2094934021083947013,1788306167275,celebrated-ocean-seagull,2094528537135104195,1229600073295618048,true,
2094934039991869745,1788306171783,gleeful-valley-swift,2094803338458206626,55326534,true,
2094934240332853609,1788306219549,cheery-nutmeg-towhee,2094912589847318749,1429883608706203649,true,
2094934337019887737,1788306242600,great-mountain-brushturkey,2094857723514957831,1592229611332681731,true,
2094934356661850310,1788306247283,zappy-winter-thicketbird,2094874533232808204,991194840338714625,true,
2094934449041396201,1788306269308,neighborly-rhubarb-chickadee,,,,
2094934568222466386,1788306297723,diligent-brook-thrasher,2094629049599472114,1776567046311927808,true,
2094934813996109858,1788306356320,celebrated-ocean-seagull,2094861648393875954,,true,
2094934863732228325,1788306368179,zappy-winter-thicketbird,2094757592358957487,129349957,true,
2094934865800011945,1788306368672,cheery-nutmeg-towhee,2094757592358957487,129349957,true,
2094934885580283927,1788306373388,great-mountain-brushturkey,,,,
2094934907277430889,1788306378560,inventive-seedlings-crake,2094779087789170975,1586020168752324610,true,
2094934934536257883,1788306385060,zappy-winter-thicketbird,,,,
2094935036340383851,1788306409332,neighborly-rhubarb-chickadee,2094757183388819643,1574269554271797249,true,
2094935057769042263,1788306414440,diligent-brook-thrasher,2094886963501572437,2088374910473359360,true,
2094935079672053833,1788306419662,grand-holly-stilt,2094881965254029635,1888038607975268352,false,
2094935308517470281,1788306587042,cosmic-root-grackle,2094132310241079505,257196512,true,
2094935392701026677,1788306494294,celebrated-ocean-seagull,,,,
2094935483273052360,1788306515888,wise-kelp-pelican,2094660262435639614,613324890,true,
2094935490877136909,1788306517702,cheery-nutmeg-towhee,2094766177591365803,731854377720250372,true,
2094935495771902044,1788306518868,great-mountain-brushturkey,2094925365797933201,1550153387928346625,true,
2094935547579916714,1788306531220,sincere-moon-myna,2094921480244961326,14171352,true,
2094935567951679538,1788306536077,delightful-sea-blackbird,2094919310351204805,1271497757455499264,true,true
2094935723279614417,1788306573111,friendly-flower-crane,2093304218698633281,365379554,true,
2094935790438470045,1788306589123,zappy-winter-thicketbird,2094647698393895334,1648497870818136065,true,
2094935792757919795,1788306589676,diligent-brook-thrasher,2094647698393895334,1648497870818136065,true,
2094935859082527094,1788306605488,confident-grass-parrot,2094666776130830728,1277288422281932800,false,
2094936015882350840,1788306642872,tectonic-sapling-treepie,2094883528617889940,3315264553,true,
2094936076812984657,1788306657399,neighborly-rhubarb-chickadee,2094859274488779110,1060353222081216513,true,
2094936251585683726,1788306699069,incomparable-dogwood-kookaburra,2094050385698681150,,true,
2094936572978139301,1788306874806,cosmic-root-grackle,,,,
2094936631325110415,1788306789606,upbeat-passionfruit-wigeon,2094573165678612959,366983012,true,
2094936762988576859,1788306820997,celebrated-ocean-seagull,2094817395072516119,1917559689832980481,true,
2094936784576639200,1788306826143,accomplished-jackfruit-skimmer,2094833707152511381,63497004,true,
2094936796643701150,1788306829020,animated-ridge-waxbill,2094886097528516820,1923746645549678592,true,true
2094936859826594077,1788306844085,cheery-nutmeg-towhee,2094878622431473884,889831292623360000,true,
2094937155521102231,1788307076483,cosmic-root-grackle,2094782098309513275,4486093643,false,
2094937181248704574,1788306920717,animated-ridge-waxbill,2094910483484541168,1550153387928346625,true,
2094937346743373890,1788306960174,celebrated-ocean-seagull,2094918839079182477,1494072723001286658,true,
2094937405807608277,1788306974256,easygoing-island-parrotlet,2094625692193362035,1536711647313678336,true,
2094937618316206188,1788307024922,,2094842380402774450,1428557264831590403,true,
2094937725778407535,1788307050543,great-mountain-brushturkey,2094915945202340091,2042667544939515905,true,
2094937822012617133,1788307073487,zappy-winter-thicketbird,2094700580254204070,2084910121080279040,true,
2094937836856263058,1788307210152,cosmic-root-grackle,2094883343695278527,330262748,true,
2094938059233960305,1788307130045,easygoing-island-parrotlet,2094902545848156667,,true,
2094938126103843014,1788307145988,studious-canyon-woodpecker,2094895128452182338,1617189620181082112,true,
2094938206588240039,1788307165177,bubbly-lemon-triller,2094856991596286019,16170253,true,
2094938304495956156,1788307188520,smart-iceberg-chickadee,2094891128873226397,197496309,false,
2094938407717699852,1788307213130,neighborly-rhubarb-chickadee,2094931961458422136,889095804312469505,true,
2094938419772190917,1788307216004,dependable-cypress-swamphen,2094805690120352042,18576537,true,
2094938577616425455,1788307253637,diligent-brook-thrasher,,,,
2094938620759019953,1788307374545,cosmic-root-grackle,2094916776869924934,2093113414474235904,true,
2094938955112448177,1788307343640,explorative-chestnut-egret,2094765396129894545,982219497401532416,true,
2094938957394145765,1788307344184,noble-nectarine-cotinga,2094624470950674719,57028854,true,
2094939002453299567,1788307354926,great-mountain-brushturkey,2094870372709487101,1988694978676289540,true,true
2094939011236102521,1788307357020,cheery-nutmeg-towhee,2094794794308448261,1947056833979432961,true,
2094939034615157059,1788307362594,zappy-winter-thicketbird,2094898111512502378,1022660824907825153,true,
2094939046019580037,1788307365314,neighborly-rhubarb-chickadee,2094838610285445486,1707846312169709569,true,
2094939146674380834,1788307389312,diligent-brook-thrasher,2094835346655543396,725865266966614018,true,
2094939237346881971,1788307410930,celebrated-ocean-seagull,,,,
2094939246566297719,1788307569732,cosmic-root-grackle,,,,
2094939305378521242,1788307427149,cheery-nutmeg-towhee,,,,
2094939330263261562,1788307433082,wholesome-raspberry-stilt,2094910483484541168,1550153387928346625,true,
2094939343995728099,1788307899317,cosmic-root-grackle,2094674075633524781,736790296160243712,false,
2094939353449677278,1788307438610,lionhearted-field-magpie,2094902545848156667,,false,
2094939370172146038,1788307442597,great-mountain-brushturkey,2094839036254831041,1378663163630129152,true,true
2094939372348965052,1788307443117,zappy-winter-thicketbird,2094839036254831041,1378663163630129152,true,
2094939404154380428,1788307450699,zappy-winter-thicketbird,2094915251275813193,1550153387928346625,true,
2094939428833628625,1788307456584,neighborly-rhubarb-chickadee,,,,
2094939465709940792,1788307465375,consistent-coast-heron,2094911633097175052,4020276615,true,false
2094939583360164124,1788307493425,diligent-brook-thrasher,,,,
2094939659327689016,1788307666856,cosmic-root-grackle,2094550338179105093,3438774495,false,
2094939767431409775,1788307537311,celebrated-ocean-seagull,2094831794776571965,1651386864316579843,true,
2094939901284298844,1788307569224,dauntless-mangrove-puffleg,2094879734790303886,1921427474,true,
2094939907500441835,1788308042007,cosmic-root-grackle,2094682114373357617,1193531224553377792,true,
2094939935614685564,1788307577409,cheery-nutmeg-towhee,2094929643702739201,247374600,true,
2094940050379424057,1788307604771,peppy-trail-hoopoe,2094923358345494749,179574390,false,
2094940067164746021,1788307608773,great-mountain-brushturkey,2094772063487607035,1427800990300790791,true,
2094940109745299922,1788307618925,zappy-winter-thicketbird,,,,
2094940141160726947,1788307626415,composed-park-dove,2094921480244961326,14171352,true,
2094940319192158343,1788307668862,neighborly-rhubarb-chickadee,2094775371069546588,877989357029924864,true,
2094940328692203572,1788307671127,diligent-brook-thrasher,2094867950264262822,,true,
2094940421612855632,1788307693281,splendid-daylight-tern,2094850007232880641,1667133088957079554,true,
2094940430164975883,1788307695320,neighborly-rhubarb-chickadee,2094803878243876997,1543531119294939137,true,
2094940450436301183,1788307700152,classy-twig-redstart,2094859277148053586,2280185067,false,
2094940513874960762,1788307715277,celebrated-ocean-seagull,2094897332743708946,2065273364583796736,true,true
2094940516475404578,1788307715898,diligent-brook-thrasher,,,,
2094940551670075493,1788307724288,wise-kelp-pelican,2094661902383419555,1200992191985795073,true,
2094940663997497849,1788307751070,cheery-nutmeg-towhee,2094778398145126465,1899656992970665984,true,
2094940673380135134,1788307753306,great-mountain-brushturkey,2094800964163101032,812058121531179008,true,
2094940805450362971,1788307784795,zappy-winter-thicketbird,2094875690588094858,383144838,true,
2094940808780644423,1788307785589,neighborly-rhubarb-chickadee,,,,
2094940835246645325,1788307791898,diligent-brook-thrasher,,,,
2094940849545081168,1788307795307,celebrated-ocean-seagull,2094871664148263165,23784804,true,
2094940958437593500,1788307821269,cheery-nutmeg-towhee,2094789445731914057,21817608,true,
2094940980512268496,1788307826533,great-mountain-brushturkey,2094790994323526012,1356609261166616579,true,
2094941079694987773,1788307850179,zappy-winter-thicketbird,2094791244283027771,484394000,true,
2094941290672652381,1788307900480,genius-rainfall-cormorant,2094883528617889940,3315264553,false,
2094941438836363462,1788307935806,neighborly-rhubarb-chickadee,2094852241928655206,,true,
2094941465826746369,1788307942240,dauntless-mangrove-puffleg,,,,
2094941475851100296,1788307944631,diligent-brook-thrasher,2094786354848678328,4406708903,true,
2094941523075072305,1788307955889,enthralling-mesa-sparrow,2094918163938861511,2024117225976963072,true,
2094941526837121438,1788307956787,celebrated-ocean-seagull,,,,
2094941590376616031,1788307971935,cheery-nutmeg-towhee,2094609351541416200,,true,
2094941783926956254,1788308018081,zappy-winter-thicketbird,,,,
2094941959030763888,1788308059829,funny-winter-pipit,2094884434004594804,517843380,true,
2094942031776768299,1788308077174,endearing-peat-owl,2094834879045222879,17469289,true,
2094942112601022584,1788308096444,neighborly-rhubarb-chickadee,2094927568885707072,1287395737588957186,true,
2094942209476850125,1788308119540,prodigious-sand-pelican,2094811156116341000,1584717503212781569,true,
2094942228514824696,1788308124079,diligent-brook-thrasher,2094916776869924934,2093113414474235904,true,
2094942261209596315,1788308131874,authentic-lemon-wigeon,2094547103083270314,192077908,true,
2094942531389989217,1788308196290,observant-sky-egret,2094605359063421045,562773398,true,
2094942588738404696,1788308209963,resilient-winter-condor,2094503328021368982,730160684118331392,true,
2094942748780769464,1788308667792,cosmic-root-grackle,,,,
2094942895467798625,1788308283093,celebrated-ocean-seagull,,,,
2094942897552449759,1788308283590,cheery-nutmeg-towhee,2094663011801719277,,true,
2094942901100749078,1788308284436,celebrated-ocean-seagull,2094733509763944477,1635799366144327682,true,
2094942903118274607,1788308284918,great-mountain-brushturkey,2094733509763944477,1635799366144327682,true,
2094943024581071009,1788308313877,zappy-winter-thicketbird,2094834481693692025,18670970,true,
2094943273424970160,1788308373205,sociable-garden-puffbird,2094600907233063114,39692424,true,
2094943538949603555,1788308436511,stoic-rainfall-wader,2094521258377695291,1558653067964325888,true,
2094943574852809044,1788308621016,cosmic-root-grackle,,,,
2094943615105610030,1788308454668,neighborly-rhubarb-chickadee,2094919010194206951,,true,
2094943673435721965,1788308468575,keen-flower-crow,2094923280532549961,1495970846418034688,true,
2094943789911540101,1788308496345,diligent-brook-thrasher,2094614517904773496,47766759,true,
2094943841543462956,1788308508655,celebrated-ocean-seagull,,,,
2094943843611242649,1788308509149,diligent-brook-thrasher,2094825135819698621,758114193895665664,true,
2094943856827490459,1788308512299,cheery-nutmeg-towhee,,,,
2094944152748200343,1788308582852,bubbly-root-eagle,2094936698798895265,809124436880322561,true,
2094944415923961922,1788308645598,great-mountain-brushturkey,2094847836081000887,,true,
2094944563655844234,1788308680821,zappy-winter-thicketbird,2094798029924544735,27161090,true,true
2094944604520919152,1788308690563,neighborly-rhubarb-chickadee,2094884168249299020,24958437,true,
2094944746699391349,1788308724461,diligent-brook-thrasher,2094940279669198975,93910940,true,
2094944780413272276,1788308732499,celebrated-ocean-seagull,2094617936967446724,1758056192486608896,true,
2094944840324718988,1788308746783,cheery-nutmeg-towhee,2094864625049231404,18688200,true,
2094945072907161950,1788308802235,great-mountain-brushturkey,2094738661237768282,,true,
2094945193849966783,1788308831070,zappy-winter-thicketbird,2094851872402166182,,true,
2094945307322638539,1788308858125,neighborly-rhubarb-chickadee,,,,
2094945366894330335,1788308872328,diligent-brook-thrasher,2094857469747200492,,true,true
2094945425279098884,1788308886247,celebrated-ocean-seagull,2094913000838680611,2022332096698556416,true,
2094945485328953520,1788308900564,cheery-nutmeg-towhee,2094668910406795506,,true,
2094945678866759994,1788308946707,great-mountain-brushturkey,2094782577714278484,1949747945907302400,true,
2094945942067974603,1788309009459,pioneering-fern-pipit,2094749981362262293,981543070897287168,true,
2094946038113091664,1788309032358,astute-cliff-hillstar,2094795700450054577,144376833,false,
2094946100008419419,1788309047116,zappy-winter-thicketbird,,,,
2094946165095555157,1788309062633,philosophical-berry-brushturkey,2094617936967446724,1758056192486608896,true,
2094946187468013946,1788309067967,neighborly-rhubarb-chickadee,,,,
2094946193168068747,1788309069326,peachy-apple-macaw,2094916359817679055,957155726241271808,true,
2094946302379663520,1788309095365,temperate-cloud-dove,2094777519320813659,,true,
2094946416942628995,1788309122678,,2094614517904773496,47766759,true,
2094946499515855179,1788309142365,diligent-brook-thrasher,2094894364832977330,1568871671074889728,true,
2094946534081102202,1788309150606,celebrated-ocean-seagull,2094900824241762395,,true,
2094946591857644007,1788309164382,cheery-nutmeg-towhee,,,,
2094946618193961375,1788309170660,diligent-beech-falcon,2094776489061519680,,true,true
2094946621268070741,1788309171394,great-mountain-brushturkey,2094913491375145337,1772984966642565120,true,
2094946671973044239,1788309183483,celebrated-ocean-seagull,,,,
2094946676272206329,1788309184507,zappy-winter-thicketbird,,,,
2094946750054211912,1788309202098,neighborly-rhubarb-chickadee,2094869174593933431,36134224,true,
2094946759059406887,1788309204245,cheery-nutmeg-towhee,2094925158712492233,1335593368911540228,true,
2094946772363698561,1788309207418,tectonic-sapling-treepie,2094682114373357617,1193531224553377792,true,true
2094946960746717503,1788309252331,delightful-sea-blackbird,2094934000733229416,1271497757455499264,true,
2094947011044725024,1788309264324,great-mountain-brushturkey,2094908079410405467,1364069006207025152,true,
2094947280541417553,1788309328575,diligent-brook-thrasher,,,,
2094947292377731127,1788309331398,zappy-winter-thicketbird,2094583623567433738,1204556231580569602,true,
2094947471130501414,1788309374016,hardworking-jackfruit-emu,2093812672353771555,1989406815277518852,true,
2094947601472770505,1788309405092,animated-ridge-waxbill,2094797015230132281,2094586834944712705,true,
2094947601749557316,1788309405158,celebrated-ocean-seagull,2094691052301021644,1808040574567829506,true,
2094947792972136780,1788309450749,great-mountain-brushturkey,2094730977507512469,1924236185762988032,true,
2094947898018443489,1788309475794,zappy-winter-thicketbird,,,,
2094947932198093000,1788309483944,dynamic-cove-mallard,2094047703638716520,1780073248686043136,true,
2094947947142160752,1788309487507,neighborly-rhubarb-chickadee,2094820268891894017,2057183948367695872,true,
2094947966515548314,1788309492125,benevolent-juniper-goldfinch,2094871664148263165,23784804,false,
2094948031712071944,1788309507670,supreme-pine-stork,2094920030475653567,1953677953977790468,true,
2094948118320062758,1788309528318,,2094792387180609871,1327630782035341314,true,
2094948124884079031,1788309681042,cosmic-root-grackle,,,,
2094948216030601534,1788309551614,zappy-acorn-redstart,2094808465189274001,1899469291763769344,true,true
2094948302831730814,1788310021582,cosmic-root-grackle,,,,
2094948350650892358,1788309583710,energetic-harvest-tailorbird,2094597244771033540,49849732,false,
2094948600300388473,1788309807506,cosmic-root-grackle,2094808775492256109,991570683585966080,true,
2094948636274643108,1788309651808,famous-grass-songbird,2094496273999032628,62174527,false,
2094949139884695950,1788309771878,neighborly-rhubarb-chickadee,2094895732763541935,1863643097646690304,true,
2094949310320300391,1788309812514,diligent-brook-thrasher,2094763155373097342,80396134,true,
2094949342461206589,1788309820176,celebrated-ocean-seagull,2094853939619565981,1252326476554186752,true,
2094949403010142603,1788309834613,cheery-nutmeg-towhee,2094938356677513505,1071484733543079936,true,
2094949523370250532,1788309863308,agile-creek-needletail,2094631167953936678,243794322,true,
2094949670837436896,1788309898468,great-mountain-brushturkey,2094842282075689221,1198117298176954368,true,true
2094949810965274692,1788309931877,authentic-cherry-seabird,2094936063445983395,849732866070110208,true,true
2094949869463150643,1788309945823,mesmerizing-highland-rooster,2094275588563550472,1340909966350110722,true,
2094949882754744670,1788309948992,hilarious-buckeye-flamingo,2094842222675956219,1507122304093982722,true,
2094949909078384799,1788309955268,logical-reef-firefinch,2094782336001019908,1577476751550447617,true,
2094949934822826181,1788309961406,zappy-winter-thicketbird,2094929771750670836,1633162382804414471,true,
2094949949150576754,1788310144386,cosmic-root-grackle,,,,
2094950155812216979,1788310185492,cosmic-root-grackle,2094882664675176844,991699753,true,
2094950228768268297,1788310031488,hypersonic-tomato-waxbill,2094800018540507147,2084305030484553728,true,
2094950256127488017,1788310038011,neighborly-rhubarb-chickadee,2094832510379405615,1180892997170421761,true,
2094950265590018194,1788310040268,sturdy-strawberry-wren,2094793033426608402,1986483024322830336,true,
2094950288541257859,1788310045739,authentic-cherry-seabird,2094901567270834355,1677520391286190082,true,
2094950634650747375,1788310128259,diligent-brook-thrasher,2094917830647107759,1738916624126906368,true,
2094950733787672670,1788310151895,peppy-berry-firefinch,2094873688868806772,1703488761089191936,true,
2094950753131549169,1788310156506,celebrated-ocean-seagull,2094690735446712626,2071583960510201857,true,
2094950848971334089,1788310179356,balanced-orchard-albatross,2094756036829745387,1547929727960199180,true,
2094950857922273386,1788310181491,versatile-walnut-woodpecker,2094472624319480309,,true,true
2094950872371343719,1788310184935,motivating-sunflower-hummingbird,2094914925391233055,1200616796295847936,true,
2094950895871983752,1788310190539,innovative-persimmon-parrotlet,2094853191267451375,2977083957,true,
2094950918705840412,1788310195983,motivating-sunflower-hummingbird,2094803878243876997,1543531119294939137,true,
2094950983470350599,1788310211423,versatile-walnut-woodpecker,2094452991889748249,872603882,true,
2094951088138899939,1788310236378,transcendent-harvest-songlark,2094883528617889940,3315264553,true,
2094951113426424198,1788310391735,cosmic-root-grackle,,,,
2094951132191682800,1788310246881,appreciative-seashore-cockatoo,2094793917397078372,3233166738,true,
2094951142148972962,1788310249255,cheery-nutmeg-towhee,2094845787255804178,466145821,true,
2094951180912803915,1788310258497,transcendent-harvest-songlark,2094902545848156667,,true,
2094951241541464478,1788310272953,great-mountain-brushturkey,2094808436752158905,,true,
2094951266359103779,1788310278870,diligent-brook-thrasher,2094850956462551162,2083272182226894848,true,
2094951268653363604,1788310279417,zappy-winter-thicketbird,2094850956462551162,2083272182226894848,true,
2094951295803126060,1788310285890,neighborly-rhubarb-chickadee,2094820165435441261,,true,
2094951321858175020,1788310292101,shining-seedlings-owl,2094826326964293889,1864919261983989760,true,
2094951396705521720,1788310309946,celebrated-ocean-seagull,,,,
2094951401134698582,1788310311002,shining-seedlings-owl,2094792387180609871,1327630782035341314,true,
2094951545314144679,1788310345377,resplendent-roots-fantail,2094557517338599474,1923035628561629184,true,
2094951572081885540,1788310351760,diligent-brook-thrasher,2094936063445983395,849732866070110208,true,true
2094951714139033799,1788310385628,effervescent-almond-guillemot,2094433390464573714,,true,
2094951723232084344,1788310387796,transcendent-guava-drongo,2094800565452611646,1477058348700811268,true,
2094951816035434884,1788310409922,frank-horseradish-softbill,2094850007232880641,1667133088957079554,false,
2094951912063865032,1788310432817,beloved-maple-magpie,2094784385316696246,33608041,true,
2094951929877008528,1788310437065,celebrated-ocean-seagull,2094919112111657041,337354088,true,
2094952036592673155,1788310462507,cheery-nutmeg-towhee,,,,
2094952038958346616,1788310463071,great-mountain-brushturkey,,,,
2094952067370803498,1788310469845,flourishing-cloud-finch,2094608378911973757,1468640816,true,
2094952102120308778,1788310629396,cosmic-root-grackle,,,,
2094952115533971889,1788310481328,mighty-forest-songlark,2094716397054242820,2063118606096084992,true,
2094952133661528478,1788310485651,dexterous-prairie-pelican,2094879126645559333,2044926470296838144,true,
2094952167597920671,1788310493741,trusting-fjord-quail,2094925158712492233,1335593368911540228,true,
2094952306911420438,1788310526956,suave-autumn-parrot,2094904426787991771,,true,
2094952341464354948,1788310729860,cosmic-root-grackle,,,,
2094952499631272059,1788310572904,zappy-winter-thicketbird,2094776489061519680,,true,
2094952531226935770,1788310580438,great-mountain-brushturkey,2094943205154308156,1564971760675688448,true,
2094952581311168608,1788310592378,zappy-winter-thicketbird,2094901059416195331,1642502751765557248,true,
2094952613615718432,1788310600081,playful-holly-motmot,2094933010806169942,1501064209097969664,true,
2094952808797872266,1788310646615,authentic-cherry-seabird,2094900476055585195,2162812627,true,
2094952847800758645,1788310858451,cosmic-root-grackle,2089354663368032661,2923138983,true,
2094952875801645116,1788310662590,neighborly-rhubarb-chickadee,,,,
2094952878444077258,1788310663220,diligent-brook-thrasher,2094875496660316353,1992533020721795072,true,
2094952920592589139,1788310673269,diligent-brook-thrasher,,,,
2094953006332621036,1788310693712,celebrated-ocean-seagull,2094912047225979164,889095804312469505,true,
2094953046342316337,1788310843559,cosmic-root-grackle,2094909816993120411,991570683585966080,true,
2094953169692577951,1788310732659,thankful-pomegranate-bluejay,2094742947862642767,218434058,true,
2094953390727921922,1788310785358,celebrated-ocean-seagull,,,,
2094953433887560015,1788310795648,transparent-prairie-flameback,2094787458202238997,1628222897041932291,true,
2094953471174643794,1788310804539,cheery-nutmeg-towhee,2094838607236178103,2094197035029204992,true,
2094953501201780765,1788310811697,great-mountain-brushturkey,2094871326540321119,1071527296572551168,true,
2094953744068657453,1788310869602,zappy-winter-thicketbird,2094732908120375775,1119711496542593024,true,
2094953768366612912,1788310875395,winged-brook-parrot,2094599454884352358,1874651863,true,
2094953830706212865,1788310890258,strategic-ice-raven,2094937476561268976,1725603993630466050,true,
2094953901434782145,1788310907121,neighborly-rhubarb-chickadee,2094848583707029878,100866746,true,true
2094954012055404844,1788310933494,diligent-brook-thrasher,2094882664675176844,991699753,true,
2094954038529814933,1788310939807,celebrated-ocean-seagull,,,,
2094954064614183055,1788310946026,cheery-nutmeg-towhee,2094944588238926083,1568378988837621761,true,
2094954095429791984,1788310953373,great-mountain-brushturkey,,,,
2094954229328740395,1788310985296,zappy-winter-thicketbird,2094932077804405181,1786208284133011457,true,
2094954335725601166,1788311010664,cheery-nutmeg-towhee,2094619485894496566,1935664364251754496,true,
2094954339924156491,1788311011664,neighborly-rhubarb-chickadee,2094619485894496566,1935664364251754496,true,
2094954389257761203,1788311477873,cosmic-root-grackle,2093150272830750904,20641934,true,
2094954694120554928,1788311096111,diligent-brook-thrasher,,,,
2094954839415382045,1788311130752,excellent-peat-bluebird,2094833092137488572,260016002,true,
2094955011377627440,1788311171752,empowered-poplar-lapwing,2094920901691150786,14594813,true,
2094955156471492864,1788311206344,winged-brook-parrot,2094761094271172689,432098693,true,
2094955189136404675,1788311214132,great-mountain-brushturkey,2094909816993120411,991570683585966080,true,
2094955191418151198,1788311214676,celebrated-ocean-seagull,2094697494852890751,1386270274014769156,true,
2094955351229546956,1788311252778,cheery-nutmeg-towhee,2094687672753107170,1936873056,true,
2094955358032670925,1788311254400,carefree-seedling-songlark,2094886080658981133,23138365,true,
2094955493693260064,1788311286745,great-mountain-brushturkey,2094847385243353469,,true,
2094955496138748078,1788311287327,victorious-moon-finch,2094870071306862845,714593554589421568,true,
2094955511640907910,1788311291023,winged-brook-parrot,2094737272058912874,432098693,true,
2094955626040345014,1788311318298,fortuitous-autumn-snowfinch,2094872342660894917,46833479,true,
2094955657627852941,1788311325829,fascinating-forest-cardinal,2094357392301732235,2810979570,true,
2094955799135023112,1788311359567,zappy-winter-thicketbird,2094777795692110220,1949747945907302400,true,
2094955818970148997,1788311364297,winged-brook-parrot,2094711463038296526,432098693,true,
2094956015691198682,1788311411199,genial-honeydew-frigatebird,2094907233599361494,1619560751072509952,true,
2094956100202209477,1788311431347,neighborly-rhubarb-chickadee,2094950842134626538,1828379843936845824,true,
2094956136583635259,1788311440022,grand-cactus-blackbird,2094884552778916251,1297832635016912896,false,
2094956200999993575,1788311455380,whimsical-leaf-owl,2094851149585121494,,true,
2094956241810526447,1788311465109,admirable-pineapple-egret,2094837460547027269,,true,true
2094956347120930960,1788311490217,superb-desert-heron,2094884470008533089,4081106480,true,
2094956406315053324,1788311504331,diligent-brook-thrasher,2094922418787610725,1400209106175250434,true,
2094956465153069438,1788311518358,felicitous-nectarine-wren,,,,
2094956574997377397,1788311544547,vibrant-passionfruit-falcon,2094953338903101604,17991051,true,
2094956747593011456,1788311585697,animated-ridge-waxbill,2094928454189760927,1494072723001286658,true,false
2094956760687579446,1788311588819,celebrated-ocean-seagull,2094781053302935588,60761799,true,
2094956782137327810,1788311593934,cheery-nutmeg-towhee,,,,
2094957041576026493,1788311655788,animated-ridge-waxbill,2094602852366753850,1425939065870893065,true,true
2094957145326247982,1788311680525,zappy-winter-thicketbird,2094914561455628656,1958416917796147200,true,true
2094957166549741963,1788311685584,vibrant-banana-albatross,2094658717405053092,388711034,true,
2094957349307904507,1788311729158,vibrant-passionfruit-falcon,2094937322701623797,1512306276,true,
2094957362859921603,1788311984624,cosmic-root-grackle,,,,
2094957387257930014,1788311738206,tectonic-sapling-treepie,2094900476055585195,2162812627,true,
2094957498985824688,1788311764843,precious-hillside-firetail,2094881227270402348,1455576852492324872,false,false
2094957630154314216,1788311796116,vibrant-passionfruit-falcon,2094616131101138964,1512306276,true,
2094957670406950972,1788311805713,terrific-watermelon-kite,2094627111298351144,1769038350470500353,true,
2094957690338283629,1788311810465,animated-ridge-waxbill,2094932077804405181,1786208284133011457,true,
2094957701293863007,1788311813077,encouraging-raisin-duck,2094927173291262415,1268325895,true,
2094957794671902949,1788311835340,felicitous-nectarine-wren,2094899483930964478,,true,
2094957893778842022,1788311858969,great-mountain-brushturkey,2094670523536134364,2054562724244267010,true,
2094957950120935864,1788312224359,cosmic-root-grackle,2094818581166907871,463489708,false,
2094957982186426641,1788311880048,easygoing-island-parrotlet,2094936063445983395,849732866070110208,true,true
2094957996929327558,1788311883563,vibrant-passionfruit-falcon,2094917540648513823,1568392726122561537,true,
2094958127858991520,1788311914778,flying-honeydew-meadowlark,2092139391364018570,2026787766248550401,true,
2094958329101472111,1788311962758,animated-ridge-waxbill,2094901567270834355,1677520391286190082,true,
2094958435628675536,1788311988157,knowledgeable-elm-penguin,2094666385599443399,1747809072001482752,true,
2094958439881462039,1788311989170,zappy-winter-thicketbird,2094916964544135230,,true,true
2094958444876865540,1788311990361,neighborly-rhubarb-chickadee,2094948008617996607,4025212220,true,
2094958466855272804,1788311995602,tremendous-mint-pitohui,2094843107661516819,49145792,true,
2094958507552366738,1788312005304,diligent-brook-thrasher,2094795949109334394,2022459431817039872,true,
2094958639563800772,1788312036779,cheery-nutmeg-towhee,2094685185367318838,1560906482308317187,true,
2094958658853478906,1788312041377,animated-ridge-waxbill,2094821555176161382,2027843808139087875,true,false
2094958889515258342,1788312096371,hearty-peppermint-goose,2094639093070344519,781367901676793857,true,
2094959012878209222,1788312125784,kind-sand-firetail,2094590008288244107,50572685,true,
2094959134630183159,1788312154811,great-mountain-brushturkey,2094781086446305751,1268212491714277379,true,
2094959175503589754,1788312164557,zappy-winter-thicketbird,,,,
2094959203215454304,1788312171164,neighborly-rhubarb-chickadee,2094843968072585432,847165884829487104,true,
2094959326792421783,1788312200627,dependable-leaf-raven,2094956901519753279,44487762,true,
2094959443632881773,1788312228483,courteous-tide-hawk,2094909722700943569,384516213,true,
2094959475379888505,1788312236053,motivating-chestnut-sparrowhawk,,,,false
2094959516026630369,1788312245743,devoted-valley-quetzal,2094817560349049082,2055986591932260352,true,
2094959660264542455,1788312280133,diligent-brook-thrasher,2094950465976856792,2035894944834244608,true,true
2094959716376125738,1788312629255,cosmic-root-grackle,2094913210235133978,,true,
2094959772797640816,1788312306963,celebrated-ocean-seagull,2094815896393138277,336100306,true,
2094959781144363313,1788312308952,melodious-birch-oriole,2094921480244961326,14171352,false,false
2094959903597293596,1788312338147,winged-snow-wren,2094732636350791933,1316079401012989952,true,
2094959941165461576,1788312347104,cheery-nutmeg-towhee,2094610664274694587,1295436178343301121,true,
2094960130836021642,1788312392325,great-mountain-brushturkey,2094936892475076654,1351661284048199687,true,
2094960148770861317,1788312396601,zappy-winter-thicketbird,2094866060767855032,,true,
2094960169054515642,1788312401437,neighborly-rhubarb-chickadee,2094888938075000884,1863643097646690304,true,
2094960246737510414,1788312419958,worldly-peachtree-turkey,2094946870493892721,1471232930,true,false
2094960404552200576,1788312457585,diligent-brook-thrasher,,,,
2094960600174522626,1788312504224,celebrated-ocean-seagull,2094825014453313964,773537285916729348,true,
2094960680826700149,1788312523454,cheery-nutmeg-towhee,,,,
2094960685406884069,1788312524545,great-mountain-brushturkey,2094818581166907871,463489708,true,
2094960696828309948,1788312666777,cosmic-root-grackle,2094909110018085344,2088374910473359360,true,
2094960857503650213,1788312565576,patient-peach-ibis,2094902360363372797,183625065,true,
2094960913392566609,1788312578901,zappy-winter-thicketbird,2094827260192624842,1670569612491075586,true,
2094960920631951468,1788312580628,neighborly-rhubarb-chickadee,,,,
2094961059819847811,1788312613812,neighborly-rhubarb-chickadee,2094798208031756436,1789755552991416321,true,
2094961451022901752,1788312970655,cosmic-root-grackle,2094733100081184957,1987865560471019522,true,
2094961690450215014,1788312764166,diligent-brook-thrasher,2094922325367894039,2037998774815948800,true,
2094961852531016154,1788312802809,dauntless-aspen-kookaburra,2094731769786589477,1304293491338428416,true,
2094961944075587715,1788312824635,celebrated-ocean-seagull,,,,
2094962088170914001,1788312858990,cheery-nutmeg-towhee,2094847836081000887,,true,
2094962131510698074,1788312869323,motivating-chestnut-sparrowhawk,2094853191267451375,2977083957,true,
2094962145314165192,1788312872614,hearty-pineapple-conebill,2094919982777782682,10671602,true,false
2094962162682745193,1788312876755,graceful-lychee-firefinch,2094891302269669830,1644733779825532928,true,
2094962205468848180,1788312886956,great-mountain-brushturkey,2094857469747200492,,true,
2094962207750787329,1788312887500,notable-lemon-ibis,2094940906348568859,205565258,true,
2094962323224162769,1788312915031,radiant-mango-treepie,2082022262182649938,,true,
2094962413057515532,1788313105048,cosmic-root-grackle,,,,
2094962441407115602,1788313075137,cosmic-root-grackle,2094959209003545002,,false,
2094962563025129585,1788312972205,witty-mint-kite,2094757592358957487,129349957,true,
2094962760689791374,1788313019332,zappy-winter-thicketbird,2094899679263625308,1680189947402231808,true,true
2094962857918201877,1788313042512,authentic-cherry-seabird,2094795949109334394,2022459431817039872,true,
2094962867527451065,1788313044803,sensible-frost-fantail,2094644770429915198,1956939549608919040,true,
2094962968500871611,1788313068877,neighborly-rhubarb-chickadee,2094696496558190614,1454333819977228295,true,true
2094963354523643980,1788313160912,charitable-rainfall-wheatear,2094948540988502098,96752532,true,
2094963421783454152,1788313176948,courteous-redwood-kite,2094883528617889940,3315264553,false,
2094963433938493593,1788313179846,diligent-brook-thrasher,2094838859951419639,1665414046042972162,true,
2094963436924837945,1788313180558,celebrated-ocean-seagull,2094832698808258935,1725137521351266304,true,
2094963475999039921,1788313189874,cheery-nutmeg-towhee,,,,
2094963986961662240,1788313311697,respectful-raspberry-owl,2094658048551788998,1112806505219227650,false,
2094963995061223867,1788313313628,curious-sand-crane,2094838746214490478,3304837423,true,
2094964064971632741,1788313330297,diligent-brook-thrasher,2094908157407404238,,true,
2094964301471809915,1788313386683,polished-hillside-bluebird,2094913225556918595,14594813,true,
2094964480379961543,1788313429337,worthy-plum-tern,2094935815113543814,1087757588622651397,true,true
2094964499438551367,1788313433881,great-mountain-brushturkey,2094884770819756449,1082334352711790593,true,
2094964623019577519,1788313463345,cheery-nutmeg-towhee,2094838859951419639,1665414046042972162,true,
2094964690816307700,1788313479510,zappy-winter-thicketbird,,,,
2094964693471252553,1788313480142,neighborly-rhubarb-chickadee,,,,false
2094964695790670234,1788313480695,diligent-brook-thrasher,2094952977450619141,1641433637865283584,true,
2094964764598280320,1788313497100,celebrated-ocean-seagull,2094810151563739609,1972657286230237184,true,true
2094964878746263758,1788313524315,cheery-nutmeg-towhee,2094909110018085344,2088374910473359360,true,
2094964913693176261,1788313532648,great-mountain-brushturkey,,,,
2094964981519221142,1788313548818,zappy-winter-thicketbird,2094733100081184957,1987865560471019522,true,
2094965103590305828,1788313577923,neighborly-rhubarb-chickadee,2094913435645378812,87027640,true,
2094965199346274809,1788313600752,diligent-brook-thrasher,2094877257731096870,2084640269409062912,true,true
2094965215637160212,1788313604636,authentic-cherry-seabird,2094755715860590657,743452002,true,
2094965274323853314,1788313731118,cosmic-root-grackle,2094946270771044749,1293015055622115336,false,
2094965374336778690,1788313642474,pleasant-granite-conebill,2094843968072585432,847165884829487104,false,
2094965389994189003,1788313646206,motivating-chestnut-sparrowhawk,,,,
2094965619372229045,1788313700894,celebrated-ocean-seagull,2094674409030361346,60000481,true,
2094965707096359330,1788313721809,helpful-jacaranda-bluebird,2094934218581406108,,true,
2094965828621890007,1788313750783,cheery-nutmeg-towhee,2094847389060284756,452245969,true,
2094965848129642629,1788313755435,great-mountain-brushturkey,2094818345346306550,2073772646563815424,true,
2094965946146345130,1788313778803,diligent-brook-thrasher,,,,
2094966110852379127,1788313818073,celebrated-ocean-seagull,2094825588901155231,2060700995383152640,true,
2094966151264579822,1788313827708,peaceful-plum-wader,,,,false
2094966217672925414,1788313843541,upstanding-kiwi-flamingo,2094365209427140730,1990084177988063232,true,
2094966562444742821,1788313925740,cheery-nutmeg-towhee,2094900513976328313,1829202395538042880,true,
2094966628085616990,1788313941390,great-mountain-brushturkey,2094853939619565981,1252326476554186752,true,
2094966817143865711,1788313986465,zappy-winter-thicketbird,2094895732763541935,1863643097646690304,true,true
2094966936907968517,1788314015019,easygoing-island-parrotlet,2094896319995474259,,true,
2094967012095148346,1788314032946,harmonious-lagoon-raven,2094502735932473721,2042322177479819264,true,
2094967242010091546,1788314087761,joyous-water-snowfinch,2094936021221720445,1830286985467965440,true,
2094967252575723721,1788314194497,cosmic-root-grackle,2094950801693184109,4627222575,false,
2094967257281761375,1788314091402,colorful-rose-wren,2094759022310150308,754718787237281792,false,
2094967272485851597,1788314095028,neighborly-rhubarb-chickadee,2094823699048231395,1174592320022482944,true,
2094967345563226386,1788314112450,easygoing-island-parrotlet,2094755715860590657,743452002,true,
2094967450873835828,1788314137559,diligent-brook-thrasher,,,,
2094967595342672259,1788314172003,colorful-rose-wren,2094773788156330194,312696314,false,
2094967819662168445,1788314225484,great-mountain-brushturkey,2094922703266320453,,true,
2094967876704677937,1788314239085,,2094944665921347656,224351791,true,
2094968024885342636,1788314274413,celebrated-ocean-seagull,2094932521624404466,249869716,true,
2094968301772234896,1788314340429,,2094818581166907871,463489708,true,
2094968395640832359,1788314362809,eccentric-apricot-pigeon,2094647817499189688,2046987468432347136,false,
2094968448396972060,1788314375386,cheery-hillside-bluejay,2094689061328003482,220026837,true,
2094968595591647266,1788314410480,flying-coral-grebe,2094830354683109528,1107091988,true,
2094968596598550954,1788314410720,innovative-oak-cacholote,2094807684038144357,122100073,false,false
2094968603896406119,1788314412460,animated-ridge-waxbill,2094432336469442607,,true,
2094968787174916313,1788314456157,beloved-maple-magpie,2094616988148478454,880602945632575488,true,
2094968952459784405,1788314495565,jazzy-magnolia-kookaburra,2094913125724115049,1571174195370803201,true,
2094969076527546484,1788314525144,vibrant-banana-albatross,2094378784602423308,,true,
2094969119414075438,1788314535369,zappy-winter-thicketbird,2094733972119204080,1184062532354367488,true,
2094969125508370800,1788314536823,cheery-nutmeg-towhee,2094955538996228100,3177285932,true,
2094969130763817049,1788314538075,pleasant-seedlings-triller,2094963797584654689,1716669615638552576,true,false
2094969133620208126,1788314538756,great-mountain-brushturkey,,,,
2094969169250811996,1788314547251,elegant-jackfruit-spoonbill,2094913784447897776,1151913018936053760,true,
2094969224053604356,1788314560317,zappy-winter-thicketbird,2094935552709542159,1240324158,true,
2094969299320401945,1788314578262,practical-bamboo-warbler,2094922379659248103,3122038558,true,
2094969326004518985,1788314584624,neighborly-rhubarb-chickadee,2094713896011772314,1251096367545511937,true,
2094969635850297358,1788314658497,trusting-wind-seabird,2094907213957439663,1240801003181690884,true,true
2094969643559444718,1788314660336,diligent-brook-thrasher,2094623686485746127,1710869436276609024,true,
2094969790146449646,1788314695285,cordial-riverbank-lovebird,2094848129153528147,217749896,true,
2094969874577518706,1788314715414,admirable-rainfall-pipit,2094722640896274892,1565471830793756673,true,
2094970233760993498,1788314801050,valiant-ridge-bullfinch,2094920901691150786,14594813,false,
2094970300714615158,1788314817013,peaceful-marble-kingbird,2094725635268657656,2753154182,true,
2094970666353148171,1788314904188,celebrated-ocean-seagull,2094628027208708133,1620264665434714113,true,
2094970862289969179,1788314950903,neighborly-rhubarb-chickadee,2094833071657021931,,true,
2094970864487874578,1788314951427,cheery-nutmeg-towhee,2094833071657021931,,true,
2094970892887408894,1788314958198,great-mountain-brushturkey,2094924945881010386,37094727,true,
2094971058889646580,1788314997776,zappy-winter-thicketbird,2094907239337222464,1424259086950993921,true,
2094971136329081054,1788315016239,neighborly-rhubarb-chickadee,,,,
2094971290662629732,1788315053035,famous-avocado-crow,2094910497602646391,1169620189836697600,true,
2094971297210200200,1788315054596,versatile-walnut-woodpecker,2094963892837609829,499524198,true,
2094971310162272681,1788315057684,authentic-cherry-seabird,2094863618240364802,1336354049990434816,true,false
2094971433512480993,1788315087093,mighty-seashore-logrunner,2094834771197329724,1546101560,true,
2094971435999809744,1788315087686,noble-peach-scaup,2094719117534384183,786375418685165568,true,
2094971497836151065,1788315102429,diligent-brook-thrasher,,,,
2094971660944417243,1788315141317,authentic-cherry-seabird,2094833071657021931,,true,
2094971850224807971,1788315186445,celebrated-ocean-seagull,2094782273111609824,1909603317753561089,true,
2094972004055064597,1788315223122,cheery-nutmeg-towhee,,,,
2094972175786684620,1788315264065,hearty-berry-peacock,2094966792309625233,,true,
2094972299023614124,1788315433105,cosmic-root-grackle,2094971380232015915,1630706060133806080,false,
2094972337045098884,1788315302512,great-mountain-brushturkey,2094923133115670845,1329990373020553216,true,
2094972378598273208,1788315312420,active-cherry-seagull,2094961582891786356,1407162492229349385,true,
2094972512908026044,1788315344441,zappy-winter-thicketbird,2094954022876958866,1969127547289157633,true,true
2094972570743267579,1788315358231,peachy-plum-whistler,2094782887925268794,702168516812623872,true,
2094972622211612756,1788315370501,neighborly-rhubarb-chickadee,2094963850084769972,,true,
2094972741636259917,1788315398975,realistic-juniper-egret,2094905997378941342,,true,
2094972807746621883,1788315414736,diligent-brook-thrasher,2094890747656904840,918453205318565888,true,
2094972906816127171,1788315438357,celebrated-ocean-seagull,2094851568986104094,18927441,true,
2094973035392749778,1788315469011,miraculous-desert-nighthawk,2094561002574770529,117107627,true,true
2094973064899412158,1788315476046,great-mountain-brushturkey,,,,
2094973126996091008,1788315490851,zappy-winter-thicketbird,2094913654000894317,2581087213,true,
2094973156310011997,1788315497840,faithful-orchard-towhee,,,,
2094973257988427980,1788315522082,neighborly-rhubarb-chickadee,2094886680029233462,2078757592466165760,true,
2094973542760919150,1788315589978,beloved-maple-magpie,2094817911026364719,1699573975385550848,true,false
2094973574578913323,1788315708039,cosmic-root-grackle,,,,
2094973660054573166,1788315617942,genius-wind-whistler,2094659349235032250,,true,
2094973723917136268,1788315762174,cosmic-root-grackle,2094873768220836330,1887628606462951424,false,
2094973875310190915,1788315669264,diligent-brook-thrasher,,,,
2094974174192402642,1788315740523,authentic-cherry-seabird,2094907213957439663,1240801003181690884,true,true
2094974280068968597,1788315867621,cosmic-root-grackle,2094429888715624814,1859262706814996481,false,
2094974296707772501,1788315769732,hypersonic-rainfall-pigeon,2094916751095931196,2431258854,true,
2094974319789236344,1788315775236,musical-berry-magpie,2094834771197329724,1546101560,true,
2094974325262520676,1788315776540,celebrated-ocean-seagull,2094812177253212408,,true,
2094974380669297045,1788315789751,ambitious-seawater-bluejay,2094902298719707515,740964280569335808,true,
2094974522017403152,1788315823450,cheery-nutmeg-towhee,2094956305156874694,1746694144829927424,true,
2094974630222049364,1788315849249,great-mountain-brushturkey,,,,
2094974753031569766,1788315878528,smiley-seashore-lorikeet,2094963694660710867,,true,
2094975139284939151,1788316121518,cosmic-root-grackle,,,,
2094975290455773191,1788316006660,zappy-winter-thicketbird,2094605322098995243,707458029957025792,true,
2094975404943753518,1788316033957,courageous-lumber-treepie,2094693780222025905,1941795749219766273,true,
2094975477547225103,1788316051267,luminous-river-parakeet,2094963335355863210,,false,
2094975482374606877,1788316052417,diligent-brook-thrasher,2094950671824965817,2072513387443990528,true,
2094975541107478863,1788316066420,neighborly-rhubarb-chickadee,2094710961789919326,76134964,true,
2094975747295166523,1788316115579,diligent-brook-thrasher,2094959575812518286,249010725,true,
2094975769743081955,1788316120931,modest-creek-flowerpecker,2094854566067966129,1838375682629349376,true,
2094975969819828430,1788316168633,celebrated-ocean-seagull,2094887067343781924,376011888,true,
2094976026204123187,1788316182076,patient-jacaranda-pheasant,2094970844724289834,1562061097,true,
2094976152980815949,1788316212303,cheery-nutmeg-towhee,2094873768220836330,1887628606462951424,true,
2094976265354662291,1788316239094,botanical-sandalwood-catbird,2094727812997607607,1497653771299692554,true,
2094976445278019636,1788316281991,consistent-kelp-lapwing,2094109750774423562,1624668304395718658,true,
2094976550915739883,1788316307177,observant-sandalwood-ostrich,2094482217666052228,207809313,true,
2094976716921868413,1788316346756,tectonic-sapling-treepie,2094957064355213318,109065990,true,
2094976914817774020,1788316393938,authentic-cherry-seabird,2094957064355213318,109065990,true,false
2094976942491799934,1788316553321,cosmic-root-grackle,2094837574762197409,130511249,false,
2094976988155191393,1788316411423,studious-canyon-woodpecker,2094885572745597056,14834302,true,
2094977026805637245,1788316420638,balanced-lemon-gull,2094074292963344517,1435909641297219585,true,
2094977072439382207,1788316431518,smart-lowland-seedeater,2094782714796818861,1501542756161929216,true,
2094977263301243041,1788316477024,great-mountain-brushturkey,2094912922166157681,,true,
2094977345568293110,1788316496638,intellectual-savanna-skimmer,2094783730153845185,1757918534209036288,true,
2094977350223990918,1788316497747,zappy-winter-thicketbird,2094946503320289699,1389424358,true,
2094977546525835436,1788316544549,animated-ridge-waxbill,2094757944927932612,2064772374281756672,true,
2094977780677034346,1788316600375,wondrous-banana-troupial,2094927729204551827,25992212,true,
2094977906229547415,1788316630309,knowledgeable-watermelon-parakeet,2094904577133048183,1809557332910800896,true,
2094977930963149180,1788316636206,animated-ridge-waxbill,2094710961789919326,76134964,true,
2094978106519966004,1788316678062,hysterical-evergreen-hawk,2094834771197329724,1546101560,true,
2094978202074542450,1788316700845,neighborly-rhubarb-chickadee,,,,
2094978213386527064,1788316703541,daring-valley-stork,2094741099055108547,20132853,true,
2094978253416996989,1788316713085,diligent-brook-thrasher,,,,
2094978279736312035,1788316719361,keen-cherry-shorebird,2094971754351313103,1518709627927633920,true,
2094978319053619460,1788316728734,celebrated-ocean-seagull,2094908487364980800,76843179,true,
2094978371960623227,1788316741348,cheery-nutmeg-towhee,2094806738772111818,122100073,true,
2094978434531299617,1788316756266,fantastic-blueberry-tailorbird,2094884470008533089,4081106480,false,
2094978450008228206,1788316759961,tectonic-sapling-treepie,2094863618240364802,1336354049990434816,true,false
2094978511257686090,1788316774559,scholarly-samba-pitohui,2094529718427218155,,false,
2094978780393538040,1788316838726,inquisitive-mango-canary,2094921480244961326,14171352,false,
2094978821204426756,1788316848457,innovative-horseradish-cuckoo,2094029081104810468,1700367645680295936,true,
2094979128609140969,1788317033483,cosmic-root-grackle,,,,
2094979314584310066,1788316966088,celebrated-ocean-seagull,2094962919301652723,1597284083649970177,true,
2094979428543561946,1788316993257,great-mountain-brushturkey,,,,
2094979446155436094,1788316997456,zappy-winter-thicketbird,2094940119841309060,1644425579498983425,true,
2094979448860774735,1788316998102,neighborly-rhubarb-chickadee,,,,
2094979478074097757,1788317005066,diligent-brook-thrasher,2094802278490226816,2071148493863788544,true,
2094979670336819525,1788317179745,cosmic-root-grackle,2094847942419165446,37491797,true,
2094979705677967786,1788317059332,celebrated-ocean-seagull,2094893073910362556,1759439175252934656,true,true
2094979808715330000,1788317083897,luminous-boulder-tinamou,2094890747656904840,918453205318565888,false,
2094979826524311875,1788317088144,happy-ridge-bunting,2094893207804916150,10671602,false,false
2094979890647048344,1788317103432,talented-iceberg-puffleg,2094579528542896232,948179588005236736,true,
2094979912167760190,1788317108563,lucent-jackfruit-stork,2094970844724289834,1562061097,true,
2094979939795706094,1788317115150,cheery-nutmeg-towhee,2094913485637292112,,true,
2094979956401221871,1788317119108,stunning-tigerwood-bittern,2094937108183937394,1622588070246641666,true,false
2094979976403558604,1788317123878,great-mountain-brushturkey,2094723404624458033,73751265,true,
2094979978525872204,1788317124383,cheery-nutmeg-towhee,2094723404624458033,73751265,true,
2094980154304966981,1788317166292,zappy-winter-thicketbird,,,,
2094980233422361008,1788317185155,authentic-cherry-seabird,2094122938652094622,979002841888100352,true,
2094980277747568898,1788317195724,neighborly-rhubarb-chickadee,,,,
2094980295573356753,1788317199973,powerful-fir-dipper,2094883244491878853,3041706315,true,
2094980343648403558,1788317211435,hearty-pineapple-conebill,2094761840685248953,,true,
2094980434564468802,1788317233111,stunning-tigerwood-bittern,2094979152063369321,2162812627,true,false
2094980489576591436,1788317246227,mighty-tigerwood-myna,2094876733270892764,2373990836,true,
2094980502445052124,1788317249296,shimmering-basswood-goshawk,2094154976214065216,1790248093696290816,true,
2094980584141476144,1788317268773,great-mountain-brushturkey,2094922325367894039,2037998774815948800,true,
2094980688504148128,1788317293655,zappy-winter-thicketbird,2094944759752413496,,true,
2094980774009434421,1788317314041,authentic-cherry-seabird,2094042537614811452,1968707505703317504,true,
2094980999524356143,1788317367808,motivating-dune-cardinal,2094801676683080010,1648455348364410888,false,
2094981004448432255,1788317368982,diligent-brook-thrasher,2094738925059498423,,true,
2094981203720122629,1788317416492,authentic-cherry-seabird,2094538763519300093,2051621646507884544,true,
2094981333680570460,1788317447478,sensible-frost-fantail,2094730133152420343,2017372846608273408,true,
2094981776959545490,1788317553164,earnest-kiwi-puffleg,2094893204395200848,1329124877266161669,true,
2094981830214635977,1788317565860,eccentric-fjord-pratincole,2094200246742008203,878568181748695040,false,
2094981927837245699,1788317711261,cosmic-root-grackle,2094816098634109012,1683054351647121408,false,
2094981990151778744,1788317603992,celebrated-ocean-seagull,2094823591141315056,2039734374799745024,true,
2094982117411246489,1788317634333,assuring-peat-quetzal,2094833718766473464,1123895766,false,
2094982146192728244,1788318091915,cosmic-root-grackle,2094580998906499146,1786938591441997824,true,
2094982217868984586,1788317658285,intellectual-tree-crake,2094669159632076954,,true,
2094982413239959654,1788317704864,passionate-slope-whistler,2094917986771771528,1773383606918070273,true,
2094982508446118326,1788317727563,cheery-nutmeg-towhee,2094780554323648791,2008456065487433732,true,
2094982653548396879,1788317762158,memorable-avocado-grosbeak,2094937108183937394,1622588070246641666,false,
2094982893865246804,1788318027641,cosmic-root-grackle,2094767430622949529,892767878,false,
2094983163172835601,1788317883662,great-mountain-brushturkey,2094713285920903432,773896304632197120,true,
2094983689994211418,1788318009267,zappy-winter-thicketbird,2094922243037880368,76843179,true,
2094983903811658197,1788318060244,explorative-hill-triller,2094979324801921359,1630757863508566016,true,false
2094984020622967136,1788318241138,cosmic-root-grackle,2094460040769913191,961134787,true,
2094984464958964202,1788318194032,neighborly-rhubarb-chickadee,2094892887422960018,25624886,true,
2094984532424352126,1788318210118,gregarious-wood-conebill,2094737128315838469,458008892,true,
2094984614443909280,1788318229672,diligent-brook-thrasher,2094946162381824322,1549459909049483264,true,
2094985188660981763,1788318366576,neighborly-rhubarb-chickadee,,,,
2094985189038461112,1788318366666,talented-mango-owl,2094737080857264492,1367298058162237440,true,
2094985355573260510,1788318406371,celebrated-ocean-seagull,,,,
2094985359092338780,1788318407211,diligent-brook-thrasher,2094870534701863194,2078786640470794240,true,
2094985376012058645,1788318411244,beloved-maple-magpie,2094847424367882707,592730371,true,
2094985435210453280,1788318425358,cheery-nutmeg-towhee,2094862864335200578,1480009032022773765,true,
2094985618757656964,1788318586278,cosmic-root-grackle,2094908911077699830,1814097706358300672,true,
2094985656493879770,1788318478116,uplifting-rose-crake,2094910007548817779,1006980858677485577,true,
2094985671999897943,1788318481813,cozy-coconut-finfoot,2094983920395632903,,true,true
2094985681210572820,1788318484010,awesome-acorn-mockingbird,2094971754351313103,1518709627927633920,false,
2094985716266574305,1788318492367,great-mountain-brushturkey,2094876866087686446,1383469596506685440,true,
2094985720394121299,1788318493352,cheery-mist-shearwater,2094561002574770529,117107627,true,
2094985919652655216,1788318540858,zappy-winter-thicketbird,2094833392177254417,,true,
2094986107276705908,1788319026540,cosmic-root-grackle,,,,
2094986204185850191,1788318608696,reliable-moss-blackbird,2094908911077699830,1814097706358300672,true,
2094986494922432741,1788318678014,neighborly-rhubarb-chickadee,2094963206712119541,1469456332373831690,true,
2094986644868759751,1788318713764,inclusive-trail-thrasher,2094908911077699830,1814097706358300672,true,
2094986783188541825,1788318746742,diligent-brook-thrasher,2094887313973424167,1565430567184711680,true,
2094986854563033167,1788318763759,celebrated-ocean-seagull,2094880402175627482,2718830312,true,
2094986957721870346,1788318788353,brawny-harvest-scaup,2094962019141029999,878247600096509952,true,false
2094986993730044258,1788318796938,cheery-nutmeg-towhee,2094917330858086469,111760780,true,
2094987167554584845,1788318838382,tectonic-sapling-treepie,2094870534701863194,2078786640470794240,true,
2094987184809869662,1788318842496,great-mountain-brushturkey,2094875841767292989,2016582545442312192,true,true
2094987259070091596,1788318860200,straightforward-leaf-pipit,2094292540153332046,,true,
2094987331891576979,1788318877562,supreme-peanut-ostrich,2094979152063369321,2162812627,false,
2094987374866612710,1788318887808,genial-bamboo-mousebird,2094731186140811316,1282509001926692864,false,
2094987631826272717,1788318949073,zappy-winter-thicketbird,2094912906370711760,1068013130033201152,true,
2094987724184854948,1788318971092,neighborly-rhubarb-chickadee,2094867082668044741,2065652901012451328,true,
2094987772180209667,1788318982535,diligent-brook-thrasher,2094741103115415637,,true,
2094987835241865484,1788318997570,knowledgeable-elm-penguin,2094780313079521546,1949747945907302400,true,
2094987966363914707,1788319028832,,2094946162381824322,1549459909049483264,true,
2094988123264422058,1788319066240,celebrated-ocean-seagull,2094942507763167552,1993349701442453511,true,
2094988153564373081,1788319247824,cosmic-root-grackle,2094386684557132129,53789862,false,
2094988256660369860,1788319098045,mighty-meadow-leaflove,2094719814841606286,2659541052,true,
2094988371961454815,1788319125534,cheery-nutmeg-towhee,2094908911077699830,1814097706358300672,true,true
2094988569706188987,1788319172680,great-mountain-brushturkey,,,,
2094988600999829813,1788319180141,original-coconut-egret,2094968547839713548,1579314486137458695,true,
2094988625742123504,1788319186041,zappy-winter-thicketbird,2094981510243717396,3186626354,true,
2094988630347468860,1788319187138,diligent-brook-thrasher,2094919517944086980,1992533020721795072,true,
2094988675096433068,1788319197807,ingenious-plum-blackbird,2094418049872842793,1594003062,false,
2094988706994114817,1788319205412,celebrated-ocean-seagull,,,,
2094988711645638963,1788319206522,animated-ridge-waxbill,2094906336404193688,763094579491008512,true,
2094988712316670380,1788319206681,cheery-nutmeg-towhee,2094916711203897619,1477274077828050947,true,
2094988718746800202,1788319208214,philosophical-petal-puffbird,2094801048225681412,,true,
2094988741605511328,1788319213665,great-mountain-brushturkey,2094852422069800968,,true,
2094988798278971651,1788319227176,zappy-winter-thicketbird,,,,
2094988802209022383,1788319228113,neighborly-rhubarb-chickadee,2094839069981261831,68972535,true,
2094988901622645098,1788319418759,cosmic-root-grackle,,,,false
2094988980571840641,1788319270638,diligent-brook-thrasher,2094899483930964478,,true,
2094989033902379517,1788319283353,celebrated-ocean-seagull,2094715068395237486,2049741537853009920,true,
2094989365244031348,1788319362352,goodhearted-papaya-conebill,2094798714355556596,1276788097854795776,true,
2094989395078045713,1788319369464,animated-ridge-waxbill,2094538763519300093,2051621646507884544,true,
2094989461754904746,1788319385362,cheery-nutmeg-towhee,2094818013128098009,1789850713209618432,true,
2094989463566843975,1788319385793,celebrated-ocean-seagull,2094818013128098009,1789850713209618432,true,
2094989465898856562,1788319386349,great-mountain-brushturkey,2094905820391911787,16635277,true,
2094989603547586835,1788319419167,zappy-winter-thicketbird,2094961277760151872,18927441,true,true
2094989659814371754,1788319432582,appreciative-samba-magpie,2092358950905880640,268213306,true,
2094989791595037135,1788319464002,independent-daylight-meadowlark,2094963794891973053,,true,
2094989830023151778,1788319473163,neighborly-rhubarb-chickadee,2094913210235133978,,true,
2094990107455476083,1788319539309,diligent-brook-thrasher,2094818095466774739,2075865220816535552,true,
2094990155308257326,1788319550718,eccentric-canyon-swan,2094919982777782682,10671602,true,false
2094990156927254582,1788319551103,celebrated-basswood-kingfisher,2094902458820751746,1220474851942682624,true,
2094990450822140095,1788319768752,cosmic-root-grackle,2094842380402774450,1428557264831590403,false,
2094990464436842710,1788319624419,pioneering-holly-hoopoe,2094496438306636144,1864125622928187392,false,
2094990520015610108,1788319637670,festive-sunlight-waterfowl,2093986208934158786,1258621224646840322,false,
2094990565041483952,1788319648406,interesting-water-sparrowhawk,2094859497483211107,1844268919772606480,true,true
2094990629616980106,1788319663801,celebrated-ocean-seagull,2094943208614629623,2023888703119388672,true,true
2094990774534365660,1788319698352,cheery-nutmeg-towhee,2094739053732327846,,true,
2094990787557941306,1788319701457,involved-sea-thrush,2094893055069577479,1453379263176929284,true,false
2094990881828835733,1788319723934,giving-blueberry-tanager,2094950671824965817,2072513387443990528,true,true
2094990985042268247,1788319748542,cheery-nutmeg-towhee,2094903229788348910,2081129809204424704,true,true
2094991035026076025,1788319760458,empowered-blossom-songlark,2094786934392627273,287629297,true,
2094991052574736558,1788319764642,great-mountain-brushturkey,2094973505389654246,23499976,true,
2094991054596419663,1788319765125,zappy-winter-thicketbird,2094973505389654246,23499976,true,
2094991128710009076,1788319927771,cosmic-root-grackle,,,,
2094991215230169381,1788319803422,incredible-rosewood-flamingo,2094931463934193742,770373873036500992,true,
2094991237400891535,1788319808709,impeccable-dogwood-bittern,2094780866723459568,974303264777867264,true,
2094991393835872659,1788319846005,assuring-cloud-kingbird,2094951666604712412,1759770843544989696,false,
2094991718009487696,1788319923295,accomplished-basswood-tinamou,2094142469722001662,,true,
2094992110705594646,1788320206667,cosmic-root-grackle,2094777297782124640,2381661662,true,
2094992185234198715,1788320034689,distinctive-olive-shearwater,2094675754042683698,1542175841840398337,true,
2094992230469587344,1788320045474,accomplished-basswood-tinamou,2084004715113710002,2073508984472981504,true,
2094992323838927032,1788320067735,effective-rainfall-hornbill,2094901567270834355,1677520391286190082,false,
2094992683966312723,1788320153596,bookish-beach-kookaburra,2094460144361074779,2045232802325581824,true,
2094992934122795200,1788320213238,neighborly-rhubarb-chickadee,2094810455520714858,1880972730176036864,true,
2094992959078801843,1788320219188,diligent-brook-thrasher,2094979632076353970,,true,
2094993028314190086,1788320235696,celebrated-ocean-seagull,2094851781218148450,1518868320497319941,true,true
2094993077320737276,1788320247380,involved-sea-thrush,2094793263714873403,2006032696770977793,true,
2094993236125167625,1788320285241,cheery-nutmeg-towhee,2094982056627278207,1150780849,true,
2094993292651905210,1788320298719,great-mountain-brushturkey,2094978861943468224,,true,
2094993307004817847,1788320302140,zappy-winter-thicketbird,2094634923303022643,710852366275203073,true,true
2094993426639102246,1788320330663,transparent-sky-raven,2094968547839713548,1579314486137458695,false,false
2094993469357891805,1788320340849,neighborly-rhubarb-chickadee,2094825655783637391,,true,
2094993655304184203,1788320385181,active-branch-sparrowhawk,2094858626234278391,1749246590949236736,true,
2094994011039711349,1788320469995,challenging-highland-myna,2094792687119392812,,false,
2094994038768201990,1788320476606,diligent-brook-thrasher,2094933316898091446,1866810877959122944,true,
2094994075816526124,1788320485439,accomplished-basswood-tinamou,2094952285835280458,2031254773111074816,true,
2094994083374858400,1788320487241,enthralling-mesa-sparrow,2094983592002654660,2024117225976963072,true,
2094994353911451760,1788320551742,stoic-fjord-skylark,2094992581364949344,1536192052647669761,true,
2094994394319376738,1788320561377,invigorated-cedar-sparrow,2094898673524105458,99607756,true,
2094994478234767709,1788320581384,clean-orchard-waterfowl,2094979440451150043,1137002302534012928,true,
2094994773899636822,1788320651876,celebrated-ocean-seagull,,,,
2094994944549146832,1788320692562,cheery-nutmeg-towhee,2094982771877773810,604988212,true,
2094995028062183541,1788320712472,eager-reef-goldfinch,2094983783271539123,2350724678,true,false
2094995056507674932,1788320719254,great-mountain-brushturkey,2094777297782124640,2381661662,true,
2094995094487138724,1788320728309,zappy-winter-thicketbird,2094985454500139112,,true,
2094995096735191224,1788320728845,neighborly-rhubarb-chickadee,2094869574298783789,1240801003181690884,true,
2094995242156228808,1788320763516,altruistic-rain-stilt,2094916964544135230,,true,
2094995295109001617,1788320776142,diligent-brook-thrasher,2094939119692497292,1348011282,true,
2094995335592493298,1788320785793,celebrated-ocean-seagull,,,,
2094995493319258382,1788320823398,cheery-nutmeg-towhee,2094886862095536209,946218357551853569,true,
2094995594028937558,1788320847409,thrilled-park-crane,2094811770024034616,1351634041070563331,false,
2094995610965340411,1788320851447,great-mountain-brushturkey,2094919399438262359,17069213,true,
2094995652912505321,1788320861449,zappy-winter-thicketbird,,,,
2094995654854562160,1788320861912,neighborly-rhubarb-chickadee,2094795742070120777,49849732,true,
2094995691353600472,1788320870614,valorous-rainfall-piculet,2094875573587775749,,true,
2094995722248564950,1788320877979,considerate-earth-cardinal,2094713229075263633,1714325279584165888,true,
2094995743753064581,1788320883107,considerate-cashew-flatbill,2094785665724449070,1850540909638942720,true,
2094995971071517010,1788320937303,diligent-brook-thrasher,2094869916952510813,,true,
2094996172817473553,1788320985403,cheery-nutmeg-towhee,2094962919301652723,1597284083649970177,true,
2094996223652720804,1788321266061,cosmic-root-grackle,,,,
2094996235425853611,1788321000331,precious-rock-snowfinch,2094624452361556287,1849789193800560640,true,false
2094996307643371712,1788321017549,great-mountain-brushturkey,2094857215614263750,1434714964288102401,true,
2094996419463553129,1788321044208,devoted-grape-snowfinch,2094938440362045772,1500129642,true,
2094996464489451597,1788321054944,joyous-pine-starling,2094810639294505438,1856508057276252160,true,
2094996564666118315,1788321078828,zappy-winter-thicketbird,2094945818939687322,814063418,true,
2094996581158457368,1788321082760,virtuous-spring-seabird,2094199827043066083,2038257031463710720,true,
2094996740969845206,1788321120862,beloved-evergreen-eagle,2094801719880478728,1955189819078045696,true,
2094996790294520030,1788321132621,zappy-winter-thicketbird,2094963112717803862,1514675567123173484,true,
2094996918866714848,1788321163275,encouraging-field-parakeet,2094658048551788998,1112806505219227650,false,
2094997018855031117,1788321187114,inspirational-marble-scaup,2094455000739037500,,true,true
2094997324015570960,1788321259871,neighborly-rhubarb-chickadee,2094854410631254320,47361215,true,
2094997326674760025,1788321260504,diligent-brook-thrasher,2094854410631254320,47361215,true,
2094997501711372483,1788321302237,tectonic-sapling-treepie,2094869916952510813,,true,
2094997536255914176,1788321310472,philosophical-petal-puffbird,2094780803360473188,21080743,true,
2094997696046359010,1788321498418,cosmic-root-grackle,,,,
2094997835125084550,1788321381729,diligent-brook-thrasher,2094783052694344121,,true,
2094997907296637069,1788321398935,patient-peach-ibis,2094699271169917087,1388694037318701059,true,
2094997996895109466,1788321420297,celebrated-ocean-seagull,2094874511053054257,3901773079,true,
2094998102843208081,1788321445557,tectonic-sapling-treepie,2094847385243353469,,true,
2094998172112216462,1788321462072,capable-wood-flamingo,2094822408867713295,17469289,false,
2094998216290771136,1788321472605,agile-cave-swift,2094223395592495155,2480541404,true,
2094998443055874522,1788321526670,cheery-nutmeg-towhee,2094928962195472546,1777502895509848064,true,
2094998534462599346,1788321548463,winged-canopy-duck,2094217266636497148,1108914085,true,
2094998584278040956,1788321560340,celebrated-ocean-seagull,,,,
2094998590791807311,1788321561894,great-mountain-brushturkey,2094989372386918749,,true,
2094998629563990463,1788321571137,easygoing-island-parrotlet,2094961277760151872,18927441,true,
2094998878869221635,1788321630576,zappy-winter-thicketbird,2094989386467156327,,true,
2094998960372867376,1788321650008,cheery-nutmeg-towhee,2094764734478254557,4595466616,true,
2094999412938506680,1788321903572,cosmic-root-grackle,2094819983595385317,703671791512887296,false,
2094999481913872822,1788321774353,friendly-flower-crane,2094589045485846801,,true,
2094999572280201661,1788321795898,agile-cave-swift,2094346204004163902,1028981064788631552,true,
2094999576390357130,1788321796877,gregarious-cantaloupe-duck,2093933070428614782,,true,
2094999632858497280,1788321810341,friendly-flower-crane,2094936684567941211,1440598767204323329,true,
2094999805109891479,1788321851409,hysterical-desert-stilt,2094835563958350197,8802752,true,
2094999920692355180,1788321878966,tectonic-marmalade-crane,2094425752938610945,2078630299827613696,false,
2094999993476350097,1788321896320,friendly-flower-crane,2094564244872405086,1135735111154987008,true,
2095000050812268868,1788321909989,neighborly-rhubarb-chickadee,2094954427585265819,1682185075,true,
2095000053819592945,1788321910707,diligent-brook-thrasher,2094963395502157909,825236933500559360,true,
2095000068076060732,1788321914105,celebrated-ocean-seagull,2094767308623196228,1779156142926548992,true,
2095000160740823286,1788321936198,cheery-nutmeg-towhee,,,,
2095000206458937512,1788322201497,cosmic-root-grackle,,,,
2095000233293853111,1788321953497,great-mountain-brushturkey,,,,
2095000258640232746,1788321959540,trusting-fjord-quail,2094985454500139112,,true,
2095000283419963498,1788321965448,great-mountain-brushturkey,,,,
2095000374570566067,1788321987179,zappy-winter-thicketbird,2094846143448355241,1318263321745907713,true,
2095000413082620341,1788321996362,neighborly-rhubarb-chickadee,2094759290741612906,815571291814039553,true,
2095000460960632896,1788322007776,glamorous-banana-swamphen,2094588034700239303,1062859889264021504,false,
2095000558331367499,1788322030992,diligent-brook-thrasher,2094985775754379687,,true,
2095000632067252417,1788322048572,celebrated-ocean-seagull,2094802471721820628,2079235735035564032,true,
2095000695468442027,1788322063687,cheery-nutmeg-towhee,2094852286891672009,1405564477668478978,true,
2095000911655399911,1788322115230,great-mountain-brushturkey,2094970280221327406,2086265535944134656,true,
2095001023391707432,1788322141871,entrancing-magnolia-crane,2094875187376472194,1923036241907343360,true,
2095001354817228879,1788322220888,zappy-winter-thicketbird,,,,
2095001403848626685,1788322232579,zappy-winter-thicketbird,2094958179876778128,2537058246,true,
2095001500963520619,1788322255732,neighborly-rhubarb-chickadee,2094982717293437031,1344151968533475329,true,
2095001683151479129,1788322299169,diligent-brook-thrasher,2094802470924890199,1022813845692342273,true,
2095001861837484402,1788322533631,cosmic-root-grackle,2094579740636278809,1481110622079266817,false,
2095001873971311083,1788322344664,celebrated-ocean-seagull,2094796449838186518,1782250246828920832,true,
2095002116284670033,1788322402436,cheery-nutmeg-towhee,2094942943153189169,2015492887585120257,true,
2095002382148980825,1788322465824,great-mountain-brushturkey,,,,
2095002450889412841,1788322482212,zappy-winter-thicketbird,2094889858267287573,1739084358097551360,true,
2095002497240662260,1788322493263,neighborly-rhubarb-chickadee,,,,
2095002507701297318,1788322673525,cosmic-root-grackle,,,,
2095002583962177635,1788322513939,magnetic-fir-finfoot,2094925041007747440,7996522,true,
2095002598105288829,1788322991119,cosmic-root-grackle,2094562172084834321,1906820607997853696,false,
2095002705190433198,1788322542842,enlightened-apricot-bushlark,2094627098258440447,121362175,true,
2095002724936872398,1788322547550,diligent-brook-thrasher,2094669936509571220,374752807,true,
2095002920458887423,1788322715488,cosmic-root-grackle,2094450925918367881,204844214,true,
2095002924086649267,1788322595032,celebrated-ocean-seagull,2094897481935180026,1477263109723144197,true,
2095003009113567508,1788322615303,cheery-nutmeg-towhee,2094907079433875866,130003441,true,
2095003067225616878,1788322629158,great-mountain-brushturkey,2094866384320954512,1802192747119656960,true,
2095003153477325240,1788322649722,zappy-winter-thicketbird,2094820324369895649,631142747,true,
2095003156803383577,1788322650516,neighborly-rhubarb-chickadee,2094968441459408907,1291128494,true,
2095003345677169089,1788322871016,cosmic-root-grackle,,,,
2095003431345762380,1788322715971,neighborly-rhubarb-chickadee,,,,
2095003448601436471,1788322720085,enthralling-rain-dove,2094787361142141286,1764869543158059008,true,
2095003485792018708,1788322728952,diligent-brook-thrasher,2094910370427121828,842169254543683585,true,
2095003600233660835,1788322756237,zappy-winter-thicketbird,2094887313973424167,1565430567184711680,true,
2095003660052795630,1788322770500,neighborly-rhubarb-chickadee,,,,
2095003914152050817,1788322831081,independent-raspberry-hummingbird,1998029782316171630,289461078,false,
2095003982112387344,1788322847285,diligent-brook-thrasher,2094710691701960709,39961247,true,
2095003992916942899,1788322849861,brave-park-skylark,2093799276308791414,2027843808139087875,false,
2095004026135802144,1788322857780,supportive-flower-bunting,2093155286773039119,2018719088575463424,true,
2095004064580792447,1788322866946,artistic-moss-kingfisher,2094477062975177131,1557090949670502404,true,
2095004099443892373,1788322875259,diligent-brook-thrasher,2094993872904712532,1698176135161651200,true,
2095004317191229802,1788322927173,celebrated-ocean-seagull,,,,
2095004423063744884,1788322952415,cheery-nutmeg-towhee,2094950943670366657,2040606619315183616,true,
2095004559278329931,1788322984891,dauntless-garden-gull,2094765398998802801,1589777534476247041,true,
2095004575702859991,1788322988807,convivial-mango-mockingbird,2094774375992230307,1599818008889036806,true,
2095004595189600697,1788322993454,lucent-spring-anhinga,2094843412373549480,116247695,true,
2095004664009822347,1788323009861,great-mountain-brushturkey,2094906696166510919,1645510657045921804,true,
2095004711531282639,1788323021191,zappy-winter-thicketbird,2094956795953365085,1966362493963341824,true,
2095004769299681659,1788323034964,meticulous-winter-quail,2091808837884092698,,true,
2095004778468188640,1788323037151,neighborly-rhubarb-chickadee,2094740336895840605,842560988683550721,true,
2095005174276481145,1788323131518,intentional-wood-nightingale,2094917361803448628,742143,true,
2095005187383689313,1788323134643,cordial-rose-kingfisher,2094733816921206948,2600210567,true,
2095005478753640532,1788323204111,soothing-ridge-blackbird,2094903524224324017,1041596592,false,
2095005991863505157,1788323326447,diligent-brook-thrasher,,,,
2095006114924421492,1788323807834,cosmic-root-grackle,2094592325993353602,1822321218717925376,false,
2095006631880712528,1788323479039,celebrated-ocean-seagull,2094996813161865529,,true,
2095006722213413095,1788323500575,easygoing-island-parrotlet,2094802908252365124,1433698132102107164,true,
2095006889188692382,1788323540385,challenging-island-curassow,2094856215708733828,1686228946986119168,true,
2095006905265463775,1788323544218,cheery-nutmeg-towhee,2094828948366499993,1003366633396670464,true,
2095006997682982982,1788323566252,entrancing-marmalade-skylark,2094695247624425779,1764724505606578180,true,
2095007022940819891,1788323572274,great-mountain-brushturkey,2094991009184674052,,true,
2095007178281140469,1788323609310,easygoing-island-parrotlet,2094854651841585597,1845978020206571520,true,
2095007207305941069,1788323616230,zesty-lumber-bulbul,2081614062874726772,,true,
2095007213634957583,1788323617739,zappy-winter-thicketbird,2094906996063355265,1862821977360089088,true,
2095007223525376177,1788323620098,versatile-papaya-spurfowl,2094767121796681997,1201276296723976192,true,
2095007411249586477,1788323664854,neighborly-rhubarb-chickadee,,,,
2095007412747190587,1788323665211,zesty-lumber-bulbul,2094972728180916714,1169253439953502214,true,
2095007471593034232,1788323679241,easygoing-island-parrotlet,2094830969576374476,,true,
2095007632511680737,1788323717607,diligent-brook-thrasher,2094802908252365124,1433698132102107164,true,
2095007656255893627,1788323723268,zesty-lumber-bulbul,2094811741964398857,780440592752922624,true,
2095007763764244613,1788323748901,punctual-mangrove-skylark,2094659279018172846,2177470398,true,
2095007836287668343,1788323766192,,2094875841767292989,2016582545442312192,true,
2095007970702545036,1788323798238,celebrated-ocean-seagull,2094944787858182465,2035894944834244608,true,
2095008041670242723,1788323815158,cheery-nutmeg-towhee,,,,
2095008054961914048,1788323818328,celebrated-ocean-seagull,2094913210235133978,,true,
2095008106161787030,1788323830534,great-mountain-brushturkey,2094560053751685204,1435129226152366084,true,
2095008132502024401,1788323836814,zappy-winter-thicketbird,2094994404482175014,2213966632,true,
2095008210696446265,1788323855458,witty-peachtree-tailorbird,2094744427675930975,,true,
2095008213418610792,1788323856107,animated-ridge-waxbill,2094694710363205703,2087522645856116736,true,
2095008223980085355,1788323858624,witty-hazelnut-waxbill,2094990461333389628,,true,
2095008339985903708,1788323886283,neighborly-rhubarb-chickadee,2094826114375942600,1446465174,true,
2095008424761131103,1788323906495,diligent-brook-thrasher,2094985830376841591,2035894944834244608,true,
2095008475885543923,1788323918684,celebrated-ocean-seagull,,,,
2095008478620230109,1788323919335,cheery-nutmeg-towhee,2094940499798851972,37827550,true,
2095008731960320150,1788323979737,great-mountain-brushturkey,2094965189309288947,,true,
2095008791297159339,1788323993883,cheery-nutmeg-towhee,,,,
2095008995278811216,1788324042516,zappy-winter-thicketbird,2094670191275684182,2017644839173554177,true,
2095009021505818639,1788324048769,neighborly-rhubarb-chickadee,,,,
2095009388457025798,1788324136258,diligent-brook-thrasher,2094923603456270692,2041296016423432192,true,true
2095009519357026786,1788324167466,fantastic-fig-grosbeak,2094806086360707577,1130161200191303681,true,
2095009552282304674,1788324175316,celebrated-ocean-seagull,,,,
2095009744108896651,1788324221051,diplomatic-peppermint-starling,2094959172580475288,16635277,true,
2095009751210082812,1788324222745,authentic-lemon-wigeon,2094746173110427862,1612365872047468545,true,
2095009804712587482,1788324235501,charismatic-mist-towhee,2094943520041886177,1911110655593291776,true,
2095009937357226159,1788324267126,cheery-nutmeg-towhee,2095001958310375754,,true,
2095010005262950692,1788324283315,great-mountain-brushturkey,2094853843267854689,2201213517,true,
2095010057586880599,1788324295790,zappy-winter-thicketbird,,,,
2095010087739834508,1788324302980,adaptable-marmalade-bullfinch,2094875029192527960,1405442445257719810,true,
2095010205712924773,1788324331107,neighborly-rhubarb-chickadee,2094984428942426435,1729039287671480320,true,
2095010305357045981,1788324354864,mighty-peppermint-logrunner,2094850385018036545,,false,
2095010379487232128,1788324372538,diligent-brook-thrasher,2094884343516737614,815733290955112448,true,
2095010438253568202,1788324386548,explorative-birch-toucan,2094530774540173441,40917305,true,
2095010515403812997,1788324404942,wholesome-trail-motmot,2094984661126860979,1282509001926692864,true,
2095010693078565282,1788324447304,motivational-papaya-grouse,2094596810350149897,,true,
2095010788884844966,1788324470145,celebrated-ocean-seagull,2095001165146554379,,true,
2095011048763933110,1788324532105,cheery-nutmeg-towhee,2094812934564438122,2052419875176656896,true,
2095011067587911712,1788324536593,great-mountain-brushturkey,2094849701094813987,3056746427,true,
2095011067948884056,1788324536680,striking-wind-owl,2095000723087839314,,true,
2095011360446771591,1788324606416,zappy-winter-thicketbird,2094942836080975979,122100073,true,true
2095011377786028299,1788324610550,neighborly-rhubarb-chickadee,2094894632651866502,138525938,true,
2095011872332243430,1788324728459,diligent-brook-thrasher,2094844696254095660,1400992459673456642,true,true
2095011918066888743,1788324739364,persistent-cedar-cacholote,2094938436520030698,1768067156082585600,true,
2095012146417455159,1788324793806,persistent-cedar-cacholote,2094871711774597232,159995198,true,
2095012179871158580,1788324801782,classy-kiwi-flatbill,2095006871627472977,1998768705921241088,true,
2095012276424290410,1788324824803,wise-peppermint-curassow,2094707834768269361,1982757033347817472,false,
2095012298377113613,1788324830036,celebrated-ocean-seagull,2094857508162572725,40146128,true,true
2095012312146907504,1788324833320,cheery-nutmeg-towhee,2094967851006275664,1229443127435546627,true,
2095012348968747443,1788324842098,great-mountain-brushturkey,2094856564989436181,2014722522986819584,true,
2095012371354079258,1788324847435,jazzy-cypress-skimmer,2094769150304629022,,true,
2095012476463047132,1788324872495,zappy-winter-thicketbird,2095002038702592313,,true,
2095012595002437648,1788324900757,neighborly-rhubarb-chickadee,2094891965527548334,1774726201665273856,true,
2095012707049304391,1788324927471,warmhearted-tigerwood-antwren,2094932221694267593,1122451135489462278,true,
2095013021466718634,1788325002435,diligent-brook-thrasher,,,,
2095013295912571281,1788325067867,celebrated-ocean-seagull,2094862857254932605,1956755779865997312,true,
2095013691137618423,1788325162097,cheery-nutmeg-towhee,2094929778449027304,1198754426036609024,true,
2095013709974270463,1788325166588,great-mountain-brushturkey,,,,
2095013758732996886,1788325178212,celebrated-ocean-seagull,2094857215614263750,1434714964288102401,true,
2095013805801488458,1788325189434,cheery-nutmeg-towhee,2094810827031192046,1319384887116374016,true,
2095014429318627813,1788325533737,cosmic-root-grackle,2069674194795733169,333935142,true,
2095014495659717103,1788325353909,great-mountain-brushturkey,2094758816403329423,1240318423781068802,true,
2095014512608858434,1788325357950,zappy-winter-thicketbird,,,,
2095014577553670185,1788325373434,groovy-earth-peacock,2094826789306765391,249010725,true,
2095014595903549913,1788325377809,neighborly-rhubarb-chickadee,2095009441737261251,1447734156843225095,true,
2095014600844726351,1788325378987,smart-conifer-crossbill,2094729813869416598,1476663256177836039,true,
2095014834177987022,1788325434618,enthusiastic-sea-finch,2094687058417656022,595343731,true,
2095015020157403248,1788325478960,great-mountain-brushturkey,2094816950807412871,16312576,true,
2095015072061902954,1788325491334,diligent-brook-thrasher,2094826795552194771,772052454817075200,true,
2095015295824118268,1788325544683,trusting-fjord-quail,2094862857254932605,1956755779865997312,true,
2095015412689686679,1788325572546,radiant-mango-treepie,2094910581589283251,1007396407429550086,true,true
2095015615392055794,1788325620874,celebrated-ocean-seagull,2094961040538657187,759251,true,
2095015657805066396,1788325630986,fabulous-garden-softbill,2094743251165311242,,false,
2095015702839120198,1788325641724,cheery-nutmeg-towhee,2094816427798892951,2993770405,true,
2095015703245885783,1788325641820,phenomenal-rainforest-bushbird,2089604654254411782,1482647290477260802,true,
2095016006691541352,1788325714167,respectful-cliff-conure,2094805597539713391,1546101560,true,
2095016019349676401,1788325717186,informative-raisin-triller,2094827137026994639,1855996587643744257,true,
2095016220479357308,1788325765139,balanced-star-skylark,2094962019141029999,878247600096509952,false,
2095016321628938495,1788325789254,great-mountain-brushturkey,2094611132409593898,123527481,true,
2095016381624287268,1788325803558,,2094737128315838469,458008892,true,
2095016425580626316,1788325814038,lucky-wood-jay,2094819756629012711,,true,
2095016552487588096,1788325844295,tectonic-sapling-treepie,2094908911077699830,1814097706358300672,true,
2095016576785215577,1788325850088,zappy-winter-thicketbird,2094755040288448913,2062149797906464768,true,
2095016660235120653,1788325869984,neighborly-rhubarb-chickadee,2094938359387079032,1675693555350740992,true,
2095016836270055903,1788325911955,,2093844710775255397,17005368,true,
2095016896173138063,1788325926236,colorful-desert-grebe,2095003812909961534,1261335549215989760,true,true
2095017010786689509,1788325953562,animated-ridge-waxbill,2094783730153845185,1757918534209036288,true,
2095017153783025818,1788325987655,witty-peachtree-tailorbird,2092269286769279161,,true,
2095017166101950943,1788326411835,cosmic-root-grackle,,,,
2095017237740499236,1788326007672,,2094588034700239303,1062859889264021504,true,
2095017245487571401,1788326009519,dependable-canyon-firetail,2094473658919993632,1891764279021535232,true,
2095017268023382394,1788326014893,diligent-brook-thrasher,2094764734478254557,4595466616,true,
2095017479365853305,1788326065281,fancy-seedling-grouse,2094838285918999035,1596814687294951428,true,
2095017545438826549,1788326081034,celebrated-ocean-seagull,2094950826225602639,2050309450985009152,true,
2095017608722489749,1788326096121,cheery-nutmeg-towhee,,,,
2095017757901238353,1788326131689,animated-ridge-waxbill,2094639093070344519,781367901676793857,true,
2095018119500628038,1788326217900,,2094539865316610141,1562038858988064768,true,
2095018374250000413,1788326278638,discerning-tanoak-thrasher,2094806323854508340,158049457,true,
2095018379195076944,1788326279817,great-mountain-brushturkey,2095011879349580010,1513513086484852736,true,
2095018407494136223,1788326286563,zappy-winter-thicketbird,2094939863782936655,1423097842034528257,true,
2095018440532557828,1788326294440,brave-tree-warbler,2094837651039990112,1857242950587367424,true,
2095018836713930928,1788326388897,neighborly-rhubarb-chickadee,2094927722770579484,739289184666451968,true,
2095018881332953427,1788326399535,zappy-winter-thicketbird,2094999533872611656,2037627889818992640,true,
2095018999448821863,1788326427696,spunky-lowland-cardinal,2094464785584664861,1328454573116301313,true,true
2095019035868139773,1788326436379,poised-fern-cacholote,2094964165421244554,543927807,true,
2095019191375999265,1788326473455,diligent-brook-thrasher,2094910581589283251,1007396407429550086,true,true
2095019414500323504,1788326526652,perceptive-aspen-curassow,2094828159778845123,1598826846551949316,true,
2095020080891416586,1788326685533,celebrated-ocean-seagull,2094793277333774410,1791532934207541248,true,
2095020238634881064,1788326723141,neighborly-rhubarb-chickadee,,,,
2095020343161184486,1788326881733,cosmic-root-grackle,2094428780265693441,34002725,true,
2095020681033363794,1788326828617,cheery-nutmeg-towhee,2094978665989685262,1516048656574685196,true,
2095020859920433325,1788326871267,great-mountain-brushturkey,,,,
2095020974374552036,1788326898555,zappy-winter-thicketbird,2095012361358746058,835311326880747520,true,
2095021129475711171,1788326935534,mindful-mist-eagle,,,,
2095021191618502706,1788326950350,neighborly-rhubarb-chickadee,2094695247624425779,1764724505606578180,true,
2095021252448854494,1788326964853,wise-rainforest-rooster,2095019928835494197,2593453255,true,
2095021289316421646,1788326973643,diligent-brook-thrasher,2094933720641716646,1262720048273264642,true,
2095021291648467150,1788326974200,celebrated-ocean-seagull,2094970588850749459,302971361,true,
2095021313253339326,1788326979350,diligent-brook-thrasher,2094956795953365085,1966362493963341824,true,
2095021340713771104,1788326985897,bright-raspberry-lorikeet,2094731285516451846,389584667,true,
2095021645484220698,1788327220298,cosmic-root-grackle,2094710057506078843,,true,
2095021869246058913,1788327111909,cheery-nutmeg-towhee,2094947457503506432,1571361792710045696,true,
2095021930822705638,1788327126591,zappy-winter-thicketbird,2095013880900583709,1391715496005824513,true,
2095022051803181240,1788327155434,miraculous-harvest-blackbird,2094084249976557716,1743988208373846016,true,
2095022731419095266,1788327317468,zappy-spring-brushturkey,2095006896612851811,176337215,true,
2095022767242608984,1788327446189,cosmic-root-grackle,,,,
2095022843469889994,1788327344182,delightful-highland-condor,2094881812543611265,756668416124194816,true,
2095022889753829888,1788327355217,endearing-field-wigeon,2094838206436954262,444969570,true,
2095022916060795133,1788327361489,sensible-frost-fantail,2094661902383419555,1200992191985795073,true,
2095023102589841822,1788327405961,articulate-acorn-wigeon,2094720916194521578,2081129809204424704,true,
2095023182793019431,1788327425084,hypnotic-autumn-pheasant,2094807071250145373,1525188491864326144,true,
2095023549756895267,1788327512575,celebrated-ocean-seagull,2095012346276053388,835311326880747520,true,
2095023644485554256,1788327535160,meticulous-winter-quail,2094707139201970296,,true,
2095023666228596843,1788327540343,neighborly-rhubarb-chickadee,2094981685314261499,,true,true
2095023799217344881,1788327572051,diligent-brook-thrasher,2095014227077402677,2042960916216475648,true,
2095023853927825780,1788327585094,celebrated-ocean-seagull,2094863835794710872,1730629015847702528,true,
2095023890871267651,1788327593903,cheery-nutmeg-towhee,2095013158666531011,,true,
2095023897053950107,1788327595377,nimble-cloud-bushlark,2094777741862429035,1796062335679045632,true,
2095024038896718280,1788327629195,cheery-nutmeg-towhee,2094759461403738445,,true,
2095024055380262959,1788327633124,great-mountain-brushturkey,2094787273405464677,93578093,true,
2095024173894550010,1788327661381,great-mountain-brushturkey,2094941763962044497,1072867178674741255,true,
2095024638292042213,1788327772101,witty-peachtree-tailorbird,2094744189716275521,,true,true
2095024766596039063,1788327802692,excellent-ocean-redstart,2094331737195098242,1993282789236785152,false,
2095024789337645531,1788327808113,famous-jackfruit-grosbeak,2094865514468446327,1670849380658839552,true,
2095024892945060192,1788327832815,zappy-winter-thicketbird,,,,
2095024933248086137,1788327842425,neighborly-rhubarb-chickadee,2094794810234384418,2899158284,true,
2095025053133897875,1788328050886,cosmic-root-grackle,,,,
2095025129885491383,1788327889307,committed-garden-dipper,2094440055422988611,1060632416434434049,true,
2095025158868050033,1788327896216,diligent-brook-thrasher,,,,
2095025291378995599,1788327927809,nimble-cloud-bushlark,2094289933343289740,,true,
2095025606090256413,1788328002843,philosophical-mist-brushturkey,2094923603263304076,1338186398600482816,true,false
2095026065819176986,1788328112451,easygoing-island-parrotlet,2094919506439082301,2081863830976540672,true,
2095026163743605100,1788328135797,celebrated-ocean-seagull,2094918531041353865,4429210279,true,
2095026271533052300,1788328161496,cheery-nutmeg-towhee,,,,
2095026324075069757,1788328174024,,2094940499798851972,37827550,true,
2095026353443651927,1788328181025,kinetic-pecan-cockatoo,2094908163568873535,1472406609552756737,true,
2095026454417309741,1788328205100,great-mountain-brushturkey,2094975353659768954,,true,
2095026462264807772,1788328206970,eager-lowland-guillemot,2094804571688411349,1838979981948616704,true,
2095026471349678249,1788328209136,zappy-winter-thicketbird,2094984244950876592,17005368,true,
2095026483878121546,1788328212124,sincere-raisin-jacana,2094737128315838469,458008892,false,
2095026714489344004,1788328267106,neighborly-rhubarb-chickadee,2094811396643143807,1883425401189306368,true,
2095026732013162559,1788328271283,humorous-rock-bluebird,2094549290953715717,1026549584963747846,true,false
2095026801634410626,1788328287883,diligent-brook-thrasher,2094839179922243897,2883138004,true,
2095026995180552468,1788328334027,zappy-winter-thicketbird,2094965189309288947,,true,
2095027067897168061,1788328351364,,2094073850023850164,1954558449565794305,true,
2095027157395558889,1788328602262,cosmic-root-grackle,2094386684557132129,53789862,false,
2095027318393585892,1788328411087,celebrated-ocean-seagull,2095011596917469586,1298685741787230209,true,
2095027369626984573,1788328423302,wise-apple-crane,2094945160417190361,2002856451858219008,true,
2095027501911146798,1788328454841,cheery-nutmeg-towhee,2094997076341924023,1863455333982605312,true,
2095027529992004000,1788328461536,animated-dogwood-quail,2094856215708733828,1686228946986119168,false,
2095027539131478065,1788328463715,great-mountain-brushturkey,2095013124118380707,1497451765054066695,true,
2095027652491165942,1788328490742,intentional-slope-thrush,2093962878835732953,445303695,false,false
2095027740240138285,1788328511663,upbeat-pomegranate-fantail,2094728029926756643,1973426385558413312,true,
2095027791553036474,1788328523898,zappy-winter-thicketbird,2094778361734144413,100866746,true,
2095027853767172106,1788328538730,neighborly-rhubarb-chickadee,2094968457909698711,266930712,true,
2095027872268460206,1788328543141,radiant-passionfruit-bluejay,2094997044712845321,2054652053935288320,true,
2095027939968499964,1788328559282,diligent-brook-thrasher,2094998126977241344,1784208378580881408,true,
2095027954338132010,1788328562708,celebrated-ocean-seagull,,,,
2095027965868253646,1788328565457,cheery-nutmeg-towhee,,,,
2095027987380863414,1788328570586,great-mountain-brushturkey,2095000681056747822,1850964322500960256,true,
2095028007031263420,1788328575271,zappy-winter-thicketbird,2094785874550562911,1231314387119427584,true,
2095028023045022000,1788328579089,neighborly-rhubarb-chickadee,2094945117237096820,1946546125,true,
2095028046516359249,1788328584685,composed-strawberry-emu,2094875783156085200,38395124,true,
2095028154045747538,1788328610322,winning-dune-anhinga,2094988541092614338,1289270846092173320,true,true
2095028187885445184,1788328618391,nifty-pine-emu,2094782714796818861,1501542756161929216,true,false
2095028570783395970,1788328709680,diligent-brook-thrasher,2094912492153823483,1344750588026900481,true,
2095028636470354224,1788328725341,celebrated-ocean-seagull,2095021328667484601,,true,
2095028693756186740,1788328738999,cheery-nutmeg-towhee,2095013460534837746,865389111191916544,true,
2095028839340494858,1788328773709,great-mountain-brushturkey,,,,
2095028906956877951,1788328789830,zappy-winter-thicketbird,2095003578553565596,2024766728639856640,true,
2095029018462421362,1788328816415,shrewd-sunlight-pipit,2094889847513128982,2201906455,false,
2095029050293018938,1788328824005,bountiful-rock-thrush,2091518027062026461,971288268,true,
2095029214877495492,1788328863244,bountiful-rock-thrush,2091518030685847924,971288268,true,
2095029216983261211,1788328863747,hardworking-olive-stork,2094408610818429251,758188881523056640,true,
2095029381085454495,1788328902871,admirable-trail-cuckoo,2094769810530033981,841149780134887424,true,
2095029492402229693,1788328929414,faithful-lemon-snowfinch,2095000872816377997,1629270057439346688,true,
2095029875270689169,1788329020694,neighborly-rhubarb-chickadee,2094984211182813557,,true,true
2095029950596198537,1788329038654,diligent-brook-thrasher,2095017512480174315,2429873394,true,
2095030033459171611,1788329058409,bountiful-rock-thrush,2091518034863386677,971288268,true,
2095030074403659986,1788329068171,celebrated-ocean-seagull,2094994826261623086,1153045459,true,
2095030292004077970,1788329120051,contemporary-star-bluebird,2094862525556744414,68740712,true,
2095030438741848254,1788329155037,cheery-nutmeg-towhee,2094941701362126934,341717822,true,
2095030452977303803,1788329158430,centered-persimmon-cuckoo,2094804412359131150,2049227838109241345,true,
2095030472329797751,1788329603087,cosmic-root-grackle,,,,
2095030505217409242,1788329170885,great-mountain-brushturkey,2094983471106347232,1293428621596450816,true,
2095030574939529635,1788329335932,cosmic-root-grackle,,,,
2095030618514182635,1788329197898,comical-samba-whistler,2094832320155161086,1930638969542483968,false,
2095030659459010804,1788329207659,amiable-jackfruit-shorebird,2094963072414761205,,true,true
2095030786063745382,1788329373857,cosmic-root-grackle,,,,
2095031002385002996,1788329289419,zappy-winter-thicketbird,2095007193087283470,164141825,true,
2095031004419199039,1788329289904,diligent-brook-thrasher,2095007193087283470,164141825,true,
2095031145796702470,1788329323611,enthusiastic-petal-goshawk,2094952994748149886,1774160036782292992,true,
2095031221516444039,1788329473532,cosmic-root-grackle,2094037246328627462,1041175266133827585,false,
2095031237006049790,1788329345357,neighborly-rhubarb-chickadee,2095013431971623199,,true,
2095031239749112312,1788329346011,diligent-brook-thrasher,,,,
2095031301028089887,1788329484470,cosmic-root-grackle,2094769564819001367,1279497892722610181,true,
2095031347425235176,1788329371683,celebrated-ocean-seagull,2094791384284762436,1412020745975353344,true,
2095031351669891388,1788329372695,cherished-cedar-auklet,2094872451939230150,,true,
2095031352265515277,1788329372837,cheery-nutmeg-towhee,2094900945993732242,311878183,true,
2095031401120678009,1788329384485,distinguished-valley-kingfisher,2094800576877871525,2148233600,true,
2095031412575404227,1788329387217,great-mountain-brushturkey,,,,
2095031529143714081,1788329591412,cosmic-root-grackle,2094629917514400111,18839785,false,
2095031868219367571,1788329495851,keen-apricot-frigatebird,2094740081839907015,1694530166339387393,true,
2095032164421116021,1788329566470,celebrated-ocean-seagull,2095004543557709841,2043400278242701312,true,
2095032218653507930,1788329579401,zappy-winter-thicketbird,2094691043971129385,1577969388338253826,true,
2095032623668064567,1788329675964,neighborly-rhubarb-chickadee,2094899735480213553,1983022303580770304,true,
2095032625983279322,1788329676515,diligent-brook-thrasher,,,,
2095032632555733057,1788329678082,optimistic-persimmon-whistler,2094897723317133730,330262748,true,
2095033041563590718,1788329775597,yielding-foothill-bulbul,2094835638529052895,,true,
2095033083217236327,1788329785528,meticulous-winter-quail,2095001112021790931,,true,
2095033162502205559,1788329804432,realistic-juniper-egret,2094973074831790141,,true,
2095033435085565973,1788329869420,celebrated-ocean-seagull,2095014524642304417,4010649447,true,
2095033525435088943,1788329890961,cheery-nutmeg-towhee,2095022147643060641,,true,
2095033951093985432,1788329992447,great-mountain-brushturkey,2094969579722117261,1406803702950866945,true,true
2095033952398680379,1788329992757,diligent-beech-falcon,2094862851530002587,994968899711000576,true,
2095033965908533383,1788329995978,realistic-juniper-egret,2095028965522153675,2084518792550551552,true,
2095033970111209617,1788329996980,bright-raspberry-lorikeet,2094893703316009335,49620659,true,
2095034013970727206,1788330007437,zappy-winter-thicketbird,,,,
2095034128215248900,1788330034675,neighborly-rhubarb-chickadee,2094874424268714417,2717663955,true,
2095034303772348461,1788330076531,realistic-juniper-egret,2095013851133804829,2084518792550551552,true,
2095034699395801469,1788330170855,realistic-juniper-egret,2094998768223719804,2084518792550551552,true,
2095034723269505491,1788330176548,cheery-nutmeg-towhee,2094789951825096789,,true,true
2095034725463101483,1788330177070,diligent-brook-thrasher,2094789951825096789,,true,true
2095034779364180224,1788330189921,great-mountain-brushturkey,2094801707947733317,,true,
2095034998315164034,1788330242123,celebrated-ocean-seagull,2094810380816224343,167235346,true,
2095035138232942762,1788330275482,tectonic-sapling-treepie,2094842563048165523,53919282,true,
2095035184563335623,1788330286528,cheery-nutmeg-towhee,2095021357822005349,,true,
2095035212631789795,1788330293221,happy-peanut-songbird,2094792903973650734,2002374531051368448,true,
2095035341287678241,1788330323894,,2094775223069405200,742143,true,
2095035353468227931,1788330326799,happy-peanut-songbird,2094910946758312013,2022319587816296448,true,
2095035369242702296,1788330330559,thriving-plum-sparrow,2094609872855740866,1963742528429051905,true,false
2095035411068268560,1788330340531,great-mountain-brushturkey,2094801790659129798,2044716216913117184,true,
2095035417292923105,1788330342015,dazzling-reef-kingbird,2094952852863307788,1693289845949599744,true,
2095035430475382897,1788330345158,zappy-winter-thicketbird,2094896711592472717,,true,
2095035607827231046,1788330387442,tectonic-sapling-treepie,2094138107201556572,1432808185685889025,true,
2095035679101055101,1788330404435,adept-highland-ibis,2094842302640328984,1024976264,true,
2095035714266079314,1788330412819,humorous-rock-bluebird,2094778676311138468,143104075,true,
2095035721518309414,1788330414548,happy-peanut-songbird,2094842873950929389,2034159541529845760,true,
2095035763532677272,1788330424566,tranquil-creek-hummingbird,2094984211182813557,,true,true
2095035986904326600,1788330477820,neighborly-rhubarb-chickadee,2094999533872611656,2037627889818992640,true,
2095036121122025753,1788330509822,benevolent-sand-catbird,2094331387373346900,1274822490758545412,true,
2095036334435954784,1788330560680,neighborly-rhubarb-chickadee,2094893269306232958,1843814869583441920,true,
2095036431190085936,1788330583748,fabulous-cashew-condor,2095022822422917280,,true,
2095036438773452932,1788330585555,diligent-brook-thrasher,2094988014619427037,1627777646552666119,true,
2095036454241993193,1788330589243,celebrated-ocean-seagull,,,,
2095036558868926684,1788330614189,cheery-nutmeg-towhee,2094892933090787762,1201687449363025920,true,true
2095036721482105091,1788330652959,diligent-brook-thrasher,,,,
2095036728859820438,1788330654717,placid-almond-whistler,2094915303218004162,1983211975380553728,true,true
2095036823072579801,1788330677179,empowered-blossom-songlark,2094994084700299465,914820426404003840,true,
2095036940034736542,1788330705065,blazing-granite-frigatebird,2094885447528767786,1769720558235635712,false,
2095037306247795057,1788330792378,great-mountain-brushturkey,2094822064624451998,1559273299410042882,true,
2095037393891946676,1788330813273,zappy-winter-thicketbird,2094983496863506724,2084518792550551552,true,
2095037419976536461,1788330819492,brave-cove-pheasant,2094197489008300335,,true,
2095037458530398419,1788330828685,neighborly-rhubarb-chickadee,2094999990074765813,2036388607804710916,true,true
2095037741989822693,1788330896266,thoughtful-sunlight-lapwing,2094998886351864308,1432766978389905413,true,false
2095037828539330644,1788330916901,curious-field-curassow,2094646610114298260,996766160447332352,true,
2095037850123411772,1788330922047,thoughtful-twig-robin,2094980817634382209,97622129,true,
2095038056822620577,1788330971329,effective-oak-songbird,2094823243479674916,1944677949028093952,false,
2095038264491094212,1788331020841,outstanding-citrus-kite,2094881812543611265,756668416124194816,true,
2095038308879376872,1788331031423,diligent-brook-thrasher,2095029747654783124,,true,
2095038394305016309,1788331051790,sensible-frost-fantail,2094413011272511678,129349957,true,
2095038449350824133,1788331064915,wholesome-raspberry-stilt,2094842563048165523,53919282,true,
2095038462323789946,1788331068007,wholesome-raspberry-stilt,2094983783271539123,2350724678,true,
2095038467130413431,1788331069153,celebrated-ocean-seagull,,,,
2095038467939946797,1788331069346,wholesome-raspberry-stilt,2094922030785483091,1551978656733487105,true,
2095038628431016163,1788331107610,striking-wind-owl,,,,
2095038694797250974,1788331123433,captivating-grassland-crimsonwing,2094816950807412871,16312576,true,
2095038760383594850,1788331139071,observant-sandalwood-anhinga,2094470273668100370,1882525979886968832,true,false
2095038852821893597,1788331161109,cheery-nutmeg-towhee,2094958662142083209,2021060540064518144,true,
2095038957989843376,1788331186183,upstanding-cloud-stork,2094805362935251218,452540168,true,false
2095039093604581473,1788331218516,striking-wind-owl,,,,
2095039341345333272,1788331277582,humorous-ocean-oriole,2094943208614629623,2023888703119388672,true,
2095039341504372911,1788331277620,placid-maple-needletail,,,,
2095039343056617936,1788331277990,witty-mint-kite,2094736851559240170,1271631107310534656,true,
2095039514972692882,1788331318978,striking-wind-owl,,,,
2095039669755097315,1788331355882,proactive-seashore-kingfisher,2094549290953715717,1026549584963747846,false,
2095039767490568388,1788331379183,excellent-sycamore-swift,2094927148146385105,399909209,false,
2095039793331650864,1788331385344,great-mountain-brushturkey,2095022822422917280,,true,
2095039822742134975,1788331392356,zappy-winter-thicketbird,2094892300144959810,856535215241658373,true,
2095039824910598380,1788331392873,celebrated-ocean-seagull,2094892300144959810,856535215241658373,true,
2095040286754037960,1788331502985,lively-bamboo-treepie,2094728601765810413,1934612709435461632,true,
2095040861427970219,1788331639998,civil-glacier-auklet,2094801935199051838,403459590,true,
2095041065182974290,1788331688578,neighborly-rhubarb-chickadee,2094906358747295910,,true,
2095041297979445429,1788331744080,marvelous-cherry-peafowl,2094962019141029999,878247600096509952,true,
2095041321203360013,1788331749617,innovative-persimmon-parrotlet,2094768809437487291,552530026,true,
2095041322587746434,1788331749947,jazzy-mulberry-tern,2095012743141290064,1404057411753693190,true,
2095041344414638471,1788331755152,balanced-orchard-albatross,2094539865316610141,1562038858988064768,true,
2095041367357456694,1788331760621,balanced-orchard-albatross,2094869916952510813,,true,
2095041372092801080,1788331761750,diligent-brook-thrasher,,,,false
2095041446357176398,1788331779456,transcendent-harvest-songlark,2094639093070344519,781367901676793857,true,
2095041457673412894,1788331782154,celebrated-ocean-seagull,2094872736636055831,2046002065537740801,true,
2095041470931615749,1788331785315,placid-maple-needletail,,,,
2095041555543269756,1788331805488,tectonic-winter-kestrel,2094779155397435554,,true,
2095041570672165292,1788331809095,shining-seedlings-owl,2094842282075689221,1198117298176954368,true,
2095041656043053360,1788331829449,shining-seedlings-owl,2094875841767292989,2016582545442312192,true,
2095041754177126728,1788331852846,shining-seedlings-owl,2094830969576374476,,true,
2095041983668502706,1788332360213,cosmic-root-grackle,2092130126901170259,2001964665870659584,true,
2095042086773157898,1788331932144,outgoing-cave-swift,2094887179072028989,117463890,true,
2095042229094187221,1788331966076,diplomatic-park-sandpiper,2094615864741875838,1829591360854212609,true,
2095042233032487205,1788331967014,cheery-nutmeg-towhee,2094668227775438890,194059226,true,
2095042267685818376,1788331975276,distinctive-cypress-lark,2094970588850749459,302971361,true,
2095042434149282022,1788332014965,shimmering-marble-heron,2094476337364763025,3108351,true,
2095042454428745850,1788332019800,cheery-nutmeg-towhee,2095020437608501377,1965437992836710400,true,
2095042581956895151,1788332050204,dauntless-sky-meadowlark,2094952865559351457,94701166,true,
2095042615993565388,1788332058319,lively-bamboo-treepie,2094770613344944586,2739711101,true,
2095042617234895052,1788332058615,great-mountain-brushturkey,2094701391751135533,28212513,true,
2095042683194823111,1788332074341,trusting-flower-bushbird,2094741191896240159,925332010322632705,true,
2095042721157194015,1788332083392,zappy-winter-thicketbird,2094691564778086859,2329956857,true,
2095042834974056560,1788332110528,modern-acorn-seagull,2094886298679119921,346913686,true,
2095043212788502624,1788332200606,smart-rose-bulbul,2094759461403738445,,true,
2095043455483257103,1788332258470,amusing-coral-grebe,2094822590967947488,61569136,false,
2095043664628125887,1788332308334,colorful-lumber-jay,2094771513563988390,2071714613230448641,true,
2095043725911113732,1788332322944,neighborly-rhubarb-chickadee,,,,
2095043739014033493,1788332326068,diligent-brook-thrasher,2094983619710419018,1282509001926692864,true,
2095043772061000157,1788332333948,,2094840208432955565,3530404094,true,
2095043828591771857,1788332347425,involved-meadow-goose,2094585764726104511,,true,
2095044020875776302,1788332393269,amazing-coast-parakeet,2093840777751167380,457981102,true,
2095044092635828608,1788332410378,celebrated-ocean-seagull,2094982431975911490,1229600073295618048,true,
2095044352951152968,1788332472443,great-mountain-brushturkey,2094894633905983746,1598629730873393152,true,
2095044684154581286,1788332658454,cosmic-root-grackle,2094738097091055891,18809812,false,
2095044749334131090,1788332566947,brave-cove-pheasant,2094589045485846801,,true,
2095044859383963695,1788332593185,revered-bonsai-falcon,2094965765690548589,511643682,true,
2095045100455768194,1788332650661,placid-maple-needletail,2094778676311138468,143104075,false,
2095045160845394382,1788332665059,cozy-maple-flycatcher,2094937674255651222,,true,
2095045234728014328,1788332682675,placid-maple-needletail,2094549290953715717,1026549584963747846,false,
2095045298003284264,1788332697761,zappy-winter-thicketbird,2094841789140054021,1506921384290750464,true,
2095045309990629667,1788332700618,informative-marble-crake,2094862889375220191,1950896108399689728,true,
2095045564589113483,1788332761319,cheery-nutmeg-towhee,2094778593713000587,23873458,true,
2095045567001071935,1788332761894,centered-river-sandpiper,2094928041407570008,174574802,true,
2095045822542917799,1788332822820,ardent-fern-starling,2094971788878843988,1294350150052335616,true,
2095046091045552436,1788332886837,great-mountain-brushturkey,2094799706090098906,777907120897454080,true,
2095046108867145792,1788332891085,zappy-winter-thicketbird,2095031961660326079,948475538187878400,true,
2095046621503332511,1788333013308,neighborly-rhubarb-chickadee,,,,
2095046775342280779,1788333049985,great-tide-heron,2094616299850928131,750334910410350592,true,
2095046826567385505,1788333231076,cosmic-root-grackle,2094960956350611876,203226736,true,
2095046980582154317,1788333098918,great-tide-heron,1776013386553450906,591975342,true,
2095047008029384709,1788333105462,neighborly-rhubarb-chickadee,2095030398103232791,,true,true
2095047043991445994,1788333114036,straightforward-orchard-lapwing,2095002526353371539,177101260,true,
2095047162094927972,1788333142194,great-tide-heron,2094761374434095352,1126028315469406210,true,
2095047242864279828,1788333161452,majestic-cliff-thicketbird,2094838452617449585,1193816843519172608,true,
2095047251710378091,1788333163560,breathtaking-mangrove-hummingbird,2094943975170044366,,true,
2095047371616899570,1788333192149,zestful-lake-logrunner,2094805362935251218,452540168,false,
2095047516785893576,1788333226759,diligent-brook-thrasher,2095022194057510943,,true,
2095047520896290891,1788333740243,cosmic-root-grackle,2085694224285212728,156703580,false,
2095047769417195860,1788333286992,celebrated-ocean-seagull,2094945951865520458,352806502,true,true
2095048343462576194,1788333423854,amicable-grapefruit-leaflove,2094662568057217487,2072120748941225984,true,
2095048496659247306,1788333460379,diligent-brook-thrasher,2094791384284762436,1412020745975353344,true,
2095048812821680461,1788333535758,cheery-nutmeg-towhee,2095020912789586319,1952289812674953216,true,
2095048857256079837,1788333546353,great-mountain-brushturkey,2094790874072756425,1562923373897793536,true,
2095048886523969666,1788333553331,witty-peachtree-tailorbird,2095023887251575244,517477928,true,
2095048962541560214,1788333571455,zappy-winter-thicketbird,2094837853377503254,790506386027343872,true,
2095049077285175522,1788333598811,neighborly-rhubarb-chickadee,,,,
2095049155697631449,1788333617507,diligent-brook-thrasher,2095024198658003220,1597364389048614912,true,
2095049574100410536,1788333717261,celebrated-ocean-seagull,2095033295327125704,1448727424905142276,true,
2095049616517410915,1788333727374,hip-pond-crossbill,2094739194450964714,15748165,true,
2095049699929501887,1788333747261,cheery-nutmeg-towhee,2094917935361917136,39344961,true,
2095049713888203255,1788333750589,fascinating-creek-grebe,2095045624030728703,2084116512248385536,true,
2095049781949108598,1788333957519,cosmic-root-grackle,2094629917514400111,18839785,false,
2095049971145777621,1788333811924,great-mountain-brushturkey,2094993724589649986,1527010702828912640,true,
2095050288583585878,1788333887608,sanguine-hillside-mockingbird,2094922030785483091,1551978656733487105,true,
2095050997739446335,1788334056683,industrious-clay-turkey,2094572093002416150,155032243,true,
2095051084616122405,1788334077397,fancy-orchard-goose,2094819808135004620,211957506,true,
2095051250392023535,1788334116920,bookish-jackfruit-conebill,2094993067275350199,1457884439586144256,true,
2095051331622846802,1788334136287,celebrated-ocean-seagull,,,,
2095051565098733930,1788334191953,soothing-pistachio-flamingo,2094923603263304076,1338186398600482816,false,
2095051690051297598,1788334221743,zappy-winter-thicketbird,2095030813918175266,1514543129004761090,true,
2095051752240222534,1788334236571,neighborly-rhubarb-chickadee,2095018823812612113,1951921775383916544,true,
2095051790588826046,1788334245713,diligent-brook-thrasher,2094787767368564900,1947056833979432961,true,
2095051817067368726,1788334252027,celebrated-ocean-seagull,2094878795027067129,561133976,true,
2095051886512525669,1788334268584,mesmerizing-cherry-oriole,2094828646112674022,1375396777348698115,true,
2095052041961787423,1788334305645,cheery-nutmeg-towhee,2094986537138061430,1291056313104052224,true,
2095052087394488388,1788334316477,exquisite-papaya-grebe,2089827355963408774,197080008,true,
2095052134383513667,1788334327680,joyous-aspen-flycatcher,2094849655167471773,28576494,true,
2095052286615839083,1788334363975,botanical-mulberry-logrunner,2094684574575943930,141537126,true,
2095052375262183860,1788334385110,zappy-winter-thicketbird,2094993067275350199,1457884439586144256,true,
2095052377560633751,1788334385658,cheery-nutmeg-towhee,2094993067275350199,1457884439586144256,true,
2095052464533967166,1788334406394,original-berry-ibis,2095012287342063895,,true,
2095052499036070093,1788334414620,easygoing-island-parrotlet,2094841052062716396,223459075,true,
2095052570272153894,1788334431604,witty-peachtree-tailorbird,,,,
2095052717961957715,1788334466816,meticulous-fir-brownbul,2094853019837833332,2040730420309041152,true,
2095053176604869070,1788334576166,neighborly-rhubarb-chickadee,2094936426999927139,965468965,true,
2095053203419152685,1788334582558,wholesome-raspberry-stilt,2094758816403329423,1240318423781068802,true,
2095053211681828915,1788334584528,wholesome-raspberry-stilt,2094930966670148020,1642604089555968000,true,
2095053438153359613,1788334638523,,2094882233764942251,2053263607383609344,true,
2095053519715762211,1788334657969,noble-mangrove-ostrich,2094671347259474081,,false,
2095053523670962510,1788334658913,witty-peachtree-tailorbird,2094803749118034188,2011829646707634176,true,
2095053640373248024,1788334686736,great-mountain-brushturkey,2095003306460336534,,true,
2095053800616730708,1788334724941,diligent-brook-thrasher,2095043422352470286,,true,
2095054003776418040,1788334773378,dauntless-redwood-fantail,2094583228657242412,1410513553396699139,true,
2095054244881518900,1788334989779,cosmic-root-grackle,2094849074298048567,897511350745825282,true,
2095054921016193373,1788334992066,zappy-star-swift,2094746480657699261,,true,
2095054931635982398,1788334994598,loyal-cave-grebe,2095036309186150520,,true,
2095055074938573261,1788335028763,zappy-winter-thicketbird,,,,
2095055076846882826,1788335029218,celebrated-ocean-seagull,,,,
2095055129154396269,1788335041689,persistent-frost-whistler,2095002861977661757,,true,
2095055145998385265,1788335045705,cheery-nutmeg-towhee,,,,
2095055210519388461,1788335061088,witty-peachtree-tailorbird,2094417421230551090,1117210361592205312,true,
2095055301695230409,1788335082826,great-mountain-brushturkey,2095035965530067083,1597767604998922241,true,
2095055455106089032,1788335119402,zappy-winter-thicketbird,2094987054346125466,428454304,true,
2095055465830920250,1788335121959,striking-horseradish-conebill,2094963072414761205,,true,
2095055521502171442,1788335269108,cosmic-root-grackle,2094847942419165446,37491797,false,
2095055803082256691,1788335202367,lovable-root-lark,2095016871024046497,535707261,true,
2095055998532907336,1788335248965,majestic-dogwood-catbird,2094750246966636948,1387441563727392772,true,
2095056030925209621,1788335256688,neighborly-rhubarb-chickadee,2095049709454753945,1370776460504539142,true,
2095056262325035336,1788335311858,diligent-brook-thrasher,2094849074298048567,897511350745825282,true,
2095056267236585760,1788335313030,celebrated-ocean-seagull,2095009089247981727,2496837662,true,true
2095056608208343317,1788335394324,neighborly-rhubarb-chickadee,2095050702204596267,1989968432205545474,true,
2095056713837629599,1788335419507,distinguished-fir-puffleg,2094847424367882707,592730371,false,
2095056740861513806,1788335554672,cosmic-root-grackle,,,,
2095056802844967046,1788335440728,cheery-nutmeg-towhee,2094946746531037688,,true,
2095056941680631986,1788335473829,great-mountain-brushturkey,2095037442403528963,1740895935755145216,true,
2095056962765406344,1788335478857,zappy-winter-thicketbird,,,,
2095057031501656347,1788335495244,fashionable-lumber-wigeon,2094851652478279744,846671442678857728,true,
2095057112481026547,1788335514551,hip-twig-raven,2094780866723459568,974303264777867264,false,
2095057151706468373,1788335523903,mindful-mist-eagle,,,,
2095057241304863037,1788335545265,neighborly-rhubarb-chickadee,2094811408709898416,6322582,true,
2095057434008281451,1788335591209,zestful-spruce-dipper,2094943520041886177,1911110655593291776,false,
2095057806546153714,1788335680029,diligent-brook-thrasher,2094915303218004162,1983211975380553728,true,
2095057811826724920,1788335681289,diligent-brook-thrasher,2095048126029553901,1543443901738016773,true,
2095057980521664587,1788335721508,celebrated-ocean-seagull,2094838179140378940,1842637442538446849,true,
2095058128098238652,1788335756693,celebrated-ocean-seagull,2094688836643352653,1017892758063702016,true,
2095058209559961766,1788335776115,cheery-nutmeg-towhee,2094973602433212679,1723679288933949440,true,
2095058818371838118,1788336196337,cosmic-root-grackle,,,,
2095058849019375990,1788335928574,great-mountain-brushturkey,2094874548545953855,22291311,true,
2095059012358209705,1788335967518,zappy-winter-thicketbird,2094573883362021387,2040838444671217664,true,
2095059041261404355,1788335974408,auspicious-raspberry-osprey,2094921461744255029,1560155798046511105,true,
2095059251429339634,1788336024516,great-mountain-brushturkey,2095020437608501377,1965437992836710400,true,true
2095059344425623976,1788336046688,grand-pecan-murrelet,2094917452517847347,19230601,true,
2095059512738628042,1788336240111,cosmic-root-grackle,2094883343695278527,330262748,false,
2095059652559946156,1788336120154,empowering-garden-seabird,2094972815036289178,2032546258175574016,true,
2095059759745413488,1788336145709,discerning-flower-grosbeak,2094719052262318344,1971918332958842881,true,
2095059867400630295,1788336171375,splendid-cypress-puffbird,2094857063214002445,1687365351237992454,true,
2095059875675935154,1788336173349,neighborly-rhubarb-chickadee,2095043382934466673,,true,
2095060154987233386,1788336239941,contemporary-poplar-hawk,2094567698718232991,726020540180262913,true,
2095060200256417897,1788336250735,diligent-brook-thrasher,2094865171353346057,73909355,true,
2095060533401821524,1788336330162,accomplished-coral-dipper,2094960675244196270,2859077596,true,
2095060538485326156,1788336331374,flying-lagoon-jay,2094732847211040995,1316079401012989952,true,
2095060543312720358,1788336332525,celebrated-ocean-seagull,2094909199943602377,818368194,true,
2095060612271243472,1788336348966,cheery-nutmeg-towhee,2095029030059745349,1405165634196062218,true,
2095060844824744397,1788336404411,contemporary-poplar-hawk,2095036922125271228,254515782,true,
2095061082738204811,1788336642414,cosmic-root-grackle,,,,
2095061167148310961,1788336481259,majestic-summer-flycatcher,2094691168046961062,3342603327,true,
2095061469100437756,1788336553250,charismatic-trail-peacock,2094838382518059403,1094881364887986177,true,
2095061496237527106,1788336559720,lucent-oak-catbird,2095045924586213863,80676829,true,
2095061509608972485,1788336562908,great-mountain-brushturkey,2095020410790375754,,true,
2095061519289790721,1788336728993,cosmic-root-grackle,2094801194925314072,,false,
2095061534972039498,1788336568955,,2094838382518059403,1094881364887986177,true,
2095061690052444654,1788336605929,lovable-lowland-snowfinch,2094961178938356221,1015146102205476865,true,
2095061751498682819,1788336620579,zappy-winter-thicketbird,2094638611480375577,1155503627294789633,true,
2095061866477166809,1788336647993,neighborly-rhubarb-chickadee,2094958825220583533,806344192221966336,true,
2095061882482708918,1788336651808,animated-ridge-waxbill,2094950465976856792,2035894944834244608,true,
2095062084207710283,1788336699903,zappy-winter-thicketbird,2095005218467688611,76134964,true,
2095062089203400749,1788336701094,wholesome-raspberry-stilt,2094950465976856792,2035894944834244608,true,
2095062105846374733,1788336705062,wholesome-raspberry-stilt,2094783469846929883,629698642,true,true
2095062114209857604,1788336707056,wholesome-raspberry-stilt,2094782273111609824,1909603317753561089,true,
2095062160523112815,1788336718099,diligent-brook-thrasher,,,,
2095062383131762953,1788336771172,logical-sunlight-motmot,2094643969057857768,44820979,true,true
2095062427670851901,1788336781792,extraordinary-grove-lovebird,2090801100857209209,1596074620595183617,true,
2095062475477528611,1788336793190,celebrated-ocean-seagull,2094979302244684228,1089203120184459271,true,
2095062512828125527,1788337845700,cosmic-root-grackle,,,,
2095062961110852024,1788336908974,terrestrial-watermelon-goshawk,2094665142956904633,1197908575739355137,true,
2095063019394830632,1788336922870,wondrous-strawberry-treerunner,2094551058865353046,1984976634395713537,false,
2095063088911319416,1788336939443,neighborly-rhubarb-chickadee,2095019890705117203,1588859797717536768,true,
2095063109710839893,1788336944402,cheery-nutmeg-towhee,2095019890705117203,1588859797717536768,true,true
2095063183845372258,1788336962077,philosophical-mist-brushturkey,2094778633512468935,1573915572764610560,true,
2095063247250428069,1788336977195,great-mountain-brushturkey,2095057008051568788,,true,
2095063353034932660,1788337002415,grand-field-bulbul,2094837104799027517,1528872169,true,
2095063422375248192,1788337018948,zappy-winter-thicketbird,2094948355793396131,2005651192148566016,true,
2095063475584475470,1788337031634,reserved-peat-hawk,2094934817834246405,1347245443,true,
2095063516906484121,1788337041486,amazing-rainforest-turkey,2094770232560656645,2054190711243710464,true,
2095063646476878069,1788337072377,neighborly-rhubarb-chickadee,2094804508400329160,1737215603193028608,true,
2095063829201780756,1788337115942,diligent-brook-thrasher,2094902119153479785,,true,
2095063855563170035,1788337122227,wholesome-trail-motmot,2095061519176519841,1282509001926692864,true,
2095063942963802247,1788337143066,articulate-ridge-thrush,2094979099672383975,17715048,true,
2095063943215534540,1788337143125,diligent-brook-thrasher,,,,
2095064013876994347,1788337159973,celebrated-ocean-seagull,2095040267178885620,,true,
2095064094713823505,1788337179245,cheery-nutmeg-towhee,2095048560110666081,1613020402233614338,true,
2095064194668458367,1788337203076,notable-willow-kestrel,2094688476235174001,2075506257939804161,true,
2095064236036632788,1788337212940,great-mountain-brushturkey,2095052565083983958,,true,
2095064725037920713,1788337329526,zappy-winter-thicketbird,2095044849833504933,4010649447,true,
2095064839966093733,1788337356927,industrious-peppermint-citril,2094917452517847347,19230601,false,
2095064878964695060,1788337366225,neighborly-rhubarb-chickadee,2094799819231645747,1871613173402644480,true,
2095065064189636954,1788337606244,cosmic-root-grackle,2094864883007504844,1689393367833313286,true,
2095065343823634753,1788337477056,diligent-brook-thrasher,,,,
2095065434378948720,1788337498646,incredible-iceberg-grebe,2095042025443778917,1287767726870667265,true,
2095065606324138121,1788337539642,celebrated-ocean-seagull,2094675221982654476,1834999539146932224,true,
2095065626129670310,1788337544363,celebrated-ocean-seagull,,,,
2095065632362385821,1788337545850,cheery-nutmeg-towhee,2094895856365527505,1708525192908361728,true,true
2095065693523964327,1788337560431,mindful-seedling-hillstar,2094087623664964067,,true,
2095065876215066973,1788337603989,strong-berry-snowfinch,2094820618793636169,1454498807261978630,true,
2095066092754407628,1788337655615,genius-fig-citril,2094922030785483091,1551978656733487105,true,
2095066124144849319,1788337663099,wholesome-trail-motmot,2095054263106056509,1282509001926692864,true,
2095066243443081532,1788337691542,cheery-nutmeg-towhee,2094902409327735182,1240801003181690884,true,true
2095066554916331525,1788337765803,wholesome-raspberry-stilt,2094886170865856740,31700619,true,
2095066558900879724,1788337766753,great-mountain-brushturkey,2094937980654039383,122100073,true,true
2095066794809556995,1788337822998,zappy-winter-thicketbird,,,,
2095066912615223367,1788337953296,cosmic-root-grackle,,,,
2095067000426913979,1788337872021,great-mountain-brushturkey,,,,
2095067235564110312,1788337928083,wise-kelp-pelican,2091780151613051294,408575098,true,
2095067464984052130,1788337982780,mighty-prairie-dove,2094732672031752202,2028764128337444864,true,
2095067696283160838,1788338037927,wise-kelp-pelican,2091762164021534753,1729189427531100160,true,
2095067745259753660,1788338049603,rational-blossom-chicken,2094864266851725769,,true,
2095067767812542487,1788338054980,amazing-buckeye-hummingbird,2094989459662242271,885768268023083009,true,
2095067778491290096,1788338057526,orderly-sea-jacana,2094935903093313867,1494072723001286658,true,
2095067869612830819,1788338079251,wholesome-trail-motmot,2095060141506986106,1282509001926692864,true,
2095067940437856274,1788338096137,wholesome-trail-motmot,2095060380867518625,1282509001926692864,true,
2095067952290594873,1788338098963,zappy-winter-thicketbird,,,,
2095068008263946381,1788338112309,wholesome-trail-motmot,2095067334880935981,1282509001926692864,true,
2095068163733852596,1788338149375,brawny-maple-thicketbird,2094916962761539658,2039408675505291264,true,
2095068256293842954,1788339346897,cosmic-root-grackle,,,,
2095068317719363771,1788338186088,modern-acorn-seagull,2094928041407570008,174574802,true,
2095068515623477569,1788338233272,optimistic-rainfall-puffleg,2094906127376924672,1270763280559112192,true,false
2095068557264449956,1788338243200,masterful-peanut-towhee,2094567422124585383,,false,
2095068671794405459,1788338270506,authentic-cherry-seabird,2094913485637292112,,true,
2095068736290263105,1788338285883,valorous-apricot-blackbird,2094853431475249415,785911493678211072,true,
2095068956197363857,1788338338313,centered-sunlight-hornbill,2093950649868201989,2068749763726491650,true,
2095069079719776406,1788338367763,modern-acorn-seagull,2094982806992748757,346913686,true,
2095069101764837596,1788338373020,neighborly-rhubarb-chickadee,,,,
2095069262839005333,1788338411422,curious-kelp-puffin,2094772063487607035,1427800990300790791,false,
2095069338839490690,1788338429542,composed-cactus-quail,2094475101156860352,1838172925889036288,true,
2095069381801742709,1788338439785,optimistic-marble-emu,2094676213591580817,2698185847,true,
2095069386931315176,1788338441008,diligent-brook-thrasher,2094995903757103450,2015492887585120257,true,
2095069604477305273,1788338492876,kind-pine-blackbird,2094849655167471773,28576494,false,
2095069702737305627,1788338516302,neighborly-rhubarb-chickadee,2095047843799056502,2023377447513665536,true,
2095069734878286023,1788338523966,celebrated-ocean-seagull,2095044526746325474,1322114317244866560,true,
2095069892122751362,1788338561456,diligent-brook-thrasher,2095031760379658297,,true,
2095069959009280166,1788338577402,polished-sequoia-magpie,2094856713815867881,34570323,true,
2095070137153909065,1788338619875,majestic-nectarine-mallard,2094922077497147727,996143635,true,
2095070209174327394,1788338637046,cheery-nutmeg-towhee,2095013496316428292,1274606539748368389,true,
2095070214597537974,1788338638339,great-mountain-brushturkey,2095039047655637266,1220855555671105540,true,
2095070278048993403,1788338653467,tectonic-sapling-treepie,2094955538996228100,3177285932,true,
2095070452997611600,1788338695178,charitable-twig-turkey,2094831444170260987,1587321779957161984,true,
2095070545607835671,1788338717259,amiable-citrus-emu,2094485253419135457,1201890753447895040,true,
2095070880963379675,1788338797213,enthusiastic-autumn-nighthawk,2094713136142021025,1372583311638470663,true,
2095070939461341585,1788338811160,zappy-winter-thicketbird,,,,
2095070994712969523,1788339460688,cosmic-root-grackle,,,,
2095071013989941512,1788338828929,easygoing-island-parrotlet,2094719386687094998,1263091103290421248,true,
2095071446653337756,1788338932085,neighborly-rhubarb-chickadee,2094952059053498459,96479156,true,true
2095071621463896342,1788338973762,profound-field-catbird,2092980623023731098,,true,
2095071623892054329,1788338974341,diligent-brook-thrasher,2094931044197691833,2093672254211264512,true,
2095071844508266637,1788339026941,celebrated-ocean-seagull,,,,
2095071997101281648,1788339063321,cheery-nutmeg-towhee,2094970588850749459,302971361,true,
2095072000448278907,1788339064119,cheery-nutmeg-towhee,2094713274940145995,168615895,true,
2095072036238303714,1788339072653,great-mountain-brushturkey,,,,
2095072053787230356,1788339076837,happy-poplar-condor,2094958777833550101,729083502,true,
2095072140244480029,1788339097449,majestic-nectarine-mallard,2094826607219257773,1872966888541523968,true,
2095072146858893774,1788339278629,cosmic-root-grackle,2095064642079084931,,true,
2095072210394190114,1788339114174,zappy-winter-thicketbird,2094954791025987590,1507266386913292292,true,true
2095072356758606087,1788339149071,neighborly-rhubarb-chickadee,2095011163880747062,1730629015847702528,true,
2095072385644834957,1788339155957,merry-sky-lovebird,2094579894810452360,947865320,true,
2095072558999548136,1788339197288,diligent-brook-thrasher,,,,
2095072559368729024,1788339197376,neat-glacier-crimsonwing,2094858364505186692,3145967403,true,
2095072682144362679,1788339226648,adventurous-passionfruit-lory,2095028135930569017,,true,
2095072702146998466,1788339357266,cosmic-root-grackle,,,,
2095072775299891267,1788339248858,celebrated-ocean-seagull,2094813099702333818,1241813804985593858,true,true
2095072793050460302,1788339407231,cosmic-root-grackle,,,,
2095072806404853838,1788339256274,majestic-nectarine-mallard,2094817797670891542,264248576,true,
2095072920594751700,1788339283499,cheery-nutmeg-towhee,2094968241596838218,974112594863710208,true,
2095073024395653627,1788339308247,lionhearted-papaya-cotinga,2095019890705117203,1588859797717536768,true,true
2095073093056078268,1788339324617,great-mountain-brushturkey,2095035782507737413,1530409370114084866,true,
2095073138451112307,1788339335440,zappy-winter-thicketbird,,,,
2095073294697271715,1788339372692,passionate-lemon-motmot,2094795463681774066,225244042,true,
2095073721161523546,1788339474369,memorable-lime-stork,2093437875161575567,2010370485046140928,true,true
2095074037323936086,1788339549748,neighborly-rhubarb-chickadee,2094874154088497605,1087757588622651397,true,
2095074086795776034,1788339561544,diligent-brook-thrasher,2095011329136304371,1318080514058821633,true,
2095074178005184531,1788339583289,hilarious-honeydew-catbird,2094401285701132734,,true,
2095074288546033878,1788339609644,endearing-rainfall-owl,2094865020782039247,1487193489725087746,true,
2095074539671826870,1788339669517,discerning-river-drongo,2095007193087283470,164141825,true,
2095074855498444829,1788339744816,celebrated-ocean-seagull,2095058007868518603,,true,
2095075044242161895,1788339789816,classy-cove-goldfinch,2085728386115063915,2076984315741687808,true,
2095075404457689264,1788339875698,wholesome-raspberry-stilt,2094906989335712088,1500129642,true,
2095075437747581251,1788339883635,gracious-passionfruit-parakeet,2095068487991324739,78085410,true,
2095075645751484568,1788339933228,cheery-nutmeg-towhee,,,,
2095075678349582474,1788339940999,daring-jacaranda-puffin,2094894272772227480,1562700642266714112,true,
2095075685345722440,1788339942668,great-mountain-brushturkey,2095064227941634470,1573448965466607618,true,
2095075798474449128,1788339969640,contemporary-cactus-lovebird,2095010544684343761,1735943957488824320,true,
2095075934407667839,1788340002049,contemporary-cactus-lovebird,2095029028717728184,1735943957488824320,true,
2095075963428094062,1788340136214,cosmic-root-grackle,,,,
2095076299530285133,1788340089100,amazing-maple-flamingo,2094758185756225802,,true,
2095076464970649862,1788340275877,cosmic-root-grackle,2094898129397043443,454340464,true,
2095076612685312404,1788340163762,zappy-winter-thicketbird,2095064874279706662,,true,true
2095076761901969599,1788340199339,neighborly-rhubarb-chickadee,,,,
2095077393425666285,1788340349905,diligent-brook-thrasher,2094904719659708838,14414116,true,
2095077408416448992,1788340769548,cosmic-root-grackle,,,,
2095077893462265897,1788340469123,celebrated-ocean-seagull,2095041788536861122,1550119216073781249,true,
2095077903788625936,1788340471585,cheery-nutmeg-towhee,,,,
2095078370342257129,1788340747352,cosmic-root-grackle,,,,
2095078723427139871,1788340667002,stalwart-cashew-quail,2095019890705117203,1588859797717536768,true,
2095078809024213113,1788340687411,great-mountain-brushturkey,2095021480983560386,112103858,true,true
2095078823532372284,1788340690870,tropical-snow-magpie,2094620494511091852,821751272004993025,true,
2095079025878446106,1788340739112,tremendous-kelp-seedeater,2095001863502627054,4314244692,true,
2095079198700208635,1788340780316,inventive-rosewood-bunting,2094397247987265602,1181540085373849600,true,
2095079211442528411,1788341284555,cosmic-root-grackle,2094580998906499146,1786938591441997824,true,
2095079417034740118,1788340832372,neighborly-rhubarb-chickadee,,,,
2095079595133329545,1788340874834,diligent-brook-thrasher,2094997487182635248,1532188128983011328,true,
2095079653748912554,1788340888808,imaginative-trail-mousebird,2094260629356048489,2089999389234450432,false,
2095079747747271071,1788341047124,cosmic-root-grackle,,,,
2095079763526488528,1788340914981,splendid-bamboo-chicken,2094914692766654782,1671883466735247360,true,
2095079807553831406,1788340925479,celebrated-ocean-seagull,2095044679775748216,1594286505257627648,true,
2095080134441308239,1788341003414,trusting-fjord-quail,2095059603239121217,171094985,true,
2095080438926660058,1788341076009,careful-summer-heron,2094602852366753850,1425939065870893065,true,
2095080758947799110,1788341152308,revered-autumn-quail,2094408033246036114,1258621224646840322,true,
2095080768758313249,1788341154647,cheery-nutmeg-towhee,,,,
2095080930943578270,1788341193315,great-mountain-brushturkey,2095035922245169277,562773398,true,
2095081008534097937,1788341211814,zappy-winter-thicketbird,2094848729647829202,2212305370,true,
2095081092755939417,1788341231895,engaging-peat-pheasant,2094914692766654782,1671883466735247360,false,false
2095081256237310361,1788341270871,uplifting-rock-oriole,2094428840672051450,435331179,false,
2095081592850927982,1788341351126,neighborly-rhubarb-chickadee,2095074639705739636,1587130893616955393,true,
2095081747553624270,1788341388010,diligent-brook-thrasher,2094801486559494644,1130050244857802752,true,
2095082148671967355,1788341483644,zesty-iceberg-meadowlark,2094741443739099146,1683462828374761474,true,
2095082229068177677,1788341502812,celebrated-ocean-seagull,2095047738425806937,17670329,true,
2095082316049576445,1788341523550,logical-winter-tern,2094798208031756436,1789755552991416321,false,
2095082327781114173,1788341526348,cheery-nutmeg-towhee,2095042107371127063,2024389880328097793,true,
2095082340649222302,1788341529415,great-mountain-brushturkey,2094816707953263098,1859262706814996481,true,true
2095082342620508274,1788341529885,zappy-winter-thicketbird,2094816707953263098,1859262706814996481,true,
2095082343908450592,1788341530192,captivating-redwood-songlark,2094954298786648440,1409223888,true,
2095082403479818298,1788341544395,fortuitous-winter-lark,2094892103725879472,1201828728,true,
2095082416650019259,1788341547535,zappy-winter-thicketbird,2094675221982654476,1834999539146932224,true,
2095082441140482258,1788341553375,neighborly-rhubarb-chickadee,2095072048624091572,,true,
2095082483620487262,1788341563502,diligent-brook-thrasher,2094763596060192792,1741048125060415488,true,
2095082583121895586,1788341587226,hip-marmalade-frigatebird,2094831183930466626,311601642,false,false
2095082899074605563,1788341662554,celebrated-ocean-seagull,2094824386935058654,19169664,true,
2095083195339583982,1788341733189,knowledgeable-garden-treerunner,2095056657093181490,90841211,true,
2095083559212003804,1788341819944,dependable-trail-mousebird,2094927918992339324,1185280936423890947,true,
2095083842725896367,1788341887538,cheery-nutmeg-towhee,2095060254514151586,313576754,true,
2095083862925701278,1788341892354,great-mountain-brushturkey,2094750270907457844,,true,
2095084226802598062,1788341979110,zappy-winter-thicketbird,2095025939520598419,2017662538524069888,true,
2095084319924441498,1788342001312,neighborly-rhubarb-chickadee,2095061734092329071,,true,
2095084481623318719,1788342039863,remarkable-hazelnut-crow,2095016284350214259,2548377631,true,
2095084543451558378,1788342054604,wholesome-raspberry-stilt,2094884687504097357,1776008898568159232,true,
2095084642785280021,1788342078287,diligent-brook-thrasher,2094923697182433604,2010653324564209664,true,
2095084725148983775,1788342097925,innovative-rain-firefinch,2094425223248634352,1973214233052717056,true,
2095084765833486493,1788342107624,tranquil-seawater-grassbird,2094760935197946259,17214331,true,
2095084813803983353,1788342119061,innovative-canyon-quetzal,2095000523766219050,,true,
2095084912327971327,1788342142551,effervescent-seawater-waterfowl,2094959883485409412,1382423217286037505,true,
2095085057174065502,1788342177085,enlightened-peppermint-softbill,2094628680882590169,1240599043257937920,true,
2095085133392978379,1788342195257,celebrated-ocean-seagull,2094747260009758751,54436268,true,
2095085283750420979,1788342231105,neighborly-rhubarb-chickadee,,,,
2095085397223026926,1788342258159,mighty-oak-hoopoe,2094529718427218155,,false,
2095085425605931119,1788342264926,majestic-summer-flycatcher,2094789665496711507,820232837773361152,true,
2095085560234663961,1788342297024,cheery-nutmeg-towhee,2094903942174093484,,true,
2095085592027533705,1788342304604,patient-orchard-antwren,2094833092137488572,260016002,false,
2095085833372012662,1788342362145,polite-seedling-goldfinch,2094893474080285112,361821680,true,
2095085838426083819,1788342363350,great-mountain-brushturkey,2094960977326539039,1943515261891387393,true,
2095085840904900935,1788342363941,enlightened-holly-grassbird,2094818501005394250,1170125509746974720,true,
2095086075748204963,1788342419932,zappy-winter-thicketbird,2094768314912292979,3095162867,true,
2095086091296510074,1788342423642,thrilled-strawberry-grebe,2094712084919378024,410184399,true,
2095086337363730814,1788342482307,whimsical-peachtree-canary,2094835923628224632,2151535403,true,
2095086512643973395,1788342524096,neighborly-grassland-spoonbill,2094892352212988307,1112077071071805442,true,
2095086558026125584,1788342534916,neighborly-rhubarb-chickadee,2094972432335736890,,true,
2095086560396136818,1788342654665,cosmic-root-grackle,2094460040769913191,961134787,true,
2095086683985215916,1788342564947,whimsical-peachtree-canary,2094655543566557598,1153391118773604352,true,
2095086761902846371,1788342583524,diligent-brook-thrasher,2095083399631249441,,true,
2095086772992540959,1788342586168,celebrated-ocean-seagull,2094860053614297298,963504780705435648,true,
2095086876222763330,1788342610780,striking-glacier-finch,2094734762196013249,1387110045272449029,false,
2095086978366586967,1788342635133,beloved-fjord-finfoot,2095069935923843456,19902377,true,
2095087076177801676,1788342835940,cosmic-root-grackle,,,,
2095087189092606354,1788342685374,cheery-nutmeg-towhee,2095047843799056502,2023377447513665536,true,
2095087204359950422,1788342689014,,2094904719659708838,14414116,true,true
2095087284764684658,1788342708184,great-mountain-brushturkey,2095070934449488037,,true,
2095087451710558283,1788342747987,animated-ridge-waxbill,2094891293398708614,1261335549215989760,true,
2095087742078046604,1788342817216,,2094939423385243746,1879644163769335808,true,
2095087743877480574,1788342817646,academic-fir-raven,2094914759078408290,109065990,true,
2095087851486564364,1788342843302,sincere-pecan-nighthawk,2095039512825008494,1314022492483264512,true,
2095088092025696727,1788342900651,zappy-winter-thicketbird,,,,
2095088114230321154,1788342905944,neighborly-rhubarb-chickadee,2095031760379658297,,true,
2095088298884551087,1788342949969,diligent-brook-thrasher,2094869261517017472,,true,
2095088317155233961,1788343122358,cosmic-root-grackle,,,,
2095088359878144000,1788342964512,celebrated-ocean-seagull,2094662143408755086,1655847022602100736,true,
2095088415771345184,1788342977838,cheery-nutmeg-towhee,2095083945960296633,3092139927,true,
2095088439947301353,1788342983601,great-mountain-brushturkey,,,,
2095088510554329488,1788343000435,zappy-winter-thicketbird,2094687140018082249,783611373309878272,true,
2095088934846156966,1788343101594,contemplative-grove-dove,2094824800459825221,,true,
2095088939971346606,1788343102816,motivated-mint-spurfowl,1937031087282372829,2938988348,true,
2095089099015405738,1788343140735,loyal-canyon-mousebird,2094627482007671248,1490604640127582213,true,
2095089124583837857,1788343146831,methodical-pecan-murrelet,2094965539944988765,1631008934097199104,true,
2095089364699103605,1788343204079,neighborly-rhubarb-chickadee,2095047737482093035,2028380722755768320,true,
2095089377391104102,1788343207105,matchless-lime-lovebird,2094876630141333711,,true,
2095089396655575080,1788343211698,intellectual-peppermint-swan,2095086250243858855,68740712,true,
2095089451676344591,1788343224816,diligent-brook-thrasher,2094832845986382268,454340464,true,
2095089468000596091,1788343228709,celebrated-ocean-seagull,,,,
2095089471058330032,1788343229437,diligent-brook-thrasher,,,,
2095089580147941624,1788343255446,cheery-nutmeg-towhee,2094816350304923725,,true,
2095089628424368491,1788343266957,celebrated-ocean-seagull,,,,
2095089866988040476,1788343323835,cheery-nutmeg-towhee,2095007403196416338,2042526855413002240,true,
2095090013461451251,1788343358756,great-mountain-brushturkey,2095045089068507299,1978314743103582208,true,
2095090073008226814,1788343372954,noble-nectarine-cotinga,2094952865559351457,94701166,true,
2095090278822555757,1788343422023,dynamic-chestnut-waxbill,2094854909493407901,1708397768706871296,true,
2095090388470001990,1788343448165,safe-sunlight-crow,2094850334325866686,2087914574322278401,true,
2095090440840056925,1788343460652,zappy-winter-thicketbird,2094944951171989563,231134980,true,
2095090820231651531,1788343551105,empathetic-pineapple-swamphen,2095073245791694896,4010649447,true,
2095091127342997823,1788343624326,trusting-fjord-quail,2094961655222243725,,true,
2095091184532111712,1788343637961,neighborly-rhubarb-chickadee,2094955718084538811,1947316682298691584,true,
2095091355278004472,1788343678670,diligent-brook-thrasher,2094989160453140682,2078399261319086081,true,
2095091399527964793,1788343689220,celebrated-ocean-seagull,2094996063912710451,359985193,true,
2095091408889626710,1788343691452,awesome-rock-stork,2095016389719310728,120617807,true,
2095091420927311900,1788343694322,harmonious-wood-spoonbill,2094853617425502216,1132642378303643650,true,
2095091509376823799,1788343715410,tidy-spruce-thrush,2094911993635356898,1711732984338878465,true,
2095091910553563177,1788343811058,courteous-sand-citril,2095046041724649794,1626473849691701248,true,
2095092019165102227,1788343836953,majestic-nectarine-mallard,2094848729647829202,2212305370,true,
2095092067772850294,1788343848542,cheery-nutmeg-towhee,2095057336176107550,1530151599879753728,true,
2095092079110099419,1788343851245,great-mountain-brushturkey,2095027705372926237,,true,
2095092135192154531,1788343864616,smiley-hill-stilt,2094748192352924114,,true,
2095092256059298223,1788344368227,cosmic-root-grackle,2094319189611684122,1959130441048543232,true,
2095092402180468977,1788343928271,zappy-winter-thicketbird,2094985269803892883,1601780919593046017,true,
2095092476084199548,1788343945891,neighborly-rhubarb-chickadee,2095024369487732845,,true,
2095092508896198866,1788343953714,great-mountain-brushturkey,,,,
2095092510942998880,1788343954202,diligent-brook-thrasher,,,,
2095092521684627487,1788343956763,celebrated-ocean-seagull,2094876378474918160,2079956789261459456,true,
2095092581218607566,1788343970957,cheery-nutmeg-towhee,2095033013851611180,2600060713,true,
2095092779894337730,1788344018325,great-mountain-brushturkey,2095078842859733490,28076891,true,
2095092807413412095,1788344024886,empowering-cashew-snowfinch,2095034603480506629,1290232310059552768,true,
2095092981833363669,1788344066471,frank-birch-hawk,2094834879045222879,17469289,false,
2095093084820263129,1788344091026,zappy-winter-thicketbird,2094887466302079272,3129095509,true,
2095093256073699755,1788344131855,neighborly-rhubarb-chickadee,2094854946868941116,540325082,true,
2095093416031903791,1788344169993,bubbly-summer-goose,2095085942231175670,,true,
2095093451646001451,1788344364790,cosmic-root-grackle,2094873768220836330,1887628606462951424,false,
2095093458541179038,1788344180127,diligent-brook-thrasher,2095015522937323695,1155503627294789633,true,
2095093666809332216,1788344229782,celebrated-ocean-seagull,2095083731035857009,260058844,true,
2095093787898904655,1788344258652,cheery-nutmeg-towhee,2094943794684715291,1451651599701512193,true,
2095093883831042092,1788344281524,great-mountain-brushturkey,2095057493386735908,261155761,true,
2095093924054384649,1788344291115,informative-sea-flycatcher,2094945117237096820,1946546125,false,
2095094002953363506,1788344309926,zappy-winter-thicketbird,2094749614394028037,1973214233052717056,true,
2095094121975198159,1788344338302,neighborly-rhubarb-chickadee,2095080892381434017,977138620531437568,true,
2095094212681232521,1788344359929,brainy-summer-parrotlet,2094764919388356652,943597062272245761,true,
2095094347737772462,1788344392128,diligent-brook-thrasher,2095017194111574097,1834004198612238336,true,
2095094446610088252,1788344415701,celebrated-ocean-seagull,2094733889432584542,,true,
2095094463567900839,1788344419745,witty-boulder-lark,2094945336754380968,2301146030,true,
2095094479132729347,1788344423456,cheery-nutmeg-towhee,2095087077427728457,2026660978046480384,true,
2095094493963772352,1788344426991,great-mountain-brushturkey,2094882444130324598,169480493,true,
2095094791637741842,1788344497963,inspirational-dune-woodpecker,2094821941924237709,545643493,true,
2095095375233257719,1788344637102,positive-banana-kingbird,2094811893688868965,19644592,true,
2095095413288169728,1788344646175,zappy-winter-thicketbird,,,,
2095095475263189495,1788344660951,active-earth-tern,2094852332504629715,234113882,false,
2095096017175605441,1788344790153,bubbly-summer-goose,2095082320323608625,4238325166,true,
2095096080400540031,1788344805227,easygoing-island-parrotlet,2094830668991574480,1847763279994884096,true,
2095096099107111278,1788344809687,neighborly-rhubarb-chickadee,,,,
2095096370847703062,1788344874475,diligent-brook-thrasher,2094960783876595811,1102142776253300736,true,
2095096426946576644,1788344887851,tectonic-sapling-treepie,2094923603456270692,2041296016423432192,true,
2095096442121564511,1788344891469,heroic-roots-magpie,2094705041592484174,376964329,true,
2095096761513587080,1788344967618,zappy-winter-thicketbird,2095033295327125704,1448727424905142276,true,
2095096903423656013,1788345001452,celebrated-ocean-seagull,2094945160417190361,2002856451858219008,true,
2095096954778735075,1788345013695,,2094805430505517434,,true,
2095097027294278038,1788345030984,courteous-pond-nightjar,2094985249499361713,9334242,true,
2095097035678474369,1788345032984,cheery-nutmeg-towhee,2095034364862300171,,true,true
2095097038253736392,1788345033598,neighborly-rhubarb-chickadee,2095034364862300171,,true,
2095097141622349944,1788345058242,great-mountain-brushturkey,2095091401008525756,1456795810063134720,true,
2095097231338869100,1788345079632,insightful-pear-needletail,2094825655783637391,,false,
2095097405049909675,1788345121049,hardy-river-stilt,2094922670915686564,1893029852,true,
2095097524700749865,1788345149576,tectonic-sapling-treepie,2094726629452836922,1276825208679043075,true,
2095097563800088958,1788345158897,zappy-winter-thicketbird,2094895598180630645,1550153387928346625,true,
2095097649129308566,1788345179242,hopeful-marmalade-crake,2095064524076253508,20728733,true,
2095097685112148150,1788345187821,original-cove-owl,2094688327077151038,1167765353415487488,true,true
2095097730636931412,1788345198674,neighborly-rhubarb-chickadee,2095063764865310738,1794789481104420865,true,
2095097780108746843,1788345210469,strategic-prairie-macaw,2093873635488313384,1639087838464471041,false,
2095098053216670029,1788345275583,diligent-brook-thrasher,2095052208777625863,1082929699855179776,true,
2095098087312175563,1788345283713,celebrated-ocean-seagull,,,,
2095098145482932242,1788345297581,original-iceberg-owl,2094913225556918595,14594813,true,
2095098263485731055,1788345744338,cosmic-root-grackle,2094900702086648132,,false,
2095098338454753448,1788345343590,beautiful-star-greenbul,2094787478461055176,2072139406312624128,true,true
2095098352178237585,1788345477484,cosmic-root-grackle,2094851053673988192,711667461414916098,true,
2095098673797431756,1788345423542,beautiful-star-greenbul,2094770613344944586,2739711101,false,
2095098681397764514,1788345425353,outstanding-root-lark,2094811396643143807,1883425401189306368,true,
2095098853414654136,1788345636819,cosmic-root-grackle,,,,
2095099035422007779,1788345509759,tidy-spruce-thrush,2094941320347533534,1535800803662868480,true,true
2095099058012430591,1788345677835,cosmic-root-grackle,2095088963669352602,,true,
2095099281589870731,1788345568450,cheery-nutmeg-towhee,2094987930490319158,1644180909263060992,true,
2095099386103525584,1788345593368,great-mountain-brushturkey,2094683191437103598,25893416,true,
2095099397273186426,1788345596031,sensible-frost-fantail,2094516524702978129,1849099522707959809,true,
2095099433495019866,1788345604667,composed-orchard-spoonbill,2094983772735226164,1929019050576982017,true,
2095099635337695379,1788345652790,wise-kelp-pelican,2094365246010106364,1476663256177836039,true,
2095099685190971437,1788345664676,temperate-field-grouse,2095085645852999949,8802752,true,false
2095099705470615842,1788345669511,sensible-frost-fantail,2094732700691374447,1956939549608919040,true,
2095099722411257963,1788345673551,communicative-pear-mousebird,2095035359797354607,192121676,true,
2095099852510126421,1788345704569,distinguished-valley-mockingbird,2094413957045846499,173826910,true,
2095100036937855025,1788345748539,diligent-brook-thrasher,,,,
2095100039328653773,1788345749109,zappy-winter-thicketbird,,,,
2095100337409659198,1788345820177,tropical-river-crimsonwing,2094982996558495921,2047576334268858368,true,
2095100367788970241,1788345827420,accomplished-meadow-nightjar,2094811396643143807,1883425401189306368,true,
2095100567630532993,1788345875067,ambitious-rain-swan,2094884690624651265,2008143149567545344,true,
2095100674413326700,1788345900525,celebrated-ocean-seagull,2095019478698660284,813263338721275905,true,
2095100867225784506,1788346091638,cosmic-root-grackle,2095036039136215258,1517523151219044353,true,true
2095100880504631672,1788345949662,neighborly-rhubarb-chickadee,,,,
2095100882488528909,1788345950135,cheery-nutmeg-towhee,,,,
2095100950252040582,1788345966291,aquatic-branch-flatbill,2094988293880590518,1342680353874432000,false,
2095100953359749422,1788345967031,diligent-brook-thrasher,,,,
2095100982984085637,1788345974095,great-mountain-brushturkey,2095050361920750050,2040963756537110529,true,
2095101033722622347,1788345986191,celebrated-ocean-seagull,2095031500702093637,2071583960510201857,true,
2095101198919503988,1788346025577,electric-spring-friarbird,2095085645852999949,8802752,false,
2095101471146619029,1788346090482,genial-sand-grassbird,2094923626868789711,87808060,true,
2095101577975480415,1788346115952,gentle-peach-softbill,,,,false
2095101653590462505,1788346133979,cheery-nutmeg-towhee,2094943188754526228,1841819512649420800,true,true
2095101812634251638,1788346171898,great-mountain-brushturkey,2094842677145526424,236787450,true,
2095102117513973969,1788346244587,diligent-brook-thrasher,,,,
2095102280655585730,1788346492453,cosmic-root-grackle,,,,
2095102300788519158,1788346288283,sociable-citrus-citril,2095000523766219050,,true,
2095102335491952687,1788346296558,celebrated-ocean-seagull,2095080957103493386,742143,true,
2095102469760078069,1788346328569,communicative-coast-penguin,2095087921795575959,34867057,true,
2095102527075164548,1788346342234,cheery-nutmeg-towhee,,,,
2095102713872761065,1788346386770,great-mountain-brushturkey,2094982006371459366,1659987684918435847,true,
2095102731056754988,1788346390867,discerning-daylight-turkey,2095074168102338823,856590732907433985,true,
2095102748567945456,1788346395043,zappy-winter-thicketbird,2095088963669352602,,true,
2095102838988779853,1788346416600,beautiful-honeydew-eagle,2095072452871376929,889765143319429122,true,
2095102897533145325,1788346430559,versatile-walnut-woodpecker,2093723999750541791,872603882,true,
2095102917799989514,1788346435391,understanding-river-whistler,2094231831352602953,,true,
2095103010066108500,1788346457389,civil-mulberry-wren,2094746851459342794,342096051,true,
2095103083319836963,1788346474854,winged-canopy-duck,2094904142615720262,2031523543691964417,true,
2095103098322583769,1788346478430,neighborly-rhubarb-chickadee,2094986306363195645,1732373285839519744,true,
2095103332339818820,1788346534224,trusty-strawberry-puffin,2095067620349522034,1661659975285088257,true,
2095103466662236390,1788346566249,diligent-brook-thrasher,2094804335230062839,33833222,true,true
2095103593368187131,1788346768376,cosmic-root-grackle,2094356480652653017,1225234593789423616,false,
2095103596199055386,1788346597134,celebrated-ocean-seagull,2095085522351751590,,true,
2095103746409930994,1788346632947,methodical-pecan-murrelet,2092507625292435498,1627100420719120384,true,
2095103888210755938,1788346666754,cheery-nutmeg-towhee,2095032251612303797,,true,
2095103910759268743,1788346672131,great-mountain-brushturkey,2094990321939845281,2678790127,true,
2095103915981467799,1788346673375,methodical-pecan-murrelet,2091286348007346305,1589777534476247041,true,
2095103936734650440,1788347016305,cosmic-root-grackle,,,,
2095103939360211318,1788346678949,zappy-winter-thicketbird,2094834068500217872,2070167810446168064,true,
2095104017999233332,1788346697699,zestful-ice-thicketbird,2094838452617449585,1193816843519172608,false,
2095104082776363336,1788346713142,lucky-pecan-catbird,2094994724566520233,1075997635327143936,true,true
2095104205572718691,1788346742420,awesome-sun-woodpecker,2094825621348401161,1273505391553449985,true,
2095104258316095617,1788346754994,neighborly-rhubarb-chickadee,,,,
2095104303392256151,1788346765741,enlightened-chestnut-bluebird,2095063361029591398,,true,
2095104325701783642,1788346771061,sturdy-jacaranda-pitohui,2095068891873493296,1830019796072640512,true,
2095104422724460956,1788346794192,caring-persimmon-cacholote,2095028135930569017,,false,false
2095104511903707605,1788346815454,diligent-brook-thrasher,2095071753089278089,1269381937174663172,true,
2095104516546846903,1788346816561,fascinating-flower-towhee,2095090607873994776,233892480,true,
2095104600466444368,1788346836569,celebrated-ocean-seagull,,,,
2095104660730216908,1788346850938,mannerly-peppermint-seabird,2094906470047314100,2976286497,true,
2095104714979373533,1788346863872,zappy-winter-thicketbird,2095046034259136550,2082848042966040576,true,
2095104755827708378,1788346873610,versatile-lychee-bunting,2094913702348624142,1463984323162361857,true,false
2095104770038010266,1788346876998,optimistic-poplar-penguin,2094881754918322688,1380091011632873475,true,
2095104881031815237,1788346903461,neighborly-rhubarb-chickadee,,,,
2095105095193301378,1788346954521,ecstatic-fir-crane,2095101660963971264,205565258,true,
2095105103799676962,1788347062332,cosmic-root-grackle,,,,
2095105160553119935,1788346970104,,2094987143022358564,1765448300822724608,true,
2095105278110793881,1788346998132,cheery-nutmeg-towhee,,,,
2095105484504121518,1788347047340,affable-iceberg-waxbill,2094914659086168477,1883969677,true,
2095105524106981435,1788347056782,mindful-mist-eagle,2094790077146894701,249010725,true,
2095105622739988530,1788347080298,tectonic-sapling-treepie,2095036039136215258,1517523151219044353,true,true
2095105858724147644,1788347136561,ardent-frost-crane,2094849669432279056,2027843808139087875,true,
2095105865233977377,1788347138113,witty-boulder-lark,2094993478900134141,186341286,true,
2095105869922947466,1788347139232,,2094738618417811637,449063773,true,
2095106043739078832,1788347180673,doughty-aspen-curassow,2094846651697340612,573662116,true,
2095106103356919809,1788347194886,great-mountain-brushturkey,2094998756290892106,783492421145403393,true,
2095106134772162763,1788347202376,neighborly-rhubarb-chickadee,2095096898231337213,3324689194,true,
2095106224719012149,1788347223822,capable-cherry-shorebird,2094548992160149505,,true,true
2095106306910609533,1788347243417,calm-elm-crossbill,2094831921133981751,1973100522212327424,true,
2095106344038596880,1788347252269,diligent-brook-thrasher,2095053110968303859,2065757936316448768,true,
2095106363068444832,1788347256806,masterful-savanna-grassbird,2094987143022358564,1765448300822724608,true,
2095106569587359918,1788347306044,commendable-frost-whistler,2094477457529225446,3891916581,true,
2095106570971496951,1788347306374,tectonic-sapling-treepie,2094781086446305751,1268212491714277379,true,
2095106622498431342,1788347318659,diligent-brook-thrasher,2094850800539357273,843900366966218753,true,
2095106662936018977,1788347505082,cosmic-root-grackle,2094801194925314072,,false,
2095106674696561056,1788347331105,celebrated-ocean-seagull,2095039016844366330,891137341,true,
2095106705159807433,1788347338367,celebrated-ocean-seagull,2094976577797018047,789554317,true,
2095106707416293452,1788347338905,great-mountain-brushturkey,2094976577797018047,789554317,true,
2095106826929131762,1788347367399,witty-boulder-lark,2094932511516434661,341296862,true,
2095106833442578522,1788347368952,loyal-sky-leaflove,2095086250243858855,68740712,false,
2095106835824935350,1788347369520,gracious-branch-cormorant,2094778253865103774,1587915126832783360,true,
2095106856481890353,1788347374446,zappy-winter-thicketbird,,,,
2095106860278075528,1788347375351,mindful-mist-eagle,2095020410790375754,,true,
2095106906834759695,1788347386450,cordial-sand-siskin,2095013596333998206,1501508169788719105,true,
2095107061101064580,1788347423231,neighborly-maple-quail,2094393941126791453,1680159644654657536,true,
2095107191518728209,1788347454325,wholesome-raspberry-stilt,2095075496316764344,,true,
2095107203405414529,1788347457159,wholesome-raspberry-stilt,2094777297782124640,2381661662,true,
2095107300415430740,1788347480287,focused-sequoia-kookaburra,2095086250243858855,68740712,false,false
2095107515650597245,1788347531603,wise-clay-wader,2094932221694267593,1122451135489462278,false,
2095107746462847316,1788347586633,neighborly-rhubarb-chickadee,2094742072683069671,995955300732678144,true,
2095107806399508559,1788347600923,animated-pine-troupial,2094906336404193688,763094579491008512,false,
2095107822341984740,1788347604724,intellectual-mulberry-flatbill,2095072211044643323,,true,
2095107870001877272,1788347616088,diligent-brook-thrasher,2095093679442510191,1197612772160344064,true,
2095107978810814490,1788347868275,cosmic-root-grackle,2093745451413504128,1272057522657124354,true,
2095108080023265713,1788347666160,rollicking-peppermint-flowerpecker,2094923603263304076,1338186398600482816,false,
2095108088646782982,1788347668216,capable-cherry-shorebird,2094417421230551090,1117210361592205312,false,
2095108150303031672,1788347682916,classy-grass-pitohui,2094387848652955804,899796695503953920,true,
2095108546174107675,1788347777299,celebrated-ocean-seagull,2095070796888879577,1353595858948919296,true,
2095108562963845179,1788347781302,cheery-nutmeg-towhee,2095069605169664429,,true,
2095108574372331550,1788347784022,benevolent-autumn-crossbill,2094432521413181657,2035463129099046912,false,
2095108813716378086,1788347841086,lovely-samba-crane,2094780520534065562,374712154,true,
2095108834758922559,1788347969358,cosmic-root-grackle,2094770816562946211,361830564,false,
2095108860323275136,1788348057949,cosmic-root-grackle,,,,
2095108861183062483,1788347852404,great-mountain-brushturkey,,,,
2095108963318542844,1788347876755,zappy-winter-thicketbird,,,,
2095108989919044070,1788347883096,witty-boulder-lark,2095035081320792143,1087407657248448512,true,
2095108998559343020,1788347885156,empathetic-blueberry-parrot,2094753242370761028,135824154,true,
2095109062694199480,1788347900447,neighborly-rhubarb-chickadee,,,,
2095109195477438651,1788348073511,cosmic-root-grackle,2095092753126375854,1355721251180961792,true,
2095109435798475062,1788347989402,limber-rain-waxbill,2095098204173771121,,true,
2095109507479195651,1788348006493,easygoing-strawberry-robin,2094859874186473904,153341476,true,
2095109528064753744,1788348011400,diplomatic-grapefruit-starling,2094785719604584675,183697115,false,
2095109866381590769,1788348092061,diligent-brook-thrasher,2095093502262534613,1019994034557915136,true,
2095110003912835539,1788348124852,celebrated-ocean-seagull,2095004355502235941,1282936014256795649,true,
2095110364358689212,1788348210788,cheery-nutmeg-towhee,2094875118723821731,1488585899537584128,true,
2095110511981396160,1788348245985,cheery-nutmeg-towhee,2095003959777710350,967087231751147520,true,
2095110701769523348,1788348291233,safe-juniper-curassow,2094932244469297580,,true,
2095110703610810627,1788348291672,musical-redwood-condor,2094827587793019313,1923813422,true,
2095110851971748340,1788348327044,graceful-mountain-turkey,2094758185756225802,,true,
2095110908280455513,1788348492705,cosmic-root-grackle,,,,
2095110944485503028,1788348349101,great-mountain-brushturkey,2095049437206995224,1075793745956745216,true,
2095111017709936840,1788348366559,witty-honeydew-sunbird,2094808705879662970,2054973878427144192,true,
2095111087288983855,1788348383148,optimistic-poplar-penguin,2095034166656094210,1629336979,true,
2095111228540567842,1788348416826,great-mountain-brushturkey,2095018262794768657,1416901493651869698,true,
2095111352012734814,1788348446264,giving-holly-albatross,2095047738425806937,17670329,false,
2095111503581970714,1788348482401,zappy-winter-thicketbird,2094973309238562964,2014282700832612352,true,
2095111741717741927,1788348539177,zappy-winter-thicketbird,2095080892381434017,977138620531437568,true,
2095111845602373773,1788348563944,neighborly-rhubarb-chickadee,2094818625223897459,,true,
2095112027765109199,1788348607376,neighborly-rhubarb-chickadee,2094935754262684043,957455883679813634,true,
2095112183151566891,1788348644422,diligent-brook-thrasher,2095092753126375854,1355721251180961792,true,
2095112281289871584,1788348667820,celebrated-ocean-seagull,2095066588080730328,1883213875132186624,true,true
2095112298100568414,1788348671828,cheery-nutmeg-towhee,,,,false
2095112309257458082,1788348674489,great-mountain-brushturkey,2094974038615425520,923325871200620544,true,
2095112378589270045,1788348691018,zappy-winter-thicketbird,2094750997033672722,96489272,true,
2095112386235740627,1788348692841,polished-prairie-goose,2094978700475523299,1449826891825774592,true,
2095112447535259811,1788348707456,neighborly-rhubarb-chickadee,2095062916106260707,2093651958519521280,true,
2095112450320240982,1788348708120,celebrated-basswood-kingfisher,2094694118283002095,2291430434,true,
2095112542234317142,1788348730034,wholesome-raspberry-stilt,2094853431475249415,785911493678211072,true,
2095112549855358987,1788348731851,wholesome-raspberry-stilt,2095036443206832300,1664226274607235073,true,
2095112554158653531,1788348732878,wholesome-raspberry-stilt,2094847682904768691,1791488630483271680,true,
2095112570705477982,1788348736822,relatable-blossom-waterfowl,2095035412343570658,274407062,true,
2095112573708361942,1788348737539,diligent-brook-thrasher,2095058677770420411,2049519535854854144,true,
2095112595908792699,1788348742832,celebrated-ocean-seagull,2094760439150445055,1831553325395013632,true,
2095112702154682550,1788348768162,cheery-nutmeg-towhee,,,,
2095112754763817359,1788348780705,neighborly-rhubarb-chickadee,2095061610024829115,3324689194,true,
2095112861194285343,1788348946828,cosmic-root-grackle,,,,
2095112921302937910,1788348820411,diligent-brook-thrasher,2095054604337594683,2074225936220782592,true,
2095113053800927430,1788348852002,celebrated-ocean-seagull,2094954026563670242,2024053070167199744,true,
2095113146373492797,1788348874072,cheery-nutmeg-towhee,2094823589815918641,2016170238065143808,true,true
2095113323717042210,1788348916354,lucent-oak-catbird,2095027339331588447,939053934232195072,true,
2095113426422956139,1788348940841,shrewd-sunlight-pipit,2094758185756225802,,false,
2095113745798226019,1788349016986,botanical-bamboo-grosbeak,2094792333372092842,,true,
2095113939831116190,1788349063247,awesome-passionfruit-crane,2095012119632838963,,true,
2095114060975226971,1788349092130,entrancing-mangrove-motmot,2094992518622617968,1724859792068599808,true,
2095114099197894892,1788349101243,dazzling-autumn-robin,2094979324801921359,1630757863508566016,false,
2095114170224070699,1788349118177,exuberant-plum-blackbird,2094974924364599314,,true,
2095114177052389633,1788349119805,great-mountain-brushturkey,2095074262755528999,1138842105856573445,true,
2095114216948535695,1788349129318,zappy-winter-thicketbird,2094897952246350167,978698298,true,
2095114266768515348,1788349141195,generous-nectarine-nightjar,2079601701309333803,1807690693197918208,true,
2095114506397442071,1788349198328,intentional-samba-puffin,2094787047865151601,1585784077285826560,true,
2095114520511291432,1788349201692,diligent-field-cardinal,2095094831517155405,952657478566674432,true,
2095114651654672784,1788349232959,easygoing-island-parrotlet,2094800718645371352,3141871276,true,
2095114675696685533,1788349238692,contemporary-poplar-hawk,2095104888414085192,258124400,true,
2095114716222018033,1788349248353,terrestrial-apple-bluebird,2094838964456652936,110479105,true,
2095114805325468151,1788349269598,agreeable-sequoia-hummingbird,2095078524616937617,319754792,true,
2095114866423918887,1788349284165,diligent-brook-thrasher,2095005585842311552,372705607,true,
2095115009550389426,1788349318288,,2094937108183937394,1622588070246641666,true,false
2095115291118203162,1788349385419,delightful-mountain-tern,2094978763734040948,2325225625,true,
2095115351801356407,1788349399888,neighborly-rhubarb-chickadee,2094809581020987560,,true,true
2095115365525102630,1788349403159,tectonic-sapling-treepie,2095092753126375854,1355721251180961792,true,
2095115420608905224,1788349416292,diligent-brook-thrasher,2094800718645371352,3141871276,true,
2095115602503356531,1788349459659,empowered-tomato-skimmer,2095036901849710972,1980920984728399872,true,
2095115621516058794,1788349464193,celebrated-ocean-seagull,2095009986212462909,1908254221691990026,true,
2095115637341204505,1788349467966,alert-desert-kingfisher,2095106489941704930,1174777939096981506,true,
2095115651463754170,1788349471332,appreciative-cypress-emu,2094843912984678910,709644992,false,
2095115675677209016,1788349477105,cheery-nutmeg-towhee,2094983047812899140,1282509001926692864,true,
2095115709151862795,1788349485086,charitable-harvest-sunbird,2095109102745551020,1043185714437992449,true,
2095116133565145341,1788349586274,great-mountain-brushturkey,2094827112138256562,948458645091594240,true,
2095116151877673267,1788349590640,straightforward-rainfall-tailorbird,2095110288031064539,2002374531051368448,true,
2095116195435323902,1788349601026,zappy-winter-thicketbird,,,,
2095116219456336052,1788349606752,lionhearted-papaya-cotinga,2092507625292435498,1627100420719120384,true,
2095116235339960446,1788349610539,sublime-marmalade-bushbird,2094795301294903512,1818268190520029184,true,
2095116280613257392,1788349621334,neighborly-rhubarb-chickadee,2095011198261657722,,true,
2095116372594328053,1788349643263,elated-rain-mallard,2094631829794066815,830329479843024896,true,
2095116449463324692,1788349661590,spunky-lowland-cardinal,2094837614138310831,178238112,false,
2095116523094655143,1788349679145,thankful-hill-thicketbird,2094658941875855618,885819017780281346,true,
2095116564831908034,1788349689096,diligent-brook-thrasher,2095100372901892113,811970761,true,
2095116596121362485,1788349696557,celebrated-ocean-seagull,,,,
2095116711594745995,1788349724088,fast-hazelnut-myna,2094720239317430777,2089733431215144960,true,
2095116755609723054,1788349734582,commendable-sand-cuckoo,2094326825073995810,1949378873453416448,true,
2095116857493893486,1788349758872,elated-rain-mallard,2094933552949518724,914844025944805376,true,false
2095116865085276236,1788349760682,agreeable-autumn-lorikeet,2094728003506831503,,true,
2095117188130595043,1788349837703,original-tomato-pratincole,2094851652478279744,846671442678857728,false,
2095117267482673505,1788349856622,diplomatic-spruce-grackle,2094655543566557598,1153391118773604352,true,true
2095117385674248399,1788349884800,charming-tree-waterfowl,2095055336998916243,1045525766333587457,true,
2095117397015581116,1788350018226,cosmic-root-grackle,2094843143006875684,1629467739524853763,false,
2095117446914941385,1788349899401,vibrant-almond-hawk,2094756508063945072,282119887,true,
2095117532701343749,1788349919854,appreciative-conifer-murrelet,2094801719880478728,1955189819078045696,false,
2095117559490036063,1788349926241,cheery-nutmeg-towhee,2094963983543394651,723169530638438400,true,
2095118037561258186,1788350040223,trusting-fjord-quail,2095011198261657722,,true,true
2095118099544756623,1788350217054,cosmic-root-grackle,2094909816993120411,991570683585966080,true,
2095118286363021326,1788350099541,zappy-winter-thicketbird,,,,
2095118344307323020,1788350113356,neighborly-rhubarb-chickadee,2095012514413334636,1792338783733743616,true,
2095118381535858927,1788350122233,diligent-brook-thrasher,2095043455705645518,,true,
2095118414947733851,1788350130198,cheery-nutmeg-towhee,2094971194877612360,1961363997581873152,true,
2095118441472745684,1788350136522,enlightened-peppermint-softbill,2095114570092466356,1261511759099117568,true,
2095118531851419817,1788350158070,great-mountain-brushturkey,2095097305523450313,,true,
2095118753503596954,1788350210916,confident-beach-cormorant,2095105047486972311,,true,
2095118758842908816,1788350212189,zappy-winter-thicketbird,2095107190839263733,1794789481104420865,true,
2095118761535713510,1788350212831,neighborly-rhubarb-chickadee,2095094321431097559,215792549,true,
2095118822629855549,1788350227397,diligent-brook-thrasher,2095054805395972446,1961363997581873152,true,
2095118872663777335,1788350239326,confident-fig-swift,2094902409327735182,1240801003181690884,false,
2095118892389822633,1788350244030,clean-coconut-swamphen,2095009178154938613,1562721077033566208,true,
2095118981581713705,1788350698489,cosmic-root-grackle,2094963882934628404,834146815016570886,false,
2095119041815781537,1788350279656,punctual-frost-canary,2094988496226115818,1196960827653468160,true,
2095119044542144739,1788350280305,celebrated-ocean-seagull,,,,
2095119055858315655,1788350283003,cheery-nutmeg-towhee,2095108811769991262,2029822613024047104,true,
2095119072241336515,1788350286910,knowledgeable-cove-murrelet,2089420066546753718,,true,
2095119148258840821,1788350305034,confident-beach-cormorant,2095066866490515741,5889072,true,true
2095119176780357874,1788350311834,sensible-frost-fantail,2094957734563332602,,true,
2095119199912047024,1788350317348,clean-coconut-swamphen,2092332526681649651,,true,
2095119323945685132,1788350346921,great-mountain-brushturkey,2094808637722308832,1749608817892147200,true,
2095119334683074852,1788350349480,zappy-winter-thicketbird,2094859294374318114,1613116608632819715,true,
2095119361736351835,1788350355930,celebrated-ocean-seagull,2094977821902848340,1494072723001286658,true,
2095119419949101371,1788350477836,cosmic-root-grackle,2094843317930406150,183767243,false,
2095119624438165584,1788350418564,neighborly-rhubarb-chickadee,2095037380881531125,2034569967690289152,true,
2095119668616818843,1788350429096,cheery-nutmeg-towhee,2094833152485154948,,true,
2095119671254982701,1788350429726,diligent-brook-thrasher,2094833152485154948,,true,
2095119689412395050,1788350434054,clean-coconut-swamphen,2095010155893325848,1562721077033566208,true,
2095119690377076941,1788350554844,cosmic-root-grackle,2094612903429058842,17469289,true,true
2095119698052702257,1788350436114,mindful-mist-eagle,2094973944436854899,,true,
2095119885898584489,1788350480900,celebrated-ocean-seagull,2094963784272019618,893489994840641536,true,
2095119917225853067,1788350488370,great-mountain-brushturkey,,,,
2095119925782192519,1788350490409,transcendent-tree-petrel,2094963784272019618,893489994840641536,true,true
2095119936368587224,1788350492933,convivial-shoreline-grouse,2094577430832742836,1256609515425988608,true,
2095119948418834715,1788350495806,cheery-nutmeg-towhee,2095106516772593712,,true,
2095120046162907486,1788350519110,clean-willow-drongo,2095075496316764344,,true,
2095120126395777314,1788350538239,sociable-horseradish-dipper,2094935367468097809,59150875,true,
2095120160906506508,1788350546468,poised-aspen-albatross,2095082148067717254,53347647,true,false
2095120188391735319,1788350553020,great-mountain-brushturkey,2094820345920241668,,true,
2095120234294206695,1788350563964,comical-pecan-parakeet,2095089129478320634,1410017240599105536,true,
2095120280549007539,1788350574992,composed-beech-cardinal,2095068848013602983,,true,
2095120299973050730,1788350579623,cool-mist-crow,2094701794685562924,1949747945907302400,true,
2095120336022802827,1788350588219,zappy-winter-thicketbird,,,,
2095120419955118379,1788350608229,neighborly-rhubarb-chickadee,2095043129363537979,2078758805882494977,true,
2095120428473725232,1788350610260,alpine-jacaranda-swan,2095095163903152586,1416835191394508807,false,
2095120539702403166,1788350636779,benevolent-glacier-wader,2094861830736785557,1700839809990766592,true,
2095120734397796500,1788350683198,diligent-brook-thrasher,2095072452871376929,889765143319429122,true,true
2095120765351817369,1788350690578,zappy-winter-thicketbird,,,,
2095120812168909060,1788350701741,suave-seashore-sparrow,2095038202759327948,,true,
2095120872386224137,1788350716097,celebrated-ocean-seagull,2095086934724866256,62232393,true,
2095120894116946318,1788350721279,cheery-nutmeg-towhee,2094843143006875684,1629467739524853763,true,
2095120964111438071,1788350737966,magnificent-moss-redstart,1829005086606901481,44196397,false,
2095121034148040808,1788350754664,great-mountain-brushturkey,2095112355831054507,2069867897418080256,true,
2095121079048061160,1788350765370,cozy-raisin-crow,2094941243163750410,2018381453923422208,true,
2095121116989739136,1788350774415,natural-mangrove-frigatebird,2095008602901893177,1510728259105079296,true,false
2095121127446302763,1788351141139,cosmic-root-grackle,,,,
2095121174921609584,1788350788227,exquisite-pistachio-pigeon,2095036749538054317,1036097392855007232,true,
2095121196043923565,1788350793263,neighborly-rhubarb-chickadee,2094780311594828179,2047989563537211392,true,
2095121316332380610,1788350821942,neighborly-rhubarb-chickadee,2095076193074598095,1568889457520123904,true,
2095121344207737133,1788350828588,eccentric-seawater-redstart,2094881812543611265,756668416124194816,false,
2095121363413475729,1788350833167,diligent-brook-thrasher,2094947060675969314,326024615,true,true
2095121378932654174,1788350836867,tidy-grove-condor,2095051109744492926,1943961387212189700,true,true
2095121571098800333,1788351042460,cosmic-root-grackle,2093002850653593914,1494873435863977985,false,
2095121649683079638,1788350901419,celebrated-ocean-seagull,2095111346568241370,2023377447513665536,true,
2095121651805344152,1788350901925,diligent-brook-thrasher,2095111346568241370,2023377447513665536,true,
2095121657530589304,1788350903290,wholesome-raspberry-stilt,2095064874279706662,,true,
2095121668578435118,1788350905924,wholesome-raspberry-stilt,2094963784272019618,893489994840641536,true,
2095121672403656746,1788350906836,wholesome-raspberry-stilt,2095092753126375854,1355721251180961792,true,
2095121676824437012,1788350907890,wholesome-raspberry-stilt,2094904719659708838,14414116,true,
2095121681907949795,1788350909103,wholesome-raspberry-stilt,2095022392695480576,750759915774291969,true,
2095121686064500864,1788350910093,wholesome-raspberry-stilt,2095043129363537979,2078758805882494977,true,
2095121837889925606,1788350946291,cheery-nutmeg-towhee,2095062753790804390,397811453,true,
2095121861847793849,1788350952003,chipper-mist-piculet,2095112302315848193,1243018464786333696,true,
2095121976717152761,1788350979391,great-mountain-brushturkey,2095102201991487952,,true,
2095122102110056667,1788351009286,doughty-plum-hawk,2094535053246136794,147204319,true,
2095122167214006484,1788351024809,fabulous-rainfall-sparrowhawk,2094635555719991620,1059899650814152704,true,
2095122321254285806,1788351061535,inspired-field-bushbird,2095066282014245230,2394709974,true,
2095122386987221155,1788351077206,radiant-tide-cormorant,2094543012336480360,,true,
2095122561239859278,1788351118751,awesome-passionfruit-crane,2095010289402151060,249603227,true,
2095122585453216143,1788351124524,flying-frost-waterfowl,2095035336380268871,1873137261740498944,true,
2095122611273351664,1788351130680,zappy-winter-thicketbird,2095026158744314097,1009901457171025920,true,
2095122679535706560,1788351146955,neighborly-rhubarb-chickadee,2094938547568644503,1940647028587220993,true,
2095122736758612359,1788351160598,diligent-brook-thrasher,2095118033874251933,1326564152291315713,true,
2095122806719607019,1788351177278,celebrated-ocean-seagull,2095117546387030063,1277236151343087617,true,
2095122848717086993,1788351187292,animated-walnut-lory,2094998903649177657,314233482,true,
2095122863636320571,1788351190849,cheery-nutmeg-towhee,2095115747056033884,1367209793686036482,true,
2095122865859219907,1788351191378,great-mountain-brushturkey,2094824800459825221,,true,true
2095122893944295730,1788351198075,celebrated-ocean-seagull,2094998756290892106,783492421145403393,true,
2095123018884247682,1788351227863,zappy-winter-thicketbird,2095092419586883755,1934491358045130752,true,
2095123034642264476,1788351231620,neighborly-rhubarb-chickadee,2095106093038846091,1298685741787230209,true,
2095123160425218252,1788351261608,diligent-brook-thrasher,2095044835358941264,1511599811732156422,true,
2095123353501606137,1788351307641,diligent-strawberry-warbler,2094932244469297580,,false,
2095123544388640884,1788351353152,doughty-peanut-lory,2094402177368240275,,true,true
2095123663091642369,1788351381453,,2094475139953909969,722425755007918080,true,
2095123693168976127,1788351867167,cosmic-root-grackle,2094801194925314072,,false,
2095123701419200656,1788351390592,aquatic-boulder-shorebird,2094447806249337339,941109840352563200,false,
2095123826946265353,1788351420519,enlivened-eucalyptus-conure,,,,
2095123860219642247,1788351428452,cheery-nutmeg-towhee,2095119552908492809,1799733205832007681,true,
2095123922593186134,1788351443323,gleeful-avocado-lark,2094978763734040948,2325225625,false,false
2095123940377006435,1788351447563,thrilled-melon-waterfowl,2095028135930569017,,true,
2095124062519394371,1788351476684,peaceful-lowland-mallard,2094960675244196270,2859077596,false,
2095124068760514730,1788351478172,celebrated-ocean-seagull,2095004236090343588,1493168842142412802,true,
2095124074989019634,1788351479658,sensible-coast-owl,2094838964456652936,110479105,false,false
2095124078524784793,1788351635937,cosmic-root-grackle,,,,
2095124102793027602,1788351486286,tectonic-sapling-treepie,2094895732763541935,1863643097646690304,true,
2095124121990443124,1788351490863,fashionable-brook-crow,2094835923628224632,2151535403,false,
2095124122137174334,1788351490898,breathtaking-rock-seabird,2094844117939265787,14093707,true,true
2095124137907732529,1788351975578,cosmic-root-grackle,2094781311122587848,1543734264688156678,true,
2095124309723292108,1788351535623,cheery-nutmeg-towhee,2094968582195073420,290758912,true,
2095124315633221657,1788351537037,enlivened-eucalyptus-conure,2095022988374815207,,true,
2095124382297235616,1788351552926,great-mountain-brushturkey,,,,
2095124410503930140,1788351559651,zappy-winter-thicketbird,2095072945660117125,,true,true
2095124450232447246,1788351569122,neighborly-rhubarb-chickadee,2094785202375581876,2050242365479120896,true,
2095124490141184083,1788351578637,diligent-brook-thrasher,2094880157802574095,1919549313472200704,true,
2095124490883649559,1788351578814,temperate-juniper-seedeater,2095014285080739912,1733911151225057280,true,
2095124619229327521,1788351609414,great-mountain-brushturkey,,,,
2095124671028961420,1788351621764,natural-meadow-duck,2094612903429058842,17469289,true,true
2095124737898733621,1788352010380,cosmic-root-grackle,,,,
2095124827459752002,1788351659060,celebrated-ocean-seagull,2095047168579051968,1859985284714102784,true,
2095124888973344806,1788351673727,refreshing-eucalyptus-dipper,2094784385316696246,33608041,false,
2095124920795562172,1788351681313,cheery-nutmeg-towhee,2094940441745756470,2077883956196962304,true,
2095125014462845097,1788351703645,great-mountain-brushturkey,,,,
2095125038894629159,1788351709470,admirable-creek-siskin,2089515693305634949,1750646975760850945,true,
2095125130976322035,1788351731424,contemporary-cactus-lovebird,2094916453006774307,1259862054,true,
2095125271577841948,1788351764947,animated-ridge-waxbill,2094843143006875684,1629467739524853763,true,
2095125494295392550,1788351818046,zappy-winter-thicketbird,,,,
2095125499483705687,1788351819283,polished-harvest-leaflove,,,,
2095125631168094333,1788351850680,easygoing-island-parrotlet,2094562994344599629,1617790035050233857,true,
2095125790967112129,1788352071657,cosmic-root-grackle,2094856215708733828,1686228946986119168,true,
2095126015534158066,1788351942319,bountiful-island-chickadee,2095082148067717254,53347647,false,
2095126125848494363,1788351968621,neighborly-rhubarb-chickadee,2095114252201955652,1155503627294789633,true,
2095126149886001367,1788351974352,diligent-brook-thrasher,,,,
2095126163345604917,1788351977561,strategic-basswood-raven,,,,
2095126287744475166,1788352007219,zappy-winter-thicketbird,,,,
2095126322595180662,1788352015528,philosophical-mist-brushturkey,2095048056681201689,1315638931,true,
2095126386973315276,1788352030877,easygoing-island-parrotlet,2094963784272019618,893489994840641536,true,
2095126471333552254,1788352050990,realistic-juniper-egret,2095063194155040879,,true,
2095126509321150710,1788352060047,neighborly-rhubarb-chickadee,2095057333038743690,,true,
2095126519785890005,1788352062542,electric-watermelon-sparrowhawk,2094923626868789711,87808060,false,
2095126544591069410,1788352068457,dexterous-prairie-pelican,2095060833202053557,1225234593789423616,true,
2095126595199541470,1788352080522,diligent-brook-thrasher,2094792333372092842,,true,
2095127086864167339,1788352197744,inventive-bamboo-peacock,2094791705249640840,1188209073239609346,true,
2095127471213756620,1788352289380,winning-moon-crane,2094681023997198345,2025489550571941888,true,
2095127484299690224,1788352292500,celebrated-ocean-seagull,2094952029231652935,1529557088577396737,true,
2095127555494023305,1788352680811,cosmic-root-grackle,,,,
2095127715854585990,1788352347708,wholesome-raspberry-stilt,2094889972658556981,82489457,true,
2095127811212063072,1788352370442,serene-lumber-kestrel,2094892159199572390,1742590858921234432,true,
2095127819885986056,1788352372510,cheery-nutmeg-towhee,2095068759857799542,1730962209746886656,true,
2095127889192566929,1788352389034,shrewd-freshwater-skimmer,2095095654322188524,1016374687054561280,true,
2095128071640690825,1788352432533,great-mountain-brushturkey,2094988541092614338,1289270846092173320,true,
2095128172463304815,1788352456571,zappy-winter-thicketbird,2095116780414910617,1535875832282943488,true,
2095128221637583176,1788352890355,cosmic-root-grackle,,,,
2095128276960186488,1788352481485,zappy-winter-thicketbird,2095119650694828174,1333110223163301889,true,
2095128381637476775,1788352506443,neighborly-rhubarb-chickadee,2095096563332796795,276961913,true,
2095128616874950735,1788352562528,helpful-citrus-crane,2094707834768269361,1982757033347817472,false,
2095128643874009197,1788352568965,peachy-mint-goldfinch,2094689061328003482,220026837,false,
2095128694171877414,1788352580957,bubbly-summer-goose,2095113770460999702,,true,
2095128922660684116,1788352635432,bubbly-summer-goose,2095102359114481698,14559084,true,
2095129078567178744,1788352672603,endearing-pine-cardinal,2094567940263678037,1845603320481673216,true,
2095129173371097396,1788352695206,capable-cherry-shorebird,2094918768694620300,1477393800154779650,true,
2095129234091987418,1788352709683,diligent-brook-thrasher,2095095425321808044,2031770051024650240,true,
2095129236575080743,1788352710275,celebrated-ocean-seagull,2095066094922842205,1885771608394014720,true,
2095129500174463021,1788352773122,cheery-nutmeg-towhee,,,,
2095129581275496584,1788352792458,great-mountain-brushturkey,2095110750633435561,3559894949,true,
2095129862436528462,1788352859492,proactive-lychee-puffleg,1701609541052576033,847892406129147904,true,
2095129911333720549,1788352871150,knowledgeable-avocado-kookaburra,2095054071187026071,308514268,true,
2095130037594841378,1788352901253,zappy-winter-thicketbird,2095118751704461718,311877011,true,
2095130055454183742,1788352905511,neighborly-rhubarb-chickadee,2094975989751095470,1864919261983989760,true,
2095130250132734078,1788352951926,diligent-brook-thrasher,2095088801383125231,,true,
2095130778552152127,1788353077911,genuine-cashew-albatross,2094823589815918641,2016170238065143808,false,
2095130790783029434,1788353190416,cosmic-root-grackle,,,,
2095130889990648081,1788353104481,great-mountain-brushturkey,2095097330831663444,1024353990379745281,true,
2095130896726720616,1788353262821,cosmic-root-grackle,2093072885254341065,2614351981,false,
2095130928662417546,1788353113701,smart-desert-needletail,2095096459238776967,1983592264535560192,true,true
2095131107406610872,1788353156316,energizing-rain-spoonbill,2094823243479674916,1944677949028093952,true,
2095131190516957478,1788353176132,brave-mist-turkey,2094611659532943375,1873255094885728256,true,
2095131331714076674,1788353209795,humorous-ocean-oriole,2094859129282036128,1477263109723144197,true,
2095131419857084660,1788353230811,zappy-winter-thicketbird,2095010199782539518,1824492451358248960,true,
2095131422247755839,1788353231381,neighborly-rhubarb-chickadee,2095010199782539518,1824492451358248960,true,
2095131429839753372,1788353233190,smart-desert-needletail,2095056067202064695,1983592264535560192,true,true
2095131506595246166,1788353251490,neighborly-rhubarb-chickadee,2095122030421016798,1524527361752014848,true,
2095131586400559334,1788353441710,cosmic-root-grackle,,,,
2095131637986255086,1788353282816,humorous-ocean-oriole,2094378254979473437,,true,
2095131679744467275,1788353292772,diligent-brook-thrasher,2094817701872943234,302771060,true,
2095131682013606300,1788353293314,celebrated-ocean-seagull,2095044056015372470,2084518792550551552,true,
2095131720110538974,1788353302397,cheery-nutmeg-towhee,2095104454915747900,2084518792550551552,true,
2095131846640099678,1788353332563,great-mountain-brushturkey,2094873435860066664,2500179804,true,
2095131895126425866,1788353344123,smart-desert-needletail,2095072754278252690,1983592264535560192,true,
2095131991415075153,1788353535843,cosmic-root-grackle,2094960956350611876,203226736,false,
2095132001481486685,1788353369480,polished-banana-pigeon,2095116780414910617,1535875832282943488,false,
2095132009567826078,1788353371408,practical-elm-crow,2094942916967829898,2822845639,true,false
2095132028635091350,1788353375954,zappy-winter-thicketbird,2094865993541558315,1087538484775215105,true,
2095132043638198592,1788353379531,skilled-sand-softbill,2094612903429058842,17469289,false,
2095132087007301767,1788353389871,neighborly-rhubarb-chickadee,,,,
2095132205236228249,1788353418060,diligent-brook-thrasher,2095029647415353790,,true,true
2095132341719224527,1788354149641,cosmic-root-grackle,2095081360129925615,1525539342785159170,true,true
2095132611278504108,1788353514867,celebrated-ocean-seagull,,,,
2095132707743248602,1788353537866,cheery-nutmeg-towhee,2095105113232679087,,true,
2095132734725263367,1788353544299,great-mountain-brushturkey,2095074263179178011,2084518792550551552,true,
2095132840539107528,1788353569527,zappy-winter-thicketbird,2095118987633832389,,true,
2095133047347622161,1788353618834,fascinating-mountain-whistler,2095114915438608765,823560392576270336,true,
2095133169469038710,1788353647950,fascinating-creek-grebe,2094937155869057167,,true,
2095133226587029687,1788353661568,neighborly-rhubarb-chickadee,2094994010456641919,1245904635237466113,true,
2095133260334460938,1788353669615,shimmering-marble-heron,2095075496316764344,,false,false
2095133541470277942,1788353736643,dexterous-prairie-pelican,2095088431109980504,,true,
2095133706012827720,1788353775873,dexterous-prairie-pelican,2095082870993813774,,true,
2095133715798151531,1788353778205,diligent-brook-thrasher,2094790979652108766,575014349,true,
2095133777890582794,1788353793009,celebrated-ocean-seagull,2094852626848591966,1591383075094528000,true,
2095133835935514894,1788353806848,cheery-nutmeg-towhee,2095072754278252690,1983592264535560192,true,true
2095133995063509039,1788353844787,meticulous-banana-stork,2095037029562327371,258124400,true,
2095134244221714738,1788353904191,fashionable-walnut-nightingale,2095114915438608765,823560392576270336,false,
2095134525089026064,1788353971155,accomplished-field-dove,2094832674581975160,76766018,true,
2095134604323611131,1788353990046,great-mountain-brushturkey,,,,
2095134607423557937,1788353990785,natural-lumber-logrunner,2094994826261623086,1153045459,true,
2095134615656628435,1788353992749,wholesome-raspberry-stilt,2094999533872611656,2037627889818992640,true,
2095134622099050597,1788353994284,imaginative-pine-flamingo,2094500248471134470,1005389407493423105,false,
2095135088321433881,1788354105440,diplomatic-rainforest-spoonbill,2095103221564146114,438012868,true,
2095135177592774807,1788354126724,legendary-valley-woodpecker,2095122346872889849,1547929727960199180,true,
2095135254193266753,1788354144987,neighborly-strawberry-blackbird,2094856397926113470,1646516211268878339,true,
2095135255837429990,1788354145381,tropical-dune-canary,2095128357486682383,1387110045272449029,true,
2095135363673047169,1788354171089,zappy-winter-thicketbird,2094976412721537390,1346949276,true,true
2095135367410114993,1788354171980,neighborly-rhubarb-chickadee,2094817386691985675,1978962161649987584,true,
2095135557152031133,1788354217218,elegant-garden-skimmer,2094935367468097809,59150875,false,
2095135601100005690,1788354227697,diligent-brook-thrasher,,,,false
2095135626920182223,1788354233852,dazzling-freshwater-kite,2094429764849180830,1821258262425042944,false,
2095135705173209231,1788354252509,easygoing-island-parrotlet,2094852626848591966,1591383075094528000,true,
2095135765101519166,1788354266798,celebrated-ocean-seagull,2094822703933149536,23554832,true,
2095135823402283151,1788354280697,beloved-apricot-shorebird,2094978763734040948,2325225625,false,
2095135863785066814,1788354290326,thankful-passionfruit-petrel,2095133368593555962,959531564341317632,true,
2095135895829770364,1788354297965,clean-coconut-swamphen,2094963690424729972,,true,
2095135944433082631,1788354309553,playful-branch-starling,2095039455757324442,1722014154322575360,true,
2095136105167556689,1788354347875,trusting-fjord-quail,2095122030421016798,1524527361752014848,true,
2095136112582750539,1788354349643,,2094965343101829156,1858020975918424064,true,true
2095136143276683275,1788354356961,cheery-nutmeg-towhee,2094827587793019313,1923813422,true,
2095136172657774647,1788354363966,great-mountain-brushturkey,,,,
2095136227502530908,1788354377042,diligent-brook-thrasher,,,,
2095136255587852704,1788354383738,pioneering-bamboo-goose,2094800466957787522,1565312562652221442,true,
2095136266773823865,1788354613133,cosmic-root-grackle,,,,
2095136312302965097,1788354397260,zappy-winter-thicketbird,2095081980782338509,,true,
2095136470558478793,1788354434991,clean-coconut-swamphen,2094958904807702772,2057817927609679873,true,
2095136551202115980,1788354454218,neighborly-rhubarb-chickadee,2095037517196058987,754718787237281792,true,
2095136616121581844,1788354469696,,2094824800459825221,,true,
2095136618508087416,1788354470265,optimistic-winter-piculet,2094911633097175052,4020276615,true,false
2095136774343238039,1788354507419,cheery-nutmeg-towhee,,,,
2095136819314561054,1788354518141,contemporary-iceberg-snowfinch,2094895898815861133,1924398239773564928,true,
2095136949958803817,1788354549289,great-mountain-brushturkey,2095119037097181248,,true,
2095137053709070458,1788354574025,capable-cherry-shorebird,2094972634924732903,966050884886155264,true,
2095137282135146575,1788354628486,zappy-winter-thicketbird,,,,
2095137376326533295,1788354650943,admirable-redwood-parrot,2094533271501590939,1613020402233614338,true,
2095137456886550681,1788354670150,celebrated-ocean-seagull,2095087095346057288,1675378069438353408,true,true
2095137479326347697,1788354675500,elated-rain-mallard,2095030347218207046,220436405,true,false
2095137578332917941,1788354699106,notable-willow-kestrel,2090439335288184841,2075506257939804161,true,
2095137609446039609,1788354706523,neighborly-rhubarb-chickadee,2094846807490863532,,true,
2095137645709971567,1788354715169,majestic-desert-kestrel,2094928376330957310,21692297,true,
2095137673417499114,1788354721775,thriving-rain-oriole,2095048692336054588,1432658496319799297,true,
2095137714324516876,1788354731528,diligent-brook-thrasher,2095119770861396068,1390468360459128832,true,
2095137745781833889,1788354739029,cheery-nutmeg-towhee,2095127450665578506,1978242210488619008,true,
2095137874005967302,1788354769599,curious-moss-chickadee,2094895072349188198,29458079,true,true
2095138192227787183,1788354845469,enthusiastic-bonsai-swamphen,2095073340960423938,,true,
2095138288168251859,1788354868343,lionhearted-jackfruit-spoonbill,2094874663008493687,1588886686112653312,true,
2095138388634411080,1788354892297,great-mountain-brushturkey,2095036969877217628,,true,
2095138550735896751,1788355563043,cosmic-root-grackle,2094940888669524354,2530835306,false,
2095138611100360733,1788354945337,trusting-aspen-songbird,2095108280594895257,2211522961,true,
2095138635884421564,1788354951245,cheery-nutmeg-towhee,,,,
2095138706797543602,1788355562295,cosmic-root-grackle,2094902268898247012,1240801003181690884,true,true
2095138952034333066,1788355026621,dependable-twig-catbird,2095122346872889849,1547929727960199180,false,
2095139170780074131,1788355078774,elated-rain-mallard,2095065771458359789,1427842666272673793,true,false
2095139244415050141,1788355096330,refreshing-guava-stilt,2094432521413181657,2035463129099046912,true,
2095139337230795215,1788355118459,crafty-rosewood-seedeater,2095036901849710972,1980920984728399872,true,
2095139374262309028,1788355127288,zappy-winter-thicketbird,2094886669849645171,1986852813071392769,true,
2095139405912572339,1788355134835,neighborly-rhubarb-chickadee,,,,
2095139419749749148,1788355138133,sensible-frost-fantail,2094956136093102364,1984209723185590272,true,
2095139436530893292,1788355142134,diligent-brook-thrasher,2095135573845414098,1570598104113487872,true,
2095139458069016771,1788355147269,daring-kelp-sparrow,2095061326666326394,147085364,true,
2095139505057722560,1788355455334,cosmic-root-grackle,2094169859571474835,242895126,true,
2095139739120640248,1788355214277,interesting-elm-tern,2094726629452836922,1276825208679043075,false,
2095139744904601710,1788355215656,celebrated-ocean-seagull,,,,
2095139747463057435,1788355216266,great-mountain-brushturkey,,,,
2095139751057580511,1788355217124,cheery-nutmeg-towhee,,,,
2095139779541336205,1788355223914,empowered-blossom-songlark,2095107570545623537,100221994,true,
2095139788458475969,1788355226040,upbeat-star-skimmer,2094732847211040995,1316079401012989952,true,
2095139953244004828,1788355265329,skilled-sequoia-peacock,2095103019763245372,1980053859960856577,false,
2095139992590852155,1788355274709,great-mountain-brushturkey,2095101711228543406,1707855049,true,false
2095140004792078530,1788355277619,zappy-winter-thicketbird,,,,
2095140227111166031,1788355330624,neighborly-rhubarb-chickadee,2095088208845439403,1198909707991355392,true,
2095140251584909419,1788355336458,diligent-brook-thrasher,2094916962761539658,2039408675505291264,true,
2095140503922561205,1788355396620,brave-beach-wader,2095038030121738616,579741408,true,
2095140581433295332,1788355415100,cheery-nutmeg-towhee,2095117546387030063,1277236151343087617,true,
2095140603323392295,1788355420320,great-mountain-brushturkey,2095134146934812769,1494441613329944584,true,
2095140659380269567,1788355433685,zappy-winter-thicketbird,2095123580644204921,,true,
2095140810572320863,1788355769398,cosmic-root-grackle,,,,
2095141049475731617,1788355526691,grateful-leaf-sparrow,2094723128211443955,629698642,true,
2095141051027587430,1788355527061,zappy-winter-thicketbird,2094828888413422004,1396816952392396801,true,
2095141053187690877,1788355527575,neighborly-rhubarb-chickadee,2095131186439839895,1250830691824283648,true,
2095141119084671317,1788356012783,cosmic-root-grackle,2094830942787440879,47360566,false,
2095141300613886127,1788355586566,diligent-brook-thrasher,2095098765770199416,70744910,true,
2095141321707081820,1788355777824,cosmic-root-grackle,2072728145325650008,2177016702,false,
2095141366288257326,1788355602224,celebrated-ocean-seagull,2094967071079547289,1204730741185273856,true,
2095141570618302506,1788355650941,imaginative-coconut-spoonbill,2055245306560917794,2050362063231565824,true,
2095141926735597986,1788355735845,lively-bamboo-treepie,2094757743358050468,969171054076747776,true,true
2095141973476737499,1788355746989,great-mountain-brushturkey,2095129366120313141,1711732984338878465,true,
2095142070293848502,1788355770072,neighborly-rhubarb-chickadee,2094902268898247012,1240801003181690884,true,true
2095142139634028697,1788355786605,neighborly-rhubarb-chickadee,2095130461466972565,582230335,true,
2095142157367607668,1788355790833,diligent-brook-thrasher,,,,
2095142336703467993,1788355833589,celebrated-ocean-seagull,2095127131860636006,,true,
2095142377023537516,1788355843202,ingenious-samba-frigatebird,2094949766140711183,,true,
2095142421260804188,1788355853749,trusting-fjord-quail,2095130461466972565,582230335,true,
2095142840040935590,1788355953594,cheery-nutmeg-towhee,2094980170079965281,,true,
2095142939705921590,1788355977356,commendable-sand-cuckoo,2094183682894438611,1934300517351501824,true,
2095143011550208444,1788355994485,great-mountain-brushturkey,2095003159177437569,1259526320800882688,true,
2095143016210297334,1788355995596,spunky-cedar-bluebird,2094982533717070226,921721442550480901,true,
2095143044328686029,1788356002301,worldly-earth-wigeon,2094768062436163937,1372539037114904577,true,
2095143063194595813,1788356006798,strategic-watermelon-lovebird,2094867001395028136,1097811531880902656,true,
2095143080445837443,1788356010911,nice-moss-fantail,2094908173073219729,5363752,true,
2095143132992020775,1788356023439,diligent-brook-thrasher,,,,
2095143261639774333,1788356054111,alpine-pineapple-towhee,2094893207804916150,10671602,false,
2095143520369520661,1788356115798,zappy-winter-thicketbird,2094910000863105169,2047562083948990464,true,
2095143654155256314,1788356147694,neighborly-rhubarb-chickadee,,,,
2095143665182355529,1788357284829,cosmic-root-grackle,2094706762754425159,1392864463204782082,true,
2095143813706584490,1788356185735,diligent-brook-thrasher,2094915663961661513,1582819328281481225,true,
2095143939238248793,1788356215663,humorous-ocean-oriole,2095087095346057288,1675378069438353408,true,
2095143966903509122,1788356222259,magnetic-marble-cormorant,2095096563332796795,276961913,false,
2095144049569091727,1788356639042,cosmic-root-grackle,,,,
2095144167261225178,1788356270028,approachable-lake-whistler,2095130533973897445,3316376038,true,false
2095144219039916292,1788356282373,celebrated-ocean-seagull,2095122716760150244,515581721,true,
2095144350359437808,1788356313682,communicative-olive-logrunner,2094890927873573123,1671995301769404416,true,
2095144368587903012,1788356318028,candid-mango-wren,2094521258377695291,1558653067964325888,false,
2095144389878182179,1788356323104,celebrated-ocean-seagull,,,,
2095144719089025212,1788356401594,cheery-nutmeg-towhee,2094971036454265285,343669588,true,
2095144762617512116,1788356411973,reliable-cedar-swift,2095071233104650622,1863073171076788224,true,true
2095144887499075875,1788356441746,reliable-pond-bittern,2094789646374822106,,true,
2095144956063068665,1788356458094,orderly-nutmeg-quetzal,2094758367696986376,1339345893166759942,true,
2095144983632199888,1788356464667,great-mountain-brushturkey,2095071233104650622,1863073171076788224,true,
2095145073050567122,1788356485985,civil-dune-flamingo,2095079770325168144,1480307881174093826,true,
2095145081170809052,1788356487922,zappy-winter-thicketbird,2095120533834834105,998380790,true,
2095145114049872064,1788356495760,easygoing-island-parrotlet,2095037029562327371,258124400,true,
2095145178642137496,1788356511160,doughty-daylight-kookaburra,2095051980259442807,15243058,true,
2095145357604720992,1788356553828,neighborly-rhubarb-chickadee,,,,
2095145381529079921,1788356559532,diligent-brook-thrasher,2094860430497714505,18142375,true,
2095145389372350759,1788356561403,,2095020947799437494,1907472477288280066,true,
2095145600169759130,1788356611660,celebrated-ocean-seagull,2095094896289788395,1897463753274171392,true,
2095145632168075552,1788356619290,cheery-nutmeg-towhee,2094906157102252355,2600210567,true,
2095145671145984435,1788356913737,cosmic-root-grackle,2094864883007504844,1689393367833313286,true,
2095145702590439584,1788356636079,vivacious-hazelnut-crake,2094951273334284415,1482586700098457602,true,
2095145823973834803,1788356665019,majestic-avocado-triller,2094926804226289886,1957208598054047744,true,
2095145905670279434,1788356684497,great-mountain-brushturkey,2095020947799437494,1907472477288280066,true,
2095146168879870090,1788356747251,great-tide-heron,2093271408105169320,97841743,true,
2095146292737417224,1788356776781,tectonic-wind-sandgrouse,2095104491536167250,93694952,false,
2095146360890663135,1788356793031,zappy-winter-thicketbird,2094934791892476153,914844025944805376,true,
2095146639560167793,1788356859470,nice-watermelon-stork,2095101711228543406,1707855049,true,
2095146654257049855,1788356862974,fantastic-woodland-lorikeet,2095131211102380503,1926952539066408960,true,
2095146761509560398,1788357137952,cosmic-root-grackle,2094886186539958617,15647676,true,
2095146797538722086,1788356897135,flying-seawater-wigeon,2094999506685456405,1138458175663988738,true,false
2095147017144086998,1788356949493,neighborly-rhubarb-chickadee,2094706762754425159,1392864463204782082,true,
2095147055559709130,1788356958653,,2094959444605981086,203226736,true,
2095147181648773468,1788356988715,diligent-brook-thrasher,,,,
2095147304059568190,1788357017899,experienced-sea-pitohui,2094978763734040948,2325225625,false,
2095147484687274374,1788357060965,celebrated-ocean-seagull,2095113996114575470,1884523272576102400,true,
2095147489259102702,1788357062054,cheery-nutmeg-towhee,2095035826216284528,624969201,true,
2095147565897392448,1788357080326,vibrant-passionfruit-falcon,2094977351025107053,1512306276,true,
2095147579570827500,1788357083586,great-mountain-brushturkey,2095093946376466539,1599753147861422087,true,
2095147609602072932,1788357090746,contemporary-cactus-lovebird,2095144499924054470,1881451105454002176,true,
2095147718167470164,1788357116630,zappy-winter-thicketbird,2095027894246617414,,true,
2095147809783558335,1788357138473,terrestrial-highland-nighthawk,2095086584815354239,1709525326022529024,true,
2095147858601132333,1788357150112,hardy-avocado-duck,2094065850676355307,1215812788058304512,true,
2095148003535262135,1788357184667,cool-pecan-cormorant,2094999506685456405,1138458175663988738,false,
2095148132354933114,1788357215380,cheery-nutmeg-towhee,2095080021832479153,809335338711810048,true,
2095148134858940583,1788357215977,neighborly-rhubarb-chickadee,2095080021832479153,809335338711810048,true,
2095148348344766932,1788357266876,diligent-brook-thrasher,2095098673931657504,236822206,true,
2095148425134420393,1788358047223,cosmic-root-grackle,2094531843215499530,36201559,false,
2095148453932245495,1788357292050,celebrated-ocean-seagull,,,,
2095148793230483866,1788358857609,cosmic-root-grackle,2094580998906499146,1786938591441997824,false,
2095148888613114201,1788357395686,cheery-nutmeg-towhee,2095029059591786843,1691822405704892419,true,
2095148991977549996,1788357420330,cozy-creek-flamingo,2095136204475822158,188880651,true,
2095149037133419007,1788357431096,great-mountain-brushturkey,,,,
2095149051406614607,1788357434500,great-mountain-brushturkey,2095061439450956118,1624038565825990657,true,
2095149053990367327,1788357435115,cheery-nutmeg-towhee,2095061439450956118,1624038565825990657,true,
2095149095522287656,1788357445018,great-mountain-brushturkey,2095021252775973253,1242996498675032065,true,
2095149128070152596,1788357452777,zappy-winter-thicketbird,2095037029562327371,258124400,true,
2095149138157486165,1788357455182,neighborly-rhubarb-chickadee,,,,
2095149147489817024,1788357457407,suave-grape-dove,2094954278347497880,1828641080515928064,true,
2095149334551478603,1788357502006,discerning-beech-thrush,2094828915600580854,,true,
2095149425446338938,1788357523678,diligent-brook-thrasher,2094979432498724968,1391175519329214469,true,
2095149516219703760,1788357948675,cosmic-root-grackle,2094864883007504844,1689393367833313286,true,
2095149526562812156,1788357547785,determined-avocado-leaflove,2095104952142266773,1414803467504287748,true,
2095149621139914938,1788357570334,agile-blueberry-parrotlet,2094848729647829202,2212305370,true,
2095149751209472220,1788357601345,lucent-orchard-albatross,2094954278347497880,1828641080515928064,false,
2095149758180381119,1788357603007,sensible-raisin-junco,2095088890583388505,1859985284714102784,true,
2095149775653834977,1788357607173,flying-pistachio-tinamou,2094063876304249018,,true,
2095149807836786908,1788357614846,daring-banana-curassow,2095136312273654081,3148152633,true,
2095149889248256171,1788357634256,distinguished-desert-lovebird,,,,
2095149947607736596,1788357648171,helpful-iceberg-cuckoo,2094071816021070213,1466021302544785408,true,
2095149960308171197,1788357651198,wholesome-raspberry-stilt,2094945160417190361,2002856451858219008,true,
2095149995963863110,1788357659699,celebrated-ocean-seagull,2095101484476092840,340398500,true,
2095150013324095729,1788357663838,witty-garden-starling,2095070965197635957,180731328,true,
2095150053124157562,1788357673327,trusting-fjord-quail,2094996289557873104,1513731587556270080,true,
2095150285010141671,1788357728613,cheery-nutmeg-towhee,2095113684892692831,,true,true
2095150299392491598,1788357732042,sensational-rose-thrasher,2094891508709163473,1157689921349521410,true,
2095150305448989183,1788357733486,great-mountain-brushturkey,2095072091410432479,315740262,true,
2095150323002118232,1788357737671,tidy-sand-falcon,2094913731788464568,15207668,true,
2095150497208696995,1788357978829,cosmic-root-grackle,2094963882934628404,834146815016570886,false,
2095150601458118766,1788357804060,brave-raisin-jay,2095091544432971854,1899490050473402368,true,
2095150601961107811,1788357804180,zappy-winter-thicketbird,2094893065832153431,1754679953302634496,true,
2095150604649685181,1788357961847,cosmic-root-grackle,,,,
2095150632474689826,1788357811455,neighborly-rhubarb-chickadee,,,,
2095150772040176029,1788357844730,diligent-brook-thrasher,2094658337141113074,1449700217784188933,true,
2095150775089463422,1788357845457,celebrated-ocean-seagull,,,,
2095150973123469692,1788357892672,cheery-nutmeg-towhee,2095060136687550847,966685525599047685,true,
2095151059425452308,1788357913249,great-mountain-brushturkey,2094830166820204597,830230362857017344,true,
2095151080266985654,1788357918217,genius-kelp-hawk,2095143052968952272,1318339024948518917,true,
2095151099288191429,1788358751323,cosmic-root-grackle,,,,
2095151120448463343,1788357927798,zappy-winter-thicketbird,,,,
2095151138878509497,1788357932191,exuberant-hill-condor,2095010133931929982,1222943258306703360,true,
2095151195304174075,1788357945644,neighborly-rhubarb-chickadee,2095073742208520614,1040920596182454273,true,
2095151422706688038,1788357999861,diligent-brook-thrasher,2095090669677162755,1788311273874108416,true,
2095151445796380836,1788358005366,encouraging-mesa-seedeater,2095137539459854653,1547929727960199180,true,
2095151543683092865,1788358028704,celebrated-ocean-seagull,2095047335097065664,228141397,true,
2095151597797904668,1788358041606,cheery-nutmeg-towhee,2095127734007874033,,true,
2095151606153273691,1788358043599,careful-fjord-parrot,2095114124560879776,965468965,true,
2095151642148520265,1788358052181,great-mountain-brushturkey,2095091544432971854,1899490050473402368,true,
2095151691486343322,1788358063944,neighborly-earth-firefinch,2095110065858515315,242827267,true,
2095151779205746734,1788358084857,zappy-winter-thicketbird,,,,
2095151809492824406,1788358092079,invigorated-clay-eagle,2095111216821580180,148985312,true,
2095151852795163097,1788358102402,brave-mist-turkey,2094955719556804750,,true,
2095151866741215467,1788358105727,masterful-moon-blackbird,2094995048270078389,1372129013309739009,true,
2095151887389462881,1788358110650,masterful-peppermint-mallard,2095114915438608765,823560392576270336,false,
2095151998471430545,1788358137134,poised-shoreline-gull,2095097190309896545,2742852911,true,
2095152010941145169,1788358140107,neighborly-rhubarb-chickadee,2094883203492249880,830230362857017344,true,
2095152094609031430,1788358160055,diligent-brook-thrasher,2095102939132030997,65417846,true,
2095152125110030810,1788358167327,celebrated-ocean-seagull,2095080711703122366,68988603,true,true
2095152213345571160,1788358188364,cheery-nutmeg-towhee,2095008252387832083,1062107257167593479,true,
2095152215585419482,1788358188898,great-mountain-brushturkey,,,,
2095152236451992004,1788358193874,zappy-winter-thicketbird,2094748906278285758,2094602196914733056,true,
2095152432737042861,1788358240672,neighborly-rhubarb-chickadee,2095097555503726635,202331917,true,
2095152443747131639,1788358243296,diligent-brook-thrasher,2094843894391353765,2466042498,true,
2095152693408878682,1788358302821,celebrated-ocean-seagull,2094996289557873104,1513731587556270080,true,
2095152727147893158,1788358310865,cheery-nutmeg-towhee,2094994010456641919,1245904635237466113,true,
2095152791601783126,1788358326231,great-mountain-brushturkey,,,,
2095152918831808965,1788358356566,zappy-winter-thicketbird,2095096148537282628,1467643957492744193,true,
2095152948418339128,1788358363620,bold-sycamore-antwren,2095052818684035352,1325030405028913153,true,
2095153072154550742,1788358393120,zappy-winter-thicketbird,2095048269999096283,2052625923761897474,true,
2095153173065277627,1788358417180,neighborly-rhubarb-chickadee,2094839007431557375,,true,
2095153300161052784,1788358447481,efficient-water-wheatear,2094141585596326156,,false,
2095153315713597625,1788358451189,diligent-brook-thrasher,2094843926024958360,1695534402665615360,true,
2095153451760333261,1788358483625,astounding-cypress-swan,2095101711228543406,1707855049,false,
2095153507061891263,1788358496811,celebrated-ocean-seagull,2094798488655794599,1081575874841829376,true,
2095153584879145471,1788358515364,frank-plum-shorebird,2095111954448728087,216299334,true,
2095153739237589089,1788358552166,bold-sycamore-antwren,2094903624799592498,1261335549215989760,true,
2095153778756329602,1788358561587,diligent-brook-thrasher,,,,
2095153969324532126,1788358607022,cozy-coconut-finfoot,2095134125615140973,,true,
2095154018301706524,1788358618700,beautiful-star-greenbul,2095026841241477236,872093362429374464,true,
2095154046466412860,1788358625414,lucent-winter-turkey,2094774158559187226,1883563176215605249,true,
2095154072173035721,1788358631543,great-mountain-brushturkey,2094884642755342512,,true,
2095154117043802466,1788358642241,zappy-winter-thicketbird,2095121534268616813,,true,
2095154154176176149,1788358651094,natural-daylight-sandgrouse,2094857399274279004,2041527740784873472,false,
2095154181640265980,1788358657642,neighborly-rhubarb-chickadee,2094986581426012263,1208151442252386304,true,
2095154441112453510,1788358719506,distinguished-seedling-parrotlet,2094510889185513748,1944289284,true,false
2095154458716205361,1788358723703,beautiful-star-greenbul,2095069398998593547,1706666602228486144,true,
2095154518262501825,1788358737900,loyal-pistachio-mousebird,2095092488809660826,17229160,true,
2095154654711623769,1788358770431,diligent-brook-thrasher,2095057068315042264,1595732209,true,
2095154726950306012,1788358787654,beautiful-star-greenbul,2095059333642088803,1449642976452308993,true,
2095154727562457432,1788358787801,celebrated-ocean-seagull,2095137032796303709,1229443127435546627,true,
2095154730599166331,1788358788524,cheery-nutmeg-towhee,2095058088797540424,1652191722280042496,true,
2095154802493907332,1788358805665,intentional-conifer-sparrow,2095133368593555962,959531564341317632,true,true
2095155128852435379,1788358883476,great-mountain-brushturkey,2095106197875495263,,true,true
2095155249514193131,1788358912243,zappy-winter-thicketbird,2094969672584327539,1836947932186304512,true,
2095155387632627896,1788358945174,neighborly-rhubarb-chickadee,2095064704112542012,1361720358,true,
2095155463294009745,1788358963213,lovable-root-pitohui,2095108459922382882,3319138502,true,
2095155625562947606,1788359001900,,2094815918308151474,1429560247,true,
2095155648535093616,1788359007378,diligent-brook-thrasher,2095083392962351293,1968556303,true,
2095155834632487395,1788359051746,ingenious-boulder-seagull,2095037010926793210,703708224168599552,true,
2095155853515165789,1788359056248,convivial-jacaranda-grassbird,,,,
2095156034792992926,1788359825505,cosmic-root-grackle,2094851053673988192,711667461414916098,true,
2095156052895453218,1788359103785,celebrated-ocean-seagull,,,,
2095156121262559496,1788359120085,cheery-nutmeg-towhee,,,,
2095156194667114937,1788359137586,great-mountain-brushturkey,2095119916227531015,2019599199789051904,true,
2095156198005710861,1788359138381,dexterous-prairie-pelican,2094971103341101216,18089606,true,
2095156278557618514,1788359157586,heroic-twig-thicketbird,2095137127268835356,1157545116095143936,true,
2095156289357897953,1788359160161,convivial-jacaranda-grassbird,2095127231160779197,14594813,true,
2095156399340757469,1788359186383,zappy-winter-thicketbird,,,,
2095156431372632373,1788359546438,cosmic-root-grackle,,,,
2095156438427455549,1788359195702,electric-chestnut-duck,2094996964198715813,4833456124,true,true
2095156535584592007,1788359218866,ingenious-boulder-seagull,2095072332301660199,703708224168599552,true,
2095156574545412200,1788360424557,cosmic-root-grackle,2094726715968995770,1107224627477180416,true,
2095156615880339742,1788359238010,skillful-lumber-falcon,2094906803213754760,1844069230494277632,true,
2095156644690935850,1788359640732,cosmic-root-grackle,,,,
2095156645886062753,1788359245165,,2095137032796303709,1229443127435546627,true,
2095156807173886300,1788359283619,gentle-lime-cardinal,2095133368593555962,959531564341317632,false,
2095156822248219026,1788359287212,neighborly-rhubarb-chickadee,,,,
2095156848294855031,1788359293423,diligent-brook-thrasher,2095085697489355062,731472343239823360,true,
2095156866825556360,1788359297840,,,,,false
2095156879240356038,1788359300801,punctual-cactus-friarbird,2094972903724888303,1825260352290111488,true,
2095156904896946465,1788359306917,celebrated-ocean-seagull,2095066866490515741,5889072,true,
2095156932180910481,1788359313423,cheery-nutmeg-towhee,2094956935741050975,69238179,true,
2095156943136370782,1788359316035,tectonic-sapling-treepie,2094895812274774474,1470682339147763721,true,
2095157034849272247,1788359337900,contemporary-cactus-lovebird,2094915687865098253,353890966,true,
2095157178558460239,1788359372163,great-mountain-brushturkey,2095129257278095792,2150679649,true,
2095157205498507361,1788359378586,impeccable-redwood-woodpecker,2094890060734730571,763094579491008512,true,
2095157336587338158,1788359409840,zappy-winter-thicketbird,2095117622316556666,24045870,true,
2095157361296158870,1788359654905,cosmic-root-grackle,2095127893324009898,920993967516389376,true,
2095157413204639759,1788359428108,neighborly-rhubarb-chickadee,2094859851461513436,1649432778998464512,true,
2095157430262870066,1788359432175,diligent-brook-thrasher,2094854566067966129,1838375682629349376,true,
2095157443185594630,1788359435255,celebrated-ocean-seagull,2094802307292749976,1523662583584022529,true,
2095157463519830364,1788359440104,magnetic-fir-finfoot,2095110323409678394,380960011,true,true
2095157475901165974,1788359443055,,2094865106081599851,,true,
2095157647674610129,1788359484009,patient-autumn-emu,2095149811230003579,10671602,true,
2095157672685240735,1788359489973,cheery-nutmeg-towhee,2095133368593555962,959531564341317632,true,true
2095157753677263193,1788359509283,animated-ridge-waxbill,2095080711703122366,68988603,true,
2095157820757073957,1788359525276,neighborly-lowland-penguin,2094879740054384917,104233325,true,
2095157932035809380,1788359551807,celebrated-ocean-seagull,2094815918308151474,1429560247,true,
2095157934221324591,1788359552328,sincere-mangrove-rooster,2094954278347497880,1828641080515928064,false,
2095158000990175459,1788359568247,zappy-winter-thicketbird,,,,
2095158042450858413,1788359578131,dexterous-prairie-pelican,2095012558583611798,18089606,true,
2095158084138353131,1788360480036,cosmic-root-grackle,,,,
2095158107240288520,1788359593578,animated-ridge-waxbill,2095113684892692831,,true,
2095158212651888837,1788359618710,inquisitive-mango-canary,2095127231160779197,14594813,true,
2095158373830336917,1788359657138,neighborly-rhubarb-chickadee,2095092962820522077,1304130642876272642,true,
2095158546904097027,1788359698402,dexterous-prairie-pelican,2094553543617196312,1557505554490310660,true,
2095158564033642548,1788359702486,diligent-brook-thrasher,2094881963224047787,326819505,true,
2095158596313194669,1788359710182,determined-raspberry-cardinal,2094968547839713548,1579314486137458695,false,false
2095158664294171051,1788359726390,celebrated-ocean-seagull,2095140820194062634,288277167,true,
2095158745105842642,1788359745657,captivating-mountain-motmot,2094982006371459366,1659987684918435847,true,
2095158759366492648,1788359749057,animated-ridge-waxbill,2094915655082430771,1713597868395683840,true,false
2095158828178514141,1788359765463,great-tide-heron,2092727494352974304,764955412646891520,true,
2095158865629446499,1788359774393,dependable-cactus-logrunner,2095088208845439403,1198909707991355392,true,
2095158883798954423,1788359778725,cheery-nutmeg-towhee,,,,
2095158919303676135,1788359787189,great-mountain-brushturkey,2094828519234978277,1873778814624432128,true,
2095159006415425701,1788359807958,trusting-fjord-quail,2094838433281884285,1354829041,true,
2095159067065172403,1788359822419,noble-mangrove-ostrich,2082909420967633047,1337741480,true,
2095159103836356966,1788359831186,zappy-winter-thicketbird,2095100719493779957,2074797277634248704,true,
2095159112199983246,1788359833179,inspirational-snow-cockatoo,2095099293615202726,1282509001926692864,true,
2095159349048131643,1788359889648,responsible-coral-stilt,2094886926578782370,3187616987,true,
2095159509878497596,1788359927994,neighborly-rhubarb-chickadee,,,,
2095159534184480857,1788359933788,contemporary-cactus-lovebird,2095158584019501484,166252256,true,
2095159613679161552,1788359952742,centered-lake-goose,2094925871270318110,1202087677270675458,true,
2095159674559516799,1788359967256,diligent-brook-thrasher,2095125455460339826,2010633916290674688,true,
2095159946719732176,1788360032145,wholesome-raspberry-stilt,2094895812274774474,1470682339147763721,true,
2095159958140752091,1788360034867,wholesome-raspberry-stilt,2094884642755342512,,true,
2095159964134215765,1788360036296,celebrated-ocean-seagull,,,,
2095159964335771948,1788360036344,wholesome-raspberry-stilt,2095065997845619018,1966141064416473098,true,false
2095159971835244620,1788360038132,wholesome-raspberry-stilt,2095123580644204921,,true,
2095159980798234680,1788360040269,cheery-nutmeg-towhee,2095155321962664128,872833914083188737,true,
2095159993779564977,1788360043365,great-mountain-brushturkey,,,,
2095160063128191485,1788360059898,zappy-winter-thicketbird,2095115146754699540,2052439999300427776,true,
2095160077334540320,1788360063285,contemporary-cactus-lovebird,2095153562607112677,763094579491008512,true,
2095160186663018928,1788360089351,neighborly-rhubarb-chickadee,2095134620543005147,87713796,true,
2095160359674138700,1788360130600,resplendent-river-mockingbird,2094567940263678037,1845603320481673216,true,
2095160528607818137,1788360170877,contemporary-cactus-lovebird,2095150995273662477,1184637024336265216,true,
2095160573155516467,1788360181498,diligent-brook-thrasher,2095094339126866029,1958931427648487425,true,
2095160608161247739,1788360189845,celebrated-ocean-seagull,2094841751743996047,2040477486400618496,true,
2095160666197725287,1788360203681,zappy-winter-thicketbird,2095147850816524597,1318303792379662337,true,
2095160674490142809,1788360205658,brave-seawater-hornbill,2094750246966636948,1387441563727392772,false,
2095160792387588209,1788360233767,neighborly-rhubarb-chickadee,,,,
2095160864445956391,1788360250947,diplomatic-rainforest-spoonbill,2095113996114575470,1884523272576102400,true,
2095161001033212001,1788360283512,cheery-nutmeg-towhee,2095003159177437569,1259526320800882688,true,
2095161008209719316,1788360285224,unique-conifer-auklet,2095097030813114769,2088239676209389568,true,
2095161059069837501,1788360297349,diligent-brook-thrasher,,,,
2095161076870688979,1788360301594,witty-ocean-flowerpecker,2094258987390689681,1060309036464128000,false,
2095161077373829216,1788360301714,celebrated-ocean-seagull,,,,
2095161215979057246,1788360334759,giving-tomato-francolin,2095085393230360873,,true,
2095161223264473151,1788360336496,fast-winter-songbird,2091063360083394612,,true,
2095161269376418111,1788360347490,cheery-nutmeg-towhee,2095100128499552554,1919424263981080576,true,
2095161269825527882,1788360347597,wise-spruce-owl,2092707158924394714,204444440,true,
2095161272182399325,1788360348159,great-mountain-brushturkey,2095054100807217631,1684266209728921615,true,
2095161276406042764,1788360349166,great-mountain-brushturkey,2094940356697526690,1880126206798098436,true,
2095161288599142875,1788360352073,realistic-avocado-mousebird,2094874885453475993,1443634224775323650,true,
2095161334245822829,1788360362956,unique-valley-myna,2094926355192283253,447450858,true,
2095161457281241375,1788360589444,cosmic-root-grackle,2095024906115195307,1843915812366692352,true,
2095161473517453436,1788360396161,zappy-winter-thicketbird,,,,
2095161478143688716,1788360397264,neighborly-rhubarb-chickadee,,,,
2095161558829781146,1788360416501,courageous-sky-crimsonwing,2095008041284612119,1649307265240006656,true,false
2095161583697539385,1788360422430,diligent-brook-thrasher,,,,
2095161721992118382,1788360455402,fascinating-leaf-crimsonwing,2094911993635356898,1711732984338878465,false,false
2095161788975210779,1788360471373,lionhearted-jackfruit-spoonbill,2094878392017457603,96910944,true,
2095161801289736472,1788360474308,celebrated-ocean-seagull,2094922125245042989,353391236,true,
2095161808357126342,1788360475993,cheery-nutmeg-towhee,2094868188991500549,,true,
2095161872941289908,1788360491392,scholarly-pecan-hawk,2093416529912025283,,true,
2095161907019677719,1788360499516,zappy-winter-thicketbird,,,,
2095162028713259199,1788360528530,great-mountain-brushturkey,2095106045857390864,1873778814624432128,true,
2095162255054610908,1788360582494,zappy-winter-thicketbird,2094853516313666004,1499556521457303555,true,
2095162306435113465,1788360594744,intelligent-fern-motmot,2095142323277431010,10671602,false,false
2095162435925627274,1788360625617,neighborly-rhubarb-chickadee,2095142089956720757,1375025867273953281,true,
2095162700561015272,1788360688711,diligent-brook-thrasher,2095058186122543484,750759915774291969,true,
2095162743993037058,1788360699067,contemporary-cactus-lovebird,2095158215793131814,600663729,true,
2095162805314048294,1788360713686,great-tide-heron,2092847551544492456,1643527231975882752,true,
2095162919730205047,1788360740965,celebrated-ocean-seagull,2094826789466259773,1500165164561317891,true,
2095162998146896014,1788360759661,scholarly-pecan-hawk,2095152150288495030,2047743796406829056,true,
2095163148324008073,1788360795466,cheery-nutmeg-towhee,2095150027685441948,18927441,true,
2095163207409111376,1788360809553,great-mountain-brushturkey,2095078387324731495,1513541537745063937,true,
2095163209632133594,1788360810083,neighborly-rhubarb-chickadee,2095078387324731495,1513541537745063937,true,
2095163269141188688,1788360824272,memorable-winter-sunbird,2095116022105735649,1355721251180961792,true,
2095163330105127028,1788360838806,zappy-winter-thicketbird,2095121029337149762,2026876793286963200,true,
2095163346244833575,1788360842654,neighborly-rhubarb-chickadee,2095112622555218315,1589533950137040898,true,
2095163348388053291,1788360843165,cheery-nutmeg-towhee,2095112622555218315,1589533950137040898,true,
2095163430286106738,1788360862691,contemporary-cactus-lovebird,2094820448060227994,1857242950587367424,true,
2095163473239929284,1788360872933,diligent-brook-thrasher,2094717502701887771,2044837926442307584,true,
2095163631105139062,1788360910571,celebrated-ocean-seagull,2094763209680896456,2089525374413570048,true,
2095163663531614606,1788360918301,empowered-bonsai-robin,2047240046239990126,1648857343780847616,true,
2095163704216006806,1788360928001,cheery-nutmeg-towhee,2094916163923038366,2031341800833822726,true,
2095163715339342181,1788360930653,reserved-hillside-flameback,2095158649782210701,1169620189836697600,true,
2095163730371780712,1788360934237,great-mountain-brushturkey,,,,
2095163916305269030,1788360978567,zappy-winter-thicketbird,2094901801958969789,1072501402839195648,true,
2095163964846223479,1788360990140,beautiful-pomegranate-songbird,2095085393230360873,,true,
2095163988803834203,1788360995852,neighborly-rhubarb-chickadee,2095148711999664420,,true,
2095164006507942132,1788361000073,diligent-brook-thrasher,2095125093298966988,1243652588156915713,true,
2095164032730673243,1788361006326,happy-avocado-skimmer,2094960370645381183,164480472,true,
2095164121222205595,1788361027424,agreeable-autumn-lorikeet,2094728003540455893,,true,
2095164274867859622,1788361064055,orderly-garden-pheasant,2094176138985972220,1513410916473192450,false,
2095164299962458545,1788361070038,celebrated-ocean-seagull,2095140286032667069,288277167,true,
2095164340647174161,1788361079738,prodigious-cypress-albatross,2094463803731722316,1742645257815138304,true,
2095164342794592598,1788361080250,cheery-nutmeg-towhee,2095039647415976435,2043833550714044416,true,
2095164357248245858,1788361083696,great-mountain-brushturkey,,,,
2095164496742318587,1788361116954,prodigious-cypress-albatross,2094454593484673105,100866746,true,
2095164608566747530,1788361143615,neighborly-rhubarb-chickadee,,,,
2095164646801944720,1788361152732,diligent-brook-thrasher,2094910000863105169,2047562083948990464,true,
2095164699625074827,1788361165325,celebrated-ocean-seagull,2095053831679910333,1678707602606395393,true,
2095164717643813048,1788361169621,cheery-nutmeg-towhee,,,,
2095164895763251376,1788361212088,great-mountain-brushturkey,2095154714547785885,1666838408461688833,true,true
2095165073945665868,1788361254570,careful-mesa-hummingbird,2094979152063369321,2162812627,true,false
2095165079151092174,1788361255812,flourishing-moonlight-scaup,2089003988876411237,,true,
2095165162403885418,1788361275660,zesty-lumber-bulbul,2093269085559951593,886535108374675456,true,
2095165191847616804,1788361282680,zappy-winter-thicketbird,2094856397926113470,1646516211268878339,true,
2095165194565509332,1788361283329,intentional-peach-owl,2095085161687744649,1958334276384219136,true,
2095165243584553050,1788361295015,extraordinary-spring-parakeet,2095061326666326394,147085364,false,
2095165282205446560,1788361304224,neighborly-rhubarb-chickadee,2095137127268835356,1157545116095143936,true,
2095165333510205879,1788361316455,witty-earth-cotinga,2092469588982206538,2823091872,true,
2095165440951550039,1788361342071,diligent-brook-thrasher,2095156079319482668,1978242210488619008,true,
2095165615447183820,1788361383674,celebrated-ocean-seagull,2094777808123777277,374712154,true,
2095165647185494103,1788361391241,cheery-nutmeg-towhee,2095107651956777169,2043043759357661185,true,
2095165702466404833,1788361404421,heroic-pineapple-sandgrouse,2094855901354111145,1586807769306374149,true,
2095165788927771088,1788361425036,hysterical-magnolia-curassow,2094989788919267745,37491797,true,
2095165863179555247,1788361442738,great-mountain-brushturkey,2094826118482104736,927827851650502657,true,
2095165878480363551,1788361446386,focused-peppermint-redstart,2095086250243858855,68740712,true,
2095165935443218934,1788361459967,innovative-strawberry-bittern,2095155321962664128,872833914083188737,true,
2095166126124605564,1788361505429,zappy-winter-thicketbird,,,,
2095166231523332310,1788361530559,neighborly-rhubarb-chickadee,2094984517618692255,2078320888949440512,true,
2095166428592693415,1788361577543,realistic-reef-pipit,2094846386202407350,1750583386387648512,true,
2095166449568412013,1788361582544,smart-tide-drongo,2095127085194879228,1240089607951319042,true,
2095166466635006159,1788362187366,cosmic-root-grackle,2094801194925314072,,true,
2095166508657729986,1788361596633,great-mountain-brushturkey,2094965741992964180,983034210372943874,true,
2095166547366965479,1788361605861,fantastic-papaya-barbet,2095103019763245372,1980053859960856577,true,
2095166555415867849,1788361607780,diligent-brook-thrasher,2094892200177922306,25505732,true,
2095166582582571172,1788361614258,wholesome-raspberry-stilt,2094892200177922306,25505732,true,
2095166593445884165,1788361616847,wholesome-raspberry-stilt,2094840488159318207,1611471154732060692,true,
2095166621874552880,1788361623626,celebrated-ocean-seagull,2094988838217388232,4644760268,true,
2095166662785867912,1788361633379,cheery-nutmeg-towhee,2094965741992964180,983034210372943874,true,
2095166843124084841,1788361676375,great-mountain-brushturkey,2094993198536167761,1517812663996207104,true,
2095166873356603892,1788361683583,exceptional-mangrove-emu,2095054100807217631,1684266209728921615,true,
2095166893346697569,1788361688349,zappy-winter-thicketbird,2094878556115673224,520439315,true,
2095166930776654216,1788363807938,cosmic-root-grackle,,,,
2095166982899306619,1788361709701,uplifting-avocado-duck,2094756158858772852,,true,
2095166999215153454,1788361713590,neighborly-rhubarb-chickadee,2095087048822600053,901763129306226688,true,
2095167016181129606,1788361717635,diligent-brook-thrasher,2094718469149433970,1861734578668589056,true,
2095167032551420081,1788361721538,philosophical-berry-brushturkey,2095009089247981727,2496837662,true,
2095167083348939134,1788361733650,effervescent-trail-toucan,2095100077706551706,36889519,true,true
2095167130916323678,1788361744990,winning-autumn-bushbird,2094760714934030530,595351222,true,
2095167157558452265,1788361751342,zesty-canopy-sparrowhawk,2094897684154872290,1879644163769335808,true,false
2095167203301794212,1788361762248,positive-cactus-cotinga,2094389715848065277,,true,
2095167297019416887,1788361784592,hardworking-olive-stork,2092788656629305506,1863820598893481984,true,
2095167324789645473,1788361791214,animated-ridge-waxbill,2094972903724888303,1825260352290111488,true,
2095167325645218147,1788361791418,polished-rainforest-condor,2095126808467476939,281902422,true,
2095167407190868268,1788361810860,altruistic-apple-cardinal,2094690487735087160,2850651695,false,
2095167425302208954,1788361815177,hypnotic-boulder-redstart,2095085393230360873,,true,
2095167477856846296,1788363332828,cosmic-root-grackle,,,,
2095167596861477254,1788361856080,zappy-winter-thicketbird,,,,
2095167619452031447,1788361861466,celebrated-ocean-seagull,2095071411316339023,1824589812688437248,true,
2095167655464616332,1788361870052,challenging-wildflower-redstart,2095061330742898855,,true,true
2095167694416892073,1788361879339,cheery-nutmeg-towhee,2094996915381322068,2094557797866213376,true,
2095167697470230942,1788361880067,neighborly-rhubarb-chickadee,2094996915381322068,2094557797866213376,true,
2095167845583798742,1788361915380,transparent-juniper-jacana,2095115391638843576,,true,
2095167879503126976,1788361923468,lithe-blossom-dipper,2094934678423675165,951503876963864577,true,false
2095167903335108621,1788361929149,cosmic-wildflower-macaw,2094942916967829898,2822845639,false,
2095168142427263278,1788361986153,great-mountain-brushturkey,2095148409699086547,1791554506515210240,true,
2095168149561737679,1788361987854,zappy-winter-thicketbird,2095002160702312730,,true,
2095168163973337264,1788361991290,neighborly-rhubarb-chickadee,,,,
2095168199763636463,1788361999824,sincere-prairie-goose,2095041157336297552,112446096,true,
2095168254444539923,1788362012860,diligent-brook-thrasher,2094967914914869572,1434535081838845954,true,
2095168389270347957,1788362045005,upbeat-kiwi-magpie,2094850820227625025,1327744524542648320,true,
2095168467011846408,1788362063540,tectonic-sapling-treepie,2094890060734730571,763094579491008512,true,
2095168479813104042,1788362066592,terrestrial-creek-dipper,2095078015822881199,,true,true
2095168489552064913,1788362068914,celebrated-ocean-seagull,,,,
2095168491527479441,1788362069385,responsible-raspberry-oriole,2092707158924394714,204444440,true,
2095168704317358483,1788362120118,exciting-dune-frigatebird,2094921461744255029,1560155798046511105,true,
2095168745953964123,1788362130045,cheery-nutmeg-towhee,2095028595538186727,,true,
2095168758134276545,1788362132949,great-mountain-brushturkey,2094890854179864668,1969127547289157633,true,
2095168891144012030,1788362164661,zappy-winter-thicketbird,2094847763829694752,1598105628383363073,true,
2095169057150365759,1788362204239,neighborly-rhubarb-chickadee,2095146765314052500,1296841239543730176,true,
2095169066025513464,1788362206356,diligent-brook-thrasher,2095009511698579821,1267701478522679297,true,
2095169086464332033,1788362211229,celebrated-ocean-seagull,2095076302671720770,374752807,true,
2095169122627678474,1788362219851,amiable-marmalade-macaw,2094879976856174753,1533816643,true,
2095169202126491747,1788362238806,motivated-eucalyptus-cotinga,2095104448288973141,1300492029940637696,true,
2095169276487278944,1788362256534,cheery-nutmeg-towhee,2095091738201211002,1827668737777938432,true,
2095169387066007677,1788362282899,clean-lake-dove,2094890730233680200,1371500074753257472,true,
2095169402765201413,1788362286642,great-mountain-brushturkey,2094848373920784477,831767219071754240,true,
2095169472554299444,1788362303280,zappy-winter-thicketbird,2094829333864923556,1372539037114904577,true,
2095169500828008704,1788362310021,neighborly-rhubarb-chickadee,2094867169846693965,20995648,true,
2095169590019891582,1788363305199,cosmic-root-grackle,2095082148067717254,53347647,false,
2095169734836675060,1788362365813,diligent-brook-thrasher,2095147073008030056,,true,
2095169870421790766,1788362398139,thoughtful-tigerwood-albatross,,,,
2095170068397044116,1788362445340,industrious-birch-petrel,2094510889185513748,1944289284,true,false
2095170112575672574,1788362455874,amicable-flower-duck,2095094885041033220,1471640417519030275,true,true
2095170239046603254,1788362486026,flowing-field-pelican,2094934202496029116,582230335,false,
2095170425080688936,1788362530379,celebrated-ocean-seagull,2094806030219686010,2060262645261795333,true,
2095170603812573238,1788362572993,cheery-nutmeg-towhee,2094911908428103683,2063880239474696192,true,
2095170654685589895,1788362585122,observant-hillside-crow,2094958889104007178,2000311512490196992,false,
2095170875821576603,1788362637845,great-mountain-brushturkey,2094952526613287260,733679247064203265,true,
2095170877641941471,1788362638279,candid-tigerwood-duck,2094843412373549480,116247695,true,
2095170988799599034,1788362664781,optimistic-seedling-puffbird,2095047807627317667,2034585450011340800,true,
2095171015596789790,1788362671170,zappy-winter-thicketbird,2094984573289480307,387287129,true,
2095171058433474953,1788362681383,persistent-frost-whistler,2095041640755012036,1095547021,true,false
2095171060538745293,1788362681885,lucky-wood-jay,2095034698309251340,,true,
2095171094571295071,1788362689999,lovely-bamboo-grebe,2094879740054384917,104233325,true,false
2095171103664619839,1788362692167,neighborly-rhubarb-chickadee,2094854378330989019,1857848303943114752,true,
2095171162481553638,1788362706190,challenging-wildflower-redstart,2094075379925315597,2081795103719292929,true,
2095171221612642671,1788362720289,tremendous-lumber-grassbird,2095159836430209307,,true,
2095171410335289514,1788362765284,thoughtful-tigerwood-albatross,2095071411316339023,1824589812688437248,false,
2095171509375644074,1788362788897,challenging-wildflower-redstart,2095104515930284195,2069149198121836544,true,
2095171518573486134,1788362791090,diligent-brook-thrasher,2095113767097085979,45964422,true,
2095171662152978631,1788362825321,understanding-citrus-treerunner,2094919310351204805,1271497757455499264,false,
2095171700543369711,1788362834474,celebrated-ocean-seagull,2095100878352998496,,true,
2095171880504164723,1788362877380,cheery-nutmeg-towhee,2095134661873676444,2042833456883757056,true,true
2095171883066937526,1788362877991,diligent-brook-thrasher,2095134661873676444,2042833456883757056,true,true
2095171946518323659,1788362893119,great-mountain-brushturkey,2094826623736463744,98345271,true,
2095172187959275748,1788362950683,sublime-lowland-penguin,2094949680777994338,,true,
2095172236671869338,1788362962298,kinetic-birch-stork,2095159560562434318,1125391202294149121,true,
2095172374404493748,1788362995136,fast-grapefruit-motmot,2094865106081599851,,false,
2095172397444043197,1788363000628,inspired-blueberry-grebe,2094825621348401161,1273505391553449985,false,
2095172410534154549,1788363003749,zappy-winter-thicketbird,2094765019997290744,1698636840813899776,true,
2095172535423766982,1788363033525,smart-sequoia-woodpecker,2094822408867713295,17469289,false,
2095172641237668045,1788363058753,tranquil-willow-flycatcher,2094850820227625025,1327744524542648320,false,
2095172705943159131,1788363074180,neighborly-rhubarb-chickadee,2094990314142617610,1571393170864500736,true,
2095172724255863067,1788363078546,enthralling-magnolia-stork,2094781086446305751,1268212491714277379,true,
2095172729330606422,1788363079756,diligent-brook-thrasher,2094899849938510012,1261335549215989760,true,
2095172791305724076,1788363094532,sociable-iceberg-mallard,2094962019141029999,878247600096509952,true,
2095172870053749053,1788363113307,celebrated-ocean-seagull,,,,
2095173010743320957,1788363146849,cheery-nutmeg-towhee,2094853721091949020,1986852813071392769,true,
2095173032503656760,1788363152038,splendid-cedar-kingbird,2094758809352970377,1083438237006188551,true,
2095173084160598251,1788363164354,endearing-cypress-treepie,2094966430659743975,1523601670080536581,true,
2095173118666871089,1788363172581,celebrated-ocean-seagull,2095167407295738093,,true,
2095173186224570822,1788363188689,great-mountain-brushturkey,2095127727833759925,1367209793686036482,true,
2095173202800447570,1788363192640,zappy-winter-thicketbird,2095152945041940717,,true,
2095173252591050964,1788363204511,neighborly-rhubarb-chickadee,2094954252376625599,821984322,true,
2095173374603600125,1788363233602,serene-branch-nighthawk,2094915655082430771,1713597868395683840,true,
2095173457424068877,1788363253347,diligent-brook-thrasher,2094942333624279490,1710881705752449024,true,
2095173472179675320,1788363256866,celebrated-ocean-seagull,2094879976856174753,1533816643,true,
2095173531734593831,1788363271065,joyful-hillside-catbird,2092370403452731659,1800653468002070528,true,
2095173623942140384,1788363293048,cheery-nutmeg-towhee,2095045304961896505,1402907879598788609,true,
2095173651154845816,1788363299537,driven-raspberry-bulbul,2094922048178925706,,true,true
2095173716749558168,1788363315175,merry-freshwater-drongo,2095127231160779197,14594813,false,
2095173748336754894,1788363322706,empowered-fern-penguin,2094929030088732884,256491502,true,
2095173764522598602,1788363326566,lovable-melon-lovebird,2094908225539764420,112764971,true,
2095173798358073430,1788363334632,wholesome-raspberry-stilt,2095167303184691514,1261335549215989760,true,
2095173811016528109,1788363337650,wholesome-raspberry-stilt,2095044388640690569,2245656206,true,
2095173825461686772,1788363341094,optimistic-poplar-penguin,2094828159778845123,1598826846551949316,true,
2095173971821945175,1788363375989,cheery-nutmeg-towhee,,,,
2095174056139997272,1788363396093,effervescent-lake-drongo,2094444372863410413,1157545116095143936,false,
2095174068831981605,1788363399119,great-mountain-brushturkey,2094773214404641042,2091163560621506560,true,
2095174512224374835,1788363504831,zappy-winter-thicketbird,,,,
2095174523083497620,1788363507420,neighborly-rhubarb-chickadee,2095134603551850574,1891764279021535232,true,
2095174657578066029,1788363539486,genuine-poplar-tern,2095019275375222818,1709575267369234432,true,
2095174722849849394,1788363555048,diligent-brook-thrasher,2095111745979199719,,true,
2095174733310366180,1788363557542,great-mountain-brushturkey,2094914642367930532,2060624253872156672,true,
2095174735252410498,1788363558005,stunning-star-flycatcher,2075402771130630379,1663308107240570880,false,
2095174767099658549,1788363565598,masterful-frost-hillstar,2094685477966172431,1924762836892299264,true,
2095174808770097178,1788363575533,celebrated-ocean-seagull,2094813816424907056,82489457,true,
2095175005252489382,1788363622378,trusty-eucalyptus-francolin,2095024009163456969,,true,
2095175062210908499,1788363635959,cheery-nutmeg-towhee,2095019121385873696,1458912130208796674,true,
2095175133363048833,1788363652923,careful-mesa-hummingbird,2094913731788464568,15207668,false,false
2095175145941860367,1788363655921,quick-canopy-owl,2094884396939591773,1205439167318106114,true,
2095175163109163129,1788363660015,great-mountain-brushturkey,,,,
2095175175344116090,1788364230313,cosmic-root-grackle,2094926942600347990,2755718052,false,
2095175319564980368,1788363697317,excellent-sunlight-nighthawk,2094921480244961326,14171352,true,
2095175348002660799,1788363704096,humorous-river-grebe,2093721426591178819,872603882,true,
2095175448162619855,1788363727976,humorous-river-grebe,2093445388329972180,872603882,true,
2095175451694309478,1788363728818,mindful-pecan-heron,2095139823917129836,1091838536582451200,true,
2095175480160711118,1788363735606,zappy-winter-thicketbird,2095139607637524615,1348091909483466752,true,
2095175640190234657,1788363773759,zappy-winter-thicketbird,2095160207735484455,2024095006588555264,true,
2095175708389638357,1788363790019,neighborly-rhubarb-chickadee,2095156572557078686,3315264553,true,
2095175726362472465,1788363794305,tidy-moonlight-toucan,2094895072349188198,29458079,false,
2095175751960010793,1788363800408,diligent-brook-thrasher,2094781067383423477,1982806023175122944,true,
2095175834843705810,1788363820168,animated-daylight-parakeet,2095104515930284195,2069149198121836544,false,
2095175852363284698,1788363824345,celebrated-ocean-seagull,,,,
2095175863692394920,1788363827046,humorous-river-grebe,2092684658966143449,872603882,true,
2095175915558891920,1788364134414,cosmic-root-grackle,2092641396477862037,2058786554433118208,false,
2095176013315481943,1788363862719,cheery-nutmeg-towhee,2095127952199455166,2035404812314198016,true,
2095176060413325800,1788363873949,graceful-branch-gull,2094926069321072925,1355721251180961792,true,
2095176063869473190,1788363874772,great-mountain-brushturkey,2094970194439393524,,true,true
2095176073554137521,1788363877081,goodhearted-honeydew-partridge,2095148642763976706,1787585694635831296,false,
2095176165711401091,1788365670759,cosmic-root-grackle,,,,
2095176198540202433,1788363906880,zappy-winter-thicketbird,2095157848166568332,1550153387928346625,true,
2095176274482286834,1788363924986,neighborly-rhubarb-chickadee,,,,
2095176291079061526,1788363928943,diligent-brook-thrasher,2095062833457229835,2005018432073523200,true,
2095176334100038003,1788363939200,optimistic-seedlings-starling,2094808369978601472,459791372,true,
2095176394267340868,1788363953545,fancy-beech-crimsonwing,2095172635734736948,10671602,true,
2095176460004634904,1788363969218,celebrated-ocean-seagull,2095143360306532490,473326717,true,
2095176601017229746,1788364002838,tectonic-sapling-treepie,2094813816424907056,82489457,true,
2095176674736247287,1788364020414,spectacular-island-cacholote,2094795206944076081,68300839,true,
2095176737978044455,1788364035492,cheery-nutmeg-towhee,2094948149656010983,10252962,true,
2095176876025102665,1788364290309,cosmic-root-grackle,2095158822121979945,2167918919,true,
2095176902629904605,1788364074748,masterful-root-hummingbird,2095134651845402654,2084518792550551552,true,
2095176926386073877,1788364080412,great-mountain-brushturkey,,,,
2095176947240247312,1788364085384,zappy-winter-thicketbird,2095146282893418733,,true,true
2095177031247974480,1788364105414,inventive-marmalade-needletail,2094568420201070608,781910339248152580,true,
2095177123178729571,1788364127331,,2094528537135104195,1229600073295618048,true,
2095177266737414361,1788364161559,hardworking-lemon-goose,2095090639885001144,34713362,true,
2095177279882039673,1788364164692,celebrated-papaya-pelican,2094514583058678088,2011829646707634176,false,
2095177382915092698,1788364189257,neighborly-rhubarb-chickadee,,,,
2095177447574577449,1788364204674,animated-ridge-waxbill,2094859488675139668,1521908719436533760,true,
2095177470827724812,1788364210218,cheery-nutmeg-towhee,,,,
2095177523420151924,1788364222757,wondrous-banana-troupial,2094590577136345216,152835465,true,
2095177527467581735,1788364223721,great-mountain-brushturkey,2095154289857753317,1318821187628240901,true,
2095177583256129657,1788364237022,quotable-river-nightjar,2094741443739099146,1683462828374761474,false,
2095177745227768100,1788364275639,astounding-sandalwood-stilt,2095016360468156691,1405301480316444672,true,
2095177761874694236,1788364279608,frank-horseradish-softbill,2094767308623196228,1779156142926548992,false,
2095177787438940340,1788364285703,zappy-winter-thicketbird,2095154340042522894,1831519924352905216,true,
2095177804413366702,1788364289750,neighborly-rhubarb-chickadee,,,,
2095177810759569628,1788364291263,cozy-mint-chicken,2008229810439688566,1495445701123538947,true,
2095177828895723601,1788364295587,dauntless-redwood-fantail,,,,true
2095177875225739294,1788364306633,enthralling-valley-nighthawk,2095104752233197760,35066609,true,
2095178036555518281,1788364345098,diligent-brook-thrasher,2095105384092406091,584884828,true,
2095178081288012221,1788365966963,cosmic-root-grackle,2094947927240163502,1149157851987894272,true,
2095178139055861787,1788364369536,celebrated-ocean-seagull,2094819214469243009,1623696767815483393,true,
2095178213899092122,1788364387380,cheery-nutmeg-towhee,2094849418469990759,2005951617846370304,true,
2095178288226582995,1788364405101,talented-island-ibis,2072188756107592004,1495445701123538947,true,
2095178453075071270,1788364444403,efficient-sequoia-dipper,2094498366495268911,1817322488801402881,true,
2095178504753086865,1788364456724,great-mountain-brushturkey,2095125840409633099,,true,
2095178677692551246,1788364497956,zappy-winter-thicketbird,2094827066977931400,153011942,true,
2095178750065287596,1788364515211,flourishing-rose-seagull,2094514660749770909,1232168577064689666,true,
2095178765793952178,1788364518961,neighborly-rhubarb-chickadee,2095152446901240052,2026660978046480384,true,
2095178777391182232,1788364521726,masterful-frost-hillstar,2094913942879674743,2032877151561596928,true,
2095178788124422519,1788364524285,profound-acorn-recurvebill,2094909020146651473,17626317,true,
2095178854469922833,1788364540103,diligent-brook-thrasher,2094850506640560545,2688066517,true,
2095178956798308487,1788364564500,celebrated-ocean-seagull,2094856991596286019,16170253,true,
2095178984594292754,1788364571127,dynamic-rhubarb-osprey,2094647698393895334,1648497870818136065,true,
2095179028244132112,1788364581534,cheery-nutmeg-towhee,,,,
2095179058732556689,1788364588803,enlightened-summer-turkey,2094895476067709295,474073938,true,
2095179086037471521,1788364595313,neighborly-rhubarb-chickadee,2095153211384672749,2648357839,true,
2095179286097371159,1788364643011,celebrated-ocean-seagull,2095170236441927993,,true,
2095179296033689941,1788364645380,great-mountain-brushturkey,2095100128499552554,1919424263981080576,true,
2095179443211821345,1788365887512,cosmic-root-grackle,,,,
2095179520856707152,1788364698982,memorable-forest-wheatear,2095168232059531724,2888386637,true,
2095179597591482641,1788364717278,great-mountain-brushturkey,2095149058293629301,1778003249972248576,true,
2095179606403805308,1788364719379,zappy-winter-thicketbird,2095025267681218612,,true,
2095179692521193653,1788364739910,zestful-plum-sandpiper,2095154107363283109,3315264553,false,
2095179876273725785,1788364783720,quick-lake-cockatoo,2095108280594895257,2211522961,false,
2095179887065657764,1788364786293,enterprising-sea-drongo,2095176874133479581,3895883337,true,
2095179994259390773,1788364811850,masterful-frost-hillstar,2094853431475249415,785911493678211072,true,true
2095180074806870384,1788364831054,neighborly-rhubarb-chickadee,2095136228932796725,1609212286475837443,true,
2095180182311088399,1788364856685,electric-boulder-bullfinch,2095025115679396157,19923515,true,
2095180192574566484,1788364859132,authentic-leaf-kite,2095066392017969478,1884063382170415104,true,
2095180230369439817,1788364868144,zappy-winter-thicketbird,2095172729725215108,738779772,true,
2095180263374336046,1788365540136,cosmic-root-grackle,2094856215708733828,1686228946986119168,false,
2095180281829634436,1788364880413,trusty-eucalyptus-francolin,2094779722366345633,2048382605276405760,true,
2095180330458087769,1788364892007,authentic-leaf-kite,2095023048491458929,1627410728683712512,true,
2095180371528691790,1788364901798,diligent-brook-thrasher,2095118583927894490,1514439007727460357,true,true
2095180430961975618,1788364915968,celebrated-ocean-seagull,2095038865698632106,1608404715053920256,true,
2095180507445072381,1788364934204,cheery-nutmeg-towhee,2095171542783062359,1563152955548712960,true,
2095180521688936809,1788364937600,great-mountain-brushturkey,2095158822121979945,2167918919,true,
2095180574436557179,1788364950175,authentic-leaf-kite,2095021075469857026,1386479311788466177,true,
2095180707090026627,1788364981802,dauntless-redwood-fantail,,,,true
2095180842922570219,1788365014188,intelligent-cypress-softbill,2094949680777994338,,false,
2095180900875092016,1788365028004,generous-mangrove-mockingbird,2095125824194396433,2075294302448570368,true,true
2095181137261867025,1788365084363,authentic-leaf-kite,2095165920054313199,104561091,true,
2095181236171948506,1788365107946,strategic-basswood-raven,2095089495829885324,1159124255537319936,true,
2095181290517459213,1788365120902,zappy-winter-thicketbird,2094866803696812470,2061235559876489224,true,
2095181316111135191,1788365127004,neighborly-rhubarb-chickadee,2095024373115789387,1962604392001216512,true,
2095181352840642733,1788365135762,authentic-leaf-kite,2095001933819810046,,true,
2095181509825102244,1788365173189,botanical-mesa-tailorbird,2094828720448323920,1929615060718022657,true,
2095181549042086075,1788365182539,wholesome-raspberry-stilt,2095054100807217631,1684266209728921615,true,
2095181560953929967,1788365185380,wholesome-raspberry-stilt,2094856991596286019,16170253,true,
2095181594168320048,1788365193298,diligent-brook-thrasher,2095027756018942001,1831945401039028224,true,
2095181688833737029,1788365215868,celebrated-ocean-seagull,2094862575192470012,1133590350516244481,true,
2095181700418425001,1788365218630,entertaining-lake-seabird,2095170171476259180,54083818,true,
2095181800444207467,1788365242478,cheery-nutmeg-towhee,2095121450873077965,758155303238176772,true,
2095181810539848086,1788365244886,great-mountain-brushturkey,2094875884515643668,1444961496216350723,true,
2095181817062023370,1788365246440,spectacular-boulder-hawk,2094960650468606296,1005182149,true,
2095181901212664135,1788365266503,trusting-fjord-quail,2094877207852183967,1704854541097897984,true,
2095181978748195285,1788365284989,zappy-winter-thicketbird,2094947927240163502,1149157851987894272,true,
2095181981445214638,1788365285632,electric-boulder-bullfinch,2094857869178909150,31430065,true,
2095182011455463458,1788365292787,stunning-hill-conebill,2094963713161711871,,true,false
2095182068192088357,1788365306315,aquatic-sand-warbler,2095173621459386699,1369773561024446468,true,
2095182145010507787,1788365324630,neighborly-rhubarb-chickadee,,,,
2095182492789518769,1788365407546,neighborly-rhubarb-chickadee,2094936478761504952,1518680588756131841,true,
2095182630606049491,1788365440404,diligent-brook-thrasher,2095113013217087820,1825757098807803904,true,
2095182725850239129,1788365463113,celebrated-ocean-seagull,2095155385011208278,31357251,true,
2095182894230597637,1788365503257,logical-vine-magpie,2095154584234668504,1349426410734161927,true,
2095182956968984980,1788365518216,centered-sunlight-hornbill,2094740475093651597,,true,
2095183050724278609,1788365540568,sunny-water-hoopoe,2066803357881377027,1256305337780461568,true,
2095183226964709742,1788365582587,diligent-brook-thrasher,,,,
2095183246338179223,1788365587206,cheery-nutmeg-towhee,2095108018169925955,1106523750688788481,true,
2095183423170044142,1788365629367,masterful-frost-hillstar,,,,false
2095183480564981896,1788365643050,authentic-leaf-kite,2095027754131505341,1396352702746091520,true,
2095183586970513569,1788365668419,beautiful-honeydew-eagle,2095113786957107251,,true,
2095183767119810917,1788365711371,great-mountain-brushturkey,2095155583729258688,14072761,true,
2095183849672122833,1788365731053,chirpy-mango-lapwing,2095153884914221118,858392269,true,
2095183874825314388,1788365737050,cheery-nutmeg-towhee,2094777808123777277,374712154,true,
2095184033898733569,1788365774976,profound-forest-wader,2093280945021296929,872603882,true,
2095184148394815630,1788366024984,cosmic-root-grackle,,,,
2095184156661555672,1788365804244,hypnotic-cactus-skimmer,2095164851022676094,44161945,true,
2095184296180854860,1788365837509,great-mountain-brushturkey,2095004538113540124,1449152523466678276,true,
2095184370143240432,1788365855143,zappy-winter-thicketbird,2094968543452246103,1593299133292503041,true,
2095184373884600752,1788365856034,nestling-peanut-puffin,2094795206944076081,68300839,false,
2095184375549718851,1788365856432,neighborly-rhubarb-chickadee,2095055037785415940,2085747403538223104,true,
2095184427185770804,1788365868742,diligent-brook-thrasher,,,,
2095184467291713774,1788365878304,astounding-rainfall-gull,2095177911292805565,1953445384967118848,true,
2095184525093662736,1788365892085,humorous-ocean-oriole,2094816057131217311,,true,
2095184554197737776,1788365899024,authentic-leaf-kite,2095025152354394595,1135384518,true,
2095184562821173359,1788365901080,friendly-persimmon-auklet,2094789951825096789,,true,true
2095184624573935748,1788365915803,celebrated-ocean-seagull,2095125824194396433,2075294302448570368,true,
2095184674578461077,1788365927725,cheery-nutmeg-towhee,2094815479441269150,2092905417240109057,true,
2095184722045415590,1788365939042,great-mountain-brushturkey,2094910273484185890,44890431,true,
2095184794988450120,1788365956433,zappy-winter-thicketbird,,,,
2095184905445519632,1788365982768,neighborly-rhubarb-chickadee,2095120226509554044,2050080583825448960,true,true
2095185080696164523,1788366024551,sparkly-passionfruit-junco,2095096563332796795,276961913,true,
2095185090439438681,1788366026874,diligent-brook-thrasher,2095061603578224787,386336311,true,
2095185118407033045,1788366033542,celebrated-ocean-seagull,2095152629810929710,2074069652838457344,true,
2095185159725166733,1788366043394,cheery-nutmeg-towhee,2095166905921212561,827279765287559171,true,
2095185172421398812,1788366046421,great-mountain-brushturkey,2095030196386533721,1298360800378314755,true,
2095185225064280181,1788366058971,profound-forest-wader,2093347554238902684,872603882,true,
2095185274770751798,1788366070822,contemporary-cactus-lovebird,2095178758097678450,,true,
2095185348598833599,1788366088424,contemporary-cactus-lovebird,2095174427705274719,,true,
2095185356119302525,1788366090217,winning-snow-puffleg,2095117012431253635,,true,
2095185474671505435,1788366118482,incomparable-rhubarb-pratincole,2095085393230360873,,true,
2095185521597112574,1788366129670,peppy-leaf-grouse,2094859066833248623,1554905423886548992,true,
2095185597849583810,1788366147851,quiet-nectarine-shorebird,2094917794018300338,486834036,true,
2095185702224884165,1788366172735,tectonic-sapling-treepie,2094770203074891971,327439184,true,
2095185814963499056,1788366199614,zappy-winter-thicketbird,2094979354325328276,,true,
2095185829283131573,1788366203028,helpful-frost-grebe,2056994502821490706,249010725,false,false
2095185991522816087,1788366633962,cosmic-root-grackle,2087812441241428021,1842518207892267008,true,
2095186089501945934,1788366265070,responsible-vine-spurfowl,2095116780414910617,1535875832282943488,false,
2095186161782165890,1788366282303,zappy-winter-thicketbird,2095147128712507601,799258718445649920,true,
2095186336458154011,1788366707564,cosmic-root-grackle,,,,
2095186377763643767,1788366333796,philosophical-berry-brushturkey,2094903164466057385,,true,
2095186651236405743,1788366398998,neighborly-rhubarb-chickadee,,,,
2095186662259036658,1788366401626,enchanting-strawberry-crake,2094853019837833332,2040730420309041152,false,
2095186824649904143,1788366440342,brawny-snow-petrel,2095137032796303709,1229443127435546627,false,
2095186840806424701,1788366444194,diligent-brook-thrasher,2095168042904793468,,true,
2095186863938032007,1788366449709,spectacular-fjord-quetzal,2095174567777960083,,true,
2095186890005573724,1788366455924,celebrated-ocean-seagull,,,,
2095186934553358506,1788366466546,cheery-nutmeg-towhee,,,,
2095186995488194856,1788366481073,electric-poplar-duck,2095008041284612119,1649307265240006656,false,
2095187051633054002,1788366494459,tectonic-sapling-treepie,2095129039086227644,375721095,true,
2095187102803579321,1788366506660,great-mountain-brushturkey,2095137130779427012,889095804312469505,true,
2095187130267922771,1788366513208,zappy-winter-thicketbird,2094936171306770883,1953445384967118848,true,
2095187213277376797,1788366532998,neighborly-rhubarb-chickadee,2095050100032630950,1283876924545282054,true,
2095187215873634752,1788366533617,diligent-brook-thrasher,,,,
2095187302775464001,1788366554337,great-mountain-brushturkey,2094880634674032666,1494072723001286658,true,
2095187537987801501,1788366610415,zappy-winter-thicketbird,,,,
2095187558179217535,1788366776733,cosmic-root-grackle,2094531843215499530,36201559,false,
2095187747233493245,1788366660304,balanced-star-skylark,2095055155804643579,1969127547289157633,true,
2095187750907519326,1788366661180,neighborly-rhubarb-chickadee,,,,
2095187773112090901,1788366666473,diligent-brook-thrasher,2095109370149282302,1479150995192135683,true,
2095187779386757262,1788366667970,celebrated-ocean-seagull,2094770203074891971,327439184,true,
2095187855886667949,1788366686208,neighborly-rhubarb-chickadee,2094936171306770883,1953445384967118848,true,
2095187861439938739,1788366687533,studious-rainfall-wigeon,2094726629452836922,1276825208679043075,true,
2095187966909947949,1788366712678,cheery-nutmeg-towhee,2095143707100029185,743530286,true,
2095188023814033725,1788366726245,great-mountain-brushturkey,,,,
2095188132547174891,1788366752169,zappy-winter-thicketbird,2095169188302299481,761894313621987328,true,
2095188144995897759,1788366755137,neighborly-rhubarb-chickadee,,,,
2095188149349626193,1788366756175,diligent-brook-thrasher,,,,
2095188185605099543,1788366764820,diligent-brook-thrasher,2094964506942455867,89386506,true,
2095188223299359142,1788366773806,celebrated-ocean-seagull,2094841483413352472,2082847368807112705,true,
2095188277527736459,1788366786735,magical-kiwi-albatross,2095124250826883212,,true,true
2095188288265154660,1788366961214,cosmic-root-grackle,,,,
2095188365293314448,1788366807661,eager-rainforest-scaup,2095157650761924899,177543983,true,
2095188376123011408,1788366810242,cheery-nutmeg-towhee,2094836192395350197,1651504672736256001,true,
2095188512718905624,1788366842809,bookish-ocean-duck,2094916675321606426,1001251931812220928,true,
2095188544067125346,1788366850283,humble-spring-bulbul,2095120073862115582,15243058,true,
2095188593341858303,1788366862032,bold-mangrove-warbler,,,,
2095188699847721054,1788366887424,great-mountain-brushturkey,2094913387692241142,3005014565,true,
2095188742319612363,1788366897550,tolerant-iceberg-warbler,2095177715733192883,1305473010,true,
2095188807511323039,1788366913093,zappy-winter-thicketbird,2095126666263593216,1906763550623993856,true,
2095188819360272710,1788366915918,neighborly-rhubarb-chickadee,,,,
2095188874871939372,1788366929154,diligent-brook-thrasher,2094925697097646488,2094921353128230912,true,true
2095189019143401614,1788366963550,celebrated-ocean-seagull,2094821450439852037,1163653908197257217,true,
2095189021529928165,1788366964120,cheery-nutmeg-towhee,2095126666263593216,1906763550623993856,true,
2095189125099814990,1788366988812,eloquent-sea-bluejay,2095178461119742341,16794066,true,
2095189272743530905,1788367024013,great-mountain-brushturkey,,,,
2095189312526520519,1788367033498,dexterous-prairie-pelican,2095096900035002390,1151913018936053760,true,
2095189379715121272,1788367049517,dexterous-prairie-pelican,2095083562982601021,1291128494,true,
2095189390049841285,1788367051981,zappy-winter-thicketbird,2095017026897002831,1306687707414966274,true,
2095189414058115294,1788367057706,contemporary-cactus-lovebird,2095185591700955345,,true,
2095189450938597563,1788367066498,dexterous-prairie-pelican,2095090053558980902,,true,
2095189497071718611,1788367077497,grateful-harvest-seagull,2095091982544634090,560513272,true,
2095189622384980311,1788367107375,insightful-forest-duck,2095170171476259180,54083818,false,
2095189656610484372,1788367115534,dexterous-prairie-pelican,2095146932641353874,2530835306,true,
2095189885149659303,1788367170022,celebrated-ocean-seagull,2095039415303155842,1004461917832974336,true,
2095189888765190365,1788367170884,cheery-nutmeg-towhee,2095172125594362249,2463789685,true,
2095189890694553945,1788367171344,contemporary-cactus-lovebird,2095189200035541172,,true,
2095189894515626205,1788367172255,great-mountain-brushturkey,2095072584689988030,,true,
2095190078821744955,1788367216197,zappy-winter-thicketbird,2095164030855876998,1732112493550452736,true,
2095190171817759003,1788367238369,memorable-sapling-flowerpecker,2095003079963705750,,true,
2095190280563535925,1788367264297,neighborly-rhubarb-chickadee,2095176717195477182,,true,
2095190449669525912,1788367304614,diligent-brook-thrasher,2095041019553169826,2082078371261902848,true,
2095190457282175076,1788367306429,celebrated-ocean-seagull,2094999513320575195,1266942227118460928,true,
2095190645274972391,1788367351250,cheery-nutmeg-towhee,2095106415094276533,1670404884833640449,true,
2095190654020198909,1788367353335,wholesome-raspberry-stilt,2094936478761504952,1518680588756131841,true,
2095190666703786396,1788367356360,wholesome-raspberry-stilt,2095134661873676444,2042833456883757056,true,
2095190793350967588,1788367386554,caring-orchard-kestrel,2094633142581915662,599963040,true,
2095190875437404550,1788367406125,great-mountain-brushturkey,2094853431475249415,785911493678211072,true,true
2095190912255082895,1788367414903,zappy-winter-thicketbird,2095164318497071398,1541478309623730180,true,
2095190950305792426,1788367588346,cosmic-root-grackle,,,,false
2095190962020495713,1788367426769,neighborly-rhubarb-chickadee,2095143235731476766,1533555926975791106,true,
2095190962037485883,1788367426772,lovely-walnut-spoonbill,2095155052067405966,,true,
2095191060951548350,1788367450355,melodious-lumber-triller,2094519428343837169,19370966,false,
2095191126638498054,1788367466016,flexible-mango-eagle,2095189567397560810,,true,
2095191161594081685,1788367474351,neat-persimmon-redstart,2094890747656904840,918453205318565888,false,
2095191163112145165,1788367647757,cosmic-root-grackle,2094710057506078843,,false,
2095191295127945717,1788367506187,diligent-brook-thrasher,2095094026135277616,1728344112133242880,true,true
2095191340493488568,1788367517003,cheery-nutmeg-towhee,2095162917729579080,4486093643,true,
2095191466729455658,1788367547100,energizing-sunflower-osprey,2095187673002447222,2095150879896748032,true,
2095191489466741086,1788367552522,trusting-park-wader,2095181889879306247,1653437435563343873,true,
2095191626134008167,1788367585106,charitable-twig-turkey,2094972740847497727,1642769605423939584,true,
2095191733722313181,1788367610756,committed-field-cotinga,2094752578882187337,2087622551757529088,true,
2095191741397684672,1788367612586,calm-redwood-fantail,2095130373810254077,1569292285216542733,true,
2095191763442970905,1788367617843,zappy-winter-thicketbird,2095171606553436401,2051621646507884544,true,
2095191798570230073,1788367626218,neighborly-rhubarb-chickadee,2095069766243197006,1637169197749862401,true,
2095191807000785134,1788367628227,diligent-brook-thrasher,2095141305714127045,368183883,true,
2095191862487208285,1788367641456,celebrated-ocean-seagull,2095140938741878919,1299674729612222466,true,
2095191955101581588,1788367663538,neighborly-rhubarb-chickadee,2094773214404641042,2091163560621506560,true,
2095191971736232423,1788367667503,doughty-peppermint-jay,2095150343654978041,1625843518643085312,true,
2095191980611351001,1788367669620,cheery-nutmeg-towhee,2095185728825147686,2871216598,true,
2095192008952553935,1788367676376,steady-spring-lovebird,2095138300273017314,1488671172313157642,true,
2095192045392441845,1788367685064,wholesome-fjord-crow,2095156572557078686,3315264553,true,
2095192152817188914,1788367710677,philosophical-acorn-puffbird,2095154107363283109,3315264553,true,
2095192199554072889,1788368155904,cosmic-root-grackle,2095177428729786761,1613733937377054720,false,
2095192341359296769,1788367880042,cosmic-root-grackle,,,,
2095192521580134571,1788367798597,musical-lumber-antwren,2094898878277443970,1947907886606417920,true,
2095192534142116340,1788367801591,great-mountain-brushturkey,2095143634970505508,,true,
2095192693706002490,1788367839634,tropical-earth-seagull,2095157650761924899,177543983,false,
2095192808390869345,1788367866977,diligent-brook-thrasher,2094921461744255029,1560155798046511105,true,
2095192853374795873,1788367877702,fortuitous-lemon-nightjar,2094779722366345633,2048382605276405760,true,
2095192870793932802,1788367881855,polite-rose-sparrow,2095154340042522894,1831519924352905216,true,
2095192888229421333,1788367886012,zappy-winter-thicketbird,2095060106107056185,1528798633168347137,true,
2095193340266364928,1788367993787,charismatic-freshwater-flameback,2094884434004594804,517843380,false,
2095193341017096682,1788367993965,diligent-brook-thrasher,2095189256780279864,2014722522986819584,true,
2095193424274022820,1788368013815,celebrated-ocean-seagull,2095133969914184053,2053099690678161412,true,
2095193626401783919,1788368062006,cheery-nutmeg-towhee,,,,
2095193694680805807,1788368078286,rollicking-passionfruit-spurfowl,2095086250243858855,68740712,true,
2095193723927740665,1788368085258,chipper-desert-seagull,2095181640548880471,1852499847133143040,false,
2095193829448036517,1788368110416,realistic-kiwi-nightjar,,,,false
2095194001963995163,1788368151548,grateful-harvest-seagull,2095102056402989567,,true,
2095194085887783418,1788368171556,bubbly-summer-goose,2095184911963394068,,true,
2095194146533146910,1788368186015,great-mountain-brushturkey,2094777686719922178,,true,
2095194196491555022,1788368197926,zappy-winter-thicketbird,2094859129282036128,1477263109723144197,true,
2095194202212806759,1788368199291,soulful-star-waxbill,2095172820888326347,1848596297017921538,true,
2095194325336326521,1788368228646,neighborly-rhubarb-chickadee,2095165316397478013,2043380641736065024,true,
2095194336036311133,1788368401266,cosmic-root-grackle,,,,
2095194340028998075,1788368232148,diligent-brook-thrasher,2095176434184581185,,true,
2095194379094839616,1788368241462,bubbly-summer-goose,2095182798080352732,4238325166,true,
2095194429699051556,1788368253528,celebrated-ocean-seagull,2094971788878843988,1294350150052335616,true,
2095194619978166619,1788368298893,peaceful-garden-duck,2095074925220634665,421375843,true,
2095194793571721368,1788368340281,celebrated-ocean-seagull,2095152466551799999,1221555101627822084,true,
2095194839612604503,1788368351258,cheery-nutmeg-towhee,2095101538498682988,,true,
2095194976791470224,1788368383964,winged-wood-tinamou,2095110602557464885,,true,
2095194978112668050,1788368384279,great-mountain-brushturkey,2095098285576818998,1773428201462677505,true,
2095195033582338057,1788368397504,eloquent-wind-mousebird,2095188484692554214,1334492407535120389,false,
2095195077941362888,1788368408080,bold-coast-auklet,2095153884914221118,858392269,false,false
2095195127639593007,1788368419929,fantastic-rain-kite,2094870060783579506,273418969,true,
2095195295826968592,1788368460029,fascinating-iceberg-jacana,2094839814533091652,,true,
2095195329964417523,1788368468167,zappy-winter-thicketbird,,,,
2095195332556795957,1788368468785,endearing-apricot-bushlark,2095093275627762155,1695275254850228224,true,
2095195333542207498,1788368469020,neighborly-rhubarb-chickadee,,,,
2095195382917529633,1788368480792,bubbly-summer-goose,2094859294374318114,1613116608632819715,true,
2095195401632600188,1788368485254,modern-pecan-tanager,2094885572745597056,14834302,false,
2095195457790103807,1788368498643,diligent-brook-thrasher,2094868751959069103,19977028,true,
2095195471044018225,1788368501803,cheery-nutmeg-towhee,,,,
2095195557622931694,1788368522445,celebrated-ocean-seagull,2094855922539528670,907975864360501248,true,
2095195643979747664,1788368543034,balanced-star-skylark,2094968548028256276,96906231,true,
2095195643983593913,1788368543035,zappy-winter-thicketbird,2095174727035650371,1024353990379745281,true,
2095195734953865596,1788368564725,intriguing-canopy-seagull,2095170033999626416,2041946282143432705,false,
2095195817342627926,1788368584368,,2094859851461513436,1649432778998464512,true,
2095195928969826800,1788368610982,bubbly-summer-goose,2095186880656494949,129422063,true,
2095196038298542109,1788368637047,neighborly-rhubarb-chickadee,2095172676323103029,1870696594254753792,true,
2095196099459830094,1788368651629,passionate-moonlight-triller,2094590688147177712,1541030615394521091,true,
2095196153713397982,1788369272984,cosmic-root-grackle,,,,
2095196208725713037,1788368677681,great-mountain-brushturkey,,,,
2095196232008249586,1788368683231,lithe-peanut-thrush,2094851652478279744,846671442678857728,false,
2095196251855712648,1788368687963,diligent-brook-thrasher,2095090643236462687,1966859937406971904,true,
2095196253562761495,1788368688371,tectonic-sapling-treepie,2095086914319626581,1298372735383605249,true,
2095196274408530415,1788368693340,celebrated-ocean-seagull,2095123059229315118,1742126777907007488,true,
2095196328984756347,1788368706352,virtuous-horseradish-dipper,2095170033999626416,2041946282143432705,false,
2095196329316139339,1788368706431,quick-berry-anhinga,2095164354349961337,288277167,true,
2095196344394940495,1788368710027,smiley-grape-cockatoo,2094987108121198698,130557513,true,
2095196381161886120,1788368718793,celebrated-basswood-kingfisher,2095101160545984783,1164862192191193089,true,
2095196401932075211,1788368723744,strong-beach-dove,2095064808114495530,1819408643898724355,true,
2095196497612866003,1788368942898,cosmic-root-grackle,2094132310241079505,257196512,true,
2095196518936359080,1788368751640,happy-pecan-bulbul,2095179064600355275,120176950,true,
2095196589111324928,1788368768372,wholesome-raspberry-stilt,2095178209742524851,2898790691,true,
2095196598435291265,1788368770595,wholesome-raspberry-stilt,2094971788878843988,1294350150052335616,true,
2095196681260487031,1788369194855,cosmic-root-grackle,,,,
2095196745110274110,1788368805564,luminous-wind-triller,2094943520041886177,1911110655593291776,true,
2095196753137995902,1788368807478,cheery-nutmeg-towhee,2095177325214052403,1332477587399053313,true,
2095196792103047630,1788368816768,tectonic-sapling-treepie,2094921461744255029,1560155798046511105,true,
2095196825716216161,1788368824783,merry-riverbank-bunting,2095184809416872325,492566290,true,
2095196859824234939,1788368832916,calm-redwood-fantail,2095044755935629618,1569292285216542733,true,
2095196886072213917,1788368839172,great-mountain-brushturkey,2095142198086193268,1658378836835459072,true,
2095196975452799438,1788368860482,terrific-water-skylark,2095049510443475438,35586563,true,
2095196977453478276,1788368860959,zappy-winter-thicketbird,2094849418469990759,2005951617846370304,true,
2095197003525341203,1788368867176,zappy-winter-thicketbird,,,,
2095197005509210156,1788368867648,great-mountain-brushturkey,2095034414564577733,1545824442986762242,true,
2095197091291156970,1788368888101,tectonic-sapling-treepie,2095074164814258439,893361230340956160,true,
2095197114347184504,1788368893597,bright-tanoak-skylark,2095170033999626416,2041946282143432705,false,
2095197152544804880,1788368902704,crafty-peach-cockatoo,2094779722366345633,2048382605276405760,false,
2095197216046538804,1788368917844,observant-hill-eagle,2094904716895437215,1913229880495415296,true,
2095197220542832805,1788368918916,zappy-winter-thicketbird,,,,
2095197232425218489,1788368921750,neighborly-rhubarb-chickadee,,,,
2095197305481642291,1788368939168,optimistic-persimmon-nightjar,2095189416717267092,323823795,true,
2095197305800396943,1788368939244,diligent-brook-thrasher,2095113786957107251,,true,
2095197310464430284,1788368940356,terrific-water-skylark,2095005406548341158,35586563,true,
2095197396527440346,1788368960875,celebrated-ocean-seagull,2094852021551570957,,true,true
2095197407273468079,1788368963436,explorative-pond-sparrowhawk,2095105524056637667,1868510238657454080,false,
2095197492275003556,1788369182178,cosmic-root-grackle,2095127893324009898,920993967516389376,true,
2095197540643733567,1788368995234,neighborly-rhubarb-chickadee,,,,
2095197546482114737,1788368996626,dexterous-prairie-pelican,2093337813496279212,1731773353915039744,true,
2095197626941481277,1788369015809,cheery-nutmeg-towhee,2094954342549959006,28704960,true,
2095197696034586676,1788369200783,cosmic-root-grackle,2094856215708733828,1686228946986119168,true,
2095197762140696960,1788369048043,great-mountain-brushturkey,,,,
2095197808705855893,1788369059145,animated-ridge-waxbill,2095178209742524851,2898790691,true,
2095197841035497530,1788369066853,exquisite-conifer-turkey,2095135610377781647,1976096996172902400,true,true
2095197889450393606,1788369078396,beloved-coast-gull,2095180893271032307,2029271146445848578,true,
2095198316497702982,1788369180212,tectonic-sapling-treepie,2094853431475249415,785911493678211072,true,true
2095198330645020738,1788369183585,diligent-brook-thrasher,2095133111461740901,,true,
2095198334667415651,1788369184544,involved-earth-crossbill,2095147975450218756,855120915121745922,true,
2095198335728857299,1788369487399,cosmic-root-grackle,,,,
2095198342078673209,1788369186312,zappy-winter-thicketbird,2095180048038855069,66533920,true,
2095198391437275629,1788369198079,neighborly-rhubarb-chickadee,2095180815650988123,1559273299410042882,true,
2095198422378705375,1788369205456,celebrated-ocean-seagull,2095104456253997097,1833064737468555265,true,
2095198451239633191,1788369212337,diligent-brook-thrasher,2095190585082569045,368183883,true,
2095198461415117037,1788369214764,celebrated-ocean-seagull,,,,
2095198472450240732,1788369217394,cheery-nutmeg-towhee,,,,
2095198595888603575,1788369246824,,2095137273792626947,295711337,true,
2095198621075431885,1788369252829,great-mountain-brushturkey,2095168195455787470,2064393478029643776,true,
2095198629464310259,1788369254829,relatable-shoreline-lory,2094828116078203180,1928853547761979392,true,
2095198700297756866,1788369271718,luminous-wind-triller,2094872686941839734,277541849,true,
2095198759277772909,1788369285779,neighborly-rhubarb-chickadee,2095172729725215108,738779772,true,
2095198769742487880,1788369288275,cheery-nutmeg-towhee,2094855471819595784,1140801305323220992,true,
2095198774968582202,1788369289520,entrancing-peat-hillstar,2094813949606740453,,true,
2095198886696468931,1788369316158,great-mountain-brushturkey,2095172872213807391,1499941355161800704,true,
2095199019966374115,1788369347933,zappy-winter-thicketbird,2094920445988421820,2090883630650294272,true,
2095199045522166008,1788369354025,trusty-winter-lovebird,2095139870595235860,1268223690480615424,true,
2095199181233070542,1788369386381,neighborly-rhubarb-chickadee,,,,
2095199213978104156,1788369394188,joyful-pecan-bulbul,2095174284285018207,3342530218,true,true
2095199251089252750,1788369403036,suave-bamboo-penguin,2095153884914221118,858392269,true,true
2095199340079763507,1788369424254,jazzy-ice-goose,2095113768652935384,809124436880322561,true,
2095199375144153454,1788369432613,methodical-birch-snowfinch,2095197055597543472,1464528204396433408,true,
2095199577309921535,1788369480813,luminous-wind-triller,2095125840409633099,,true,
2095199652828111294,1788369498818,diligent-brook-thrasher,2095102715093217298,1831435289341894656,true,
2095199812635533648,1788369536920,proactive-leaf-greenbul,2094784801756656040,2051159264123670528,true,
2095199904096461201,1788369558726,luminous-wind-triller,2095132746037243979,,true,
2095199906583413079,1788369559318,celebrated-ocean-seagull,,,,
2095200037970075785,1788369590643,diligent-brook-thrasher,2094840402511642981,,true,
2095200108987986292,1788369607575,felicitous-grapefruit-nightingale,2095193704059265272,629698642,true,
2095200114981658657,1788369609004,cheery-nutmeg-towhee,2095176413968028126,,true,
2095200115296264503,1788369609079,encouraging-twig-flamingo,2095054616480354429,1894307536406548483,false,
2095200233462374450,1788369637252,celebrated-ocean-seagull,2095153825405689899,1541030615394521091,true,
2095200257696993409,1788369643030,great-mountain-brushturkey,,,,
2095200337883783565,1788370118122,cosmic-root-grackle,2095114748778168414,,true,
2095200386059559293,1788369673634,luminous-earth-guillemot,2094839814533091652,,false,
2095200429298589878,1788369683943,peaceful-mesa-petrel,2094983671170179457,1222530804749869061,true,
2095200475683434646,1788369695002,zappy-winter-thicketbird,,,,
2095200644437033013,1788369735236,cosmic-conifer-pelican,2095089762621124988,783245916581011456,true,
2095200654859935768,1788369737722,neighborly-rhubarb-chickadee,2094968410836979795,711535251835629568,true,
2095200918538944841,1788369800588,felicitous-grapefruit-nightingale,2095199273470087521,629698642,true,
2095201030745084307,1788369827339,cheery-nutmeg-towhee,2095124250826883212,,true,true
2095201033534501165,1788369828004,courteous-sycamore-treerunner,,,,
2095201040350240955,1788369829629,jubilant-bonsai-flamingo,2094704525991096360,1469916575545556993,true,
2095201085463896446,1788369840385,wise-bamboo-francolin,2094892869056172174,1421835871989354504,true,
2095201172013392112,1788369861021,diligent-brook-thrasher,2095108965294108764,1679178624048545793,true,
2095201181228257646,1788369863217,artistic-iceberg-grackle,2094739010937819471,1164862192191193089,true,
2095201217756426529,1788369871927,celebrated-ocean-seagull,2094917341457047739,1571071451079360518,true,
2095201231039844402,1788369875093,cheery-nutmeg-towhee,2094856996218347536,37501849,true,
2095201325864689948,1788369897701,benevolent-marble-pigeon,2095178399551496315,606522136,true,false
2095201565644562745,1788369954869,doughty-peanut-lory,2094875120460234758,1310158449662197761,true,
2095201573555056962,1788369956755,felicitous-grapefruit-nightingale,2095127046795989262,629698642,true,
2095201581327167762,1788369958608,alpine-river-jay,2095141329835606147,1502672912242851842,true,
2095201733127385500,1788369994801,great-mountain-brushturkey,2095117012431253635,,true,
2095201765671027132,1788370002559,astute-glacier-shearwater,2095180893271032307,2029271146445848578,false,
2095201953487650827,1788370047339,zappy-winter-thicketbird,,,,
2095201973440045498,1788370052095,neighborly-rhubarb-chickadee,2095161854737940682,1595868506725453825,true,
2095202086459740458,1788370079041,diligent-brook-thrasher,2095129428439277663,1826323797420527616,true,
2095202109150908739,1788370084451,celebrated-ocean-seagull,2094847644099064302,1643786744,true,
2095202124590129532,1788370088132,cheery-nutmeg-towhee,2094889566125617341,46875124,true,
2095202156416516312,1788370095720,great-mountain-brushturkey,2094918115003867207,109065990,true,
2095202167732797508,1788370098418,zappy-winter-thicketbird,,,,
2095202192164601987,1788370104243,neighborly-rhubarb-chickadee,2095048000796021165,2075548191320117248,true,
2095202219205259374,1788370110691,diligent-brook-thrasher,2095108018169925955,1106523750688788481,true,
2095202245235364292,1788370116896,inventive-seashore-antwren,2094886616896868453,904431028239876096,true,
2095202285785878548,1788370126565,supreme-watermelon-kestrel,2094801048225681412,,false,
2095202299610268020,1788370129860,courteous-sycamore-treerunner,2095175789071179908,1991837096311762944,true,
2095202339527295078,1788370139377,charitable-harvest-sunbird,2095199681470955845,117858927,true,
2095202395688947780,1788370152768,neighborly-rhubarb-chickadee,,,,
2095202416455033023,1788370157721,charitable-mountain-parrot,2095178399551496315,606522136,false,
2095202457546547290,1788370167515,nifty-plum-waterfowl,2095157705203691718,1283301645774970880,true,
2095202480795582797,1788370173058,diligent-brook-thrasher,,,,
2095202501800657079,1788370178066,carefree-grapefruit-petrel,2095201913524380078,1327630782035341314,true,
2095202528300261537,1788370184384,supreme-buckeye-bulbul,2095182264359608485,17446621,true,
2095202602539520010,1788370202084,celebrated-ocean-seagull,2095127259015200770,,true,true
2095202663977673055,1788370216732,ardent-fern-starling,2095178399551496315,606522136,false,
2095202833863745964,1788370257237,futuristic-lime-sparrowhawk,2095045455159738401,1023255439021096960,true,
2095202942194188656,1788370283065,cheery-nutmeg-towhee,2095054975965553087,1691015639576563712,true,
2095202966068236508,1788370288757,wholesome-raspberry-stilt,2094995903757103450,2015492887585120257,true,
2095202977829007646,1788370291560,wholesome-raspberry-stilt,2095094026135277616,1728344112133242880,true,true
2095203004647456990,1788370297955,balanced-sunflower-duck,2094189451471683846,2089490145556738048,true,
2095203025921159636,1788370303026,careful-wood-bluejay,2095072584689988030,,true,
2095203102466928879,1788370321277,shrewd-strawberry-sparrowhawk,2094966430659743975,1523601670080536581,false,
2095203187368095751,1788370341518,great-mountain-brushturkey,2095184419493433488,1973526485030887425,true,
2095203208146628948,1788370346472,carefree-grapefruit-petrel,2095166343767007283,1327630782035341314,true,
2095203256301441408,1788370357953,powerful-tomato-flatbill,2095110602557464885,,true,
2095203340938289223,1788370378132,great-mountain-brushturkey,2094893073348386835,947210795170988032,true,
2095203458827616644,1788370406240,zappy-winter-thicketbird,2095182602185417121,1243232728188846082,true,
2095203638620618942,1788370449105,zappy-winter-thicketbird,,,,
2095203647650926613,1788370451258,neighborly-rhubarb-chickadee,2095152226134032555,1223049343206416384,true,
2095203675752812656,1788370457958,diligent-brook-thrasher,2095155392271569283,2092387642977488896,true,
2095203690109948294,1788370461381,peachy-cedar-logrunner,2095170033999626416,2041946282143432705,false,
2095203692030906700,1788370461839,celebrated-ocean-seagull,2095069925932970248,1765896973821886464,true,
2095203943483937243,1788370521790,genius-canyon-heron,2095115393744687572,136212094,true,
2095204037645709349,1788370544239,cheery-nutmeg-towhee,2095113580492595371,1754506788014342144,true,
2095204196823781649,1788370582191,great-mountain-brushturkey,2094968543452246103,1593299133292503041,true,
2095204202708345061,1788370583595,zappy-winter-thicketbird,2095001152446173476,1433134627019952132,true,
2095204204826554820,1788370584099,neighborly-rhubarb-chickadee,2095184066857288086,,true,
2095204218734813194,1788370587415,diligent-brook-thrasher,,,,
2095204233372917771,1788370590906,celebrated-ocean-seagull,,,,
2095204244366270615,1788370593526,cheery-nutmeg-towhee,2095076333151986106,2063531898065010688,true,
2095204250314051814,1788370594945,electric-sequoia-cormorant,2094934791892476153,914844025944805376,true,
2095204402483302804,1788370825361,cosmic-root-grackle,,,,
2095204747644997714,1788370713517,motivated-fern-pitohui,2094895812274774474,1470682339147763721,false,
2095204874057068776,1788370743656,great-mountain-brushturkey,,,,
2095204895922024743,1788370748869,intriguing-plum-raven,2094386684557132129,53789862,true,
2095205009877094417,1788370897128,cosmic-root-grackle,2095146672682926280,1242492112135839744,false,
2095205040822562837,1788370783415,inspired-coast-oriole,2095154422338785512,14576840,true,
2095205079888392221,1788370917621,cosmic-root-grackle,2095151380369465685,17995040,true,
2095205096191603127,1788370796617,brawny-watermelon-turkey,2094856837887889541,,true,false
2095205329344598519,1788370852205,zappy-winter-thicketbird,2095179416976695783,,true,
2095205346268631150,1788370856240,wondrous-spring-seedeater,2094882768547451341,1587112753881354242,true,
2095205399007744294,1788371054336,cosmic-root-grackle,2094881277442998610,838938482,true,
2095205543199564108,1788370903192,neighborly-rhubarb-chickadee,2094845541972906466,1706012631973453824,true,
2095205568440934487,1788370909210,diligent-brook-thrasher,2095179434538221779,,true,
2095205672157659381,1788370933939,intriguing-grass-bluebird,2092270591994741100,,true,
2095205680353247337,1788370935892,neighborly-rhubarb-chickadee,2095125824194396433,2075294302448570368,true,
2095205728499732527,1788370947371,enlightened-banana-grouse,2095182017419689993,1156475051052601344,true,
2095205982326362576,1788371007889,celebrated-ocean-seagull,,,,
2095206243220500643,1788371070090,enlightened-banana-grouse,2095137661438550422,133663801,true,
2095206304403091581,1788371084677,patient-peach-ibis,2095168773871260001,1298624375692894210,true,
2095206335088402629,1788371091994,extraordinary-banana-cuckoo,2095187458606456876,,true,true
2095206335948464573,1788371092198,crafty-shoreline-grosbeak,2095035555834695989,,true,
2095206364133871939,1788371098919,cheery-nutmeg-towhee,2095185932559479046,2067200014108004353,true,
2095206418974425446,1788371111993,diligent-brook-thrasher,,,,
2095206422296617123,1788371112786,meticulous-peach-songlark,2057801157549174893,1887852867530440704,true,
2095206464537473253,1788371122856,observant-guava-kestrel,2095199574738809175,1200616796295847936,true,
2095206542219804965,1788371141378,enlightened-banana-grouse,2095136896749805771,38142665,true,
2095206544199610519,1788371141849,animated-ridge-waxbill,2095153341353341182,1607668193602031617,true,
2095206747736564069,1788371190376,animated-ridge-waxbill,2094930523906793793,1518680588756131841,true,false
2095206832222457956,1788371210519,thriving-samba-goshawk,2094962227497333181,1452849596,true,true
2095206858831151110,1788371216863,great-mountain-brushturkey,2094969078859657342,,true,
2095206871317512357,1788371219841,zappy-winter-thicketbird,2094867764699922560,2062251554296709120,true,
2095206977609621664,1788371245183,neighborly-rhubarb-chickadee,2094900417217831266,1748768710167289856,true,
2095207157540978734,1788371288081,tectonic-sapling-treepie,2094496117874385211,755038209986396161,true,
2095207230467350677,1788371305468,resourceful-aspen-nightingale,,,,
2095207264927789243,1788371313684,diligent-brook-thrasher,2094904038542225446,1331896333188419585,true,
2095207280073740420,1788371317295,assuring-kelp-catbird,2095171496121438240,5363752,true,
2095207368074080679,1788371338276,celebrated-ocean-seagull,,,,
2095207528716013896,1788371376577,philosophical-berry-brushturkey,2095127727833759925,1367209793686036482,true,
2095207669892034858,1788371410235,independent-creek-cardinal,2095059152343007385,344739325,true,
2095207802205610301,1788371441781,cheery-nutmeg-towhee,2095188109851795620,155507136,true,
2095207911370727518,1788371467808,great-mountain-brushturkey,2094898027353809202,40170858,true,
2095207970833338838,1788371481985,animated-ridge-waxbill,2094995903757103450,2015492887585120257,true,
2095207993595891884,1788371487413,zappy-winter-thicketbird,2095167266996240495,264669243,true,
2095208007164428306,1788371490648,independent-meadow-thrush,2095061011501846631,1107736839123857410,true,true
2095208036583243949,1788371497662,neighborly-rhubarb-chickadee,2094981863009894820,116066064,true,
2095208059748381045,1788371503184,balanced-maple-lory,2095024245877391570,1233201370834051073,true,false
2095208081898483907,1788371508465,diligent-brook-thrasher,2095084841801027702,1442015120457035776,true,
2095208085744762987,1788371509382,celebrated-ocean-seagull,2094900812195537028,1623233016163184641,true,
2095208108154921370,1788371514726,cheery-nutmeg-towhee,2095084352681984058,,true,
2095208126953791601,1788371519208,great-mountain-brushturkey,2095069269432098848,725763166311866368,true,
2095208137523417156,1788371521728,zappy-winter-thicketbird,2094925781054972011,1343767191599067139,true,
2095208155944747127,1788371526119,neighborly-rhubarb-chickadee,2095167381580521540,1649757273487548418,true,
2095208243974778931,1788371547107,diligent-brook-thrasher,2094860360540893494,1872069592052551680,true,
2095208268205334562,1788371552884,affable-mint-starling,2095199574738809175,1200616796295847936,false,false
2095208345934213441,1788371571417,animated-ridge-waxbill,2094966205685608696,1494072723001286658,true,
2095208445259493798,1788371595097,celebrated-ocean-seagull,,,,
2095208573047349344,1788371625564,celebrated-ocean-seagull,2095184713090556078,2074929961698299904,true,
2095208589153427462,1788371629405,cheery-nutmeg-towhee,2094870076272914849,1643396609437310978,true,
2095208624456970529,1788371637821,great-mountain-brushturkey,2095169421085934010,,true,
2095208692564066470,1788371654060,zappy-winter-thicketbird,2095195013210628484,,true,
2095208778949878148,1788371674656,neighborly-rhubarb-chickadee,,,,
2095208820486070650,1788371684559,terrestrial-pine-chicken,2095184358458192072,1720701343,true,
2095208823250133167,1788371685217,diligent-brook-thrasher,2095204356207591553,,true,
2095208825292800361,1788371685705,cheery-nutmeg-towhee,2095204356207591553,,true,
2095208843089252680,1788371689947,celebrated-ocean-seagull,2095001096775508355,1233295027348164625,true,
2095208909451542629,1788371705770,animated-ridge-waxbill,2094882478872002680,1453811299691884549,true,
2095208939751178750,1788371712993,inquisitive-rain-puffbird,2095142323277431010,10671602,false,false
2095209044587798668,1788371737989,cheery-nutmeg-towhee,2095175101658349665,1331028143105339394,true,
2095209100627824656,1788371751350,great-mountain-brushturkey,2095133923604918549,1722014154322575360,true,
2095209117593850033,1788371755394,committed-frost-towhee,2095141945865551923,45696468,true,
2095209138569515306,1788371760396,effective-ridge-bunting,2095199574738809175,1200616796295847936,false,
2095209167455760647,1788371767282,magnificent-melon-kite,2095154422338785512,14576840,false,
2095209272216830142,1788371792259,zappy-winter-thicketbird,,,,false
2095209320619102608,1788371803799,hearty-cloud-cacholote,2095203853658419627,971820228,true,true
2095209422435778949,1788371828074,neighborly-rhubarb-chickadee,2095112166579839383,1840788730249961476,true,
2095209444963447232,1788371833445,diligent-brook-thrasher,2095138228567245307,784921318651207680,true,
2095209943938777390,1788371952410,celebrated-ocean-seagull,2095110536295743808,2079952577752420352,true,
2095210228878917779,1788372020345,cheery-nutmeg-towhee,2095165003045224603,1988694978676289540,true,
2095210245572206684,1788372024326,explorative-sunflower-grackle,2095112450257387833,1960313574687203328,true,
2095210257190649898,1788372422258,cosmic-root-grackle,2095087271636529186,22240612,false,
2095210464464773330,1788372076514,supreme-willow-duck,2095167742961995797,1453619069714718720,true,
2095210491861717280,1788372083045,great-mountain-brushturkey,,,,
2095210545846562913,1788372095917,explorative-moon-dipper,2095086914319626581,1298372735383605249,false,
2095210584203563464,1788372105061,phenomenal-mist-grassbird,2095121652224795054,1663664832254558217,true,
2095210621310734547,1788372113908,efficient-lagoon-flatbill,2095194585953968180,1784424325367644160,true,
2095210653308842432,1788372318234,cosmic-root-grackle,2095206912887320720,1921810315,true,
2095210847752622328,1788372167897,zappy-winter-thicketbird,2095142260153459073,1183694592433983489,true,
2095210868912914849,1788372172942,lovely-canyon-jay,2094470273668100370,1882525979886968832,false,
2095210908591047118,1788372182400,wholesome-raspberry-stilt,2094969078859657342,,true,
2095210916648247728,1788372184323,wholesome-raspberry-stilt,2095114748778168414,,true,
2095210920649572744,1788372185276,wholesome-raspberry-stilt,2095180048038855069,66533920,true,
2095211021019365490,1788372209206,neighborly-rhubarb-chickadee,,,,
2095211058721960088,1788372218195,responsible-sea-cacholote,2095198043477868612,3331429624,true,
2095211085171396844,1788372224502,sparkly-citrus-fantail,2095127143545999667,,true,
2095211131690188800,1788372235592,discerning-fir-shearwater,2095202680306073611,539410830,true,
2095211193589805475,1788372250350,artistic-blossom-grassbird,2095153522341736703,753424463560052736,true,
2095211197310042405,1788372251237,agreeable-lychee-parrot,2095184084427215079,820723171112448001,true,
2095211256487579765,1788372265346,diligent-brook-thrasher,2095159218487590952,,true,
2095211260098871387,1788372266207,celebrated-ocean-seagull,2095153522341736703,753424463560052736,true,true
2095211321327239322,1788372280806,dexterous-prairie-pelican,2095192615180243066,1118460475,true,
2095211486930981258,1788372320288,cheery-nutmeg-towhee,2094868155298369805,1255950738515283974,true,
2095211719543214405,1788372375747,trusting-fjord-quail,2094925781054972011,1343767191599067139,true,
2095212275061723384,1788372691313,cosmic-root-grackle,,,,
2095212342707445934,1788372524321,great-mountain-brushturkey,2095199446279557214,1339499231195893760,true,
2095212579769737498,1788372580841,suave-wildflower-auklet,2095094885041033220,1471640417519030275,true,
2095212611331555420,1788372588366,zappy-winter-thicketbird,2095187566546874597,1492925167848374279,true,
2095212656843960526,1788372599217,great-mountain-brushturkey,2095123463753150922,1343340279718432769,true,
2095212718751994144,1788372613977,neighborly-rhubarb-chickadee,2094921461744255029,1560155798046511105,true,
2095212923496882221,1788372662792,diligent-brook-thrasher,,,,
2095212969152090350,1788372673677,safe-rose-partridge,2095129516720939353,1976096996172902400,true,
2095212970552734041,1788372674011,doughty-peanut-lory,2095118771769794937,302797746,true,
2095213092997083471,1788372703204,celebrated-ocean-seagull,,,,
2095213133308854771,1788372712815,motivational-tree-firefinch,2095051599710507179,138037459,true,
2095213165151764962,1788372720407,charismatic-iceberg-stork,2095153079385456996,56457949,true,
2095213176132428202,1788372723025,cheery-nutmeg-towhee,2095186840005292235,,true,
2095213180494475319,1788372855978,cosmic-root-grackle,2095127893324009898,920993967516389376,false,
2095213210437648602,1788372731205,intriguing-lagoon-blackbird,1920354222085685253,1428911804781056004,false,
2095213294772523133,1788372751311,great-mountain-brushturkey,2095116506053083247,1571123648689315841,true,
2095213364779663548,1788372768003,zappy-winter-thicketbird,2094855615285699058,1494465562109521923,true,
2095213394966028410,1788372775199,terrestrial-ice-treerunner,,,,
2095213533738815820,1788372808285,neighborly-rhubarb-chickadee,2095207451112997203,539410830,true,
2095213539552096552,1788372997500,cosmic-root-grackle,2094851053673988192,711667461414916098,true,
2095213621211226327,1788372829140,magnificent-forest-redstart,2094842222675956219,1507122304093982722,true,
2095213764345798994,1788372863266,diligent-brook-thrasher,,,,
2095213770406592804,1788372864711,genuine-beech-auklet,2095207518574112956,257023619,true,
2095213892062585134,1788372893716,incomparable-rainforest-frigatebird,2094911537811251375,1958416917796147200,true,true
2095213950115737617,1788372907557,celebrated-ocean-seagull,2095202680306073611,539410830,true,
2095214010668888347,1788372921995,early-grape-piculet,2094949775804145789,2223077435,true,
2095214045741658533,1788372930357,zappy-winter-thicketbird,2095100761919099293,2413857985,true,
2095214097637773736,1788372942729,great-mountain-brushturkey,2095198072519250089,1978242210488619008,true,
2095214119691419976,1788372947987,zappy-winter-thicketbird,2095196555162632436,,true,
2095214168223699286,1788372959558,neighborly-rhubarb-chickadee,2095036116739010769,2013054991154466816,true,
2095214317398278621,1788372995125,diligent-brook-thrasher,,,,
2095214388923777073,1788373012178,celebrated-ocean-seagull,2095184358458192072,1720701343,true,
2095214435514175848,1788373023286,cheery-nutmeg-towhee,2095087271636529186,22240612,true,
2095214470779797822,1788373220811,cosmic-root-grackle,2095129880480424123,309587728,false,false
2095214567496253708,1788373054753,wholesome-fir-frigatebird,2095196466168147990,904185537304649729,true,
2095214665223504338,1788373078053,great-mountain-brushturkey,2095170611119055013,1762492280122802177,true,
2095214868424974630,1788373126499,zappy-winter-thicketbird,2095139445502570956,1985773644237455365,true,
2095215149313380858,1788373674385,cosmic-root-grackle,2094801194925314072,,false,
2095215184415502485,1788373201837,grateful-harvest-seagull,2095104497072697698,2332171087,true,
2095215223682531690,1788373211199,diligent-brook-thrasher,,,,
2095215234923282785,1788373213880,mannerly-boulder-sunbird,2095096045990563893,1609178298730352642,true,
2095215283086430597,1788373225362,radiant-rain-songlark,2094902596062364153,1552947900002476032,true,
2095215366871842975,1788373245338,celebrated-ocean-seagull,2095173068981223454,,true,
2095215450082726184,1788373265177,neighborly-rhubarb-chickadee,2095142199621234768,2061051510360780800,true,
2095215512556876091,1788373280072,cozy-coconut-finfoot,2095164221814116823,,true,
2095215552616661356,1788373289624,cheery-nutmeg-towhee,2095157705203691718,1283301645774970880,true,
2095215594656174484,1788373299646,great-mountain-brushturkey,2094874464639168677,1896340166802845696,true,
2095215619427688606,1788373459249,cosmic-root-grackle,,,,
2095215685840330897,1788373321387,zappy-winter-thicketbird,2095112244887712156,1850184348776972288,true,
2095215933497217071,1788373380432,neighborly-rhubarb-chickadee,2095163229840580926,84800999,true,
2095216080923107408,1788373415581,temperate-frost-wigeon,2095180798139711693,1516914829,true,
2095216081438666989,1788373415705,diligent-brook-thrasher,2094974896837120072,2053454464741249025,true,
2095216282077675523,1788373463540,stellar-apricot-antwren,2095115892376195488,,true,
2095216359361921519,1788373481966,insightful-kiwi-macaw,2094986938885247303,1823446801976119296,true,
2095216977648431453,1788373629377,engaging-cypress-flatbill,2094972903724888303,1825260352290111488,true,
2095216994781888808,1788373633463,valiant-winter-penguin,2095205407463449017,1270763322917478402,true,
2095217080995926430,1788373654017,vibrant-mangrove-warbler,2094856837887889541,,false,
2095217284688069080,1788373702582,philosophical-berry-brushturkey,2095118583927894490,1514439007727460357,true,
2095217440741609535,1788373739787,magnificent-iceberg-duck,2095076171079979321,7109592,true,
2095217457992450483,1788373743900,celebrated-ocean-seagull,2095042208604766541,1988694978676289540,true,true
2095217501269291391,1788373754219,cheery-nutmeg-towhee,2095195477310611647,312696314,true,
2095217517711032487,1788373758139,lucent-rose-skimmer,2095159256076955739,250876386,true,
2095217552565686299,1788373766448,great-mountain-brushturkey,,,,
2095217599667740812,1788374068307,cosmic-root-grackle,2095005147474862320,1021649166739562496,true,
2095217639274742010,1788373787121,lucky-tide-puffin,2095205026213896575,1818580385519091715,true,
2095217817108783108,1788373829521,,2095125824194396433,2075294302448570368,true,
2095217875120230764,1788373843351,celebrated-ocean-seagull,,,,
2095217959778304345,1788374320715,cosmic-root-grackle,,,,
2095217961950740754,1788373864053,zappy-winter-thicketbird,2095027692290683235,1335132884278108161,true,
2095218043802497404,1788373883569,neighborly-rhubarb-chickadee,2095149791533502545,2072413147856871424,true,
2095218062702387532,1788373888075,informative-granite-kestrel,2094480457031168074,1729178660484055040,true,
2095218112928919824,1788373900050,diligent-brook-thrasher,2094975029272293824,,true,true
2095218121619464636,1788374035714,cosmic-root-grackle,2095149548834533776,1282931839687028737,false,
2095218130679140402,1788373904281,cheery-nutmeg-towhee,2095153825405689899,1541030615394521091,true,
2095218136412807509,1788373905648,great-mountain-brushturkey,2095027692290683235,1335132884278108161,true,
2095218205891657880,1788373922214,doughty-peanut-lory,2094895476067709295,474073938,true,
2095218213374099768,1788373923998,great-mountain-brushturkey,2095150206694121956,1574725052461117440,true,
2095218238267232330,1788373929933,zappy-winter-thicketbird,2095129516720939353,1976096996172902400,true,
2095218265156894921,1788373936343,neighborly-rhubarb-chickadee,2094941296502739096,1498446111303999491,true,
2095218391241957570,1788373966404,diligent-brook-thrasher,,,,
2095218443121234058,1788373978773,celebrated-ocean-seagull,,,,
2095218536364867743,1788374001004,supreme-rainfall-treepie,2095173380664152404,738301247170748416,true,
2095218591595418086,1788374014172,cheery-nutmeg-towhee,2095204127810736339,,true,
2095218658763026486,1788374030186,great-mountain-brushturkey,2095207949287264569,,true,
2095218680468590835,1788374035361,zappy-winter-thicketbird,2095184565522317813,,true,true
2095218687296806923,1788374036989,neighborly-rhubarb-chickadee,2095192502072422634,100303868,true,true
2095218825528508432,1788374069946,diligent-brook-thrasher,2095198415969718491,1510739595373260800,true,
2095218880629334442,1788374083084,earnest-olive-egret,2095129880480424123,309587728,true,
2095218882357366826,1788374083495,polite-rose-sparrow,2095145900847091865,,true,
2095218896718487740,1788374086919,wholesome-raspberry-stilt,2095159320899911858,,true,
2095218908009468042,1788374089612,wholesome-raspberry-stilt,2095192502072422634,100303868,true,true
2095218911021310099,1788374090329,notable-slope-whistler,,,,
2095218913336266846,1788374090881,wholesome-raspberry-stilt,2095150206694121956,1574725052461117440,true,
2095218917610299844,1788374091900,wholesome-raspberry-stilt,2094867764699922560,2062251554296709120,true,
2095218923201302800,1788374093233,wholesome-raspberry-stilt,2094982846469300700,2212926198,true,
2095218937998815232,1788374096761,charitable-harvest-sunbird,2095217750360961096,1147245086184550401,true,
2095219047101059148,1788374122773,celebrated-ocean-seagull,2095105045142671485,,true,
2095219089136566303,1788374132795,trusting-fjord-quail,2094887364984496264,1790037256507363329,true,
2095219094111064139,1788374133981,happy-harvest-tern,2095178461119742341,16794066,true,
2095219141460299990,1788374145271,felicitous-fern-finch,2095069925932970248,1765896973821886464,false,
2095219142995378362,1788374145636,driven-hazelnut-bushbird,2094837953025409266,,true,true
2095219243486724484,1788374169595,cheery-nutmeg-towhee,,,,
2095219348004856198,1788374194514,independent-walnut-chicken,2095110536295743808,2079952577752420352,false,
2095219607292240109,1788374256333,great-mountain-brushturkey,2095188926772412603,1975194263378911232,true,
2095219674849951956,1788374272441,zappy-winter-thicketbird,2095089351092830557,2069485067101999104,true,
2095219948918628541,1788374337783,whimsical-hill-petrel,2094856204476367090,1165424046181421057,true,
2095220202762113241,1788374398304,great-coast-hillstar,2095197095107920257,1759770843544989696,false,
2095220245493411864,1788374408492,neighborly-rhubarb-chickadee,2095106460417966564,1903046536168132608,true,
2095220282453905596,1788374893123,cosmic-root-grackle,2094090681358664110,452540168,true,
2095220317836718514,1788374425740,diligent-brook-thrasher,2095045717580767590,1356863624,true,
2095220345590763788,1788374432357,impeccable-spruce-guillemot,2095158759303844000,1809795362535927812,true,
2095220433679437916,1788374888080,cosmic-root-grackle,,,,
2095220545348583533,1788374479983,wholesome-fir-frigatebird,2094833739453088193,1501779409698803713,true,
2095220577179201666,1788374487573,stoic-holly-seedeater,2094896861404414170,1376172035299233795,true,
2095220772331745722,1788374534101,intellectual-mulberry-sandpiper,2094432129237102957,1574095209838919681,true,true
2095220904611688807,1788374565639,bubbly-summer-goose,2095208787229724952,,true,
2095220914636181919,1788374568028,diplomatic-moonlight-firefinch,2094971754351313103,1518709627927633920,false,
2095221046609674272,1788374812475,cosmic-root-grackle,2094386684557132129,53789862,false,
2095221120249061445,1788374617051,celebrated-ocean-seagull,2095169288579498368,746416246925582336,true,
2095221143711985730,1788374622644,cheery-nutmeg-towhee,2095165830006726906,,true,
2095221157213692266,1788374625863,knowledgeable-wildflower-turkey,2095139870595235860,1268223690480615424,true,
2095221283264843823,1788374655917,great-mountain-brushturkey,2095215125615501805,1138842105856573445,true,
2095221318354415914,1788374664282,neighborly-rhubarb-chickadee,2094888050144731571,4486093643,true,
2095221324100571601,1788374665652,diligent-brook-thrasher,2095039035894841819,1364156292336668672,true,
2095221340198347201,1788374669490,celebrated-ocean-seagull,2095036637097099508,1816039085040967680,true,
2095221549829701780,1788374719470,enterprising-isle-jacana,2095153079385456996,56457949,false,
2095221557282881753,1788374721247,cheery-nutmeg-towhee,2095188539373973808,3384712805,true,
2095221657019310561,1788374745026,great-mountain-brushturkey,2095090618049638619,2024095006588555264,true,
2095221662031421541,1788374746221,zappy-winter-thicketbird,2095146778907869655,2042319789616455680,true,
2095221724920828230,1788374761216,neighborly-rhubarb-chickadee,2095073417943024098,,true,
2095221765551083892,1788374770902,diligent-brook-thrasher,2094887364984496264,1790037256507363329,true,
2095221806390972586,1788374780639,celebrated-ocean-seagull,2095209616816603570,1410017240599105536,true,
2095221936951374078,1788374811768,cheery-nutmeg-towhee,2095205046929519003,1979218771584634880,true,
2095221949731573822,1788374814814,polite-rose-sparrow,2095110565647794222,1775445153110478848,true,true
2095222279848489164,1788374893521,philosophical-conifer-ostrich,,,,
2095222291961364983,1788374896408,expressive-moonlight-kingfisher,2095211209704235510,10671602,true,
2095222340502114769,1788374907982,inspirational-evergreen-nightingale,2095150206694121956,1574725052461117440,false,
2095222354590802274,1788374911340,adaptable-raspberry-redstart,2095140918294691959,1788028300444540929,true,
2095222372110369162,1788374915517,great-mountain-brushturkey,2095168114707108237,1546972236170543110,true,true
2095222378938654721,1788374917145,zappy-winter-thicketbird,2095149548834533776,1282931839687028737,true,
2095222401189474772,1788374922451,neighborly-rhubarb-chickadee,2095187994592305460,1648708621205741573,true,
2095222420189614123,1788374926980,diligent-brook-thrasher,2095200718248403087,487393551,true,
2095222438699352499,1788374931393,agreeable-moss-goshawk,2094343405891707113,1614198093356072960,true,
2095222623445676303,1788374975440,radiant-rain-songlark,2095144540252389505,994871159534637058,true,
2095222623995109757,1788374975571,informative-trail-songbird,2095075464268153337,1219048560722837504,true,
2095222636661891353,1788374978592,easygoing-moonlight-whistler,2094777445979144397,1550233793583366145,true,
2095222650951868903,1788374981998,celebrated-ocean-seagull,2095142420702773287,1876210700177031169,true,
2095222654361813134,1788374982812,cheery-nutmeg-towhee,2095203853658419627,971820228,true,
2095222658082209825,1788374983698,zappy-winter-thicketbird,2095101327068004784,1459284615978487815,true,
2095222667162919376,1788374985863,great-mountain-brushturkey,2095109114707763498,1775604514717937664,true,
2095222762474230096,1788375008587,majestic-summer-flycatcher,2094890033224568995,1375079971,true,
2095222778891030641,1788375012502,eccentric-wind-warbler,2094917794018300338,486834036,true,
2095222799484809679,1788375017411,zappy-winter-thicketbird,2095005102666879269,1177133519014940673,true,
2095222891784904860,1788375039417,independent-creek-cardinal,2095208793860722768,94324983,true,
2095222985712181409,1788375061812,stunning-coral-warbler,2094933552949518724,914844025944805376,true,
2095222989373555105,1788375062685,neighborly-rhubarb-chickadee,2095208615712080061,2013086607189127168,true,
2095223229166272980,1788375119855,trusting-fjord-quail,2095005102666879269,1177133519014940673,true,
2095223301266145370,1788375137045,diligent-brook-thrasher,,,,
2095223372636360731,1788375154062,celebrated-ocean-seagull,,,,
2095223411861606575,1788375163413,cheery-nutmeg-towhee,2095187006099771624,1548072789264936960,true,
2095223468744716566,1788375176975,great-mountain-brushturkey,2095165876790087888,1947371331315765249,true,
2095223470757904504,1788375177455,neighborly-rhubarb-chickadee,2095165876790087888,1947371331315765249,true,
2095223638395953470,1788375217424,poetic-mist-sandpiper,2094895319167238469,1348683154815655940,true,
2095223716988817643,1788375236161,strong-sun-wigeon,2095209000262385979,894714535742976000,true,
2095223773985481040,1788375682525,cosmic-root-grackle,2095187707542872357,793542678377926656,false,
2095223790036828367,1788375253577,victorious-marble-hummingbird,2095116214850752947,16794066,true,
2095224171680747607,1788375344569,focused-melon-shearwater,2095174631619440811,1087757588622651397,true,
2095224273954599079,1788375368953,zappy-winter-thicketbird,2095200357785710970,248692867,true,
2095224310025822575,1788375377552,friendly-cave-parrot,2095151188094165336,,true,
2095224381081280578,1788375394494,neighborly-rhubarb-chickadee,2095197465930600777,1338186398600482816,true,
2095224606650941543,1788375665080,cosmic-root-grackle,,,,
2095224669305475474,1788375463211,diligent-brook-thrasher,,,,
2095224792852967565,1788375492667,diligent-brook-thrasher,,,,
2095224847576055890,1788375505714,celebrated-ocean-seagull,2094939302245605564,1811101111534878720,true,
2095224926848303593,1788375524614,cheery-nutmeg-towhee,2095171244773552581,,true,
2095224933601480856,1788375526225,lucent-peachtree-falcon,2094491006234177837,4802932637,true,
2095224996322857242,1788375541179,hopeful-coast-woodpecker,2095145972053524956,753424463560052736,true,
2095225005399495019,1788375543342,tough-cashew-gull,2094968548028256276,96906231,true,
2095225047703060583,1788375553428,great-mountain-brushturkey,2094905544213418366,1701632511086882822,true,
2095225050844528818,1788375554178,celebrated-ocean-seagull,2095185932559479046,2067200014108004353,true,
2095225118012182994,1788375570192,wholesome-raspberry-stilt,2094863835794710872,1730629015847702528,true,
2095225128195952678,1788375572620,wholesome-raspberry-stilt,2095211704254624140,2809959174,true,
2095225300447572432,1788375613687,powerful-apple-hummingbird,2094898139043942460,1809727799659474944,true,
2095225333083451444,1788375621469,zappy-winter-thicketbird,2095185366974132670,1700620195138547712,true,
2095225623455158508,1788375690698,cheery-nutmeg-towhee,2094994874290540692,1505058206825218048,true,
2095225722998550704,1788375714431,great-mountain-brushturkey,2095167266996240495,264669243,true,
2095225817181945862,1788375860106,cosmic-root-grackle,2094537958535709001,718188692045627392,true,
2095225839365325177,1788375742175,neighborly-rhubarb-chickadee,2095067988541972774,49568716,true,
2095225888157716669,1788375753808,zappy-winter-thicketbird,,,,
2095225891957751908,1788375754714,neighborly-rhubarb-chickadee,,,,
2095225907883442331,1788375758511,diligent-brook-thrasher,2095196086046535828,2056515477304705024,true,
2095225976133173407,1788375774784,astonishing-marble-grosbeak,2095153917353156794,1689104235731017728,true,
2095225982261022983,1788375776244,,2094945160417190361,2002856451858219008,true,
2095226051181916600,1788375792676,celebrated-ocean-seagull,,,,
2095226144450662801,1788375814913,harmonious-peach-osprey,2095114915438608765,823560392576270336,true,
2095226266190266776,1788375843938,diligent-brook-thrasher,2095184713090556078,2074929961698299904,true,
2095226328131698870,1788375858706,friendly-cave-parrot,2095036654188999112,114060003,true,false
2095226360578900415,1788375866442,animated-ridge-waxbill,2095154709774385453,279390084,true,
2095226425452212240,1788375881909,celebrated-ocean-seagull,,,,
2095226439616671884,1788375885286,captivating-pomegranate-cockatoo,2094800565452611646,1477058348700811268,true,
2095226621649113313,1788375928686,animated-ridge-waxbill,2095117012431253635,,true,
2095226785399177442,1788375967727,trusting-fjord-quail,2095187994592305460,1648708621205741573,true,
2095226809663320347,1788375973512,active-strawberry-firefinch,2095225247804846402,44627459,true,
2095226826293432538,1788375977477,bold-watermelon-lark,2094465900485149088,38142665,false,
2095226853527347633,1788375983970,glamorous-ocean-toucan,2095005147474862320,1021649166739562496,true,true
2095226854894714970,1788376338825,cosmic-root-grackle,2095005147474862320,1021649166739562496,true,
2095227100953235953,1788376042961,effervescent-sandalwood-thrush,2095005369437135023,,true,
2095227175616057569,1788376060762,cheery-nutmeg-towhee,2095007732189565177,1805826612505513984,true,
2095227230494326834,1788376073846,zappy-winter-thicketbird,2095145972053524956,753424463560052736,true,true
2095227232935465256,1788376074429,great-mountain-brushturkey,2095145972053524956,753424463560052736,true,true
2095227235087057302,1788376074941,animated-ridge-waxbill,2095156572557078686,3315264553,true,
2095227594731905095,1788376160687,tectonic-sapling-treepie,2095101327068004784,1459284615978487815,true,
2095227653137596625,1788376174612,zappy-winter-thicketbird,2094976123855872445,,true,
2095227954695426097,1788376246510,neighborly-rhubarb-chickadee,2095178362238955763,,true,
2095227972642844936,1788376391259,cosmic-root-grackle,,,,
2095228337958375480,1788376337886,diligent-brook-thrasher,,,,
2095228387732128118,1788376349753,responsible-blueberry-bittern,2094858238457971115,,true,
2095228450713788731,1788376364769,celebrated-ocean-seagull,2094962842520711228,,true,
2095228460192997750,1788376367030,responsible-blueberry-bittern,2094952637904933288,,true,
2095228491763736756,1788376374556,proactive-desert-sandpiper,2095045717580767590,1356863624,false,false
2095228599158841395,1788376400161,motivated-evergreen-snowfinch,2095076141673730435,1954308582167736320,true,
2095228714355240997,1788376427626,courageous-rosewood-wigeon,2095153521574224284,57626153,true,
2095228792147263829,1788376446174,intelligent-poplar-puffin,2095220009450524918,2670726740,true,
2095228895037427817,1788376470704,miraculous-peanut-quetzal,2095053181566722328,,true,false
2095229086192849389,1788376516280,cheery-nutmeg-towhee,2095130117676703939,2017762834013159424,true,
2095229086482215331,1788376516349,serene-avocado-meadowlark,2094713136142021025,1372583311638470663,true,
2095229154329247948,1788376532525,faithful-orchard-lorikeet,2095159175513014284,1535800803662868480,true,
2095229534459089260,1788376623155,neighborly-rhubarb-chickadee,2095084649919992247,1445347022555340805,true,
2095229628570804667,1788376645592,great-mountain-brushturkey,,,,
2095229657893204144,1788376652584,enlightened-wood-lory,2095215802836508773,1652541,true,true
2095229772007637193,1788376679790,zappy-winter-thicketbird,2095028818570629390,1402857482309959681,true,
2095229792534798659,1788376684684,civil-dune-flamingo,2095186058233200718,713579741597605888,true,
2095229798432018657,1788376686090,artistic-wildflower-crane,2095189394550399346,,true,
2095229806199689570,1788376687942,neighborly-rhubarb-chickadee,2095174881528750464,1831050444119908352,true,
2095229843835371594,1788376696915,precious-peanut-wader,2095207602011693061,514487309,true,
2095229919638733215,1788376714988,diligent-brook-thrasher,,,,
2095229971434295781,1788376727337,diligent-brook-thrasher,2095165353303142498,1949217766671552512,true,
2095230042779607380,1788376744347,artistic-wildflower-crane,2095212509523542434,,true,
2095230200246140971,1788376781890,hypnotic-roots-myna,2095220009450524918,2670726740,false,
2095230206760095799,1788376783443,industrious-grape-bushlark,2095220009450524918,2670726740,false,
2095230255795765725,1788376795134,punctual-foothill-swamphen,2095055155804643579,1969127547289157633,false,
2095230302109028589,1788376806176,enlightened-mangrove-pheasant,2095220009450524918,2670726740,false,
2095230374389653509,1788376823409,gentle-field-piculet,2095061603578224787,386336311,true,
2095230401216385303,1788376829805,determined-magnolia-citril,2095199574738809175,1200616796295847936,true,false
2095230406505402506,1788376831066,candid-grapefruit-goshawk,2095055336998916243,1045525766333587457,false,
2095230423748247793,1788376835177,mellow-mangrove-cormorant,2094813949606740453,,true,
2095230535203160507,1788376861751,radiant-horseradish-flatbill,2094889566125617341,46875124,false,
2095230579721851079,1788376872365,phenomenal-dogwood-drongo,2094562201096855581,1706679362571898880,true,
2095230599623590032,1788376877109,hilarious-moonlight-finch,2095170033999626416,2041946282143432705,true,
2095230600252694865,1788376877259,celebrated-ocean-seagull,2095140068402790562,1624038565825990657,true,
2095230622008562035,1788376882447,cheery-nutmeg-towhee,2095210309434687738,131974102,true,
2095230646188683701,1788377025053,cosmic-root-grackle,,,,
2095230733891616811,1788376909122,great-mountain-brushturkey,2095173962615407103,1338355611306700801,true,
2095230749817688173,1788376912918,shining-birch-goldfinch,2095111954448728087,216299334,false,
2095230770034151919,1788376917739,optimistic-canopy-bluejay,2095150343654978041,1625843518643085312,false,
2095230888065810744,1788376945879,zappy-winter-thicketbird,2095182965353689428,1718268370418606080,true,
2095231001991516362,1788376973042,radiant-mango-treepie,2094346886517866898,,true,
2095231009692201289,1788376974877,neighborly-rhubarb-chickadee,2095225963638395002,1891679387524718592,true,
2095231057083740365,1788376986176,diligent-brook-thrasher,2094787313947508843,1588229148618760194,true,
2095231069494575451,1788376989135,celebrated-ocean-seagull,2095211613418615124,1969379848457240577,true,
2095231120497328619,1788377001295,cheery-nutmeg-towhee,2095211613418615124,1969379848457240577,true,
2095231144899834278,1788377007113,cheery-nutmeg-towhee,,,,
2095231154819653649,1788377009478,electric-moonlight-thrush,2095187496229347498,216881337,true,
2095231222154691065,1788377025532,zappy-winter-thicketbird,2095114802112954650,1539476834420662274,true,
2095231225166217683,1788377026250,neighborly-rhubarb-chickadee,2095040275995296021,1043744778192445440,true,
2095231616587018242,1788377119573,diligent-brook-thrasher,2095100761919099293,2413857985,true,
2095231714683429358,1788377142960,celebrated-ocean-seagull,2095109808768639174,1252943271728463872,true,
2095231769159057486,1788377265436,cosmic-root-grackle,2095138440060842307,17446621,false,
2095231803896504644,1788377164231,stunning-coral-sparrow,2095187277760655753,,true,
2095231986730180772,1788377207822,mesmerizing-petal-nightjar,2095186885824114930,2028896844978495488,false,
2095232070671093979,1788377227834,captivating-fir-finfoot,2095166125810061782,2338746500,true,
2095232073900454231,1788377228604,cheery-nutmeg-towhee,2095076141673730435,1954308582167736320,true,
2095232090434629992,1788377232546,grand-berry-troupial,2094432798622859709,4486093643,true,
2095232131119096162,1788377397644,cosmic-root-grackle,,,,
2095232172651127168,1788377252148,diligent-brook-thrasher,2095087271636529186,22240612,true,
2095232371016466607,1788377299442,celebrated-ocean-seagull,2094934490749546784,1866810877959122944,true,
2095232386736726172,1788377303191,stunning-coral-sparrow,2090245068997247287,,true,
2095232514956919275,1788377333760,energizing-jacaranda-hillstar,2095170920310551007,1619245339482914817,true,
2095232605809717287,1788377355421,cozy-kelp-meadowlark,2095053181566722328,,false,
2095232618220363911,1788377358381,cheery-nutmeg-towhee,2095198325783847079,2007989778483236864,true,
2095232689204826263,1788377375305,orderly-sea-cotinga,2095224179201310993,,true,true
2095232691360739823,1788377375818,friendly-cave-parrot,2095223137831092412,44196397,true,
2095232749309190365,1788377389634,great-mountain-brushturkey,2095212377511755887,1543443901738016773,true,
2095233054214140059,1788377462329,active-sun-pipit,2095205027245596843,788944597,false,
2095233239589761301,1788377506526,zappy-winter-thicketbird,2095101931610136822,,true,
2095233348541256098,1788377532503,masterful-wind-anhinga,2094874073708835178,23022687,true,
2095233416060924291,1788377548600,neighborly-rhubarb-chickadee,2095170907010478450,2040963756537110529,true,
2095233485807964335,1788377565229,great-mountain-brushturkey,2095188985760903529,1291128494,true,
2095233549163020475,1788377580334,charitable-harvest-sunbird,2095182555783790906,91819784,true,
2095233558814011901,1788377582635,diligent-brook-thrasher,2095218840825471484,1803397355544137729,true,
2095233579127366035,1788377587479,,2095026307633430683,988488748731072512,true,false
2095233616293089313,1788377596339,upstanding-pistachio-pitohui,2095024245877391570,1233201370834051073,false,
2095233673851232401,1788377610062,celebrated-ocean-seagull,2095191375113314638,,true,true
2095233677420605852,1788377610914,cheery-nutmeg-towhee,,,,
2095233694508122489,1788377614987,great-mountain-brushturkey,2095182683676520951,1122183858244419584,true,
2095233941280104692,1788377673822,zappy-winter-thicketbird,2095217737035293113,1775604514717937664,true,
2095233986713071897,1788377684655,brilliant-daylight-seedeater,2095214523288613210,,true,
2095234006048538852,1788377689264,neighborly-rhubarb-chickadee,2095184084427215079,820723171112448001,true,
2095234046934528155,1788377699012,precious-pine-swamphen,2095161156419678671,,true,
2095234318478024928,1788377763753,diligent-brook-thrasher,2095195050464653493,631256239,true,
2095234321749594143,1788377764534,celebrated-ocean-seagull,2095180625460220369,2037627889818992640,true,
2095234356998730183,1788377772937,jolly-lemon-seabird,2094952649770615135,,true,
2095234359087309043,1788377773435,cheery-nutmeg-towhee,2095213282525425819,1597767604998922241,true,
2095234470622482825,1788377800028,modern-grass-eagle,2095034703061598544,1471640417519030275,false,
2095234514045788644,1788377810380,great-mountain-brushturkey,2095175957820625143,4858504858,true,
2095234538884792540,1788377816302,energetic-rose-parrotlet,2094745776471851504,1557374186091294720,true,
2095234544102511044,1788377817547,impeccable-park-bluejay,2094962874686869525,1586544613287936000,true,
2095234617087512898,1788377834947,goodhearted-honeydew-partridge,2095170136831353258,1565351428016963586,true,
2095234916090872248,1788377906235,zappy-winter-thicketbird,2095205202605514881,,true,
2095234962198823290,1788377917229,neighborly-rhubarb-chickadee,2095076171079979321,7109592,true,
2095235072236327176,1788377943463,diligent-brook-thrasher,2095223906512588988,14344823,true,
2095235134475649367,1788377958302,celebrated-ocean-seagull,2095228485925286319,466823184,true,
2095235164896977204,1788377965555,zappy-winter-thicketbird,,,,
2095235214775902448,1788377977447,warm-mint-kookaburra,2094886926578782370,3187616987,true,
2095235223977898124,1788377979641,cheery-nutmeg-towhee,,,,
2095235396821291462,1788378020850,talented-citrus-hawk,2094929183889936481,147415241,true,
2095235554996539631,1788378058562,tremendous-lumber-grassbird,2095166856105447515,,true,
2095236024733511807,1788378170557,great-mountain-brushturkey,2095162071167971585,1686906093849509888,true,
2095236075228672272,1788378182595,zappy-winter-thicketbird,,,,
2095236110146294044,1788378190921,neighborly-rhubarb-chickadee,2095212039014674826,168922496,true,
2095236153762791625,1788378201320,diligent-brook-thrasher,2095151726378778989,1858440044614201344,true,
2095236159987400713,1788378202804,benevolent-glacier-skylark,2095143404711678326,1722014154322575360,true,
2095236194485620872,1788378211028,lovable-eucalyptus-kestrel,2094793551582240781,1552795969959636992,true,
2095236214852841547,1788378215884,philosophical-berry-brushturkey,2095192502072422634,100303868,true,
2095236282720858204,1788378370013,cosmic-root-grackle,2095112265439777060,16467567,false,
2095236479811297308,1788378279055,receptive-rock-hawk,2094902360363372797,183625065,false,
2095236523784335535,1788378289540,thoughtful-pecan-grassbird,2093155286773039119,2018719088575463424,false,
2095236559356481805,1788378298020,blazing-seedlings-grebe,2094758856467661229,1965005122813177857,true,
2095236575533642123,1788378301878,philosophical-berry-brushturkey,2094996915381322068,2094557797866213376,true,
2095236587973935502,1788378304843,celebrated-ocean-seagull,2095161974854426786,1865199397207781376,true,
2095236632224158164,1788378315394,tough-seedlings-bunting,2094745776471851504,1557374186091294720,true,
2095236682765480281,1788378327443,confident-sapling-citril,2095034414564577733,1545824442986762242,false,
2095236727657173422,1788378338147,inclusive-pine-turkey,2095128697716007268,2389673740,true,
2095236809349632065,1788378357624,fun-trail-brownbul,2095192659144954139,15079601,true,
2095236850851934325,1788378367518,thoughtful-pecan-grassbird,2092999689339650077,2018719088575463424,false,
2095236863762018356,1788378370596,cheery-nutmeg-towhee,2095171183285088259,1675204198340648962,true,
2095236867314667837,1788378371443,great-mountain-brushturkey,2095215735047889343,1292481303158370304,true,
2095236883458433116,1788378375292,zappy-winter-thicketbird,2095217999276109903,2463789685,true,
2095236916102975729,1788378383076,blooming-nectarine-bulbul,2094973944436854899,,true,
2095237084847968555,1788378423307,animated-ridge-waxbill,2095112622555218315,1589533950137040898,true,
2095237177257189770,1788378445339,heartwarming-tree-nightingale,2095093946376466539,1599753147861422087,true,
2095237181392527568,1788378446325,jolly-oak-crow,2095075464268153337,1219048560722837504,true,
2095237186295570567,1788378447494,neighborly-rhubarb-chickadee,2095229878874309097,1986852813071392769,true,
2095237250217025640,1788378462734,fun-trail-brownbul,2095131734274724003,404422077,true,
2095237318877610144,1788378479105,hip-pond-crossbill,2095143921261183454,14225088,true,
2095237334728126928,1788378482884,active-grapefruit-waterfowl,2095154107363283109,3315264553,false,
2095237406446305487,1788378499982,curious-mango-lapwing,2094531843215499530,36201559,true,
2095237486129692878,1788378518980,bountiful-desert-finfoot,,,,
2095237528538194100,1788378529091,diligent-brook-thrasher,2095172244569989423,1960412632273629184,true,true
2095237545281867908,1788378533083,great-mountain-brushturkey,,,,
2095237649028042837,1788378557818,,2095211613418615124,1969379848457240577,true,
2095237656846168522,1788378559682,zappy-winter-thicketbird,2095214523288613210,,true,
2095237809993077047,1788379119715,cosmic-root-grackle,2095161539468890603,1220324149723222017,true,
2095237927496265779,1788378624211,neighborly-rhubarb-chickadee,2095132766283137062,870422325350596609,true,
2095237945905045768,1788378628599,diligent-brook-thrasher,,,,
2095238012745515271,1788378644535,animated-ridge-waxbill,2095201210189947187,,true,false
2095238032567984221,1788378649261,smart-lowland-seedeater,2094895962082710004,1884617745431777280,true,
2095238250470207587,1788378701213,celebrated-ocean-seagull,2095149407633088589,1268191127565479938,true,
2095238404174713299,1788378737860,glowing-brook-woodpecker,2095003079963705750,,true,
2095238415898083339,1788378740654,positive-rainfall-friarbird,2094865020782039247,1487193489725087746,true,
2095238603777704388,1788378785448,radiant-mangrove-swift,2095225062668255521,3362741,true,
2095238793787830472,1788378830751,cheery-nutmeg-towhee,2095128188582248775,801818450914111488,true,
2095238865019867543,1788378847734,quirky-highland-nightingale,2095193055603343747,1435719360400658434,true,true
2095238970062107038,1788378872778,,,,,
2095239087242301636,1788378900715,upstanding-rainfall-pipit,,,,
2095239216510931059,1788378931535,vivacious-moon-warbler,2094864591549317603,1873670098730528768,true,
2095239268750741684,1788378943990,great-mountain-brushturkey,2095036637097099508,1816039085040967680,true,
2095239383272001945,1788378971295,radiant-mango-treepie,2095008041284612119,1649307265240006656,false,
2095239434409000997,1788378983487,zappy-winter-thicketbird,2095103524136747031,,true,
2095239439920304373,1788378984801,neighborly-rhubarb-chickadee,2094968863087849879,1970655079440228353,true,
2095239459918979479,1788378989568,tranquil-meadow-turkey,2095112166579839383,1840788730249961476,true,
2095239515807875396,1788379002893,dauntless-mangrove-puffleg,2095217999276109903,2463789685,true,true
2095239552763887726,1788379011704,diligent-brook-thrasher,2095233525939368356,,true,
2095239574469697977,1788379016879,motivational-river-kite,2095196310039068897,1733251319392063490,true,
2095239629075259862,1788379029899,melodious-jacaranda-nighthawk,2094933548624998583,1468415368762998785,true,
2095239702764793994,1788379047467,kinetic-cedar-kingbird,2095055324940046352,1656607755279507457,true,
2095239717268656456,1788379050925,celebrated-ocean-seagull,2095225747698786601,1030711922,true,
2095239720401825995,1788379051673,cheery-nutmeg-towhee,2095195045192458745,1098091506886471680,true,
2095239743617286502,1788379057207,great-mountain-brushturkey,2095115001455354208,1725544491581403136,true,
2095239744259010846,1788379057361,industrious-birch-petrel,2095154638391849104,971820228,false,
2095239779029844467,1788379187259,cosmic-root-grackle,2095218065705443682,2244121213,true,
2095239848093233608,1788379082117,zappy-winter-thicketbird,2095182257501696277,938855229793193984,true,
2095239929567617189,1788379101541,diligent-brook-thrasher,2095088933545947523,,true,true
2095240055476392212,1788379131560,celebrated-ocean-seagull,2095161539468890603,1220324149723222017,true,
2095240161726537926,1788379156892,cheery-nutmeg-towhee,2095173975412253016,1639661706967171073,true,
2095240248657625470,1788379177618,noteworthy-tigerwood-mockingbird,2095076157309763826,1396964448984866821,true,
2095240396716786016,1788379365355,cosmic-root-grackle,,,,
2095240451901002158,1788379226076,great-mountain-brushturkey,2095135801847808063,1544649684672778240,true,
2095240490065056122,1788379235174,zappy-winter-thicketbird,2095210778869572094,1826931252232146944,true,
2095240505043075179,1788379238745,confident-sun-guillemot,2095044887351591216,,true,
2095240570465571093,1788379254343,lucky-nutmeg-crimsonwing,2095172244569989423,1960412632273629184,false,
2095240575607792098,1788379255569,tectonic-pecan-pheasant,2094964719538860305,1273469655223537664,true,false
2095240639491228129,1788379270800,neighborly-rhubarb-chickadee,2095053828140023869,1968933125557465088,true,
2095240680729894919,1788379280632,sublime-banana-chicken,2094770987120439355,,true,
2095240788242215280,1788379306265,quick-avocado-warbler,2095122417781768517,1514045582968598530,false,
2095240803354349750,1788379309868,diligent-brook-thrasher,2095145752959885509,17290098,true,
2095240978088993041,1788379351528,celebrated-ocean-seagull,,,,
2095241008539713913,1788379358789,cheery-nutmeg-towhee,2095224877783392457,76766018,true,
2095241019478462714,1788379361396,patient-orchard-antwren,2095172975297261711,733310501019627520,true,
2095241160721633574,1788379395071,great-mountain-brushturkey,2095100062795784497,2085060608471244800,true,
2095241308084359308,1788379430205,zappy-winter-thicketbird,2095212423716253796,1006320675060142081,true,
2095241426766291239,1788379458501,quiet-avocado-skylark,2094929327708119472,1571825296839507969,true,
2095241456999108763,1788379465709,festive-kiwi-emu,2095126444355506450,159251826,true,
2095241668668645429,1788379516176,neighborly-rhubarb-chickadee,2095186718043373745,1174592320022482944,true,
2095241709995393423,1788379526028,trusting-fjord-quail,2095053828140023869,1968933125557465088,true,
2095241718799200379,1788379528127,trusting-fjord-quail,2095090244664086899,1311977593093140481,true,
2095241807278019047,1788379549222,sturdy-watermelon-magpie,2095240407726633175,2049325768619053056,true,
2095241836579418291,1788379556208,superb-freshwater-songlark,2094432336469442607,,true,
2095241889985220911,1788379568941,exciting-plum-swamphen,2094855922539528670,907975864360501248,false,
2095242123339505819,1788379624578,neighborly-rhubarb-chickadee,2095137143521673314,2026625449540063232,true,
2095242235671429314,1788379651359,diligent-brook-thrasher,2095206459671810088,1276825208679043075,true,
2095242259771892219,1788379657105,diligent-brook-thrasher,2094820155465363541,,true,
2095242305938853931,1788379668112,futuristic-peachtree-thrasher,2094893055069577479,1453379263176929284,true,
2095242376591659515,1788379771981,cosmic-root-grackle,2093729404140568896,192782716,false,
2095242503465095199,1788379715206,celebrated-ocean-seagull,2095168621270233191,2060624253872156672,true,
2095242514659774530,1788379717875,cheery-nutmeg-towhee,2095144956738326723,1634929701914308609,true,
2095242529662714112,1788379721453,great-mountain-brushturkey,2095235161986068535,1865300573739753472,true,
2095242608960290993,1788379740358,zappy-winter-thicketbird,2095115944100077952,1517592786215870465,true,
2095242655345066302,1788379751417,motivational-river-kite,2094928376330957310,21692297,true,
2095242690522947777,1788379759805,accomplished-roots-blackbird,2095220140988366955,2317862234,true,
2095242792331042889,1788379784078,bold-banana-crane,2095134798368882970,1805019807265562624,true,
2095242861923221657,1788379800669,magnetic-lime-finch,2095230796474802287,1166287265364172803,true,
2095242954705379770,1788379960314,cosmic-root-grackle,2095201952669852138,1574095209838919681,false,
2095242958505484488,1788379823696,peppy-acorns-raven,2095234752655634453,,true,
2095242994760740988,1788379832340,neighborly-rhubarb-chickadee,,,,
2095243049358016807,1788379845357,diligent-brook-thrasher,,,,
2095243196628349103,1788379880469,celebrated-ocean-seagull,2094891302269669830,1644733779825532928,true,
2095243239213175053,1788379890623,cheery-nutmeg-towhee,2095172416746234166,1674802292178972675,true,
2095243501050962030,1788379953049,celebrated-ocean-seagull,2095234426930082037,1071484733543079936,true,
2095243539085217988,1788379962117,shrewd-avocado-kingfisher,2095190774593839310,,true,
2095243576770716093,1788379971102,zappy-winter-thicketbird,2094918896755089438,1985585083101954048,true,
2095243578742132833,1788379971572,cheery-nutmeg-towhee,2094918896755089438,1985585083101954048,true,
2095243694181957782,1788379999096,joyful-rain-crow,2094992568773714269,1826496878239760384,true,
2095243717502214173,1788380004655,neighborly-rhubarb-chickadee,2095190032629772534,3570663677,true,
2095243738113032397,1788380009570,diligent-brook-thrasher,2095136486022893724,1937840637531045888,true,
2095243826168234188,1788380030564,celebrated-ocean-seagull,2095224711835996484,1112077071071805442,true,
2095243839766425991,1788380033805,electric-mountain-kingfisher,2094852068104196525,1523823530,true,
2095243881788895269,1788380043824,cheery-nutmeg-towhee,2095218065705443682,2244121213,true,
2095244079193837951,1788380090890,great-mountain-brushturkey,2095179613924196395,,true,true
2095244085145518379,1788380092308,zappy-winter-thicketbird,2095152761176576431,,true,
2095244092825301485,1788380094139,great-mountain-brushturkey,2095190774593839310,,true,
2095244111091745187,1788380098494,astounding-cedar-gull,2095186718043373745,1174592320022482944,false,
2095244141101756736,1788380105649,bubbly-valley-puffbird,2095212564711907366,80820758,true,
2095244224782553240,1788380125601,fun-petal-crake,2081238037581754682,1394680198705123329,false,
2095244340515807574,1788380153193,observant-highland-cuckoo,2095229841763135678,,true,
2095244373231317395,1788380160993,neighborly-rhubarb-chickadee,2095185876284309751,295711337,true,
2095244578714538090,1788380209984,diligent-brook-thrasher,2095209137865183354,1200616796295847936,true,
2095244587795165236,1788380212149,kinetic-apricot-piculet,2095158088244289743,3032750543,true,
2095244694082994330,1788380237490,zappy-winter-thicketbird,2095067563868737879,461888257,true,
2095244712437239858,1788380241866,knowledgeable-rain-parrot,2095190602895769691,2011809072308527104,true,
2095244799255482577,1788380262565,goodhearted-mint-warbler,2094938440362045772,1500129642,false,
2095244804242505752,1788380263754,curious-kelp-firetail,2095209464521695564,1663172653,true,
2095244838270640626,1788380271868,diligent-brook-thrasher,2095178362238955763,,true,
2095244940674465973,1788380296282,celebrated-ocean-seagull,2095222374127878425,1049624504853381120,true,
2095245469899247626,1788380422460,cheery-nutmeg-towhee,2095208464007983154,2075230685107740672,true,
2095245495220195836,1788380428496,bookish-lowland-kestrel,2095228217452073188,,true,
2095245501033775209,1788380429883,kind-glacier-hillstar,2094952094234988882,1987890041583181825,true,true
2095245661088178559,1788380468042,masterful-frost-hillstar,2094177191412019425,492512534,true,
2095245669762011489,1788380470110,great-mountain-brushturkey,2095222083240198320,40276631,true,
2095245813928820893,1788380504482,eccentric-nectarine-waxbill,2095186885824114930,2028896844978495488,false,
2095245857356493263,1788380514836,cozy-coconut-finfoot,,,,
2095245932459921718,1788380532742,insightful-cherry-bushbird,2095194374854394114,10842792,true,
2095245938881110442,1788380534274,celebrated-ocean-seagull,2095193365742526963,1863291279267762176,true,
2095245960091734115,1788380539330,keen-iceberg-toucan,2095154709774385453,279390084,false,
2095246143282147660,1788380583006,cheery-nutmeg-towhee,2095148941138407724,1267889660711309313,true,
2095246179583836278,1788380591661,fantastic-sun-kookaburra,2094781398447948164,878247600096509952,true,
2095246250333651450,1788380608529,trusting-fjord-quail,2094795693156454680,,true,
2095246322659954854,1788380625773,energetic-rose-parrotlet,2094814214787633367,2067675948074582016,true,false
2095246593112891780,1788380690253,philosophical-berry-brushturkey,2094824386935058654,19169664,true,
2095246803419664682,1788380740395,incredible-cashew-nightingale,2095044611987144821,1831435289341894656,false,
2095246891956965649,1788380761504,zappy-winter-thicketbird,2095056249356243105,14805088,true,
2095246921300427003,1788380768501,awesome-cashew-gull,2095096563332796795,276961913,true,
2095247016649453889,1788380791233,neighborly-rhubarb-chickadee,2095193366229119277,1526261353127845890,true,
2095247204890087614,1788380836113,hilarious-marmalade-parakeet,2095231469174038843,1088857400247906304,true,
2095247221822554570,1788380840151,determined-rainforest-grackle,2095142323277431010,10671602,false,false
2095247276813791259,1788380853262,diligent-brook-thrasher,2095152150288495030,2047743796406829056,true,
2095247308820828432,1788380860892,imaginative-basswood-cuckoo,2094964719538860305,1273469655223537664,false,
2095247339480895826,1788380868202,celebrated-ocean-seagull,2095215802836508773,1652541,true,
2095247534260179406,1788380914642,cheery-nutmeg-towhee,2094905423916892383,1518825521387237376,true,
2095247646210601438,1788380941332,friendly-mountain-crake,2095222895488254129,208309207,true,true
2095247689323880655,1788380951611,sparkly-apple-swan,2095036654188999112,114060003,false,
2095247701080207859,1788380954414,tectonic-sapling-treepie,2095083376386417136,456136267,true,
2095247720285909317,1788380958993,great-mountain-brushturkey,,,,
2095247874095214740,1788380995664,goodhearted-petal-lorikeet,2095199574738809175,1200616796295847936,true,
2095248045214466463,1788381036462,zappy-winter-thicketbird,2095234436400869460,1969010035239063552,true,
2095248054228332900,1788381038611,winning-dune-anhinga,2089397617897689263,2557521,true,true
2095248069839208922,1788381042333,,2095175138547261754,1720503439543648256,true,
2095248076881477644,1788381044011,neighborly-rhubarb-chickadee,2095194520610877914,2078320888949440512,true,
2095248116727308394,1788381053512,diligent-brook-thrasher,2095198334197617069,1613273635820650496,true,
2095248342980915434,1788381107456,nimble-desert-wren,2095160412266180854,1261335549215989760,true,
2095248443820175716,1788381131497,celebrated-ocean-seagull,2095230628358758504,1985121042155687936,true,
2095248475256484160,1788381138992,hip-pond-crossbill,2095118352289022099,742143,true,
2095248479782056166,1788381140071,philosophical-berry-brushturkey,2094801871601115598,1694157540932587521,true,
2095248509335392307,1788381147117,radiant-forest-pipit,2095195320040956323,23449036,true,
2095248630235951226,1788381175942,cheery-nutmeg-towhee,2095201894306062521,1651386864316579843,true,
2095248765707788699,1788381208241,,2095210666227605569,1969127547289157633,true,
2095248805650391238,1788381338344,cosmic-root-grackle,,,,
2095248871429435473,1788381233447,brilliant-daylight-seedeater,2095228526358073853,396736163,true,
2095248872457085098,1788381233692,great-mountain-brushturkey,,,,
2095248873480655326,1788381233937,caring-orchard-kestrel,2094825634338046345,966050884886155264,true,
2095248874579402867,1788381234198,zappy-winter-thicketbird,,,,
2095248903138312664,1788381241008,zappy-winter-thicketbird,2095046658815902193,1396964448984866821,true,
2095248923262898185,1788381245805,precious-peat-pipit,2095182555783790906,91819784,false,
2095248956301136067,1788381253682,neighborly-rhubarb-chickadee,,,,
2095248958452900279,1788381254195,diligent-brook-thrasher,,,,
2095249123444465679,1788381293532,faithful-horseradish-treerunner,,,,
2095249315979788592,1788381339436,trusting-fjord-quail,2095190774593839310,,true,
2095249331074789706,1788381343035,faithful-horseradish-treerunner,,,,
2095249405695668238,1788381360826,faithful-horseradish-treerunner,,,,
2095249628870369719,1788381414035,active-olive-jay,2095244951751917689,2051175322775851008,true,
2095249674940842118,1788381425020,responsible-water-lorikeet,2094982533717070226,921721442550480901,true,
2095249692716138779,1788381429257,diligent-brook-thrasher,2095199780884668642,1367209793686036482,true,
2095249909700039048,1788381480989,celebrated-ocean-seagull,2095174056479744414,2049325768619053056,true,
2095249997373837487,1788381501894,thriving-marble-hillstar,2095096787447042437,,true,
2095250027996119055,1788381509194,versatile-hill-whistler,2095228405386010656,2057085320483557376,true,
2095250060762079332,1788381517007,cheery-nutmeg-towhee,2095028730636960123,2078320888949440512,true,true
2095250233454137829,1788381558179,great-mountain-brushturkey,2094934490749546784,1866810877959122944,true,
2095250282766647370,1788381569936,accomplished-field-dove,2094837854044123398,1980053859960856577,true,
2095250342959087953,1788381584287,zappy-winter-thicketbird,2095190236170977543,1942247631935131648,true,
2095250458201698641,1788381611763,neighborly-rhubarb-chickadee,2095232321485946985,1568871671074889728,true,
2095250532394733609,1788381629452,diligent-brook-thrasher,2095231469174038843,1088857400247906304,true,
2095250731926188387,1788381677024,motivational-highland-lark,2095204625645285722,1210991740640882690,true,
2095250885249028143,1788381713580,gleeful-mesa-fantail,2095228526358073853,396736163,false,
2095251072105247030,1788382201097,cosmic-root-grackle,,,,
2095251144100508062,1788381775295,celebrated-ocean-seagull,,,,
2095251211498979425,1788381791364,winning-nectarine-cuckoo,2094814214787633367,2067675948074582016,false,
2095251366755332418,1788381828379,joyous-lime-stilt,2094958227385680378,16635277,true,
2095251406735212978,1788381981577,cosmic-root-grackle,,,,
2095251415203446923,1788381839930,cheery-nutmeg-towhee,2095132819945075060,1199522589573554176,true,
2095251454839676936,1788381849380,great-mountain-brushturkey,2095237669424914519,2080128505006698496,true,
2095251509873434718,1788381862501,empowered-desert-nighthawk,2094196765675200707,107020761,true,
2095251525379719202,1788381866198,charitable-harvest-sunbird,2094956521801003368,1452845990596075526,true,
2095251563975446860,1788381875400,zappy-winter-thicketbird,2095155788532588933,1665414046042972162,true,
2095251568270393659,1788381876424,assuring-evergreen-mousebird,2095250565345300544,,true,
2095251582799556924,1788381879888,neighborly-rhubarb-chickadee,,,,
2095251682967830824,1788381903770,diligent-brook-thrasher,2095089348517458111,2013355534208962560,true,
2095251700491690237,1788381907948,celebrated-ocean-seagull,,,,
2095251760868687968,1788381922343,cheery-nutmeg-towhee,2095224601815183851,164493696,true,
2095251855605387368,1788381944930,imaginative-birch-leaflove,2080407685288104047,394213943,true,
2095252076053852406,1788381997490,carefree-grapefruit-petrel,2095251432203075835,1327630782035341314,true,
2095252135998869551,1788382011782,great-mountain-brushturkey,,,,
2095252141023621221,1788382012979,zappy-winter-thicketbird,2095191773488324770,1825952834548039680,true,
2095252351460540452,1788382063151,sturdy-watermelon-magpie,2095225311398875601,2049325768619053056,true,
2095252371630882845,1788382067960,sensible-sapling-leaflove,2095174424160813308,1948067927854596101,true,
2095252489104671185,1788382095968,auspicious-tomato-stilt,2095228683409932330,1953790596415447040,true,
2095252618792796283,1788382126888,pleasant-granite-conebill,,,,
2095252828969152624,1788382176999,neighborly-rhubarb-chickadee,,,,
2095252832995668029,1788382177959,skilled-persimmon-thrasher,2095243151619281401,2024589987250094080,true,
2095252923563610155,1788382199551,peppy-valley-oriole,2094692011614110019,,true,
2095252925685608498,1788382200058,diligent-brook-thrasher,2095184449486860488,2030767826311471105,true,
2095253068472328694,1788382234101,thriving-acorns-parrotlet,2095211209704235510,10671602,true,
2095253161451622498,1788382256268,motivating-sunflower-hummingbird,2095101327068004784,1459284615978487815,true,
2095253185304670540,1788382261956,balanced-orchard-albatross,2095154340042522894,1831519924352905216,true,
2095253199880073440,1788382265430,vivacious-mesa-fantail,2094976975417016459,2088534705683718144,true,
2095253203306643686,1788382266247,insightful-cave-canary,2095201010025160819,42176166,true,
2095253208352321899,1788382267451,motivating-sunflower-hummingbird,2094801871601115598,1694157540932587521,true,
2095253213880439151,1788382268768,cheery-nutmeg-towhee,2095234426930082037,1071484733543079936,true,
2095253231920099473,1788382273070,welcoming-spring-towhee,2095130671781986750,1915908062013231105,true,
2095253276614656231,1788382283725,welcoming-spring-towhee,2095156572557078686,3315264553,true,
2095253299972727018,1788382289295,marvelous-cherry-peafowl,2094900417217831266,1748768710167289856,true,
2095253342402535544,1788382299410,electric-field-raven,2089389367840461019,18004919,true,true
2095253428872036401,1788382320026,great-mountain-brushturkey,2095181574589538764,1859262706814996481,true,
2095253442063126537,1788382323171,thriving-acorns-parrotlet,2095142323277431010,10671602,true,
2095253501886476473,1788382337435,zappy-winter-thicketbird,,,,
2095253547667386837,1788382348349,neighborly-rhubarb-chickadee,2095156636453143038,1985585083101954048,true,
2095253595448827970,1788382359742,witty-garden-starling,2095080898697798110,7996522,true,
2095253626914754685,1788382367243,amiable-creek-catbird,2095224877783392457,76766018,false,
2095253798620893547,1788382408181,diligent-brook-thrasher,2095215529128611881,1973490757026848768,true,
2095253841876787477,1788382418494,celebrated-ocean-seagull,2095115391638843576,,true,
2095253924538184094,1788382438202,cheery-nutmeg-towhee,2095134171576570220,2012572931352588291,true,
2095253967634600050,1788382448477,great-mountain-brushturkey,2095240346192036211,1875227258207481856,true,
2095254095967711620,1788382479074,zappy-winter-thicketbird,2094915402870735104,26698943,true,
2095254193372058012,1788382502299,thriving-acorns-parrotlet,2094901863338463639,10671602,true,
2095254260757725577,1788382518364,fearless-freshwater-warbler,2094907586453610562,151635190,true,
2095254294434099488,1788382526392,cozy-frost-petrel,2095132751183909307,,true,
2095254349844721841,1788382539603,neighborly-rhubarb-chickadee,2095229161036026078,802151041437405184,true,
2095254353124769945,1788382540385,affable-citrus-mallard,2095157068424773797,2028896844978495488,false,
2095254398280585583,1788382551151,diligent-brook-thrasher,2095232218645909979,4441357661,true,
2095254427972284721,1788382558231,lionhearted-tomato-oriole,2094431478482337936,36413580,true,true
2095254449010651576,1788382563246,motivational-beach-jacana,2095234752655634453,,true,
2095254637490168205,1788382608183,celebrated-ocean-seagull,2095157171629568093,35066609,true,
2095254645387972889,1788382610066,great-mountain-brushturkey,2095227139591200836,1782380688399851520,true,
2095254684835381616,1788382619471,zappy-winter-thicketbird,2095245588967416019,1450300640480083974,true,
2095254827500511234,1788382653485,neighborly-rhubarb-chickadee,,,,
2095254900070289422,1788382670787,splendid-sea-kite,2095141305714127045,368183883,true,
2095254960606765545,1788382685220,diligent-brook-thrasher,,,,
2095254970702459276,1788382687627,celebrated-ocean-seagull,2095149376570278102,1271791252829138944,true,
2095254996665180495,1788382693817,cheery-nutmeg-towhee,2095231464111546386,842362162525941760,true,
2095255065388830778,1788382710202,great-mountain-brushturkey,,,,
2095255321870532970,1788382771352,zappy-winter-thicketbird,2095176170631544899,753424463560052736,true,
2095255351318778157,1788382778373,neighborly-rhubarb-chickadee,2095207856983224766,35066609,true,
2095255363285131547,1788382781226,smiley-hill-stilt,2094711169437032857,1456931140422471684,true,
2095255420114022416,1788382794776,receptive-sand-swan,2095093275627762155,1695275254850228224,false,
2095255470525022539,1788383375732,cosmic-root-grackle,,,,
2095255527362011549,1788382820345,diligent-brook-thrasher,2094931414391165329,1168637213250334721,true,
2095255552527942120,1788382826346,celebrated-ocean-seagull,2095243808824807453,2056515477304705024,true,
2095255584048103566,1788382833860,cheery-nutmeg-towhee,,,,
2095255596626833427,1788382836859,thriving-acorns-parrotlet,2095067970112573478,36969785,true,
2095255598451364328,1788382837295,great-mountain-brushturkey,,,,
2095255667640586422,1788382853790,zappy-winter-thicketbird,,,,
2095255692563083502,1788382859732,wholesome-raspberry-stilt,2095132819945075060,1199522589573554176,true,
2095255703849971865,1788382862424,wholesome-raspberry-stilt,2095234426930082037,1071484733543079936,true,
2095255709453549909,1788382863760,wholesome-raspberry-stilt,2095105113232679087,,true,
2095255714583195864,1788382864983,wholesome-raspberry-stilt,2095043455705645518,,true,
2095255730811277599,1788382985655,cosmic-root-grackle,2095162883109945582,2088374910473359360,true,
2095255844116148653,1788382895866,earnest-beech-nighthawk,2094919070827319652,835896083041644545,false,
2095255851351359612,1788382897590,thriving-acorns-parrotlet,2095173039566778437,36969785,true,
2095255866228228513,1788382901138,neighborly-rhubarb-chickadee,2095071340529127715,1975312654664409088,true,
2095255929344135416,1788382916185,astute-wind-stilt,2095030196386533721,1298360800378314755,false,
2095256096722259998,1788382956091,logical-sunlight-motmot,2095145900847091865,,true,
2095256347319357554,1788383015839,tremendous-savanna-kestrel,2095246475869757699,,true,
2095256423990984713,1788383034118,diligent-brook-thrasher,2095173526999204110,762649603615449088,true,
2095256433184960577,1788383036311,celebrated-ocean-seagull,,,,
2095256612973715601,1788383079175,cheery-nutmeg-towhee,2095240343339823476,1103097964371894272,true,
2095256731429265567,1788383107417,marvelous-spruce-crake,2095043124511101081,1218753915258208256,true,
2095256736420548710,1788383108607,great-mountain-brushturkey,2095238796673532081,,true,
2095256784038400406,1788383119960,zappy-winter-thicketbird,2095075464268153337,1219048560722837504,true,
2095256820268867679,1788383128598,transcendent-harvest-songlark,2094859851461513436,1649432778998464512,true,
2095256854687584668,1788383136804,cool-lowland-turkey,2094899697215295970,2033375809415847936,true,
2095256902032932892,1788383148092,shimmering-root-stork,2095198164991041544,87046442,true,
2095256914615791809,1788383151093,transcendent-harvest-songlark,2095112622555218315,1589533950137040898,true,
2095256980596154616,1788383166824,tectonic-sapling-treepie,2095063976228827427,,true,
2095257047625252986,1788383182804,commendable-moss-crimsonwing,2095127727833759925,1367209793686036482,true,
2095257094320726037,1788383193938,contemporary-granite-grassbird,2094957451447828825,758701597107032065,true,
2095257114922901951,1788383198849,motivational-seashore-kestrel,2095227785304539550,1513192636609404933,true,
2095257152181109143,1788383207732,shining-seedlings-owl,2094928376330957310,21692297,true,
2095257229406416966,1788383226144,celebrated-ocean-seagull,2095235500722229373,1559955798037594116,true,
2095257242798805417,1788383229337,shining-seedlings-owl,2095184358458192072,1720701343,true,
2095257246108160378,1788383230126,resilient-tomato-spurfowl,2091858762977902954,264124378,true,
2095257269122248840,1788383235613,cheery-nutmeg-towhee,,,,
2095257271324283187,1788383236138,neighborly-rhubarb-chickadee,,,,
2095257360251900037,1788383257340,celebrated-ocean-seagull,,,,
2095257437741744174,1788383275815,cheery-nutmeg-towhee,2094886601071685825,1746249977595039744,true,
2095257446445195770,1788383277890,tremendous-savanna-kestrel,2095127731713212786,110949757,true,
2095257464090603583,1788383482580,cosmic-root-grackle,2095130328482603153,1703340090796527616,false,
2095257487456817539,1788383287669,great-mountain-brushturkey,,,,
2095257511423025223,1788383293383,magnetic-glacier-grebe,,,,
2095257511633031646,1788383293433,nestling-mesa-frigatebird,2095192502072422634,100303868,true,
2095257523439960501,1788383296248,inquisitive-pecan-citril,2095074746266226698,1408882626056892425,true,
2095257546244157554,1788383301685,tremendous-savanna-kestrel,2095127657536979056,110949757,true,
2095257619120189781,1788383319059,easygoing-island-parrotlet,2095149376570278102,1271791252829138944,true,
2095257895080272051,1788383539896,cosmic-root-grackle,,,,
2095258134239703295,1788383441873,marvelous-spruce-crake,2095253607188688937,2904670229,true,
2095258166611054932,1788383449591,carefree-evergreen-penguin,2095076302671720770,374752807,false,
2095258295841996990,1788383480402,considerate-reef-firetail,2094785360928625117,917416223541022720,true,
2095258442499838107,1788383515368,funny-cliff-cotinga,2095254892960968732,1344356576786866176,true,
2095258751557157063,1788383589053,inclusive-bonsai-blackbird,2095075464268153337,1219048560722837504,true,
2095258787040932292,1788383597513,zappy-winter-thicketbird,,,,
2095258831563489339,1788383608128,temperate-juniper-seedeater,2095242860098425202,2009094999598845952,true,
2095258940422361094,1788383634083,neighborly-rhubarb-chickadee,,,,
2095258953827377373,1788383637278,diligent-brook-thrasher,2095178503020790156,2077886733790728192,true,
2095258972181737504,1788383641654,great-mountain-brushturkey,2095136037660226008,1928655272903585792,true,
2095258976292044866,1788383642634,celebrated-ocean-seagull,,,,
2095258993476223039,1788383646732,cheery-nutmeg-towhee,2095173316562600091,1429560247,true,
2095259032541974663,1788383656045,great-mountain-brushturkey,2095079094224380007,1240801003181690884,true,
2095259083292934397,1788383668145,zappy-winter-thicketbird,2095136221508907168,1973462248757583872,true,
2095259216298602748,1788383699857,neighborly-rhubarb-chickadee,2095186276634759426,1552546989371527169,true,
2095259222267031560,1788383701279,diligent-brook-thrasher,2095005926973464596,32817119,true,
2095259226583015450,1788383702309,celebrated-ocean-seagull,2095044376506360244,1170281873215545344,true,
2095259262339735638,1788383710834,valiant-hill-crossbill,2095234927625417151,1637666197788303360,true,false
2095259268832284831,1788383712381,cheery-nutmeg-towhee,2095234839612203420,138614979,true,
2095259349455413464,1788383731604,empathetic-riverbank-flameback,2095234752655634453,,false,false
2095259355650376140,1788383733080,realistic-avocado-mousebird,2095150931125952817,1370512037168697349,true,true
2095259372574142503,1788383737115,great-mountain-brushturkey,2095027843600109924,1503739829561004035,true,
2095259619044311330,1788383795878,clean-slope-seabird,2095101931853099099,2060934700139773952,false,
2095259644117581943,1788383801856,zappy-winter-thicketbird,2095254526181744793,1978242210488619008,true,
2095259680729706746,1788383810585,neighborly-rhubarb-chickadee,2095180392005259304,461888257,true,
2095259691462824255,1788383813144,diligent-brook-thrasher,2095218531898188156,,true,
2095259782613799138,1788383834876,genuine-grassland-waxbill,2094998903649177657,314233482,false,
2095259803710869769,1788383839906,enlightened-chestnut-gull,2094944644966871307,2032877151561596928,true,
2095259871142711419,1788383855983,celebrated-ocean-seagull,2095139509281382408,2049820396820774913,true,
2095260055788560437,1788383900006,neighborly-rhubarb-chickadee,2095232295439368374,3324689194,true,
2095260059525599510,1788383900897,great-mountain-brushturkey,2095232295439368374,3324689194,true,
2095260076105744509,1788383904851,diligent-brook-thrasher,,,,
2095260168359465319,1788383926845,celebrated-ocean-seagull,2095235161986068535,1865300573739753472,true,
2095260180145492460,1788383929655,zappy-winter-thicketbird,2095119825743892899,18927441,true,
2095260354960126457,1788383971334,excellent-coconut-shearwater,2095034900852473978,711935912,true,
2095260425042452555,1788383988044,neighborly-rhubarb-chickadee,,,,
2095260452938793105,1788383994694,cheery-nutmeg-towhee,2095249090028118166,977330545377071105,true,
2095260470194147769,1788383998808,diligent-brook-thrasher,2095076392824418580,131248798,true,
2095260471704342736,1788383999169,fantastic-papaya-barbet,2095120073862115582,15243058,false,
2095260563463086386,1788384021045,famous-woodland-eagle,2095213259930435900,42425411,true,
2095260783542141224,1788384073516,radiant-mango-treepie,2094346886685880664,,true,
2095261113470357907,1788384152177,great-mountain-brushturkey,2095168621270233191,2060624253872156672,true,
2095261143623147915,1788384159366,celebrated-ocean-seagull,2094871019655672214,1387110045272449029,true,
2095261326729691545,1788384203023,zesty-apricot-flowerpecker,2095192025142362393,855300206086168576,true,
2095261485731553755,1788384240931,cheery-nutmeg-towhee,2095200899601748365,1198537277615427584,true,
2095261535018905913,1788384252683,great-mountain-brushturkey,,,,
2095261788761620579,1788384313179,luminous-moonlight-flycatcher,2095219857734123724,1907145111802179584,true,
2095261807132741852,1788384317559,zappy-winter-thicketbird,2094907411400364139,1668531053739364352,true,
2095261855694438681,1788384329138,zappy-winter-thicketbird,2095218065705443682,2244121213,true,
2095261856709656968,1788384329379,incredible-cave-anhinga,2095242920953626872,1506753617424003074,true,
2095261968315662353,1788384355988,neighborly-rhubarb-chickadee,2095214260947173445,1593612031885824000,true,
2095261980000924052,1788384358775,diligent-brook-thrasher,2094986068298760442,1071484733543079936,true,
2095262008480321718,1788384365564,celebrated-ocean-seagull,2095215166501867783,1929977817384792065,true,
2095262333979525514,1788384443169,charming-seashore-lovebird,2095222324924752298,58570746,true,
2095262391625797759,1788384456913,congenial-ocean-firetail,2095235171914334370,2056920457090125824,true,
2095262397590118670,1788384458336,cheery-nutmeg-towhee,2095167188168749217,2271309260,true,
2095262408495321227,1788384460935,realistic-sunlight-quail,2094779722366345633,2048382605276405760,false,
2095262421967417355,1788384464146,entrancing-tide-flameback,2095218435550568478,1955754790845341701,true,
2095262600648876048,1788384506748,appreciative-ice-rooster,2095225117802422768,,true,
2095262681699660077,1788384526072,wholesome-raspberry-stilt,2095120226509554044,2050080583825448960,true,
2095262735206395959,1788384538830,graceful-mist-grassbird,2095207590414217256,1907145111802179584,true,
2095262795465929214,1788384553196,great-mountain-brushturkey,2095199310681948590,1514491427992051713,true,
2095262918908563737,1788384582627,memorable-roots-lark,2095042025443778917,1287767726870667265,true,
2095262931709518259,1788384585680,enlivened-lagoon-crane,2095258171455812046,1297651178256257024,true,
2095262941582930293,1788384588034,zappy-winter-thicketbird,2095211031677030523,1800623852998770691,true,
2095263131438026963,1788384633299,neighborly-rhubarb-chickadee,,,,
2095263300850172156,1788384673689,composed-beech-cardinal,2095229526024523989,80820758,true,
2095263344022184327,1788384683983,industrious-creek-stork,2094756160846930041,849550854529187841,true,
2095263361105547358,1788384688055,diligent-brook-thrasher,2095235171914334370,2056920457090125824,true,
2095263402881155426,1788384698015,chirpy-spring-cardinal,2095261734659383584,1938262633871822848,true,
2095263492232110100,1788384719319,celebrated-ocean-seagull,,,,
2095263507298341284,1788384722910,admirable-avocado-treerunner,,,,
2095263539858481596,1788384730673,majestic-summer-flycatcher,2095219542519578755,,true,
2095263810563064307,1788384795214,notable-frost-skimmer,2089406868301189530,47218790,true,true
2095264105213165767,1788384865464,artistic-ice-partridge,2095086584815354239,1709525326022529024,false,
2095264132081532974,1788384871870,cheery-nutmeg-towhee,2095250035088732529,216299334,true,
2095264170665242918,1788384881069,admirable-avocado-treerunner,2094031114990145741,1200732749981601794,true,true
2095264561695986074,1788384974298,terrestrial-glacier-swamphen,2095181199987572776,1325419982004637698,true,
2095264578238071296,1788384978242,encouraging-raisin-duck,2095137673002263031,1772551377119543296,true,
2095264673939554609,1788385001059,great-mountain-brushturkey,2095140096357826782,2003226818300755968,true,
2095264764440010887,1788385022637,graceful-elm-grackle,2095222800009019530,1966362493963341824,true,
2095264870375538858,1788385047893,neighborly-rhubarb-chickadee,2095074746266226698,1408882626056892425,true,
2095265139171737602,1788385111980,zappy-winter-thicketbird,2095184560480735385,2019541412149161984,true,
2095265372035301690,1788385167499,diligent-brook-thrasher,,,,
2095265393354936721,1788385172581,cheerful-avocado-stork,2095164867996955071,76766018,true,
2095265409909866959,1788385176529,celebrated-ocean-seagull,,,,
2095265463785689117,1788385189373,cheery-nutmeg-towhee,,,,
2095265572686606751,1788385215337,great-mountain-brushturkey,,,,
2095265574846714167,1788385215852,notable-orchard-cacholote,2095117789946110346,155891768,true,true
2095265626722115720,1788385324560,cosmic-root-grackle,2095212270112629155,358545917,true,
2095265640730775867,1788385231560,zappy-winter-thicketbird,,,,
2095265677841985683,1788385240408,diligent-brook-thrasher,2094832659218485574,1918678448173690881,true,
2095265735496917349,1788385254154,cosmic-basswood-nightjar,2094952526613287260,733679247064203265,false,
2095265801427157496,1788385269873,neighborly-rhubarb-chickadee,2095240360289030319,243097849,true,
2095265807592804668,1788385271344,celebrated-ocean-seagull,2094905423916892383,1518825521387237376,true,
2095265833010278739,1788385277403,diligent-brook-thrasher,2095184012473954604,1357544605999366145,true,
2095265934068031615,1788385437736,cosmic-root-grackle,2094601174850883604,2051621646507884544,true,
2095266013923168496,1788385457622,cosmic-root-grackle,2094886186539958617,15647676,true,
2095266100036440189,1788385341067,cheery-nutmeg-towhee,,,,
2095266152498733306,1788385353576,great-mountain-brushturkey,2095236727325466879,1603165118510030855,true,
2095266154927231317,1788385354155,zappy-winter-thicketbird,,,,
2095266180663836769,1788385511915,cosmic-root-grackle,2095177253529559453,5900252,true,
2095266186212544670,1788385361613,neighborly-rhubarb-chickadee,,,,
2095266377691025532,1788385407265,diligent-brook-thrasher,,,,
2095266383646843009,1788385408685,persistent-tigerwood-shearwater,2095199801486778489,,true,
2095266493302718895,1788385434829,approachable-chestnut-sandpiper,2094631492013973695,1079758669615648775,true,
2095266501242556645,1788385436722,celebrated-ocean-seagull,,,,
2095266568460468472,1788385452748,cheery-nutmeg-towhee,2095205571125198945,1809066811339780097,true,
2095266614589391118,1788386354479,cosmic-root-grackle,,,,
2095266867917046187,1788385676220,cosmic-root-grackle,2095252455529324667,1556145861486202880,true,
2095266886422335838,1788385528556,great-grass-scaup,2094788776622997995,1515803830738468870,true,
2095266923441484108,1788385537382,ardent-grapefruit-pelican,2094952161134412205,1199027328648527873,true,
2095267016361848944,1788385559537,eccentric-rock-goshawk,2095238943616700671,372812630,true,
2095267034435133683,1788385563846,magnetic-park-pratincole,2095236001333420062,1707808725736587265,true,
2095267084028489748,1788385575669,tectonic-sapling-treepie,2094886170865856740,31700619,true,
2095267131831078924,1788385587066,great-mountain-brushturkey,2095213050366218401,,true,
2095267134448570645,1788385587691,entrancing-tide-flameback,2095241968284770639,1878565852942938114,true,false
2095267173384040676,1788385596973,zappy-winter-thicketbird,2095113813947252852,1778110452335095808,true,
2095267212991013125,1788385606416,fancy-fir-hawk,2095228526358073853,396736163,false,
2095267277897654469,1788385621891,neighborly-rhubarb-chickadee,2095259529927659732,2044903826574983168,true,
2095267331643412731,1788385634705,exciting-acorn-seabird,2094831195439951971,108839094,true,
2095267352212631770,1788385639610,entrancing-tide-flameback,2095220784608194973,,true,false
2095267379110654197,1788385646022,cool-acorn-seagull,2095168773871260001,1298624375692894210,false,
2095267475667419641,1788385669043,diligent-brook-thrasher,2095241361872089398,1986561666566529026,true,
2095267500661358838,1788385675002,tectonic-sapling-treepie,2095215529128611881,1973490757026848768,true,
2095267505401147847,1788385798979,cosmic-root-grackle,2095212921676615840,1843659927027372032,true,
2095267539446063411,1788385684250,celebrated-ocean-seagull,2095188056831569981,,true,
2095267681750401448,1788385718177,cheery-nutmeg-towhee,2095239492940759521,2937814300,true,
2095267779985187125,1788385741598,,2095133111461740901,,true,
2095267869864923313,1788385763027,imaginative-grass-grassbird,2095201010025160819,42176166,true,
2095267871840428157,1788385763498,noble-eucalyptus-nightingale,2095042579058577723,294265915,true,
2095268220051808574,1788386120162,cosmic-root-grackle,2095218400851100111,1261335549215989760,false,
2095268272664907926,1788385859062,cheery-nutmeg-towhee,2094993589067784236,2024095006588555264,true,
2095268398288499067,1788385889013,cheery-rainfall-mousebird,2095167524111323390,20116905,true,
2095268434879947047,1788385897737,revered-winter-sandpiper,2095201846058987983,4627222575,false,
2095268561023287534,1788385927813,great-mountain-brushturkey,,,,
2095268719131808117,1788385965508,zappy-winter-thicketbird,2095153325142663483,1702750026986921985,true,
2095268725393883333,1788385967001,,2094861351042625884,1261335549215989760,true,
2095268731328794854,1788385968417,neighborly-rhubarb-chickadee,2095160408625803589,,true,
2095268821489606659,1788385989913,diligent-brook-thrasher,2094742104882978891,,true,
2095268939349586234,1788386018012,great-mountain-brushturkey,2095203246105104780,1484061706556956672,true,
2095268941341831525,1788386018487,sensational-rose-mockingbird,2095150972460753319,1976096996172902400,true,true
2095268941375385611,1788386018495,celebrated-ocean-seagull,2095203246105104780,1484061706556956672,true,
2095268942759477355,1788386018825,exquisite-elm-toucan,2095131869889368507,1367209793686036482,true,
2095268962095219195,1788386023435,zappy-winter-thicketbird,,,,
2095268985713590332,1788386029067,knowledgeable-nutmeg-wheatear,2095083376386417136,456136267,false,
2095269092831711270,1788386054606,cheery-nutmeg-towhee,2095182362552205816,,true,
2095269121902436763,1788386061536,magnetic-willow-bushlark,2094847442479124486,1725090343606222848,true,
2095269143746679180,1788386066745,original-fjord-kingfisher,2095222324924752298,58570746,false,
2095269173320429638,1788386073795,easygoing-island-parrotlet,2095214260947173445,1593612031885824000,true,
2095269185861321010,1788386076785,miraculous-ocean-penguin,2095127143545999667,,false,false
2095269212893651281,1788386083230,great-mountain-brushturkey,2094877882661110046,2010499752069353472,true,
2095269276852588618,1788386098479,flexible-marble-finch,2095234752655634453,,true,
2095269374059758044,1788386121656,upstanding-kiwi-flamingo,2095164987190698388,459362054,true,
2095269400811102463,1788386128033,zappy-winter-thicketbird,2095223409378558088,1840170209371422720,true,
2095269405022200220,1788386129041,neighborly-rhubarb-chickadee,2095262528313921646,1486409484297773063,true,
2095269522089390281,1788386156948,,2095027843600109924,1503739829561004035,true,
2095269636325392830,1788386184184,neighborly-rhubarb-chickadee,2095225514604847300,1431309811807756330,true,
2095269638321979646,1788386184660,great-mountain-brushturkey,2095225514604847300,1431309811807756330,true,
2095269663928127522,1788386190765,zappy-winter-thicketbird,2095150420586815700,116247695,true,
2095269693930009079,1788386197918,neighborly-rhubarb-chickadee,2095194270105813406,160930204,true,
2095269723734941717,1788386205024,festive-raspberry-bushlark,2095250844916539667,880602945632575488,true,
2095269754307063890,1788386725465,cosmic-root-grackle,,,,
2095269829104075079,1788386230146,diligent-brook-thrasher,2095119809960624244,1537967881241014272,true,
2095269839246102877,1788386731882,cosmic-root-grackle,2095181574589538764,1859262706814996481,true,
2095269840831311988,1788386232942,enterprising-sea-drongo,2095267193281810893,1879644163769335808,true,
2095270031349485855,1788386278365,electric-wood-quail,2094991633943040100,892662371147104256,true,
2095270072898240899,1788386455355,cosmic-root-grackle,,,,
2095270152786870428,1788386307318,celebrated-ocean-seagull,2095202504531410992,1825757098807803904,true,
2095270182511894933,1788386314405,cheery-nutmeg-towhee,2095035555834695989,,true,
2095270306071892175,1788386343865,observant-canyon-nighthawk,2095201010025160819,42176166,true,
2095270450775621745,1788386378365,personable-peach-toucan,2095234752655634453,,false,false
2095270482949935426,1788386386035,hypnotic-pineapple-sandpiper,2095232708213391499,,false,
2095270536666308635,1788386924937,cosmic-root-grackle,,,,
2095270570279436296,1788386406856,great-mountain-brushturkey,2095199801486778489,,true,
2095270609445912674,1788386416194,zappy-winter-thicketbird,2095038025554329672,1967882953981378560,true,
2095270621684846809,1788386419112,notable-cypress-antwren,2095194195522687307,,true,true
2095270633340874879,1788386421891,neighborly-rhubarb-chickadee,2095181070488514919,,true,
2095270716182815026,1788386653292,cosmic-root-grackle,2095204931443576929,63485337,false,
2095270783337763257,1788386457653,motivated-hazelnut-kestrel,2094440145013395457,22795270,true,
2095270804996984971,1788386462817,diligent-brook-thrasher,2095235300351959283,1979218771584634880,true,
2095270933183271078,1788386493379,lionhearted-dune-peacock,2095145972053524956,753424463560052736,true,
2095271013617488010,1788386512556,celebrated-ocean-seagull,2095245227640635756,2064899164996059136,true,
2095271019086831719,1788386513860,cheery-nutmeg-towhee,2094910076704440823,240149769,true,
2095271203447410804,1788386557816,witty-cove-crow,2095103806207856858,2079499135661506560,true,
2095271203988558143,1788386557944,great-mountain-brushturkey,2095164696416473380,468616301,true,
2095271248037101947,1788386568446,diligent-brook-thrasher,2095212921676615840,1843659927027372032,true,
2095271250301980910,1788386568986,zappy-winter-thicketbird,2095212921676615840,1843659927027372032,true,
2095271294581280781,1788386579544,neighborly-rhubarb-chickadee,2095203195060380118,,true,
2095271300918812758,1788386581054,diligent-brook-thrasher,,,,
2095271613864329305,1788386655666,celebrated-ocean-seagull,2095157298578719018,177101260,true,
2095271631216107606,1788386659804,cheery-nutmeg-towhee,2095251236681662558,,true,
2095271646101680485,1788386663353,wholesome-raspberry-stilt,2095074746266226698,1408882626056892425,true,
2095271659108188598,1788386666454,wholesome-raspberry-stilt,2095254892960968732,1344356576786866176,true,
2095271685561765960,1788386672761,great-mountain-brushturkey,2095204009686491432,1568741296969228290,true,
2095271812024135958,1788386702912,zappy-winter-thicketbird,2094834034039722203,1152772971674701824,true,
2095271822333718951,1788386705370,celebrated-ocean-seagull,2095218852108148793,1458342747291672576,true,
2095271824841961909,1788386705967,neighborly-rhubarb-chickadee,2095218852108148793,1458342747291672576,true,
2095271872833159537,1788387273987,cosmic-root-grackle,2094593108755562927,1518709627927633920,false,
2095271894186426509,1788386722500,diligent-brook-thrasher,2095252455529324667,1556145861486202880,true,
2095271985450189069,1788386890958,cosmic-root-grackle,2095194347675558034,1919498700394737664,true,
2095272044233367597,1788386758274,transparent-rock-macaw,2094337805946155115,757033567851581440,true,
2095272178333700561,1788386790247,celebrated-ocean-seagull,2095225583982854520,722593826955599872,true,
2095272226006167906,1788386801613,logical-seashore-petrel,2095223599141474815,2223904616,true,
2095272250584727996,1788386807473,cheery-nutmeg-towhee,,,,
2095272275473777007,1788386813407,dauntless-mangrove-puffleg,2094063876304249018,,true,
2095272378943070586,1788386838075,neighborly-rhubarb-chickadee,2095134171576570220,2012572931352588291,true,
2095272451043471841,1788386855265,transparent-berry-stork,2091833819863421233,58797818,true,
2095272460857844092,1788386857606,cheery-nutmeg-towhee,2095149627683041326,1604687316257210372,true,
2095272509914358198,1788386869301,great-mountain-brushturkey,,,,
2095272843848159675,1788386948917,hip-rhubarb-crow,2095111433004757204,1152570772910571525,true,
2095273074962702459,1788387004019,cozy-coconut-finfoot,,,,
2095273372636623155,1788387074990,celebrated-ocean-seagull,2095232218645909979,4441357661,true,
2095273518858395997,1788387109853,zappy-winter-thicketbird,2095257416686559574,,true,
2095273543986536681,1788387115844,cheery-nutmeg-towhee,2095109114707763498,1775604514717937664,true,
2095273550743478586,1788387117454,groovy-star-warbler,2095215313432306066,76766018,true,true
2095273811620848036,1788387179652,invigorated-roots-chicken,2095216310388974067,2016263931048722432,true,
2095273818012995650,1788387181177,neighborly-rhubarb-chickadee,2095249925655150743,1988211124735746048,true,
2095274059625857039,1788387238782,diligent-brook-thrasher,2095194195522687307,,true,
2095274078957449643,1788387243390,tectonic-raisin-lovebird,2093781157414670716,1474932160507580416,false,
2095274101178864047,1788387248688,celebrated-ocean-seagull,2095253504117944689,1617225153468940289,true,
2095274107491217551,1788387250193,cheery-nutmeg-towhee,2094991633943040100,892662371147104256,true,
2095274130140754103,1788388470784,cosmic-root-grackle,2092812526924759089,1259862054,false,
2095274186855813591,1788387269116,great-mountain-brushturkey,2095135610377781647,1976096996172902400,true,
2095274239381111067,1788387281638,zappy-winter-thicketbird,2095264634882396658,1356206908680458242,true,
2095274271836602550,1788387289376,neighborly-rhubarb-chickadee,2095122303797363113,1860095792,true,
2095274283219984863,1788387292090,diligent-brook-thrasher,2094912432804372667,1978353119223488512,true,true
2095274293026226563,1788387294429,celebrated-ocean-seagull,,,,
2095274522962428124,1788387349249,observant-hill-eagle,2095256223830389197,,true,
2095274626649637270,1788387373970,cheery-nutmeg-towhee,2095225866595033424,1983683948208328704,true,
2095274652339687725,1788387380095,great-mountain-brushturkey,2095124555752783878,1487500383337566211,true,
2095274674628239687,1788387385409,hypnotic-papaya-mockingbird,2094814032523911231,2439192133,false,
2095274684199678437,1788387387691,zappy-winter-thicketbird,,,,
2095274760104018148,1788387405788,phenomenal-shoreline-dipper,2095197725008777594,2027843808139087875,true,
2095274826436940121,1788387421603,great-mountain-brushturkey,2095107329012154593,459496578,true,
2095274835442356271,1788387423751,eccentric-rock-goshawk,2094350392876228663,68740712,true,
2095274846125179228,1788387691638,cosmic-root-grackle,,,,
2095274919021957186,1788387612804,cosmic-root-grackle,,,,
2095274976383287671,1788387457354,neighborly-rhubarb-chickadee,,,,
2095275040291827941,1788387472590,diligent-brook-thrasher,2095226853430890609,37491797,true,
2095275297440407591,1788387533899,celebrated-ocean-seagull,2095230651930747052,,true,
2095275417393402346,1788387562498,cheery-nutmeg-towhee,2095268992982110684,1261335549215989760,true,true
2095275568325427595,1788387598483,great-mountain-brushturkey,,,,
2095275594288165337,1788387604674,invigorated-rock-logrunner,2095008041284612119,1649307265240006656,false,
2095275675003289856,1788387623918,zappy-winter-thicketbird,2095194347675558034,1919498700394737664,true,
2095275758260297919,1788387643767,neighborly-rhubarb-chickadee,2095217553966608700,403958610,true,
2095275827004846225,1788387660157,diligent-brook-thrasher,,,,
2095275853710016626,1788387666525,celebrated-ocean-seagull,2095117789946110346,155891768,true,
2095275865923862570,1788387669437,cheery-nutmeg-towhee,2095226213786923243,1814320148976955392,true,
2095275891605618896,1788387675559,great-mountain-brushturkey,2095225038962065599,1868907883527618560,true,
2095275973713215512,1788387828449,cosmic-root-grackle,2095241544143933445,1364555841752432643,true,
2095276140935958780,1788387735004,zappy-winter-thicketbird,,,,
2095276143121191381,1788387735526,neighborly-rhubarb-chickadee,,,,
2095276251933983178,1788387761468,placid-water-raven,2094272990133260320,2094267144150159360,true,
2095276268463759810,1788387765410,interesting-water-sparrowhawk,2094894914303668471,1446591064777936897,true,
2095276273463357951,1788387766602,neighborly-rhubarb-chickadee,2095143455404290192,1030711922,true,
2095276294900441234,1788387771713,diligent-brook-thrasher,2095119491420111147,1812277954992287745,true,
2095276346712756420,1788387784065,celebrated-ocean-seagull,2095249171280167245,1386479311788466177,true,
2095276356330209380,1788387786358,strong-aspen-gull,2095134798368882970,1805019807265562624,false,
2095276692793131152,1788387866577,cheery-nutmeg-towhee,2095245216391348466,2902821,true,
2095276779220979986,1788389661806,cosmic-root-grackle,2095185123259892098,1654135655239221248,false,
2095276796090417607,1788387891206,great-mountain-brushturkey,2095178503020790156,2077886733790728192,true,
2095276824720724374,1788387898031,zappy-winter-thicketbird,,,,
2095276833491026182,1788387900122,neighborly-rhubarb-chickadee,2094932565618799046,1589366709592690688,true,
2095276853464297678,1788387904884,diligent-brook-thrasher,2095157547955360241,1966932338044268555,true,
2095276864407294335,1788387907493,diligent-brook-thrasher,2095079094224380007,1240801003181690884,true,
2095276970481209714,1788387932783,placid-water-raven,2095125017394589710,2094267144150159360,true,
2095277006262841836,1788387941314,intelligent-peachtree-condor,2095164190193295722,1496033567847112704,true,
2095277039456542725,1788387949228,celebrated-ocean-seagull,2094910254261711078,2568448375,true,
2095277168968515850,1788387980106,placid-water-raven,2094696403742154917,2094267144150159360,true,
2095277175221965141,1788387981597,cheery-nutmeg-towhee,2095210235233284360,2026279235623833600,true,
2095277268474216721,1788388003831,appreciative-tomato-hummingbird,2094666710708040022,1527248400881790977,true,
2095277321317937241,1788388016430,great-mountain-brushturkey,2095251199041982497,1506123659441848321,true,
2095277367337906513,1788388027401,fabulous-birch-sparrow,2094075379925315597,2081795103719292929,false,
2095277758205120703,1788388120591,celebrated-ocean-seagull,,,,
2095277761422303385,1788388121358,luminous-rainforest-citril,2095248176747827610,2380776511,true,
2095278005157265802,1788388179470,blissful-mountain-oriole,2095271753366782120,946218357551853569,true,false
2095278106726547526,1788388203685,blissful-mountain-oriole,2095271911236259885,375721095,true,false
2095278239526625606,1788388235347,zappy-winter-thicketbird,2095241544143933445,1364555841752432643,true,
2095278253988557190,1788388238795,cozy-poplar-nightjar,2095220982952698064,1818370836195426305,true,
2095278270321160532,1788388242689,original-canyon-thrasher,2095272735001776399,345541064,true,
2095278287496839452,1788388246785,wholesome-raspberry-stilt,2095103806207856858,2079499135661506560,true,true
2095278296241987735,1788388248869,wholesome-raspberry-stilt,2095174056479744414,2049325768619053056,true,
2095278394464473117,1788388272287,cool-seawater-chicken,2094906126441603553,70174349,true,
2095278447493013746,1788388284931,independent-mango-cormorant,2094801719880478728,1955189819078045696,true,
2095278506724790545,1788388299052,spunky-spring-hillstar,2095201010025160819,42176166,true,
2095278575612014944,1788388315476,neighborly-rhubarb-chickadee,2095184514431803506,1644425579498983425,true,
2095278589138595876,1788388318701,diligent-brook-thrasher,2095232956428062829,,true,
2095278655349850179,1788388334487,celebrated-ocean-seagull,,,,
2095278777425141830,1788388363592,logical-mango-seagull,2095253062570942792,37193704,true,
2095279357581545586,1788388501912,flowing-earth-owl,2090341338461942078,1894290190946242560,true,
2095279465483977105,1788389029465,cosmic-root-grackle,2095077842350755857,860844655700828160,true,
2095279583599714527,1788388555799,powerful-lychee-lovebird,2095237741709504977,1595318554844434433,true,
2095279589794754966,1788388706119,cosmic-root-grackle,,,,
2095279635974311939,1788388568286,enterprising-trail-stork,2095262424873968022,1600396060471459840,true,
2095279653229314259,1788388572400,civil-grassland-goshawk,2094986537138061430,1291056313104052224,true,
2095279786574696586,1788388604193,cheery-nutmeg-towhee,2095215343287353407,,true,
2095279815662113014,1788388611127,great-mountain-brushturkey,2095269048414060765,1959034186410450944,true,
2095279907035115843,1788388632912,sturdy-cloud-seagull,2095168945527341101,15862891,true,
2095280021459906595,1788388660193,zappy-winter-thicketbird,2094999543893078017,2468224106,true,
2095280127290552518,1788388685425,insightful-blossom-flatbill,2095271753366782120,946218357551853569,false,
2095280233859445092,1788388710833,cheery-nutmeg-towhee,2095177497033728134,1514536620762054661,true,
2095280435072733231,1788388758806,neighborly-rhubarb-chickadee,,,,
2095280485714837587,1788388770881,diligent-brook-thrasher,2095233291217522730,1796509639074332672,true,
2095280546465083774,1788388785364,frank-horseradish-softbill,2095220140988366955,2317862234,false,
2095280894055428107,1788388868237,insightful-blossom-flatbill,2095271911236259885,375721095,false,
2095280901206995299,1788388869941,enchanting-seedlings-grackle,2095221636660441301,4314244692,true,
2095281027690184890,1788388900097,celebrated-ocean-seagull,2094832387524063739,2051621646507884544,true,
2095281061013938490,1788389086799,cosmic-root-grackle,,,,
2095281202236191167,1788388941712,cheery-nutmeg-towhee,2095155695469609165,1157982221275471874,true,
2095281252622270472,1788388953725,gentle-valley-meadowlark,2095253560065695877,1295862146052403200,true,
2095281288768864263,1788388962343,intelligent-raspberry-brownbul,2095271753366782120,946218357551853569,false,
2095281395782275227,1788388987858,great-mountain-brushturkey,2094944644966871307,2032877151561596928,true,
2095281428397183087,1788389227862,cosmic-root-grackle,,,,
2095281513780711494,1788389015990,fearless-brook-bluebird,2094338473004249237,1804447415254327296,true,false
2095281595775082900,1788389035539,zappy-winter-thicketbird,2095264383005856183,1568871671074889728,true,
2095281666147115293,1788389052317,diligent-brook-thrasher,2095188985760903529,1291128494,true,
2095281686749524400,1788389499232,cosmic-root-grackle,2094924896379834761,1721296328200687616,false,
2095281780681069030,1788389079624,cozy-coconut-finfoot,,,,
2095281826675696074,1788389090590,celebrated-ocean-seagull,2094849225871745445,2723008215,true,
2095281939284673000,1788389117439,gregarious-blueberry-finfoot,2094357401298244069,,true,
2095282115382243815,1788389159424,jazzy-holly-chickadee,2095211209704235510,10671602,true,
2095282129244422312,1788389162728,inclusive-samba-penguin,2095182340670820446,1667790782,true,
2095282132163735774,1788389163424,determined-magnolia-parrotlet,2094856837887889541,,false,
2095282206016946577,1788389181032,amiable-island-hornbill,2094818113334448528,4878610324,true,
2095282230474264891,1788389186863,transcendent-holly-snowfinch,2095165212710375738,1494614063317352451,true,
2095282320529817971,1788389208334,great-mountain-brushturkey,2095184560480735385,2019541412149161984,true,
2095282381070471312,1788389222768,cheery-nutmeg-towhee,2095119241825427703,88821001,true,
2095282497223364962,1788389250462,inventive-pond-kingbird,2095217222155198482,1881451105454002176,true,
2095282518522241470,1788389428126,cosmic-root-grackle,2094734042432512094,57550321,false,
2095282554290999372,1788389264067,amazing-ocean-conebill,2094842988354748690,55010030,true,
2095282757773516885,1788389312581,great-mountain-brushturkey,2095253697936929219,811087555970166785,true,
2095282782532473281,1788389318484,zappy-winter-thicketbird,2094861891927515520,,true,
2095282906210193477,1788389347971,focused-desert-kite,2095008041284612119,1649307265240006656,true,false
2095283241359978939,1788389427877,effervescent-watermelon-lapwing,2095249668427190315,63546810,true,
2095283354698485974,1788389976336,cosmic-root-grackle,2094549290953715717,1026549584963747846,false,
2095283366077837591,1788389457612,striking-moon-wren,2095222800009019530,1966362493963341824,false,
2095283593845096737,1788389511916,pleasant-blueberry-ostrich,2095203955315798083,2349165804,false,
2095283644231250340,1788389523929,tremendous-lagoon-ibis,2095201171614953851,1866039935150796800,true,
2095283726032703545,1788389543432,welcoming-ice-flameback,2095222684124655648,2405837416,true,
2095284056388714611,1788389622196,neighborly-rhubarb-chickadee,,,,
2095284092065460533,1788389630702,approachable-savanna-lark,2094338473004249237,1804447415254327296,false,
2095284112190054486,1788389635499,trusting-fjord-quail,2095192700655993135,1744914697969610752,true,
2095284213826142247,1788389659731,diligent-brook-thrasher,2095272149338735030,1558178660150042624,true,
2095284304167510312,1788389681270,hip-pond-crow,2095164867996955071,76766018,true,true
2095284324476260559,1788389686112,determined-fir-macaw,2095095271764201651,1101740553132261377,true,
2095284349583475179,1788389692099,enterprising-trail-stork,2095245997618151858,492512534,true,
2095284418499809668,1788389708529,celebrated-ocean-seagull,,,,
2095284640558801293,1788389761473,cheery-nutmeg-towhee,2095235476982575408,2021276079994880000,true,
2095284670539714970,1788389768620,amiable-nectarine-lapwing,2094997856151097417,139759155,true,
2095284677015712192,1788389770165,great-mountain-brushturkey,2094969914805420213,,true,
2095284720720355758,1788389780584,zappy-winter-thicketbird,2095155960419414441,,true,
2095284808117354557,1788389801421,fearless-sandalwood-grebe,2095230793958191462,2090210090259185664,true,
2095284838903558412,1788389975524,cosmic-root-grackle,,,,
2095284926438388208,1788389829631,zappy-winter-thicketbird,,,,
2095284950362653121,1788389835336,neighborly-rhubarb-chickadee,2095266726690673144,,true,
2095284959384650019,1788389837486,diligent-brook-thrasher,2095144983447966007,1603605213537243136,true,
2095285128612503942,1788389984293,cosmic-root-grackle,2095166125923324204,28214922,false,
2095285160639934505,1788389885469,celebrated-ocean-seagull,2095134467908083846,2311748960,true,
2095285408460345570,1788389944555,determined-magnolia-parrotlet,2094965343101829156,1858020975918424064,false,
2095285410016408035,1788389944925,cheery-nutmeg-towhee,2095177769202422136,,true,
2095285549107957801,1788390103574,cosmic-root-grackle,2095167128844603507,2490427410,true,
2095285551028916229,1788389978545,uplifting-vine-ibis,2095151380369465685,17995040,true,false
2095285699977117746,1788390014057,great-mountain-brushturkey,,,,
2095285725784584588,1788390020210,zappy-winter-thicketbird,2095158602877272363,275968369,true,
2095285761176174694,1788390028648,neighborly-rhubarb-chickadee,,,,
2095285775868821759,1788390032151,masterful-frost-hillstar,2095168945527341101,15862891,true,true
2095285982715097342,1788390081467,,2095052208777625863,1082929699855179776,true,
2095286053141651686,1788390098259,celebrated-ocean-seagull,,,,
2095286122943283556,1788390114900,cheery-nutmeg-towhee,2094924896379834761,1721296328200687616,true,
2095286478305660994,1788390199626,great-mountain-brushturkey,2095256494812131426,1418906990265475074,true,
2095286484467126372,1788390201094,zappy-winter-thicketbird,2095258841159962876,1840138620813860864,true,
2095286487419891817,1788390201798,neighborly-rhubarb-chickadee,,,,
2095286516390170826,1788390208705,dauntless-poplar-raven,1963316571104842096,16228398,true,
2095286526800167182,1788390211187,masterful-frost-hillstar,2094856859765412248,52343890,true,
2095286569401995382,1788390221344,authentic-cherry-seabird,2095052208777625863,1082929699855179776,true,
2095286572044189757,1788390221974,diligent-brook-thrasher,,,,
2095286629241946285,1788390235611,celebrated-ocean-seagull,2095155427751371195,2024095006588555264,true,
2095286721751449744,1788390257667,cheery-nutmeg-towhee,2095208251373588630,2244121213,true,
2095286775828648230,1788390270560,great-mountain-brushturkey,2095077641778807218,1456713055740604416,true,
2095286777321865673,1788390270916,celebrated-basswood-kingfisher,2072757429948047457,1460502648290000900,true,
2095286788403155144,1788390273558,easygoing-island-parrotlet,2095139509281382408,2049820396820774913,true,
2095286801783009551,1788390276749,zappy-winter-thicketbird,2094877763152879762,15859912,true,
2095286847115313297,1788390287557,alert-avocado-dove,2095139088290414603,91025970,true,
2095286884138103090,1788390296384,pleasant-granite-conebill,2095208314489491588,2039809794551222272,true,
2095286908578308455,1788390302210,neighborly-rhubarb-chickadee,2095161387920003314,3888491,true,
2095287028732584248,1788390330857,poetic-evergreen-woodpecker,2092731746739536335,331672974,true,
2095287117169442882,1788390351943,diligent-brook-thrasher,,,,
2095287379288334709,1788390414436,neighborly-rhubarb-chickadee,2095110983974818226,734413602,true,
2095287434674360357,1788390427641,neat-conifer-sandpiper,2095268301081575449,,true,
2095287487971422340,1788390440349,authentic-cherry-seabird,2095161996270285085,15450996,true,
2095287903261712809,1788390539361,chirpy-bonsai-leaflove,2095262123651989918,1506123659441848321,true,
2095287923323088951,1788390544144,celebrated-ocean-seagull,2095189802333159552,66788607,true,
2095287939689328941,1788390548046,diligent-brook-thrasher,2095228369894072412,1719185846,true,
2095287952012202256,1788390550985,meticulous-pine-quetzal,2095229341051343356,,false,
2095288184892485837,1788390606507,accomplished-melon-warbler,2094906126441603553,70174349,false,
2095288193616588862,1788390608587,cheery-nutmeg-towhee,2095239976867058102,1819438797219835904,true,true
2095288211345903971,1788390612814,great-mountain-brushturkey,2095112345966227877,1511974277113085953,true,
2095288213623419176,1788390613358,celebrated-ocean-seagull,2095112345966227877,1511974277113085953,true,
2095288266413191196,1788391339942,cosmic-root-grackle,,,,
2095288287967551954,1788390631082,nice-autumn-macaw,2095264865845719305,17163446,true,
2095288399330500830,1788390657633,zappy-winter-thicketbird,2095265810109354225,1855051575213129728,true,
2095288474509201881,1788390675557,neighborly-rhubarb-chickadee,,,,
2095288502996844962,1788390682350,diligent-brook-thrasher,2095109518044917850,2549807107,true,
2095288736271434168,1788390737966,celebrated-ocean-seagull,2095196782883934462,2755075077,true,
2095288858699071924,1788390767155,cheery-nutmeg-towhee,2094923264036413881,2475453187,true,
2095289008418861240,1788390802851,colorful-sandalwood-conebill,2095281842991792282,1056053249470541824,false,
2095289107123494923,1788390826384,cheery-nutmeg-towhee,,,,
2095289129894338766,1788390831813,great-mountain-brushturkey,2095271250834641319,1275912771905953792,true,
2095289371046166596,1788390889309,tectonic-tigerwood-conebill,2095256223830389197,,false,
2095289442328027302,1788390906303,zappy-winter-thicketbird,2095115830908350626,2407554833,true,
2095289494866182598,1788390918830,enjoyable-mango-sandgrouse,2095108223355253018,1387110045272449029,true,
2095289592844865976,1788391281097,cosmic-root-grackle,2095222337788641424,2089451974689210368,false,
2095289657106034879,1788390957510,electric-banana-partridge,2095142965580800462,,true,
2095289902514536667,1788391016020,brawny-redwood-waxbill,2095014159922438320,205565258,true,
2095289968067239986,1788391031649,flourishing-sun-spurfowl,2095223820512535017,,true,true
2095290022421303490,1788391044609,cozy-coconut-finfoot,2095289916682899840,,true,
2095290177346244811,1788391081545,neighborly-rhubarb-chickadee,,,,
2095290346221588868,1788391121808,diligent-brook-thrasher,2095181386609270824,1539486638614917120,true,
2095290366781976730,1788391126710,radiant-rain-songlark,2094802751456723396,1860344765138493440,true,
2095290450521288804,1788391146676,brawny-redwood-waxbill,2095290178726240257,205565258,true,
2095290471782171010,1788391151744,great-mountain-brushturkey,,,,
2095290537997644288,1788391167531,celebrated-ocean-seagull,,,,
2095290540426137645,1788391168111,cheery-nutmeg-towhee,2095251178862809287,1746694144829927424,true,
2095290583090651337,1788391593890,cosmic-root-grackle,2095217050738155534,2084450648423034880,false,
2095290602619306463,1788391182938,great-mountain-brushturkey,,,,
2095290636257591337,1788391190958,zappy-winter-thicketbird,2095126894286909800,,true,
2095290666800619888,1788391198240,neighborly-rhubarb-chickadee,2094990162375913645,1380878566225678339,true,
2095290704750649459,1788391207288,diligent-brook-thrasher,,,,
2095291150651503051,1788391313599,cool-seawater-emu,2095201970432958484,1692341471108898816,true,
2095291217521025367,1788391329542,celebrated-ocean-seagull,2094866225012646062,1990484759752130560,true,
2095291420194083238,1788391377863,cheery-nutmeg-towhee,2095279051976155217,1470240646346809345,true,true
2095291423306195125,1788391541362,cosmic-root-grackle,2094770233886097914,969220367456833536,false,
2095291529208398206,1788391403854,witty-lumber-macaw,2095281842991792282,1056053249470541824,false,
2095291566130610342,1788391412657,nimble-ocean-swift,2095229068191101323,1773213399306153984,false,
2095291664696750318,1788391436157,radiant-mango-treepie,2092095771357388824,1354809155081576454,true,
2095291683458175168,1788392003212,cosmic-root-grackle,2092865513705660603,,true,
2095291721525366842,1788391449706,great-mountain-brushturkey,,,,
2095291841797079095,1788391478381,civil-maple-kite,2095020033001013650,2052191510318522368,true,
2095291846775746693,1788391479568,zappy-winter-thicketbird,2095180808462143566,1127249043988652032,true,
2095291931483914494,1788391499764,passionate-ocean-cockatoo,2095156720926347419,1946493695764869120,true,
2095291965294129661,1788391507826,neighborly-rhubarb-chickadee,2095129592839197088,174019199,true,
2095291993647640615,1788391514585,remarkable-cactus-tailorbird,2093873635488313384,1639087838464471041,true,
2095292191341948959,1788391561719,diligent-brook-thrasher,2095156720926347419,1946493695764869120,true,
2095292360347292027,1788391602014,celebrated-ocean-seagull,2095135610377781647,1976096996172902400,true,
2095292365473038416,1788391603236,logical-sunlight-motmot,2095290193968513033,197246472,true,
2095292467021037639,1788391627446,celebrated-ocean-seagull,2095253923192082777,858774012402556929,true,
2095292500537684202,1788391635438,cheery-nutmeg-towhee,2095272067704721499,41468683,true,true
2095292532842168514,1788391774829,cosmic-root-grackle,2095234058187866381,2579571584,true,
2095292809477869889,1788391709094,groovy-oak-woodpecker,2095074168102338823,856590732907433985,true,
2095292993972658313,1788391753081,peppy-marmalade-eagle,2095267145449869511,1732795324194799616,true,
2095293030852936027,1788391761874,overjoyed-lemon-catbird,2095154190427230635,1520538467603820544,true,
2095293138319392879,1788391787496,great-mountain-brushturkey,2094901043603906965,2865656340,true,
2095293235560092095,1788392011588,cosmic-root-grackle,,,,
2095293287238177189,1788391823002,zappy-winter-thicketbird,2095272303462367726,,true,true
2095293324131512802,1788391831798,modern-acorn-seagull,,,,
2095293453198610929,1788391862569,trusting-fjord-quail,2095112345966227877,1511974277113085953,true,
2095293513114038557,1788391876854,neighborly-rhubarb-chickadee,2095215289927630913,2968451607,true,
2095293518382006310,1788391878111,diligent-brook-thrasher,2095254895863505050,41468683,true,
2095293705976758473,1788392106787,cosmic-root-grackle,,,,
2095293720589377808,1788391926320,celebrated-ocean-seagull,2095222337788641424,2089451974689210368,true,
2095293880241652041,1788391964385,modern-acorn-seagull,2095145900847091865,,true,
2095293899832983762,1788391969055,cheery-nutmeg-towhee,2095138697654288592,2072383856855101440,true,
2095293934167572956,1788391977241,articulate-granite-nightjar,2094914925391233055,1200616796295847936,true,
2095293941901938984,1788391979085,great-mountain-brushturkey,2095201269375959311,,true,
2095294263160361282,1788392055680,zappy-winter-thicketbird,,,,
2095294731693527084,1788392167386,neighborly-rhubarb-chickadee,,,,
2095294798567764041,1788392183330,whimsical-moss-magpie,2095250853112463717,16228398,true,
2095294847510790211,1788392194999,cheery-nutmeg-towhee,2095215289927630913,2968451607,true,
2095294870730752174,1788392200535,dauntless-redwood-fantail,,,,true
2095294895011291512,1788392206325,,2095278455487156654,2004722276659593216,true,
2095295170992349657,1788392272123,clean-freshwater-flycatcher,2095267738365128882,,true,
2095295201795248186,1788392279467,,2094901043603906965,2865656340,true,
2095295268279275524,1788392502786,cosmic-root-grackle,,,,
2095295345282646147,1788392313677,brave-raisin-flatbill,2095269493459001781,38702668,true,
2095295407421071751,1788392328493,diligent-brook-thrasher,2095234137988710552,2094495388027777025,true,
2095295442766512371,1788392336919,celebrated-ocean-seagull,2095237925394923951,1884691731632848896,true,true
2095295445903774091,1788392337667,cheery-nutmeg-towhee,,,,
2095295531144888602,1788392357990,dauntless-redwood-fantail,,,,
2095295534705831998,1788392358839,kinetic-peachtree-stork,2094990321939845281,2678790127,true,false
2095295584340971902,1788392370673,great-mountain-brushturkey,2095266046403923994,12811952,true,
2095295657485480324,1788392388112,zappy-winter-thicketbird,2095108364464189719,2094001493028274176,true,
2095295847206416485,1788392433345,neighborly-rhubarb-chickadee,2095238959068749978,43218257,true,
2095295956442825170,1788392459389,diligent-brook-thrasher,2095278117581668537,1194247201876131842,true,
2095296058796454173,1788392483792,celebrated-ocean-seagull,2095122567380234739,922725179804938240,true,
2095296215906705885,1788392521250,benevolent-river-goldfinch,2094571494030340341,716073634645860352,false,
2095296226665394309,1788392523816,noble-lumber-owl,2095048692336054588,1432658496319799297,false,
2095296301894099271,1788392541751,independent-desert-robin,2095255923514134684,1316995857242378240,true,
2095296304515617010,1788392542376,great-mountain-brushturkey,2095190139832066541,1501556031305957380,true,
2095296306642116665,1788392542883,cheery-nutmeg-towhee,2095190139832066541,1501556031305957380,true,
2095296343681974590,1788392551714,great-mountain-brushturkey,2095168007303467110,2061259012797046786,true,
2095296555066830988,1788392760065,cosmic-root-grackle,2095278001751736623,1261496165868040194,true,
2095296618727637163,1788392617291,zappy-winter-thicketbird,2095243116584554771,16635277,true,
2095296634359812547,1788392621017,neighborly-rhubarb-chickadee,2095205678616862753,,true,
2095296644468113539,1788392623428,effective-valley-cormorant,2095132807773167849,1462535282172084225,true,false
2095296705826631820,1788392638056,diligent-brook-thrasher,2095238761525490108,1889378689642835968,true,
2095296731952931051,1788392644285,celebrated-ocean-seagull,2095141338685886961,1608378384064872449,true,
2095296747715047626,1788392648043,cheery-nutmeg-towhee,,,,
2095296838966689818,1788392669799,great-river-albatross,2095107852142842150,,true,
2095296912651956588,1788392687367,great-mountain-brushturkey,,,,
2095296916674298007,1788392688326,zappy-winter-thicketbird,2095150931125952817,1370512037168697349,true,true
2095296958931861857,1788392698401,zappy-winter-thicketbird,2095118533814263850,78106978,true,
2095296961343570432,1788392698976,neighborly-rhubarb-chickadee,2095280480954249511,1501186715557728256,true,
2095297442430275588,1788392813676,diligent-brook-thrasher,2095258095270404178,1049961536465379328,true,
2095297469928067212,1788392820232,celebrated-ocean-seagull,2095221853996683404,,true,
2095297542531498445,1788392837542,cheery-nutmeg-towhee,2095280579721761107,846723922322210818,true,
2095297710685307384,1788392999002,cosmic-root-grackle,2095238008823795828,,true,
2095297734689411353,1788392883357,quiet-coconut-junco,2094160126684824042,1610291885389619209,true,
2095297757481197877,1788392888791,,,,,true
2095297810283565503,1788393067416,cosmic-root-grackle,2095177253529559453,5900252,false,
2095297824090964306,1788392904672,great-mountain-brushturkey,2095144544790581346,167304489,true,
2095298046787473807,1788392957766,fashionable-pear-grouse,2087562800982077492,1661523610111193088,false,
2095298135220432989,1788392978850,inventive-conifer-whistler,2095164987190698388,459362054,false,
2095298213888839810,1788393456489,cosmic-root-grackle,,,,
2095298223409696814,1788392999877,zappy-winter-thicketbird,2095213387261055199,1328511381671456770,true,
2095298243907227961,1788393004764,neighborly-rhubarb-chickadee,2095007019157876745,4644760268,true,
2095298361926594901,1788393032901,diligent-brook-thrasher,2095290949958070520,457851160,true,
2095298379215462878,1788393037023,intelligent-rain-macaw,2095214799923904959,15591045,false,
2095298386035462367,1788393038649,celebrated-ocean-seagull,2095229198595965220,4103496717,true,
2095298612204892634,1788393092572,cheery-nutmeg-towhee,,,,
2095298774738596074,1788393260552,cosmic-root-grackle,2095138440060842307,17446621,false,
2095298795605049367,1788393136299,neighborly-rhubarb-chickadee,2095233291217522730,1796509639074332672,true,
2095298934751064114,1788393169473,sanguine-coral-triller,2095258095270404178,1049961536465379328,true,
2095298996000670019,1788393184077,diplomatic-rainforest-spoonbill,2095128293897089292,,true,
2095299116024897852,1788393212692,industrious-pecan-kingbird,2095036281097212226,4794815966,true,
2095299225135288566,1788393238707,great-mountain-brushturkey,2095177497033728134,1514536620762054661,true,
2095299277232693408,1788393251128,zappy-winter-thicketbird,2095279278136885625,1500754603708936195,true,
2095299282819535301,1788393252459,neighborly-rhubarb-chickadee,2095294474104480109,,true,
2095299347134996991,1788393415254,cosmic-root-grackle,2095161085015818546,16364966,false,
2095299385231835445,1788393276876,diligent-brook-thrasher,2095262389713223989,1586090626923241473,true,
2095299527389372909,1788393310769,celebrated-ocean-seagull,2095049442617376954,1765896973821886464,true,
2095299553649992096,1788393317030,enlightened-seedling-thrush,2095297552199651330,,true,
2095299561090695351,1788393318804,cheery-nutmeg-towhee,,,,
2095299595098304890,1788393326912,lively-sycamore-bluejay,2095236352472199578,73909355,true,
2095299884035280957,1788393395800,great-mountain-brushturkey,2094966862711017921,1432935580912869379,true,
2095299911310877092,1788393402303,celebrated-ocean-seagull,2095231469174038843,1088857400247906304,true,
2095299975655858384,1788393417645,dauntless-redwood-fantail,2094720137266086167,1814712350295097344,true,true
2095300058740625572,1788393437453,zappy-winter-thicketbird,2095114441323094037,,true,
2095300203448271162,1788393471955,neighborly-rhubarb-chickadee,,,,
2095300212273115518,1788393474059,diligent-brook-thrasher,,,,
2095300303243354298,1788393495747,elated-birch-seagull,2095127434026762402,1415133660794146818,true,
2095300418146271578,1788393523142,strategic-kiwi-cardinal,2095270079776587882,1589990312914681857,false,
2095300602582421837,1788393567116,original-lumber-peacock,2095223129710739792,1930471289040277504,true,
2095300627933089793,1788393573159,enjoyable-slope-lovebird,2095186717238255853,1492206877144645632,true,
2095300768584929685,1788393606693,challenging-lumber-falcon,2095187496229347498,216881337,true,
2095300771407684033,1788393607367,wonderful-kiwi-conebill,2094002368853741586,1415252214763823104,false,
2095300776432165081,1788393754790,cosmic-root-grackle,2095233745167282602,2024518793679294464,false,
2095300807512228281,1788393615974,lionhearted-papaya-cotinga,2092447692400308611,608182335,true,
2095300835295260956,1788393622599,prodigious-granite-duck,2095208314489491588,2039809794551222272,false,false
2095300866634891371,1788393630070,celebrated-ocean-seagull,2094949659626123737,1501683230931656708,true,
2095300893054832810,1788393636369,cheery-nutmeg-towhee,2095233136380563863,48199048,true,
2095300956028112920,1788393651384,great-mountain-brushturkey,2095122777191878898,1949444792141963264,true,
2095300988466815389,1788393659118,cheery-nutmeg-towhee,,,,
2095301001636991005,1788393662258,nice-leaf-troupial,2095131653718835227,1456410636955660293,true,
2095301011933995375,1788393664712,zappy-winter-thicketbird,2095095497878896652,2292244486,true,
2095301030376263827,1788393669109,neighborly-rhubarb-chickadee,2095212791405899817,1374968033265864706,true,
2095301054552289410,1788393674873,hysterical-foothill-mockingbird,2095233136380563863,48199048,true,
2095301106402308096,1788393687235,stunning-grass-albatross,2094757580476133603,165800322,true,
2095301148563439783,1788393854745,cosmic-root-grackle,2095107320749400345,1394637195533856770,false,
2095301180494639285,1788393704901,zappy-winter-thicketbird,2095122777191878898,1949444792141963264,true,
2095301187079704766,1788393706470,diligent-brook-thrasher,2095190705656258943,1957122155755515904,true,
2095301309884727661,1788393735749,jazzy-trail-waxbill,2095252348280991947,1980038666488532992,true,
2095301503317864545,1788393781867,lionhearted-papaya-cotinga,2092937672029614518,1044250776757911553,true,
2095301689368797647,1788393826225,zappy-star-swift,2095256006196445382,300045014,true,false
2095301710411358716,1788393831242,celebrated-ocean-seagull,2095222414627971238,1580227667449847808,true,true
2095301765058953567,1788393844271,discerning-garden-nightjar,2093072885254341065,2614351981,true,
2095301778853990765,1788393847561,cheery-nutmeg-towhee,2095278001751736623,1261496165868040194,true,
2095301792749715920,1788393850873,neighborly-rhubarb-chickadee,,,,
2095301826937573506,1788393859024,great-mountain-brushturkey,2095138443408073075,94701166,true,
2095301869425832377,1788393869154,zappy-winter-thicketbird,,,,
2095301963000811651,1788393891464,neighborly-rhubarb-chickadee,2095238008823795828,,true,
2095302038695375054,1788393909511,diligent-brook-thrasher,,,,
2095302046320623948,1788393911329,celebrated-ocean-seagull,,,,false
2095302070207144137,1788393917024,wise-ridge-swan,2094783152741040172,1983022303580770304,true,
2095302103308628059,1788393924916,cheery-nutmeg-towhee,2095279870221685000,1966362493963341824,true,
2095302114494881938,1788393927583,great-mountain-brushturkey,2095074671993700810,441082015,true,
2095302376676605991,1788393990092,zappy-winter-thicketbird,,,,
2095302472684408851,1788394012982,trusting-fjord-quail,2095190139832066541,1501556031305957380,true,
2095302522395037841,1788394024834,diligent-brook-thrasher,2094913942879674743,2032877151561596928,true,
2095302540967448986,1788394029262,neighborly-rhubarb-chickadee,2094913942879674743,2032877151561596928,true,
2095302636698230963,1788394052086,radiant-rain-songlark,2095158853063082249,1094898896394948608,true,
2095302690121363769,1788394064824,mindful-mist-eagle,2095109250544714105,204245399,true,
2095302755518746957,1788394080415,diligent-brook-thrasher,2095204028296692074,822245501458333700,true,
2095302804046844365,1788394091985,celebrated-ocean-seagull,,,,
2095302918425424158,1788394119255,cheery-nutmeg-towhee,,,,
2095303048318816440,1788394150224,great-mountain-brushturkey,2094968396769374663,730271159325876225,true,
2095303055164190945,1788394151856,logical-rain-flycatcher,2095180370509549703,,true,
2095303125053669427,1788394296549,cosmic-root-grackle,2094850281687388450,1240324158,true,
2095303229240131679,1788394193359,zappy-winter-thicketbird,2095191506420396307,1588731443513008130,true,
2095303311142289616,1788394212886,civil-snow-sandgrouse,2095271250834641319,1275912771905953792,false,
2095303345095553224,1788394220982,exciting-samba-hawk,2095295241301770325,,true,
2095303364997202157,1788394225726,neighborly-rhubarb-chickadee,2095264865845719305,17163446,true,
2095303371011813448,1788394227160,diligent-brook-thrasher,2095139870595235860,1268223690480615424,true,
2095303381774479422,1788394229726,celebrated-ocean-seagull,,,,
2095303397503115272,1788394233476,tectonic-sapling-treepie,2094913942879674743,2032877151561596928,true,
2095303755788951837,1788394318899,celebrated-ocean-seagull,2095169870832828643,1869476105079705600,true,
2095303792090595805,1788394327554,cheery-nutmeg-towhee,2095176075576008714,1369618736836059139,true,
2095303947854455182,1788394364691,cheery-nutmeg-towhee,2095262178701979975,1485792925153959937,true,
2095303975419392302,1788394371262,great-mountain-brushturkey,2095262035273486684,780208522017595392,true,
2095304210430447678,1788394427293,zappy-winter-thicketbird,2095205281550553233,822245501458333700,true,
2095304231758799028,1788394432379,valorous-slope-crow,2095152629810929710,2074069652838457344,false,
2095304250742239440,1788394436904,balanced-star-skylark,2094903650456113228,1969127547289157633,true,
2095304339296580000,1788394458017,bold-wood-oriole,2095279846213791843,1330776645557313537,true,
2095304407663722549,1788394474317,lionhearted-papaya-cotinga,2095014159922438320,205565258,true,
2095304506460545218,1788394497872,balanced-star-skylark,2094897598876602685,1969127547289157633,true,
2095304655408423007,1788394710732,cosmic-root-grackle,,,,
2095304727625896088,1788394550602,neighborly-rhubarb-chickadee,,,,
2095304829102866809,1788394574796,diligent-brook-thrasher,2095258171455812046,1297651178256257024,true,
2095304855824790004,1788394581167,celebrated-ocean-seagull,2095133302185177122,1524967651486965779,true,
2095304898833514791,1788394591421,mindful-mist-eagle,2094969754784272513,1631008934097199104,true,
2095304979200323708,1788394610582,outstanding-dogwood-oriole,2095302369231671723,,true,
2095305152521527304,1788394651905,zappy-winter-thicketbird,2095254912485425339,930453075457921029,true,
2095305157865070592,1788394653179,neighborly-rhubarb-chickadee,2095254912485425339,930453075457921029,true,
2095305202983203257,1788394663936,diligent-brook-thrasher,2095290627177029759,,true,true
2095305245114908954,1788394673981,elated-canopy-scaup,2095224781062709437,1825132391964258304,true,
2095305334323605839,1788394695250,neighborly-rhubarb-chickadee,2095202925828026826,11928542,true,
2095305336202682777,1788394695698,celebrated-ocean-seagull,2095202925828026826,11928542,true,
2095305418926940558,1788394715421,cheery-nutmeg-towhee,2095125184323748050,,true,
2095305456684081250,1788394724423,great-mountain-brushturkey,2095210370915025328,50090898,true,true
2095305517807604143,1788394738996,zappy-winter-thicketbird,2095285559505674670,22589449,true,
2095305536770015534,1788394743518,neighborly-rhubarb-chickadee,2095290127169773684,1360639412175056898,true,
2095305544152264799,1788394745277,sunny-lowland-sunbird,2094987227223003522,1046838212734345216,true,
2095305567963165135,1788394750954,strategic-watermelon-lovebird,2095236146049757667,443420488,true,
2095305569988972835,1788394751437,relatable-mist-scaup,2095269830244856029,348033597,true,
2095305648783143165,1788394770224,diligent-brook-thrasher,2095102096722804877,1977766148897714176,true,
2095305734087176352,1788394895521,cosmic-root-grackle,,,,
2095305960386359806,1788394844515,celebrated-ocean-seagull,2095248667909177525,1231763812073779200,true,
2095306057249632345,1788394867609,scholarly-pecan-hawk,2095112817573494930,44971483,true,
2095306076313059743,1788394872154,terrestrial-slope-blackbird,2095232708213391499,,true,true
2095306082214457497,1788395008229,cosmic-root-grackle,,,,
2095306164598665399,1788395109679,cosmic-root-grackle,2094386684557132129,53789862,false,
2095306197519778192,1788394901052,cheery-nutmeg-towhee,2095268728648630527,1275820775757557760,true,
2095306247130018273,1788394912880,great-mountain-brushturkey,,,,
2095306348334399699,1788394937009,zappy-winter-thicketbird,,,,
2095306433289945316,1788394957265,neighborly-rhubarb-chickadee,,,,
2095306437215809713,1788394958200,diligent-brook-thrasher,2094977874394558846,1630253316297969664,true,
2095306549149270437,1788394984887,diligent-brook-thrasher,2095125184323748050,,true,
2095306584691789857,1788394993361,celebrated-ocean-seagull,2095272891285676240,41468683,true,
2095306700366475509,1788395020941,compassionate-juniper-hawk,2095271250834641319,1275912771905953792,false,
2095306709296193597,1788395023070,cheery-nutmeg-towhee,,,,
2095306793559654864,1788395043159,joyful-spruce-waterfowl,2095238445337919725,709990428,true,
2095307039912378479,1788395101894,enlightened-peppermint-softbill,2095301584729387182,,true,
2095307133797421121,1788395124279,great-mountain-brushturkey,,,,
2095307378757636333,1788395349818,cosmic-root-grackle,,,,
2095307425263784058,1788395193770,zappy-winter-thicketbird,2095088141338370271,266561601,true,
2095307435695374659,1788395196256,precious-root-macaw,2094903229788348910,2081129809204424704,false,
2095307699680420328,1788395259195,neighborly-rhubarb-chickadee,2094941385853960630,1743648563878383616,true,
2095307766500094362,1788395275126,clever-moss-kingbird,2095292737616576851,,true,
2095307882971685097,1788395302895,elated-mountain-nighthawk,2095137377488388303,1906820461209526272,true,
2095307939036696836,1788395813338,cosmic-root-grackle,,,,
2095308050655785292,1788395342875,nifty-ice-mallard,2095122417781768517,1514045582968598530,true,
2095308067835359320,1788395346970,diligent-brook-thrasher,2095041544818471070,2083157962499973120,true,
2095308321938940091,1788395407553,celebrated-ocean-seagull,2095063747929022896,1539476834420662274,true,
2095308420756689379,1788395431113,celebrated-ocean-seagull,2095161594586304615,1015630180382109698,true,
2095308422765781124,1788395431592,great-mountain-brushturkey,2095161594586304615,1015630180382109698,true,
2095308681361396157,1788395493246,thankful-peanut-seagull,2095267089120371197,1261335549215989760,true,
2095308753780301945,1788395510512,cheery-nutmeg-towhee,2095284508581036244,,true,
2095308878569181561,1788395540264,great-mountain-brushturkey,2095219495610524147,288277167,true,
2095309053849432187,1788395582054,precious-root-macaw,2093994866766430244,2081129809204424704,true,
2095309068122681777,1788395585457,limber-juniper-friarbird,2095297768885805464,,true,
2095309493835862128,1788395686956,zappy-winter-thicketbird,,,,
2095309516363472916,1788395692326,neighborly-rhubarb-chickadee,2095155880475972013,12889402,true,
2095309600664809819,1788395712425,diligent-brook-thrasher,,,,
2095309644306498005,1788395722830,compassionate-glacier-nighthawk,2095106737921511579,44608726,true,
2095309751274098945,1788395748333,trusting-fjord-quail,2095262178701979975,1485792925153959937,true,
2095309802872176841,1788395760635,bright-sunlight-eagle,2095131653718835227,1456410636955660293,false,
2095309865988092247,1788395775683,celebrated-ocean-seagull,2095298470064132106,,true,
2095309957340029414,1788395797463,cheery-nutmeg-towhee,2095150116000661702,1913411426929999872,true,
2095309996531818886,1788395806808,lovely-creek-barbet,2094928041407570008,174574802,false,
2095310114282451217,1788395834881,talented-melon-kingfisher,2095239404679839998,,true,
2095310123782537394,1788395837146,great-mountain-brushturkey,2095198165943103505,1498414399274594310,true,
2095310221056819489,1788395860338,zappy-winter-thicketbird,2095301586625110263,,true,
2095310236626169919,1788395864050,thankful-granite-blackbird,2095182811636617664,40358743,false,
2095310271828861000,1788395872443,neighborly-rhubarb-chickadee,2095297973026693383,,true,
2095310338052817206,1788395888232,cozy-coconut-finfoot,2095307729829011464,,true,
2095310338421825592,1788395888320,diligent-brook-thrasher,2095156810671869953,383019032,true,
2095310417685799242,1788395907218,goodhearted-rain-anhinga,2095207518574112956,257023619,false,
2095310524254687717,1788395932626,celebrated-ocean-seagull,2095196255810912553,1992533020721795072,true,
2095310527035560120,1788395933289,cheery-nutmeg-towhee,2095039034439680366,1537011303088549888,true,
2095310639103185056,1788395960008,zappy-winter-thicketbird,,,,
2095310742325272850,1788396117206,cosmic-root-grackle,2095231536584925280,1980295111473856512,false,
2095310804874641518,1788395999531,phenomenal-garden-sparrow,2094844696254095660,1400992459673456642,false,
2095311026308763821,1788396052326,great-mountain-brushturkey,,,,
2095311051550068759,1788396058343,realistic-desert-lorikeet,2095158689074159629,1759709150202773504,false,
2095311051734622416,1788396058387,experienced-evergreen-penguin,2095233727920062477,1958675494515134464,true,
2095311184090087742,1788396089944,zappy-winter-thicketbird,2095246873099673743,2806667911,true,
2095311187512610883,1788396090759,neighborly-rhubarb-chickadee,2095207849773224074,1689744104769421312,true,
2095311273181507622,1788396111185,precious-root-macaw,2095087226074157375,2081129809204424704,true,
2095311489670291811,1788396162799,diligent-brook-thrasher,2095097335659597825,1274312241517662208,true,
2095311518325670281,1788396169631,celebrated-ocean-seagull,2095243273174417887,1774895006358081536,true,
2095311541453324335,1788396175146,knowledgeable-pine-partridge,2095307948775927883,,true,
2095311885306331450,1788396257126,luminous-rain-wader,2094958227385680378,16635277,true,
2095312054546522196,1788396297477,philosophical-berry-brushturkey,2094784385316696246,33608041,true,
2095312232179450188,1788396339827,superb-cherry-antwren,2095231536584925280,1980295111473856512,true,
2095312512690291155,1788396505274,cosmic-root-grackle,2095263999512526850,1335132884278108161,false,
2095312703363666390,1788396452167,brilliant-meadow-stilt,2094585866102731014,244073598,true,
2095312713194864868,1788396454511,cheery-nutmeg-towhee,2095148627937186205,1344196765440991237,true,
2095312873148870874,1788396492646,neighborly-rhubarb-chickadee,2095300150306463783,,true,
2095313022231454038,1788396877455,cosmic-root-grackle,,,,
2095313024496394635,1788396528730,peachy-plum-whistler,2094891108429951262,3197063113,true,
2095313091982487952,1788396544821,passionate-sequoia-pigeon,2094243672820761082,841429320786681856,true,
2095313092678688954,1788396544986,great-mountain-brushturkey,2095298645843419293,,true,
2095313172907409513,1788396564114,zappy-winter-thicketbird,2095288445484900768,,true,
2095313186903740892,1788396567451,grateful-ridge-troupial,2095017837630746767,3285813097,true,
2095313275764302214,1788396588638,neighborly-rhubarb-chickadee,2095253854728142883,2046318405523845120,true,
2095313477363548562,1788396636702,noble-sun-starling,2094831195439951971,108839094,false,
2095313644296778117,1788396676502,diligent-brook-thrasher,,,,
2095313841433493661,1788396723504,reserved-earth-crimsonwing,2093856437571354976,1471232930,false,
2095313873205174331,1788396731078,diligent-brook-thrasher,2095240156391600568,1486777226188267529,true,
2095313940989309385,1788396747239,kind-chestnut-logrunner,2095210666227605569,1969127547289157633,false,
2095313964070797519,1788396752742,expressive-slope-lory,2094834596718194881,1472940347949035520,true,
2095314368997261689,1788396849285,charitable-strawberry-murrelet,2093932469154365886,47096233,false,
2095314383278653853,1788396852689,celebrated-ocean-seagull,,,,
2095314441629818906,1788396866601,calm-evergreen-jacana,2094338473004249237,1804447415254327296,false,
2095314711139278866,1788397066996,cosmic-root-grackle,,,,
2095314847554834526,1788396963382,bookish-peachtree-pratincole,2095155039832584693,1262016710116347904,true,
2095314966308143550,1788396991694,vibrant-tanoak-pigeon,2095263109938053421,89771242,true,
2095315151356297558,1788397035814,cheery-nutmeg-towhee,2095302379155452203,,true,
2095315352309932541,1788397083724,skillful-mist-songlark,2095247939572535601,1471414739880189955,true,
2095315773057077563,1788397184038,great-mountain-brushturkey,2095276492880302085,,true,
2095315796280914300,1788397189575,zappy-winter-thicketbird,2095307045461192894,,true,
2095315910013722632,1788397216691,distinguished-peppermint-citril,2095244556568551652,1837229499743637504,true,
2095316027579977975,1788397244721,neighborly-rhubarb-chickadee,2095230116523655341,385740401,true,
2095316085780128048,1788397258597,diligent-brook-thrasher,,,,
2095316213417050197,1788397289028,celebrated-ocean-seagull,2095239345099686316,831767219071754240,true,
2095316236167004194,1788397294453,cheery-nutmeg-towhee,2095275785682583934,69291130,true,
2095316260703858888,1788397300303,spectacular-holly-thicketbird,2095074264026063094,1918678448173690881,true,true
2095316267058262028,1788397301817,generous-dune-partridge,2095204693039276247,1375864198417223683,true,
2095316544394068384,1788397367939,mannerly-twig-hummingbird,2095157547955360241,1966932338044268555,false,
2095316546549645627,1788397368453,great-mountain-brushturkey,2095048335287562454,1567850344201306113,true,
2095316717303955879,1788397409164,zappy-winter-thicketbird,2095137812597113042,1821817292092772352,true,
2095316873940230191,1788397446509,agreeable-ocean-whistler,2094223395592495155,2480541404,false,
2095316984363614376,1788397472836,neighborly-rhubarb-chickadee,2095272287209488755,41468683,true,true
2095316991556919528,1788397474551,diligent-brook-thrasher,2095291652365549960,1977766148897714176,true,
2095317087338340805,1788397497388,wise-roots-tern,2094870407467720734,1857023455557820416,true,
2095317213414646251,1788397527446,celebrated-ocean-seagull,2095235124149526797,1393302579723968512,true,
2095317215864033679,1788397528030,cheery-nutmeg-towhee,2095235124149526797,1393302579723968512,true,
2095317287029133694,1788397544997,wise-roots-tern,2094900607081685188,1857023455557820416,true,
2095317397896859886,1788397571431,cheery-nutmeg-towhee,2095262838352674829,,true,
2095317515639427260,1788397599502,scholarly-pecan-hawk,2093388636205015197,,false,
2095317642114740463,1788397629656,meticulous-redwood-puffleg,2094588034700239303,1062859889264021504,true,
2095317642168922199,1788397629670,great-mountain-brushturkey,2094931708944453908,2036193652415012864,true,
2095317773857493397,1788397661067,zappy-winter-thicketbird,2095202091728048376,2063950951359082496,true,
2095317927134417236,1788397697610,entertaining-lime-brownbul,2095221824993067023,,true,true
2095317960592093330,1788397705587,neighborly-rhubarb-chickadee,,,,
2095317981966258477,1788397710684,diligent-brook-thrasher,2095303967890698283,,true,
2095318025171804240,1788397720984,celebrated-ocean-seagull,2095087091025695232,1588154320591233024,true,true
2095318118293991848,1788398157391,cosmic-root-grackle,2095094429602234878,2094001493028274176,true,
2095318335562908060,1788397794988,cheery-nutmeg-towhee,2095293752080212361,246143562,true,
2095318395151634928,1788397809194,smart-cove-kingbird,2095250853112463717,16228398,false,
2095318481147195741,1788397829698,noble-sun-starling,2095010133931929982,1222943258306703360,false,
2095318484422889727,1788398285692,cosmic-root-grackle,,,,
2095318525006991805,1788397840154,great-mountain-brushturkey,2095278276285431980,1619594149921189890,true,
2095318602144485809,1788397858545,wholesome-raspberry-stilt,2095212039014674826,168922496,true,
2095318790947078448,1788397903560,mellow-vine-mockingbird,2095169733385474537,1648646192673243137,true,
2095318925697269823,1788397935687,daring-lime-ostrich,2095224792618008608,1528501670333845505,false,
2095319067330502755,1788397969455,quiet-tree-logrunner,2094992568773714269,1826496878239760384,true,
2095319092290797769,1788397975405,zappy-winter-thicketbird,2094976102485856317,1499054371195473921,true,
2095319095134552493,1788397976083,informative-fjord-nighthawk,2095191564159209721,2052949858252939264,true,
2095319253339848836,1788398162452,cosmic-root-grackle,,,,
2095319391537610899,1788398046751,neighborly-rhubarb-chickadee,2095232426301964495,,true,
2095319421380432047,1788398178130,cosmic-root-grackle,,,,
2095319435418476772,1788398057213,diligent-brook-thrasher,2095072050717053173,1894196975559741441,true,
2095319440074154064,1788398058323,mighty-cloud-goshawk,2095293706089755022,1588502890745925632,true,
2095319472600908218,1788398066078,celebrated-ocean-seagull,,,,
2095319906333962672,1788398169488,intriguing-rain-barbet,2095272137854484833,,true,
2095319965268402635,1788398183539,meticulous-redwood-puffleg,2095171275735867567,1820273587829248000,true,
2095320085200019606,1788398212133,grand-sequoia-heron,2095292735561564412,18055351,true,
2095320235955855737,1788398248076,content-olive-goldfinch,2095284766761169372,76207827,true,
2095320290381148259,1788398495962,cosmic-root-grackle,,,,
2095320453577388438,1788398299961,great-mountain-brushturkey,2095014206277820693,2033375809415847936,true,
2095320496493785197,1788398310193,discerning-lime-auklet,2095047277001994672,703031664306327552,true,
2095320515908862325,1788398314822,,2095290627177029759,,true,
2095320663489733017,1788398350008,incomparable-dogwood-kookaburra,2094818164240511335,1472564659521794055,true,false
2095320696524022159,1788398357884,motivational-coral-flowerpecker,2095196035274391998,1550347852026724354,false,
2095320712516944055,1788398361697,animated-ridge-waxbill,2095232708213391499,,true,
2095320867165077597,1788398398569,unique-oak-waterfowl,2095303560271384988,,true,
2095320875440492697,1788398400542,cheery-nutmeg-towhee,,,,
2095320896668127505,1788398405603,independent-reef-peafowl,2095132807773167849,1462535282172084225,false,
2095320950631702529,1788398418469,great-mountain-brushturkey,2095035359797354607,192121676,true,
2095321019552591903,1788398434901,zappy-winter-thicketbird,2095042579058577723,294265915,true,
2095321023000293451,1788398435722,neighborly-rhubarb-chickadee,,,,
2095321121029591136,1788398459095,diligent-brook-thrasher,2095240407726633175,2049325768619053056,true,
2095321211458765106,1788398480654,celebrated-ocean-seagull,2095225200841220166,1959061775074078722,true,
2095321367117721800,1788398517766,cheery-nutmeg-towhee,2095094429602234878,2094001493028274176,true,
2095321395693543598,1788398524579,easygoing-island-parrotlet,2095272891285676240,41468683,true,
2095321518322393523,1788398553816,great-mountain-brushturkey,2095158274832396577,1100998693354799104,true,
2095321539163869633,1788398669214,cosmic-root-grackle,,,,
2095321553407791104,1788398562181,cheery-nutmeg-towhee,2095262035273486684,780208522017595392,true,
2095321564325494936,1788398564784,great-mountain-brushturkey,2095260745063620968,1826381352184221696,true,
2095321755829067888,1788398610442,zappy-winter-thicketbird,,,,
2095322309061923148,1788398881062,cosmic-root-grackle,2094770614410129652,1615743272537960448,true,
2095322340280222054,1788398749787,zappy-winter-thicketbird,2095192926947057692,925474777220837376,true,
2095322390246932748,1788398761700,neighborly-rhubarb-chickadee,2095289356550295705,119758810,true,
2095322393858191724,1788398762561,diligent-brook-thrasher,2095310319153242486,,true,
2095322397326856410,1788398763388,celebrated-ocean-seagull,,,,
2095322505779060985,1788398789244,cheery-nutmeg-towhee,,,,
2095322571432505824,1788398804897,great-mountain-brushturkey,2095314459690496490,,true,
2095322603128852873,1788398812454,zappy-winter-thicketbird,2095270030787203566,1781249427455283200,true,
2095322746464907603,1788398846628,hardworking-desert-drongo,2095222324924752298,58570746,true,
2095322892980392180,1788398881560,neighborly-rhubarb-chickadee,,,,
2095322934189436988,1788398891385,neighborly-rhubarb-chickadee,2095302285064593725,,true,
2095322974241137079,1788398900934,wholesome-raspberry-stilt,2095222414627971238,1580227667449847808,true,
2095322985569964119,1788398903635,wholesome-raspberry-stilt,2095290627177029759,,true,
2095322991177634023,1788398904972,wholesome-raspberry-stilt,2095253267949195687,,true,
2095322996978471088,1788398906355,wholesome-raspberry-stilt,2095156720926347419,1946493695764869120,true,
2095323173504090162,1788398948442,punctual-peppermint-pigeon,2095297415595372751,,true,
2095323208899588501,1788398956881,versatile-bamboo-swan,2095263109938053421,89771242,false,
2095323400092766530,1788399002466,diligent-brook-thrasher,2095313939185987653,,true,
2095323674584740311,1788399067910,motivating-sunflower-hummingbird,2095103806207856858,2079499135661506560,true,
2095323698261537107,1788399073554,balanced-orchard-albatross,2095005406548341158,35586563,true,
2095323721196044375,1788399079022,balanced-orchard-albatross,2095122417781768517,1514045582968598530,true,
2095323743815913670,1788399084416,motivating-sunflower-hummingbird,2094784385316696246,33608041,true,
2095323766909751700,1788399089922,motivating-sunflower-hummingbird,2095066094922842205,1885771608394014720,true,
2095323768642015518,1788399235311,cosmic-root-grackle,,,,
2095323784085692559,1788399094016,punctual-peppermint-pigeon,2094665438512751045,1591358752267051010,true,
2095323955598876935,1788399134908,celebrated-ocean-seagull,,,,
2095323981591060633,1788399141105,cheery-nutmeg-towhee,2095292691160482249,2948478075,true,
2095324034195976412,1788399153647,great-mountain-brushturkey,2095079124620677491,1502831572298436611,true,
2095324078127325214,1788399164121,empowered-vine-sandgrouse,2094861351042625884,1261335549215989760,false,
2095324161405341892,1788399183976,empowered-bonsai-robin,2094961922026434689,1949723142324404224,true,
2095324202114969769,1788399193683,zappy-winter-thicketbird,2095293900181340548,1721455443778940928,true,
2095324212302848080,1788399196111,neighborly-rhubarb-chickadee,2095071562622021712,,true,
2095324370394661161,1788399233803,affable-bonsai-quetzal,2095015604352606308,2067293017329774593,true,
2095324416419013084,1788399244777,sociable-citrus-citril,2095221824993067023,,true,true
2095324548325572858,1788399276226,empowered-bonsai-robin,2091769562329174167,1947909729185144832,true,
2095324680911790374,1788399307836,empowered-bonsai-robin,2092593430501425195,886535108374675456,true,
2095324730505183487,1788399319660,funny-poplar-magpie,,,,false
2095324802726646104,1788399336879,meticulous-slope-towhee,2095249090028118166,977330545377071105,true,
2095324899216924946,1788399359884,trusting-fjord-quail,2095071562622021712,,true,
2095324930304876954,1788399367297,transcendent-harvest-songlark,2095139870595235860,1268223690480615424,true,
2095324971203473533,1788399377047,diligent-brook-thrasher,2095143023852310847,2045083869192536064,true,
2095325047783051529,1788399395305,transcendent-harvest-songlark,2094901043603906965,2865656340,true,
2095325178607632823,1788399426496,diligent-brook-thrasher,2095139680349995189,1718268370418606080,true,
2095325183707869613,1788399427713,shining-seedlings-owl,2094938515670728865,1586923432968654848,true,
2095325195506467026,1788399430525,celebrated-ocean-seagull,2095074719854710950,2057739526475227136,true,
2095325335638151673,1788399463935,cheery-nutmeg-towhee,2095316944219959402,,true,
2095325355204653364,1788399468600,intentional-almond-wigeon,2095272287209488755,41468683,true,
2095325441330491463,1788399489134,intentional-almond-wigeon,2095222414627971238,1580227667449847808,true,
2095325478840406057,1788399975231,cosmic-root-grackle,,,,
2095325586491379936,1788399993551,cosmic-root-grackle,,,,
2095325636781015433,1788399676202,cosmic-root-grackle,2095235209067413888,1961363997581873152,true,
2095325674554737075,1788399544740,sensible-coast-owl,2095191773488324770,1825952834548039680,true,
2095325716501971431,1788399554740,great-mountain-brushturkey,2095256693282353598,1100998693354799104,true,
2095325747229450473,1788399562066,flying-blueberry-dove,2095016389719310728,120617807,false,
2095326027149127752,1788399628804,eager-wildflower-osprey,2095142274468557162,1371642956088627200,true,
2095326131029151826,1788399653571,zappy-winter-thicketbird,2095304013021323354,,true,
2095326216265834800,1788399867799,cosmic-root-grackle,2094851053673988192,711667461414916098,true,
2095326333182124238,1788399701768,neighborly-rhubarb-chickadee,,,,
2095326449326600604,1788399729459,diligent-brook-thrasher,2095316806856552748,,true,
2095326527714136269,1788399748149,centered-grape-bulbul,2095202594985504921,177101260,true,
2095326733628998072,1788399965993,cosmic-root-grackle,2095052325610033403,15438913,true,
2095326821424169208,1788399818175,celebrated-ocean-seagull,2095295073680330995,1736516290062221313,true,
2095327395523760529,1788399955050,cheery-nutmeg-towhee,2095310685408563324,,true,
2095327516604993581,1788399983918,celebrated-ocean-seagull,2095235204935737462,1186660361698562050,true,
2095327543935013354,1788399990434,great-mountain-brushturkey,2095316970526605601,,true,
2095327782868001120,1788400192738,cosmic-root-grackle,,,,
2095327841244115391,1788400061318,botanical-strawberry-flycatcher,2095153341353341182,1607668193602031617,false,
2095327842297061515,1788400061569,virtuous-pineapple-mallard,2095223402889920715,1261335549215989760,true,
2095327863826165957,1788400066702,zappy-winter-thicketbird,2095262722606997545,,true,
2095327905777648105,1788400076704,earnest-moon-blackbird,2095116519294320936,27703690,true,
2095327928825401712,1788400082199,peachy-sunlight-flycatcher,2085130590286762487,1597089291603148802,true,
2095327957103608137,1788400088941,flourishing-cloud-finch,2093302792878526684,1849158131143905280,true,
2095327975545725048,1788400093338,neighborly-rhubarb-chickadee,2095303731084705918,,true,
2095328033708060986,1788400107206,diligent-brook-thrasher,2095133353963896870,2078847306690965504,true,
2095328143351439508,1788400133346,natural-horseradish-quetzal,2095146291483574761,1460734237095698437,true,
2095328330535096537,1788400321471,cosmic-root-grackle,,,,
2095328401997664675,1788400323653,cosmic-root-grackle,2094568996695892021,,true,
2095328503172608140,1788400219134,bold-dogwood-parrot,2095209396368216271,1787070764858142720,true,
2095328622802255905,1788400247657,celebrated-ocean-seagull,2095280071372132501,1489673073498415106,true,
2095328764830065024,1788400281519,motivational-freshwater-skimmer,2094925835429970289,770373873036500992,true,
2095328807141904725,1788400291606,cheery-nutmeg-towhee,2095246603485331479,,true,
2095328854391066930,1788400302872,interesting-peachtree-heron,2095039583247552874,14537381,true,
2095329036687843330,1788400346335,great-mountain-brushturkey,2095292735561564412,18055351,true,true
2095329444495757580,1788400443563,tectonic-sapling-treepie,2095283335190741241,929350720888999937,true,
2095329558253711534,1788400470685,positive-harvest-scaup,2094917794018300338,486834036,true,
2095329643981091293,1788400491124,,2095214799923904959,15591045,true,
2095329685781524678,1788400663205,cosmic-root-grackle,,,,
2095329978519028025,1788400570885,talented-desert-thicketbird,2095318694406598775,,true,
2095330078720700734,1788400594774,clean-ice-hillstar,2095130533973897445,3316376038,true,
2095330078767153467,1788400594785,humorous-basswood-parrotlet,2094663008999948645,,true,
2095330109016125577,1788400601998,frank-daylight-peacock,2095283824250830914,3331429624,true,
2095330218361688389,1788400628067,celebrated-basswood-kingfisher,2095329850416336984,,true,
2095330284656877619,1788400737528,cosmic-root-grackle,2094856215708733828,1686228946986119168,false,
2095330447009951963,1788400682583,zappy-winter-thicketbird,2095104839881474111,1296523853682946050,true,
2095330492371407255,1788400693396,neighborly-rhubarb-chickadee,2095117232749617653,1325030405028913153,true,
2095330520758390823,1788400700165,diligent-brook-thrasher,2095298645843419293,,true,
2095330607945666873,1788400720951,wholesome-raspberry-stilt,2095300150306463783,,true,
2095330768453067122,1788400759219,celebrated-ocean-seagull,2095236266061131957,1493804281857777666,true,
2095330804474003614,1788400767807,talented-desert-thicketbird,2095321872439103767,,true,
2095330865463107965,1788400782348,candid-tigerwood-duck,2095180958873879014,8802752,true,
2095330924854481219,1788400796508,cheery-nutmeg-towhee,2095086902949052791,26927833,true,
2095330986326163633,1788400811164,great-mountain-brushturkey,2095311334107648465,,true,
2095331026579165529,1788400820761,gleeful-clay-puffbird,2095090639885001144,34713362,true,
2095331152550633873,1788401013582,cosmic-root-grackle,2095129880480424123,309587728,false,
2095331203792687287,1788400863013,talented-desert-thicketbird,2095323080922918961,,true,
2095331243269161013,1788400872425,zappy-winter-thicketbird,2095120142011167164,2073449599734267904,true,
2095331248478867569,1788400873667,patient-peach-ibis,2095176238063292805,1221587230583476226,true,
2095331298940264757,1788400885698,neighborly-rhubarb-chickadee,2095284818942525895,,true,
2095331440632160653,1788401066749,cosmic-root-grackle,2095211202339320087,2027843808139087875,true,
2095331492398330365,1788400931821,diligent-brook-thrasher,2094982592042807341,1891668703890243585,true,
2095331603023007928,1788400958197,celebrated-ocean-seagull,2095262313926230162,63502414,true,true
2095331745067331667,1788400992063,celebrated-basswood-kingfisher,2095194772428226889,,true,
2095331852743582038,1788401017735,jovial-jackfruit-shearwater,2095238584093516178,2546153238,true,
2095331900785107089,1788401029188,cheery-nutmeg-towhee,2095170848747614686,1780870181381881856,true,
2095332091663667526,1788401074698,great-mountain-brushturkey,2095230474532913233,2080127170803101696,true,
2095332181098782743,1788401208743,cosmic-root-grackle,2095266554258624527,1634920492422373376,false,
2095332352318750901,1788401136842,zappy-winter-thicketbird,2095233796614348951,1987860814674718721,true,
2095332377169961252,1788401142767,positive-cedar-raven,2095139729465381158,71630224,true,
2095332642371887287,1788401205996,thankful-pomegranate-bluejay,2095092936631542261,218434058,true,
2095332798563262575,1788401243235,cheery-nutmeg-towhee,2094983172941308075,725645972,true,
2095332799100371197,1788401406623,cosmic-root-grackle,2095151380369465685,17995040,true,
2095332800450720232,1788401243685,neighborly-rhubarb-chickadee,2094983172941308075,725645972,true,
2095332947221966930,1788401278679,diligent-brook-thrasher,2094983423530086717,319195326,true,
2095332994483437776,1788401289947,positive-cedar-raven,2095218728082215043,71630224,true,
2095333124909535298,1788401321042,great-mountain-brushturkey,2095230116523655341,385740401,true,
2095333201589748016,1788401339324,felicitous-peanut-seabird,2095077525621764136,,true,
2095333267574513707,1788401355056,celebrated-ocean-seagull,2095263460779340074,2781651227,true,
2095333354115854706,1788401375690,wise-sea-hillstar,2095091962412224925,57028854,true,
2095333413548937361,1788401389859,magnificent-coral-firetail,2094553905069732104,2011829646707634176,true,
2095333419547029633,1788401391290,cosmic-isle-lark,2095158116639965584,1316079401012989952,true,true
2095333482704802228,1788401406347,great-tide-heron,2094117692085297502,303126470,true,
2095333673411490281,1788401451815,refreshing-forest-cacholote,,,,
2095333816625779018,1788401485960,cheery-nutmeg-towhee,2095276687592137046,1310722975491076097,true,
2095333820958671081,1788401486993,diligent-vine-firefinch,2094031114990145741,1200732749981601794,false,false
2095333861211378096,1788401496590,candid-pear-robin,2095266565050749387,1553014815924551680,true,
2095333994380292596,1788401528340,great-mountain-brushturkey,2095295665546944691,,true,
2095334078903943445,1788401548492,zappy-winter-thicketbird,,,,
2095334118439489947,1788401557919,zappy-winter-thicketbird,2095108222944194919,1187020753834774529,true,
2095334259313815705,1788401591505,lovely-creek-barbet,2094954298786648440,1409223888,false,false
2095334325973655874,1788401607398,neighborly-rhubarb-chickadee,,,,
2095334698746843419,1788401696274,bright-raspberry-lorikeet,2095143234846720255,796228874174484481,true,
2095334752844669141,1788401709172,diligent-brook-thrasher,2095232142657675634,2069549191353769985,true,
2095334915579462003,1788402155369,cosmic-root-grackle,,,,
2095335041945800770,1788401778099,polite-acorns-whistler,2095149548834533776,1282931839687028737,false,
2095335243129466885,1788401826065,celebrated-ocean-seagull,2095231016608624917,110586774,true,
2095335294799130745,1788401838384,cheery-nutmeg-towhee,2095306450167910608,,true,
2095335408460837252,1788401865484,great-tide-heron,2093633519801258278,595494083,false,
2095335428375065018,1788401870231,great-mountain-brushturkey,2095326858133082577,,true,
2095335609988509734,1788401913531,neighborly-rhubarb-chickadee,2095297936284381586,,true,
2095335685364555837,1788401931502,blooming-reef-seagull,2095246603485331479,,true,true
2095335791975117086,1788401956920,bubbly-creek-motmot,2095242932370477532,1913661324493799424,true,
2095335874112462928,1788401976503,great-tide-heron,2093942055622037912,1281403955449192449,true,
2095335874984878570,1788401976711,refreshing-forest-cacholote,2094746362332295184,1667981781755363329,true,
2095335925777572185,1788401988822,nice-maple-whistler,2095245580184265190,1609974443631157248,true,
2095335978303119373,1788402001344,mindful-mist-eagle,2095034900852473978,711935912,true,
2095336265549856820,1788402069829,zappy-winter-thicketbird,2095158116639965584,1316079401012989952,true,true
2095336385221722375,1788402098361,neighborly-rhubarb-chickadee,,,,
2095336683931574659,1788402169579,skilled-lumber-owl,2095167524111323390,20116905,true,
2095337109817332216,1788402545932,cosmic-root-grackle,2095283066054873421,,false,
2095337157221048571,1788402282420,joyous-rose-swamphen,2095315190631870925,,true,
2095337701645914353,1788402412221,diligent-brook-thrasher,2095314555664519287,,true,
2095337719408828808,1788402416456,celebrated-ocean-seagull,2095249021522899123,1944684895789293568,true,
2095337844889846051,1788402446374,cheery-nutmeg-towhee,2095304548415881686,,true,
2095337901106328032,1788402459776,revered-glacier-whistler,2094610550504472854,942747596434522114,true,
2095337902477840463,1788402460103,refreshing-forest-cacholote,2094952161134412205,1199027328648527873,true,
2095338045440426064,1788402494188,great-mountain-brushturkey,2095305540817551793,,true,
2095338153259278709,1788402519895,tectonic-sapling-treepie,2094963983543394651,723169530638438400,true,
2095338400496652327,1788402578840,zappy-winter-thicketbird,2095268966713147421,1772507358234587136,true,
2095338404573495628,1788402579812,amusing-almond-pipit,2095306004787511656,,true,
2095338431442203035,1788402586219,neighborly-rhubarb-chickadee,2095244036776788044,1649103332680646673,true,
2095338544591974735,1788402613195,diligent-brook-thrasher,2095209389338894644,2069428622813708288,true,
2095338581497684366,1788402621995,celebrated-ocean-seagull,2095198549126390175,1557614279935012864,true,
2095338622006206781,1788402631652,cheery-nutmeg-towhee,2095268995502846277,258512916,true,
2095338660413796400,1788402640809,wholesome-raspberry-stilt,2095245129020051818,2027843808139087875,true,
2095339107970912494,1788402747515,fast-maple-sunbird,2094999870499066019,1646793128769122306,true,true
2095339175348195763,1788402763580,balanced-sunflower-duck,2095112166579839383,1840788730249961476,true,
2095339250338144402,1788402781458,diligent-brook-thrasher,2095307927393611848,,true,
2095339410023751864,1788402819531,celebrated-ocean-seagull,2095180693965799638,,true,
2095339435483079048,1788402825600,affable-spring-flatbill,2095196902887158234,,true,
2095339475798765909,1788402835212,great-mountain-brushturkey,,,,
2095339500834603282,1788402841181,zappy-winter-thicketbird,2095114527251873830,1414864127911022592,true,
2095339832138514902,1788402920170,valorous-cypress-nighthawk,2095273814007693733,839116207756279808,true,
2095340063718617484,1788403483224,cosmic-root-grackle,,,,
2095340111995056381,1788402986894,alert-meadow-duck,2095318018645533119,,true,
2095340183063282106,1788403003837,neighborly-rhubarb-chickadee,2095324743494959410,,true,
2095340266844569771,1788403023812,independent-beach-rooster,2095293900181340548,1721455443778940928,false,
2095340798963503182,1788403150679,happy-creek-thrasher,2095118691134489052,1623282778140999682,true,
2095340822199664817,1788403156219,entrancing-tide-flameback,2095240025957105802,99195528,true,false
2095340883486941225,1788403170831,dexterous-lagoon-towhee,2095163589346660699,2028897381266407426,true,
2095341018556055640,1788403203035,diligent-brook-thrasher,2095278403838411263,124165495,true,
2095341187196735715,1788403243241,marvelous-beach-catbird,2095170421330985181,,false,
2095341332780704210,1788403440475,cosmic-root-grackle,2095211124517978428,1786750248381276160,true,
2095341567460495438,1788403333904,celebrated-ocean-seagull,2095337614924795943,,true,
2095341616693387511,1788403345641,intriguing-papaya-troupial,2095324448685797761,,true,
2095341630878359716,1788403349023,cheery-nutmeg-towhee,2095318333830697280,,true,
2095341643066925058,1788403351929,excellent-spruce-shorebird,2095207758530236784,1699566405220233216,true,
2095341662163579255,1788403356483,zappy-winter-thicketbird,2095274317516853412,1536693901230321666,true,
2095341742442582164,1788403375622,neighborly-rhubarb-chickadee,,,,
2095341797660922141,1788403388787,transcendent-oak-kingfisher,2093671401748324468,1516363633130762241,true,
2095341804748996691,1788403390477,methodical-tree-seedeater,2095259020747780337,1990403318477463552,true,
2095341832532378080,1788403397102,peppy-berry-firefinch,2094842554521198990,2001813729592385536,true,
2095342018579058833,1788403441458,supreme-pine-stork,2095264610462949733,191871143,true,
2095342305901441182,1788403509961,talented-desert-thicketbird,2095332147380781361,,true,
2095342697976643643,1788403722153,cosmic-root-grackle,2095264610462949733,191871143,true,
2095342722248826930,1788403609227,diligent-brook-thrasher,2094983783271539123,2350724678,true,
2095343037312639361,1788403684344,talented-desert-thicketbird,2095333694470750581,,true,
2095343098314244184,1788403698887,celebrated-ocean-seagull,2095166437652353033,1645193125,true,
2095343197144952878,1788403722450,talented-desert-thicketbird,2095335705949950167,,true,
2095343263293067289,1788403738222,hysterical-wood-brownbul,2095266594775506946,367489464,true,
2095343337893245198,1788403756007,tough-cashew-gull,2094963335355863210,,true,
2095343420696928616,1788403775750,cheery-nutmeg-towhee,,,,
2095343477189992603,1788403789219,great-mountain-brushturkey,2095321248582566198,,true,
2095343498027225455,1788403794186,zappy-winter-thicketbird,2095246908830712230,2028162282044485633,true,
2095343593477034131,1788403816943,neighborly-rhubarb-chickadee,,,,
2095343802844106867,1788403866861,cheery-nutmeg-towhee,,,,
2095343844531622039,1788403876799,steady-chestnut-swan,2095273814007693733,839116207756279808,false,
2095344269540163653,1788403978129,bountiful-desert-finfoot,2095294460980531205,1507122304093982722,true,
2095344299026039157,1788403985159,energizing-peanut-goshawk,2095190686639300674,1702750026986921985,true,
2095344312384901375,1788404194307,cosmic-root-grackle,,,,
2095344464675868930,1788404024653,diligent-brook-thrasher,2095278055069757506,14341469,true,
2095344772491649289,1788404098042,spunky-lowland-cardinal,2095102321076154467,545643493,true,
2095344797934313568,1788404104109,celebrated-ocean-seagull,2095081056466608512,240218592,true,
2095344861134094537,1788404119175,cheery-nutmeg-towhee,2095211124517978428,1786750248381276160,true,
2095344916536648157,1788404132385,legendary-dune-sparrow,2095302307730571366,,true,
2095345079934480553,1788404171343,poetic-beech-barbet,2095344000043540552,,true,
2095345149077225478,1788404187828,great-mountain-brushturkey,2095279846213791843,1330776645557313537,true,
2095345229872111798,1788404207090,great-mountain-brushturkey,2095236189187973504,,true,true
2095345247215870007,1788404637062,cosmic-root-grackle,2095295143339290708,1585809424135995392,true,
2095345264127279518,1788404215257,lovely-creek-barbet,2095034900852473978,711935912,true,
2095345379420061812,1788404242745,alpine-lime-duck,2095264512593264991,1748423899996684290,true,
2095345399720497412,1788404247585,zappy-winter-thicketbird,2095234924802437417,,true,
2095345472126726403,1788404264848,neighborly-rhubarb-chickadee,2095276534932070807,817158775610179584,true,
2095345524274614472,1788404277281,discerning-earth-finch,2095161996270285085,15450996,true,
2095345559968063943,1788404285791,zappy-winter-thicketbird,2095196902887158234,,true,
2095345567111291295,1788404287494,valiant-hillside-woodpecker,2095035922245169277,562773398,false,
2095345576359403586,1788404289699,diligent-brook-thrasher,2095335515507802432,,true,
2095345642818150770,1788404305544,rational-summer-swan,2095250490296762546,,true,
2095345692193481058,1788404317316,celebrated-ocean-seagull,2095332213600489522,,true,
2095345860242501881,1788404357382,cheery-nutmeg-towhee,2094993750686642586,65865645,true,
2095345909701734782,1788404369174,methodical-tree-seedeater,2095280397881839881,1990403318477463552,true,
2095345955935588814,1788404380197,balanced-avocado-bulbul,2095288964814971045,1647226840304558080,true,
2095346406198255909,1788404487548,zappy-winter-thicketbird,2095263109938053421,89771242,true,
2095346445868056872,1788404497006,neighborly-rhubarb-chickadee,2095224855658688936,1468638095860023296,true,
2095346473021981143,1788404503480,diligent-brook-thrasher,2095299992936501482,,true,
2095346512414797842,1788404512872,neighborly-rhubarb-chickadee,,,,
2095346526105010345,1788404516136,cherished-redwood-kookaburra,2095198657771667600,1232037878009663490,true,true
2095346536314028069,1788404518570,diligent-brook-thrasher,2095320320844402772,,true,
2095346602869182684,1788404534439,,2095211124517978428,1786750248381276160,true,
2095346702559424670,1788404558206,celebrated-ocean-seagull,,,,
2095346839918727523,1788404590955,entrancing-tide-flameback,2095241543497957524,1960946132294451200,true,false
2095346884453806125,1788404601573,delightful-dogwood-penguin,2095270363282460795,1689343347457138688,true,
2095346939139109293,1788404614611,animated-ridge-waxbill,2095255037563847003,827279765287559171,true,
2095347007473012884,1788404630904,delightful-autumn-kookaburra,2095134435805176119,1561956772297842689,true,
2095347294413476031,1788404699315,easygoing-island-parrotlet,2094983783271539123,2350724678,true,
2095347314046980396,1788404703996,cheery-nutmeg-towhee,2095054038375018722,2030204311628640256,true,
2095347385396236515,1788404721007,great-mountain-brushturkey,2095292357780307996,784921318651207680,true,
2095347428203569336,1788404882766,cosmic-root-grackle,,,,
2095347493668024330,1788404746821,zappy-winter-thicketbird,,,,
2095347801626644501,1788404820244,trusting-fjord-quail,2095227263495381386,739201706748170240,true,
2095347917863481437,1788404847958,cozy-frost-petrel,2089697965061595333,838399737615130625,true,
2095348240803643447,1788404924952,chipper-lagoon-seabird,2095266890444685386,,true,
2095348355622711707,1788404952327,exuberant-peachtree-magpie,2094925871270318110,1202087677270675458,false,
2095348594169839721,1788405009201,talented-desert-thicketbird,2095340146568688018,,true,
2095348607536816337,1788405012389,neighborly-rhubarb-chickadee,2095158157647777973,,true,
2095348629045154049,1788405017516,diligent-brook-thrasher,2095341486774624538,,true,
2095348786344141034,1788405055020,gumptious-lowland-magpie,2094883152732774451,1829309110426247169,true,
2095348901687771448,1788405082519,reserved-shoreline-owl,2095091962412224925,57028854,false,
2095349100250046973,1788405129860,cheery-nutmeg-towhee,,,,
2095349103177633962,1788405130558,celebrated-ocean-seagull,2095224266690027924,1649432778998464512,true,
2095349137294172536,1788405138692,cheery-nutmeg-towhee,,,,
2095349251043684826,1788405165812,hilarious-bonsai-ibis,2094856215708733828,1686228946986119168,false,
2095349577172005072,1788405243567,revered-glacier-whistler,2095027067670966670,1879196787019591680,true,
2095349599439372412,1788405248876,realistic-pond-pratincole,2095055941435527204,1766452321297256449,true,
2095349664748863512,1788405264447,great-mountain-brushturkey,2095335705949950167,,true,
2095349776472502759,1788405291084,great-mountain-brushturkey,2095334162630848947,,true,
2095350162487152912,1788405383117,capable-wood-flamingo,2095223402889920715,1261335549215989760,false,
2095350244108091566,1788405402578,zappy-winter-thicketbird,2095186373078548837,2598999181,true,
2095350445505982754,1788405450594,neighborly-rhubarb-chickadee,2095283278764822590,2077054199573909504,true,
2095350619707965711,1788405492127,diligent-brook-thrasher,2095117229100544450,1678636871310516224,true,
2095350630390890786,1788405494674,celebrated-ocean-seagull,2095172698871623985,1491142579722858500,true,
2095350720987902390,1788405516274,cheery-nutmeg-towhee,2095021675708371060,18927441,true,
2095350967768367542,1788405690353,cosmic-root-grackle,,,,
2095351060625850612,1788405597250,hilarious-summer-frigatebird,2094820167251312891,19355276,true,
2095351074207220150,1788405600488,brave-cove-pheasant,2095246789955989889,2031341800833822726,true,
2095351293405532621,1788405652749,great-mountain-brushturkey,2095340970036379723,,true,
2095351337382813722,1788405663234,zappy-winter-thicketbird,2095343954543685633,,true,
2095351392491671818,1788405676374,neighborly-rhubarb-chickadee,2095214500593156426,1390482601400487937,true,
2095351565309841743,1788405717576,gregarious-granite-nightingale,2095138326709977303,,true,
2095351735988449371,1788405758270,diligent-brook-thrasher,2095334080271536332,,true,
2095351742716342757,1788405759873,flexible-hill-condor,2095246789955989889,2031341800833822726,true,
2095351845933760750,1788405784482,celebrated-ocean-seagull,2095179273715748941,1601852815579693057,true,
2095351866028687392,1788405789273,cheery-nutmeg-towhee,2095328650459840627,,true,
2095351894738600056,1788405796118,great-mountain-brushturkey,2095005712342749612,1936676228649631744,true,
2095351931988287655,1788405804999,zappy-winter-thicketbird,2095323289883422792,,true,
2095351945955352947,1788405808329,neighborly-rhubarb-chickadee,2095312127997222975,,true,
2095352143569887500,1788405855444,diligent-brook-thrasher,,,,
2095352166366032197,1788405860880,zappy-winter-thicketbird,2095227178074161460,2313552080,true,
2095352232128508080,1788405876558,neighborly-rhubarb-chickadee,2095187495059353619,177101260,true,
2095352311291818279,1788405895432,celebrated-ocean-seagull,2095241305106342232,866385074769592320,true,
2095352314097799663,1788405896102,strategic-vine-barbet,2095112784128471113,,true,
2095352528632221883,1788405947250,methodical-coast-thrasher,2094879276596097453,784784567244816384,true,
2095352810661691641,1788406014491,relatable-blossom-waterfowl,2095306841765085513,,true,
2095352839581106338,1788406021386,cheery-nutmeg-towhee,,,,
2095353395586433508,1788406153948,great-mountain-brushturkey,,,,
2095353473298501978,1788406172477,diligent-brook-thrasher,,,,
2095353591162651078,1788406200578,zappy-winter-thicketbird,2095305321765806150,,true,
2095353902447444415,1788406274793,agreeable-sun-kingbird,2094954298786648440,1409223888,false,false
2095354090863591592,1788406319715,cozy-coconut-finfoot,2095347652334391698,,true,
2095354269650059748,1788406362341,vibrant-passionfruit-falcon,2095334725724336509,,true,
2095354358456041875,1788406383515,neighborly-rhubarb-chickadee,2095324448685797761,,true,
2095354380480282970,1788406388766,diligent-brook-thrasher,,,,
2095354510487306680,1788406554696,cosmic-root-grackle,2095176558369476979,798619825606103044,false,
2095354543689105620,1788406427677,celebrated-ocean-seagull,2095289705193472029,785938828112474112,true,
2095354677521010887,1788406459585,cheery-nutmeg-towhee,2095183649956155656,1525909503111221248,true,
2095354711385980930,1788406467660,independent-basswood-hoopoe,2095107146614497379,1168877404598808577,true,
2095354746433577302,1788406476016,candid-lumber-wren,2095276534932070807,817158775610179584,true,
2095354815060566246,1788406492377,great-mountain-brushturkey,2094988025197654329,37491797,true,
2095354828218105968,1788406495515,zappy-winter-thicketbird,2095342923776991708,,true,
2095354922208301477,1788406517924,neighborly-rhubarb-chickadee,2095285701869019502,52643791,true,
2095354934543679579,1788406520864,diligent-brook-thrasher,2095349420506124639,,true,
2095355004693426283,1788406537589,celebrated-ocean-seagull,2095348738273198160,,true,
2095355027384836462,1788406543000,felicitous-seashore-osprey,2095349397324263778,,true,
2095355289474064779,1788406605486,celebrated-ocean-seagull,2095141945681056109,,true,
2095355308180636023,1788406609947,cheery-nutmeg-towhee,2095156023975714912,1913411426929999872,true,
2095355408663896449,1788406633903,stalwart-jacaranda-quetzal,2095308616899174651,,true,
2095355587840151928,1788406676622,extraordinary-winter-puffbird,2095087019429085346,1864340193735790592,true,
2095355589777858944,1788406677084,devoted-apple-macaw,2095093275627762155,1695275254850228224,false,
2095355673127079939,1788406696956,easygoing-island-parrotlet,2095184084427215079,820723171112448001,true,
2095355768585568739,1788406719716,captivating-cove-hoopoe,2095172469225353233,1920563924031942656,true,
2095355811845353692,1788406730030,fascinating-creek-grebe,2093104386671050963,1385009621564366849,true,
2095355886256767266,1788406747771,communicative-clay-murrelet,2095031120869925334,1948513857179160576,true,
2095356004359623069,1788406775928,,2093001121988301055,1643603215391260673,true,
2095356007194976717,1788406776604,lionhearted-sycamore-sparrow,2095322774965223722,,true,
2095356111670870281,1788406801513,great-mountain-brushturkey,2095184337641582809,118224268,true,
2095356235113513107,1788406830945,zappy-winter-thicketbird,2095318916209709239,,true,
2095356243338829865,1788406832905,mindful-mist-eagle,2095078116272349563,1223070999630868480,true,
2095356358165921860,1788406860282,prudent-dune-dipper,2095245737571308020,178580925,true,false
2095356377690521938,1788406864937,neighborly-rhubarb-chickadee,2094947855395889302,2080800493912084480,true,
2095356413438820629,1788406873460,insightful-peachtree-blackbird,2095170456403779767,1854211397196152832,true,
2095356480539046265,1788406889458,diligent-brook-thrasher,2095334476540678618,,true,
2095356796466758010,1788406964781,brilliant-trail-seabird,2095147689940042000,2027843808139087875,true,false
2095356846869446812,1788406976798,magnanimous-strawberry-meadowlark,2094962842520711228,,true,
2095356859461099956,1788406979801,jubilant-rainforest-shorebird,2095095450634473889,2075506257939804161,true,
2095356880910696655,1788406984914,vibrant-banana-albatross,2094992722444853751,,true,
2095356893380088036,1788406987888,celebrated-ocean-seagull,,,,
2095356920609542442,1788406994379,cheery-nutmeg-towhee,,,,
2095356969917755623,1788407006136,great-mountain-brushturkey,,,,
2095357269089075478,1788407077463,zappy-winter-thicketbird,2095208239189446726,2042749011367518208,true,
2095357274592030928,1788407078775,excellent-moss-cotinga,2095000363292406256,747701934929379328,true,
2095357554528526613,1788407145518,accomplished-passionfruit-bunting,2095337505566662779,,true,
2095357643489493071,1788407166727,neighborly-rhubarb-chickadee,2095143931713573079,,true,
2095358128833323063,1788407282442,diligent-brook-thrasher,2095274635684126789,471730204,true,
2095358157883064688,1788407289368,celebrated-ocean-seagull,2095188713475051583,1859130678597521408,true,
2095358161750270319,1788407290290,cheery-nutmeg-towhee,,,,
2095358272438219165,1788407316680,dynamic-cove-mallard,2095138161630564522,,true,
2095358307993071637,1788407325157,lithe-tanoak-dipper,2094705693840576584,1316079401012989952,true,
2095358333884522566,1788407331331,great-mountain-brushturkey,2095277560183808352,,true,
2095358353900023955,1788407336102,authentic-cherry-seabird,2094936792214487174,1367927326642683908,true,
2095358403757711769,1788407347989,inquisitive-pistachio-peacock,2095351522074755199,,true,
2095358422967312792,1788407352569,zappy-winter-thicketbird,2095271589407232183,2037923564842586112,true,
2095358596909588754,1788407564375,cosmic-root-grackle,,,,
2095358655516590431,1788407408013,authentic-cherry-seabird,2095184084427215079,820723171112448001,true,
2095358681840054636,1788407414289,original-coast-lark,2093290030643241425,,true,
2095358688726823411,1788407415932,neighborly-rhubarb-chickadee,2095326365520216294,,true,
2095358770687660374,1788407435473,diligent-brook-thrasher,,,,
2095358925831123189,1788407472461,cherished-bonsai-sunbird,2095151782368293274,1768531524138221568,true,
2095358964087033986,1788407481583,celebrated-ocean-seagull,2095348702776827966,,true,
2095359066831003893,1788407506079,dynamic-cove-mallard,2095246789955989889,2031341800833822726,true,
2095359075986845880,1788407508262,cheery-nutmeg-towhee,,,,
2095359104646594940,1788407515094,neighborly-rhubarb-chickadee,2095274317516853412,1536693901230321666,true,
2095359171768025526,1788407531097,marvelous-granite-grebe,2095188298855772671,14293310,true,
2095359202126680511,1788407538335,cherished-bonsai-sunbird,2094450237603459364,1768531524138221568,true,
2095359241758380352,1788407547784,trusty-meadow-kookaburra,2095068253941125506,2022997709674758145,true,
2095359384662753447,1788407581855,cherished-bonsai-sunbird,2095351026819723431,,true,
2095359463033045217,1788407600540,diligent-brook-thrasher,2095140883280560407,15528639,true,
2095359469328732593,1788407602041,legendary-kiwi-petrel,2095255846418874729,1526773039999946752,true,
2095359566565269806,1788407625224,celebrated-ocean-seagull,2095317292787646783,,true,
2095359695225569522,1788407655899,cheery-nutmeg-towhee,2095232713028497887,1740148403802193921,true,
2095360225263960079,1788407919500,cosmic-root-grackle,2095190686639300674,1702750026986921985,true,
2095360232788819988,1788407784064,punctual-cantaloupe-myna,,,,
2095360384878399550,1788407820325,magnetic-peachtree-grackle,2095183678821286124,1529544346768396290,true,
2095360488851042310,1788407845115,authentic-cherry-seabird,2095344089654763636,,true,
2095360670178869368,1788407888346,great-mountain-brushturkey,2095206647782342774,345477432,true,
2095360677179535672,1788408312458,cosmic-root-grackle,,,,
2095360712101249294,1788407898341,inquisitive-pistachio-peacock,2095350472349561159,,true,
2095361022320140631,1788407972303,zappy-winter-thicketbird,2095223304248250642,1508257940368773127,true,
2095361063101567172,1788407982026,punctual-cantaloupe-myna,2094583228657242412,1410513553396699139,true,true
2095361156252885274,1788408004235,dynamic-foothill-grebe,2095269493459001781,38702668,false,
2095361212645060961,1788408017681,fun-orchard-cuckoo,2095340323815715134,,true,
2095361278135157235,1788408033294,sensible-frost-fantail,,,,false
2095361308728148405,1788408040589,neighborly-rhubarb-chickadee,2095348645533008321,,true,
2095361453435813949,1788408075090,diligent-brook-thrasher,,,,
2095361497022988697,1788408085481,reliable-birch-lorikeet,2095195701634310424,1287462962064699394,true,
2095361933574570278,1788408189563,celebrated-ocean-seagull,2095320618270883872,,true,
2095361964285534611,1788408348713,cosmic-root-grackle,2095264610462949733,191871143,false,
2095362025098534999,1788408211384,cheery-nutmeg-towhee,2095337505566662779,,true,
2095362063971311677,1788408220652,great-mountain-brushturkey,2095311608159539276,,true,
2095362158901256431,1788408243286,empathetic-dune-parakeet,2095245737571308020,178580925,false,
2095362209534579190,1788408255358,thorough-trail-turkey,2094956442327392588,1687209225783525376,true,
2095362343865647108,1788408287384,zappy-winter-thicketbird,2095014238058131827,1234463099341635585,true,
2095362352677855283,1788408289485,cheery-nutmeg-towhee,2095156369725026755,1541030615394521091,true,
2095362355316027831,1788408290115,neighborly-rhubarb-chickadee,2095156369725026755,1541030615394521091,true,
2095362391856824832,1788408298826,neighborly-rhubarb-chickadee,2095211124517978428,1786750248381276160,true,
2095362562720158196,1788408339563,great-rock-needletail,2075402771130630379,1663308107240570880,true,
2095362665472463273,1788408811120,cosmic-root-grackle,2095295143339290708,1585809424135995392,true,false
2095362800189411626,1788408396181,inquisitive-cantaloupe-wheatear,2094766361302180049,1192490687612088320,true,
2095362814944956425,1788408399698,trusting-fjord-quail,2095008857441673593,1855976282905059330,true,
2095362823232921829,1788408401674,trusting-fjord-quail,2095122728198009071,1397837532998537216,true,
2095362842870665402,1788408406356,hopeful-mulberry-bluebird,2095294237361480009,1155322878776107008,true,
2095362854291406924,1788408409079,diligent-brook-thrasher,2094969126796083601,1967553994324107264,true,
2095362925670092980,1788408426098,overjoyed-guava-nightingale,2095267193281810893,1879644163769335808,true,
2095362949720182795,1788408431832,celebrated-ocean-seagull,2095129362085429717,1405805095338622977,true,
2095362998680314312,1788408443505,cheery-nutmeg-towhee,2095350472349561159,,true,
2095363056167686164,1788408457210,hopeful-mulberry-bluebird,2095301880163492272,,true,
2095363189068206311,1788408488897,great-mountain-brushturkey,2095188037403627633,1066665672,true,
2095363235746599029,1788408500025,impeccable-watermelon-crane,2094882478872002680,1453811299691884549,false,
2095363321411010709,1788408520449,zappy-winter-thicketbird,2095286669381709944,2047383516594294784,true,
2095363439053148671,1788408548497,revered-glacier-whistler,2094654432575467899,1517782576710455298,true,
2095363625594536276,1788408592972,neighborly-rhubarb-chickadee,2095186569883693399,1496081070386827265,true,
2095363691206320451,1788408608615,blazing-cliff-wigeon,2095264610462949733,191871143,false,
2095363871145861557,1788408651517,diligent-brook-thrasher,2095255973220827222,1360503332176072704,true,
2095363998967316950,1788408681991,,2095350986369827061,,true,false
2095364186587206071,1788408726723,amazing-pineapple-bluejay,2095206158269071788,158201376,true,
2095364252882420168,1788408906121,cosmic-root-grackle,,,,
2095364282472882433,1788408749585,,2095188298855772671,14293310,true,
2095364492419068131,1788408799639,superb-trail-cardinal,2094881348171571549,712914636203433984,true,
2095364526690496989,1788408807810,hypnotic-cashew-greenbul,2094161486029427004,2050898017289469952,true,
2095364653878534216,1788408838135,celebrated-ocean-seagull,2095357929167745534,,true,
2095364770761228683,1788408866001,animated-ridge-waxbill,2095206647782342774,345477432,true,
2095364789363257711,1788409029462,cosmic-root-grackle,2095185928696299745,1917731,false,
2095364792496361769,1788409313679,cosmic-root-grackle,,,,
2095364894073733453,1788408895402,cheery-nutmeg-towhee,,,,
2095364926252650805,1788408903073,kind-sand-firetail,2094959256101625981,2048952189654331392,true,
2095364946586632666,1788408907921,sensible-frost-fantail,2095138326709977303,,false,
2095364958246912087,1788408910701,friendly-pear-pelican,2094670676150169707,147907263,true,
2095365254125326799,1788408981245,electric-forest-pigeon,2095061603578224787,386336311,false,
2095365443397837296,1788409026370,punctual-cantaloupe-myna,2095258223037276664,,true,true
2095365500368789796,1788409039953,innovative-persimmon-parrotlet,2094936792214487174,1367927326642683908,true,
2095365584280064387,1788409059960,transcendent-harvest-songlark,2095321248582566198,,true,
2095365663057416606,1788409078741,zappy-winter-thicketbird,,,,
2095365734553588110,1788409541767,cosmic-root-grackle,,,,
2095365871539454336,1788409128447,neighborly-rhubarb-chickadee,2095158362388447314,1316079401012989952,true,
2095365946726556138,1788409146373,diligent-brook-thrasher,2095065266178945254,321746667,true,
2095366021993365725,1788409164318,celebrated-ocean-seagull,2095232438721294471,1744288171565723648,true,
2095366492283887965,1788409276445,diligent-brook-thrasher,2095204664262422952,,true,
2095366618025242990,1788409306423,authentic-cherry-seabird,2095350986369827061,,true,
2095366773960806573,1788409343601,cheery-nutmeg-towhee,2095130533973897445,3316376038,true,
2095366822165876763,1788409355094,versatile-jacaranda-parakeet,2095038522553954781,92564226,true,
2095367051434926413,1788409409756,celebrated-ocean-seagull,,,,
2095367113091280968,1788409424456,great-mountain-brushturkey,2095202572055228807,1826734178441781248,true,
2095367162231697435,1788409436172,zappy-winter-thicketbird,2095158414301430205,1316079401012989952,true,
2095367178144891099,1788409439967,neighborly-rhubarb-chickadee,2095307296406401279,,true,
2095367180900606046,1788409440624,cheery-nutmeg-towhee,2095363660776341717,,true,
2095367310412222833,1788409471501,auspicious-earth-cardinal,2093114405475017092,,true,
2095367449788981590,1788409504732,diligent-brook-thrasher,2095166014451286447,2088722832645648384,true,
2095367516512023031,1788409520639,celebrated-ocean-seagull,2095043526870401376,629698642,true,
2095368283985760432,1788409703619,attentive-rainfall-antwren,2095285605165113592,1097897763445108738,true,
2095368382388351084,1788409727080,gregarious-star-shearwater,2095041190131269746,1135361633717489664,true,
2095368398070767922,1788409730819,striking-bonsai-siskin,2095360474330079683,,true,
2095368482242040206,1788409750887,cheery-nutmeg-towhee,2095261912548135015,2085747403538223104,true,
2095368511132696950,1788409757775,ambitious-cantaloupe-puffbird,2094730401256517677,403264725,true,
2095368517381960051,1788409759265,accomplished-apricot-guillemot,2095186276634759426,1552546989371527169,true,
2095368529902223735,1788409762251,revered-isle-cardinal,2095263922345456017,388119229,true,
2095368689264570816,1788409800245,great-mountain-brushturkey,2095332961109553553,,true,
2095368699050098932,1788409802578,inspirational-beech-petrel,2095241171190923467,1811195958589575168,true,
2095368757510082975,1788409816517,zappy-winter-thicketbird,2095325388331221383,,true,
2095369077585780890,1788409892829,motivated-eucalyptus-cotinga,2095300757582987692,,true,
2095369080492396894,1788409893521,neighborly-rhubarb-chickadee,,,,
2095369121970176472,1788409903410,early-sand-swift,2095172599991218301,2027872110182342656,true,
2095369128362279325,1788409904934,wholesome-raspberry-stilt,2095262313926230162,63502414,true,
2095369139863109659,1788409907676,wholesome-raspberry-stilt,2095298470064132106,,true,
2095369319173472633,1788410071856,cosmic-root-grackle,,,,
2095369661881680092,1788410032136,auspicious-earth-cardinal,2095317083596976129,,true,
2095369678554067279,1788410036110,lithe-seashore-peacock,2094710691701960709,39961247,true,
2095369796472762684,1788410064224,composed-grapefruit-needletail,2095239404679839998,,true,
2095369848138162278,1788410076542,diligent-brook-thrasher,2095347577369903245,,true,
2095370361693262085,1788410198984,tectonic-slope-sunbird,2095293900181340548,1721455443778940928,true,
2095370412322332745,1788410211054,celebrated-ocean-seagull,2095082133467681103,1934228741938393089,true,
2095370646565896564,1788410266903,intelligent-tree-whistler,2095255070778462347,1597313497402028037,true,
2095370725536264356,1788410285730,likable-poplar-skimmer,2094879276596097453,784784567244816384,false,
2095370728203755970,1788410286366,cheery-nutmeg-towhee,2095158311964537165,1316079401012989952,true,
2095370794830369272,1788410302251,great-mountain-brushturkey,,,,
2095370805504860457,1788410304796,zappy-winter-thicketbird,2095327090513936585,,true,
2095370891139973186,1788410325213,neighborly-rhubarb-chickadee,2095362625853161710,,true,
2095371183684243845,1788410394962,diligent-brook-thrasher,,,,
2095371345198501957,1788410433469,neighborly-rhubarb-chickadee,2095183649956155656,1525909503111221248,true,
2095371452933406722,1788410459156,diligent-brook-thrasher,2095265603036832056,764955412646891520,true,
2095371531421667415,1788410477869,transcendent-canopy-goose,2095210274529685757,742453163098296320,true,
2095371553244426292,1788410483071,celebrated-ocean-seagull,2095251627112567132,,true,
2095371596915454009,1788410493483,cheery-nutmeg-towhee,2095194014660084133,,true,
2095371602091229412,1788410494718,great-mountain-brushturkey,2095201526675300547,198393228,true,
2095371858241527928,1788410555789,celebrated-ocean-seagull,2095305321765806150,,true,
2095371861479629159,1788410556561,cheery-nutmeg-towhee,2095201930473554271,1557614279935012864,true,
2095371883441016876,1788410667239,cosmic-root-grackle,,,,
2095371911442096216,1788410568473,great-mountain-brushturkey,2095141712796479652,1557614279935012864,true,
2095371997437944195,1788410588975,zappy-winter-thicketbird,2095142679764226142,1689512391300751362,true,
2095372070745931886,1788410606454,lucky-magnolia-crane,2095266624907411961,1393380448210915338,true,
2095372073225060555,1788410943957,cosmic-root-grackle,2095240092025778533,61254885,true,
2095372187632832911,1788410634321,neighborly-rhubarb-chickadee,2095158282943946820,,true,
2095372288157733111,1788410658288,diligent-brook-thrasher,2095022896989065499,,true,
2095372299931189268,1788410661095,celebrated-ocean-seagull,2095318028867305523,,true,
2095372316033327488,1788410664934,brilliant-trail-seabird,2095292150715933170,2011873878440886275,true,
2095372330734374945,1788410668439,zesty-twig-bullfinch,2094720803669516744,1121375429884039175,false,
2095372612754944463,1788410735678,prudent-tigerwood-quetzal,2094690487735087160,2850651695,true,
2095372748650328109,1788410768078,soulful-oak-logrunner,2095232295439368374,3324689194,true,
2095372802639462657,1788410780950,fortuitous-winter-lark,2095250025639207219,3285813097,true,
2095372813943148720,1788410783645,outstanding-rose-tailorbird,2094151302037090324,1890842214,true,
2095372900211773877,1788410804213,revered-glacier-whistler,2094762121326420182,1904039633652260864,true,
2095372938300231989,1788410813294,mindful-mist-eagle,,,,
2095373014174990766,1788410831385,cheery-nutmeg-towhee,2095088799940235439,2411008925,true,
2095373102070849920,1788410852340,,2095311334107648465,,true,
2095373131141505426,1788410859271,zappy-winter-thicketbird,,,,
2095373134866112679,1788410860159,brave-walnut-oriole,2095286756824272900,1225395880204918786,true,
2095373246455562325,1788410886765,zappy-winter-thicketbird,,,,
2095373383395324231,1788410919413,animated-ridge-waxbill,2095235204935737462,1186660361698562050,true,
2095373401535942832,1788411267819,cosmic-root-grackle,,,,
2095373405713514697,1788411101423,cosmic-root-grackle,2090896819538530582,878247600096509952,true,
2095373510465974462,1788410949711,neighborly-rhubarb-chickadee,2095030360593793417,1510203856130830336,true,
2095373638727790777,1788410980290,animated-ridge-waxbill,2095141712796479652,1557614279935012864,true,
2095373664250171483,1788411487811,cosmic-root-grackle,2095185123259892098,1654135655239221248,false,
2095373676833116206,1788410989374,flourishing-beach-warbler,2095146084406538711,,true,
2095373732684644780,1788411002690,mindful-mist-eagle,2095246789955989889,2031341800833822726,true,
2095374101019754715,1788411090508,,2095198549126390175,1557614279935012864,true,
2095374140005855473,1788411099803,diligent-brook-thrasher,2095269042110046475,820723171112448001,true,
2095374318398214504,1788411142336,mindful-mist-eagle,2095294237361480009,1155322878776107008,true,
2095374444021612894,1788411172286,cheery-nutmeg-towhee,2095141945681056109,,true,
2095374502905479182,1788411186325,mindful-mist-eagle,2095304998834119136,,true,
2095374642638676450,1788411219640,great-mountain-brushturkey,2095310462975975654,,true,
2095374897317138629,1788411280360,dauntless-redwood-fantail,,,,
2095374912986730615,1788411284097,zappy-winter-thicketbird,,,,
2095374984466006464,1788411301140,neighborly-rhubarb-chickadee,,,,
2095375036823560496,1788411313621,diligent-brook-thrasher,2095359225056665650,,true,
2095375084244353206,1788411324928,easygoing-snow-nightjar,2095183133188427996,1675614647141953538,true,
2095375158026567893,1788411342518,sociable-citrus-citril,2095258223037276664,,true,
2095375225076473953,1788411358505,neighborly-rhubarb-chickadee,2095274635684126789,471730204,true,
2095375259583250629,1788411366731,electric-mist-spoonbill,2095320512260129143,,true,
2095375392131432604,1788411398334,celebrated-ocean-seagull,2095359800943255618,,true,
2095375524512358477,1788411429895,jolly-jacaranda-sparrow,2095134242170945660,1193444012406870016,true,
2095375631508738272,1788411455405,cheery-nutmeg-towhee,2095302026032775503,,true,
2095375671514022323,1788411464944,diligent-brook-thrasher,2095310685408563324,,true,
2095375826749423778,1788411501955,great-mountain-brushturkey,2095240092025778533,61254885,true,
2095375841358192893,1788411505437,zappy-winter-thicketbird,2095285224657551662,4568519680,true,
2095375883876123067,1788411515574,luminous-beech-finch,2095152216709738900,2027843808139087875,true,
2095376177036734777,1788411585470,neighborly-rhubarb-chickadee,2095289392319332607,,true,
2095376179444208060,1788411586043,celebrated-ocean-seagull,2095258241580036153,13850422,true,
2095376264026534303,1788411606209,diligent-brook-thrasher,,,,
2095376389545308257,1788411636135,celebrated-ocean-seagull,,,,
2095376468960292904,1788411655069,capable-cherry-shorebird,2095025378163310729,1122623265673891840,true,
2095376483292500294,1788412013073,cosmic-root-grackle,2095185123259892098,1654135655239221248,false,
2095376493278896210,1788411660868,cheery-nutmeg-towhee,2095238191921934446,1088162371829420040,true,
2095376715681878432,1788411713892,great-mountain-brushturkey,2095325742360125731,,true,
2095376800385827063,1788412158814,cosmic-root-grackle,,,,
2095376931780751488,1788411765414,zappy-winter-thicketbird,2095352201614868808,,true,
2095377042674012228,1788411791854,neighborly-rhubarb-chickadee,2095212934213357752,2085659530403209216,true,
2095377175574945828,1788411823539,lionhearted-papaya-cotinga,2095301880163492272,,true,
2095377250111615286,1788411841311,diligent-brook-thrasher,2095042742695137775,1699297254916620288,true,
2095377480198627790,1788411896167,loyal-marble-penguin,2095207125517799564,1425611234364166147,false,
2095377515355267502,1788411904550,cosmic-daylight-dipper,2095025663086637483,879382991625043968,true,
2095377521181077942,1788411905938,celebrated-ocean-seagull,2095334836445585833,,true,
2095377663988793800,1788411939986,cheery-nutmeg-towhee,2095285587976622484,1036097642219167744,true,
2095377767106027989,1788411964571,academic-canopy-skylark,2095142079626400045,2078918438815227904,true,
2095378079044546622,1788412038944,great-mountain-brushturkey,2095049149032943621,1076821285366312960,true,
2095378166529319221,1788412059801,zappy-winter-thicketbird,2095212990509285528,878621806428643328,true,
2095378256195404230,1788412081179,wise-kelp-pelican,2095168276850692107,118442370,true,
2095378334389772681,1788412099822,logical-sunlight-motmot,2095083568108347409,,true,
2095378350730609130,1788412103719,neighborly-rhubarb-chickadee,2095123043836182617,1916172970353168385,true,
2095378395785802075,1788412114460,wholesome-raspberry-stilt,2095150343654978041,1625843518643085312,true,
2095378475402047781,1788412133442,driven-birch-bluebird,2095245362587967761,1400237303411445768,false,
2095378610995482630,1788412165770,diligent-brook-thrasher,,,,
2095378653047882069,1788412554111,cosmic-root-grackle,2095185123259892098,1654135655239221248,false,
2095378792654975367,1788412209081,genius-sunlight-needletail,2095113767097085979,45964422,true,
2095378804248125613,1788412211845,joyous-berry-songbird,2095350986369827061,,false,
2095379025254371432,1788412418450,cosmic-root-grackle,,,,
2095379282616860903,1788412325898,celebrated-ocean-seagull,2095278131842023885,1976003048175456256,true,
2095379452918157642,1788412366501,cheery-nutmeg-towhee,2095229982742368632,1310767622351323137,true,
2095379470765187178,1788412370755,dauntless-redwood-fantail,2095085393230360873,,true,
2095379696611479901,1788412424601,great-mountain-brushturkey,2095277937587085535,1588609928154972167,true,
2095379781881876613,1788412444931,cool-samba-shearwater,2095081802285343053,1949747945907302400,true,
2095379873418109354,1788412466755,zappy-winter-thicketbird,2095222596078112834,1563647290669207555,true,
2095379970046517615,1788412489793,neighborly-rhubarb-chickadee,2095356005399802132,,true,
2095380265459925408,1788412560226,distinguished-berry-nightjar,2094948820056449240,977352006451908608,true,
2095380267204743414,1788412560642,dauntless-redwood-fantail,2094728601765810413,1934612709435461632,true,
2095380932312055845,1788412719216,diligent-brook-thrasher,2095366889417617656,,true,
2095380996954694136,1788412734627,celebrated-ocean-seagull,2095203733198045278,2035894944834244608,true,
2095381034648936864,1788412743614,cheery-nutmeg-towhee,,,,
2095381398932640147,1788412957132,cosmic-root-grackle,,,,
2095381468830703953,1788412847130,groovy-tide-penguin,2095018980964474943,1633162382804414471,true,
2095381899069805034,1788412949709,witty-mint-kite,2095133594247479764,1089864186211880960,true,
2095382013599514901,1788412977014,cheery-nutmeg-towhee,2095220450414694721,2015360147896537088,true,
2095382025792372814,1788412979921,,2095215802836508773,1652541,true,
2095382086282871273,1788412994344,trusting-fjord-quail,2095158223779299509,997046842549415936,true,
2095382147431272568,1788413008923,great-mountain-brushturkey,2095307802361409930,,true,
2095382314792460595,1788413048824,easygoing-island-parrotlet,2095117719574348178,1367209793686036482,true,
2095382333301899363,1788413053238,zappy-winter-thicketbird,2095122286508646715,814527264641536002,true,
2095382409935986995,1788413071508,keen-vine-condor,2095338246628892763,,true,
2095382499509633532,1788413092864,neighborly-rhubarb-chickadee,2095325806209736789,,true,
2095382697287786981,1788413140018,diligent-brook-thrasher,2095175557336191397,,true,
2095382736852734450,1788413149451,celebrated-ocean-seagull,2095245012032200721,946157720889065472,true,
2095382947515822314,1788413373863,cosmic-root-grackle,,,,
2095382967212183681,1788413204373,cheery-nutmeg-towhee,2095290696500498499,,true,
2095383032559493434,1788413219954,great-mountain-brushturkey,2095151851993788729,,true,
2095383063282786782,1788413227278,zappy-winter-thicketbird,2095297936284381586,,true,
2095383577227932094,1788413349812,thoughtful-granite-crow,2085252840574877773,1692638198004903936,true,
2095383641337499950,1788413365098,neighborly-rhubarb-chickadee,,,,
2095383732811120966,1788413386906,diligent-brook-thrasher,2095085577506877463,1849067761663647744,true,
2095383784413606257,1788413399210,hypersonic-nectarine-flamingo,2095290502174195845,1947056833979432961,false,
2095383974923165986,1788413444630,lively-winter-ibis,2095197959604273240,5863722,true,
2095384009165484222,1788413452795,celebrated-ocean-seagull,2095269263493804497,150111782,true,
2095384083433975814,1788413470501,cheery-nutmeg-towhee,2095285011746378226,1558966308246536193,true,
2095384346186158503,1788413533147,great-mountain-brushturkey,2095069195666936194,1173936033416830977,true,
2095384348426170862,1788413533681,thankful-pomegranate-bluejay,2095114124560879776,965468965,false,
2095384353492652323,1788413534888,great-mountain-brushturkey,2095264879963783384,,true,
2095384430223266258,1788413553182,zappy-winter-thicketbird,2095323237207203902,,true,
2095384432664322078,1788413553763,neighborly-rhubarb-chickadee,2095323237207203902,,true,
2095384491741073473,1788413567850,neighborly-rhubarb-chickadee,2095360400095162735,,true,
2095384519926845576,1788413574569,diligent-brook-thrasher,2095125922248634614,,true,
2095384541493928251,1788413579711,diligent-brook-thrasher,2095141945869775091,2063950951359082496,true,
2095385062405746747,1788413703906,dauntless-redwood-fantail,2095048610677456945,718494414344101888,true,
2095385106022113426,1788413714305,celebrated-ocean-seagull,2095237818121322859,1310767622351323137,true,
2095385693040050177,1788413854261,empowered-cedar-hummingbird,2095245216391348466,2902821,true,
2095385704867954962,1788413857081,dedicated-frost-firetail,,,,
2095385747897426200,1788413867341,majestic-blossom-macaw,2095319495011111359,,true,
2095386024297779330,1788413933240,cheery-nutmeg-towhee,2095256207954972883,907543264617746435,true,
2095386267676488006,1788413991265,celebrated-ocean-seagull,2095332961109553553,,true,
2095386306977185973,1788414000636,merry-pond-pipit,2095245155900993616,,true,
2095386430684250492,1788414030129,thankful-pomegranate-bluejay,,,,
2095386572447518945,1788414063928,inspirational-fjord-petrel,2095307802361409930,,true,
2095386631562055940,1788414078022,entrancing-cedar-fantail,2094949098143338929,1622091771340800000,true,
2095386687765459138,1788414091422,great-mountain-brushturkey,2095031120869925334,1948513857179160576,true,
2095386778769539293,1788414113119,dauntless-redwood-fantail,,,,
2095386782326047219,1788414113968,tremendous-savanna-kestrel,2094554138457596038,110949757,true,
2095386889268191541,1788414139464,zappy-winter-thicketbird,,,,
2095386960609075340,1788414156474,cheery-nutmeg-towhee,,,,
2095387023305486667,1788414171421,great-mountain-brushturkey,2095383794782200261,,true,
2095387185939689623,1788414210196,approachable-leaf-seagull,2095156385277456823,4175110929,true,
2095387225483510194,1788414391779,cosmic-root-grackle,,,,
2095387395982250315,1788414260274,beloved-beech-firefinch,2095254910304682362,36201559,true,
2095387446779199555,1788414272385,sparkly-autumn-kingfisher,2095224877783392457,76766018,true,
2095387706486337758,1788414334304,zappy-winter-thicketbird,2095382369645494591,,true,
2095387761452663292,1788414347410,sensational-park-bluebird,2095127143545999667,,true,
2095387818486829397,1788414361007,neighborly-rhubarb-chickadee,2095119558436684110,,true,
2095387828041523313,1788414363285,diligent-brook-thrasher,2095238117854720204,880029994742951936,true,
2095387963345486307,1788414395544,celebrated-ocean-seagull,2095217201208828144,1985197233588125697,true,
2095387963433623797,1788414395565,engaging-raisin-toucan,2095098347497390537,19598824,true,
2095388015514558564,1788414407983,trusty-rose-kingbird,2095160603337777425,89454143,true,
2095388439633879443,1788414509100,cheery-nutmeg-towhee,2095298038839247122,,true,
2095388571763134940,1788414540602,striking-sand-spurfowl,2094787074964754566,1316079401012989952,true,
2095389319703802213,1788414718925,reliable-moon-needletail,2095278092281606381,1573060746732347399,true,
2095389330391146999,1788414721473,striking-sand-spurfowl,2095150734153285973,1316079401012989952,true,
2095389439770185998,1788415112947,cosmic-root-grackle,,,,
2095389597828038828,1788414785235,fancy-rain-duck,2095278133846950214,1586736411838906368,true,
2095389843933081923,1788414843911,great-mountain-brushturkey,2095131635502993695,1046329345432793088,true,
2095389974212276632,1788414874973,striking-sand-spurfowl,2095150814809756077,1316079401012989952,true,
2095390030290182630,1788414888342,zappy-winter-thicketbird,2095352917045780895,,true,
2095390220321468716,1788414933649,neighborly-rhubarb-chickadee,2095103767767064712,1530414433574563842,true,
2095390393374277790,1788414974908,animated-ridge-waxbill,2095283734740074520,17995040,true,
2095390479227503019,1788414995377,diligent-brook-thrasher,,,,
2095390839644074240,1788415081307,celebrated-ocean-seagull,,,,
2095390902642520218,1788415404129,cosmic-root-grackle,,,,
2095391010637647917,1788415122075,inquisitive-pistachio-peacock,2095380670570746179,,true,
2095391038869229926,1788415128806,cheery-nutmeg-towhee,2095190907251282343,1433134627019952132,true,
2095391331409408393,1788415198553,empathetic-melon-waterfowl,2095074264026063094,1918678448173690881,false,
2095391358382927901,1788415204984,lively-branch-pelican,2095242121842495760,1310767622351323137,true,
2095391376242577792,1788415209243,inquisitive-pistachio-peacock,2095384923188203531,,true,
2095391395414442117,1788415213814,great-mountain-brushturkey,2095360706048635130,,true,
2095391424900370867,1788415220843,energetic-banana-snowfinch,2095318333830697280,,false,
2095391639166738672,1788415271928,grand-cave-guillemot,2095360700986298428,,true,
2095391662549901612,1788415277503,inquisitive-pistachio-peacock,2095385713051119894,,true,
2095391781789872580,1788415305932,quick-kiwi-toucan,2095184257903669341,1376164025931812871,true,
2095391987663048913,1788415355016,profound-reef-rooster,2095041190131269746,1135361633717489664,false,
2095392181410226220,1788415401209,zappy-winter-thicketbird,2095350058430681288,,true,
2095392420020023468,1788415458098,strategic-spruce-parakeet,2095147689940042000,2027843808139087875,false,
2095392682801831970,1788415520750,happy-creek-thrasher,2094339658545029533,1973214233052717056,true,
2095392716993470660,1788415528902,altruistic-rain-stilt,2095279846213791843,1330776645557313537,true,
2095392863052001415,1788415563725,fancy-sea-fantail,2095340303091974317,,true,
2095392980802969738,1788415591799,trusting-fjord-quail,2095334693030035650,,true,
2095393291315425689,1788415665831,neighborly-rhubarb-chickadee,2095368705915998522,,true,
2095393514985026045,1788415719158,determined-meadow-wren,2095210274529685757,742453163098296320,false,
2095393710766948453,1788415903950,cosmic-root-grackle,2095312032707035537,,false,
2095393774440477152,1788415781017,phenomenal-jackfruit-quetzal,2095236132594225625,580881635,true,
2095393899305124149,1788415810788,eloquent-pomegranate-flatbill,2095330028624183350,,true,
2095393951184265686,1788415823156,diligent-brook-thrasher,2095190724899684836,,true,
2095393975821648091,1788415829031,exquisite-mountain-bushlark,2091355246706540667,2063880239474696192,true,
2095394043157234095,1788415845085,sunny-autumn-murrelet,2095197425883591128,1790247347349528576,true,
2095394256663830767,1788415895989,celebrated-ocean-seagull,,,,
2095394258752594308,1788415896486,cheery-nutmeg-towhee,2095380867321311328,,true,
2095394295377191368,1788415905218,great-mountain-brushturkey,2095360207203266896,,true,
2095394321436451303,1788415911431,neighborly-rhubarb-chickadee,2095199407020912690,1698008311738621952,true,
2095394375547207791,1788415924333,zappy-winter-thicketbird,2095158759303844000,1809795362535927812,true,
2095394568606757004,1788415970361,confident-sun-guillemot,2092273090914824686,2050611840862871552,true,
2095394594582122959,1788415976555,neighborly-rhubarb-chickadee,2095073997260005616,1742908330962550784,true,
2095394610000339215,1788415980231,diligent-brook-thrasher,2095334693030035650,,true,
2095394620964290664,1788415982844,diligent-brook-thrasher,2095332254855647493,,true,
2095394670855545009,1788415994740,celebrated-ocean-seagull,2095124222263574770,2059934917195415552,true,
2095394863030092164,1788416040558,intelligent-birch-motmot,2094897598876602685,1969127547289157633,false,
2095394975051583973,1788416067265,empathetic-desert-grosbeak,2095172396143759748,1811051067125420035,true,
2095395026238951617,1788416079469,original-tomato-pratincole,2095081946816672212,1478742808982958080,true,
2095395388672851985,1788416165880,cheery-nutmeg-towhee,2095150734153285973,1316079401012989952,true,
2095395431182213167,1788416176015,accomplished-tide-shearwater,2095289392319332607,,true,
2095395532885614989,1788416200263,great-mountain-brushturkey,2095387021330030995,,true,
2095395805767061896,1788416265323,strategic-lychee-dove,2095296142162460817,,true,
2095395866844799347,1788416279886,methodical-riverbank-towhee,2095296109006746090,,true,
2095396712223244424,1788416481439,zappy-winter-thicketbird,2095037836949074322,1160345680101216258,true,
2095396729851957443,1788416485642,neighborly-rhubarb-chickadee,2095320200669229302,,true,
2095396803138990216,1788416503115,independent-mint-tanager,2095156685535142237,968154005930217472,true,
2095396877982384594,1788416520959,alpine-peanut-penguin,2095384935330668837,,true,
2095396903731020174,1788416527098,diligent-brook-thrasher,,,,
2095396942448566762,1788416536330,celebrated-ocean-seagull,2095123043836182617,1916172970353168385,true,
2095396963311092068,1788416541303,beautiful-tanoak-flycatcher,2095180958873879014,8802752,false,
2095397135332085837,1788416582316,cheery-nutmeg-towhee,2095329183144493520,,true,
2095397186800656658,1788416594587,alpine-peanut-penguin,2095392452341289413,,true,
2095397323224322077,1788416627114,great-mountain-brushturkey,2095123772617437306,2830130933,true,
2095397346691493948,1788416632708,zappy-winter-thicketbird,2095151577732633009,1316079401012989952,true,
2095397643350413457,1788416703437,neighborly-rhubarb-chickadee,2095105337733022070,869872119148036096,true,
2095397976428757305,1788416782849,careful-peach-parrot,2095252409459023930,4520804723,true,
2095398088139763967,1788416809484,methodical-riverbank-towhee,2095316700082450570,,true,
2095398120565715413,1788416817215,diligent-brook-thrasher,2095171773486469192,805532293951606785,true,
2095398123418030359,1788416817895,glamorous-banana-swamphen,2095147689940042000,2027843808139087875,false,
2095398575161389389,1788416925598,cheerful-sea-grassbird,2095247896916685077,855481986290524160,true,
2095398595864232129,1788416930535,celebrated-ocean-seagull,2095239404679839998,,true,
2095398599211270398,1788416931332,cheery-nutmeg-towhee,2095238940026380407,1188595381158006784,true,
2095398819664105496,1788416983892,exuberant-apple-pratincole,2095208822537343007,37491797,true,
2095399122811445598,1788417056168,celebrated-ocean-seagull,,,,
2095399275932922192,1788417092675,great-mountain-brushturkey,2095314006214946981,,true,
2095399306467393994,1788417099955,great-mountain-brushturkey,,,,
2095399432040689753,1788417129894,beloved-marble-pigeon,2095380606540468670,,true,
2095399456099406315,1788417135630,candid-daylight-bunting,2095225614303138250,,true,
2095399510008586720,1788417148484,zappy-winter-thicketbird,2095292647103426665,2018581728739127297,true,
2095399593349439500,1788417168353,neighborly-rhubarb-chickadee,,,,
2095399763223154707,1788417208855,careful-peach-parrot,2095230088585285892,873724542706962432,true,
2095399844630470928,1788417228263,magnetic-branch-heron,2095291982038098276,2007165467568566273,true,
2095399932048076902,1788417249106,accomplished-apricot-guillemot,2091266533817299280,1369921694534672390,true,
2095399941417979983,1788417251339,enlightened-banana-grouse,2095179959991951509,1123922097099681793,true,
2095399943934546280,1788417251939,zappy-winter-thicketbird,,,,
2095399989484630384,1788417262799,terrific-garden-waxbill,2095273643538280548,3182818541,true,
2095400076990439526,1788417283662,diligent-brook-thrasher,2095157442896334957,1316079401012989952,true,
2095400090642907628,1788417286917,celebrated-ocean-seagull,2095262245458501757,1018813877474283522,true,
2095400317047218342,1788417340896,cheery-nutmeg-towhee,2095380779198988398,,true,
2095400419446952418,1788417365310,great-mountain-brushturkey,2095106902476656854,2065509882912972801,true,
2095400428552782285,1788417367481,wise-apple-crane,2095314415306281137,,true,
2095400429471338907,1788417367700,zappy-winter-thicketbird,,,,
2095400594848854220,1788417407129,genuine-sapling-softbill,2095301880163492272,,true,
2095400609482502591,1788417410618,neighborly-rhubarb-chickadee,2095157324717650178,1316079401012989952,true,
2095400745185001630,1788417442972,diligent-brook-thrasher,2095389851302387900,,true,
2095400771542278251,1788417449257,tranquil-creek-hummingbird,2095006788190159257,1111183572142948353,true,
2095400833135325246,1788417463941,wholesome-seawater-bluebird,2095250490296762546,,false,
2095400865502806466,1788417471658,celebrated-ocean-seagull,2095330998745801061,,true,
2095400902978924639,1788417480594,cheery-nutmeg-towhee,2095246157848965563,,true,
2095400986848489576,1788417500589,methodical-riverbank-towhee,2095321081792151612,,true,
2095400993328443895,1788417502134,fascinating-oak-sandgrouse,2095089615552262628,1142758366306902017,true,
2095401543067680980,1788417633202,hypnotic-moon-waterfowl,2095084957320478760,1798026861878149120,true,
2095401555948458011,1788417636273,bountiful-rock-thrush,2091518038344655021,971288268,true,
2095401775511777555,1788417688622,botanical-grass-cockatoo,2095166249223458893,2040482275746615297,true,
2095401870617686409,1788417711296,botanical-grass-cockatoo,2095357457661046950,,true,
2095401917325230104,1788417722432,neighborly-rhubarb-chickadee,2095200651374723124,971099892662726656,true,
2095402082039734400,1788417761703,great-mountain-brushturkey,2095200651374723124,971099892662726656,true,
2095402217058525548,1788417793894,zappy-winter-thicketbird,,,,
2095402302014108034,1788417814149,neighborly-rhubarb-chickadee,2095110490607558756,,true,
2095402350169006430,1788417825631,convivial-desert-firefinch,2095352917045780895,,false,
2095402413393863094,1788417840704,diligent-brook-thrasher,2095370257548374237,,true,
2095402784384299086,1788417929156,dynamic-hillside-puffbird,2095254910304682362,36201559,false,
2095402903926190283,1788417957656,celebrated-ocean-seagull,2095377930797117646,,true,
2095402983182000563,1788417976552,dauntless-redwood-fantail,,,,
2095402990811120017,1788417978371,great-mountain-brushturkey,2095294033669296303,,true,
2095403068351226051,1788417996858,hypnotic-oak-thicketbird,2095067988541972774,49568716,false,
2095403105802166343,1788418005788,marvelous-cherry-whistler,2095241429169692920,,true,
2095403119110722037,1788418008960,zappy-winter-thicketbird,2095205859269967950,613212190,true,
2095403122134860014,1788418009681,neighborly-rhubarb-chickadee,2095237818121322859,1310767622351323137,true,
2095403176635551801,1788418022676,celebrated-ocean-seagull,2095265896327467286,4134268293,true,
2095403538348445822,1788418108914,gentle-orchard-turkey,2095082082381029650,745299800833175552,true,
2095403592869920784,1788418121913,diligent-brook-thrasher,2095184337641582809,118224268,true,
2095403625287708904,1788418129643,energizing-peanut-goshawk,2094797779826524304,1353708906745356291,true,
2095403815172444175,1788418174914,observant-glacier-grebe,2094940870248415689,1573619588318736384,true,
2095404015810916406,1788418222750,cheery-nutmeg-towhee,2095214664397496637,,true,
2095404147860492495,1788418254233,fun-lemon-friarbird,2095132751183909307,,true,
2095404247462617507,1788418277980,logical-sunlight-motmot,2095374258650468509,,true,
2095404382149833181,1788418310092,celebrated-ocean-seagull,2095222561210552386,1270343734119608323,true,
2095404385098510510,1788418310795,great-mountain-brushturkey,2095222561210552386,1270343734119608323,true,
2095404495174025416,1788418337040,logical-sunlight-motmot,2095387028875870478,,true,
2095404580582433122,1788418357402,zappy-winter-thicketbird,2095141222075564410,2058455340547485696,true,
2095404594113221018,1788418360629,effective-tide-eagle,2095209464521695564,1663172653,false,
2095404641248759856,1788418371866,neighborly-rhubarb-chickadee,2095105743175188844,1649159921458462720,true,
2095404733825695886,1788418393938,logical-sunlight-motmot,2094777921361850709,439889604,true,
2095404794630258755,1788418408435,phenomenal-rainforest-bushbird,2095176390677029281,28932758,true,
2095404920849494513,1788418438528,cheery-nutmeg-towhee,2095376487868186782,,true,
2095405044564713827,1788418468024,wise-cliff-partridge,2095106902476656854,2065509882912972801,true,
2095405308575457748,1788418530969,logical-sunlight-motmot,2094645859850088930,1985268859885264896,true,
2095405403265806429,1788418553545,diligent-brook-thrasher,2095233710865989752,2021377727752777728,true,
2095405441983578150,1788418562776,colorful-tide-hummingbird,2095206900371792136,2027843808139087875,true,
2095405476250882511,1788418570947,celebrated-ocean-seagull,2095288446105362763,2036784443344523264,true,
2095405477488370124,1788418571241,adventurous-winter-kingfisher,2095259529927659732,2044903826574983168,false,
2095406187206291831,1788418740451,cheery-nutmeg-towhee,,,,
2095406301622722950,1788418767730,easygoing-island-parrotlet,2095105743175188844,1649159921458462720,true,
2095406627641803029,1788418845459,committed-kiwi-hawk,2095321248582566198,,false,
2095406655945015396,1788418852207,,2095206900371792136,2027843808139087875,true,
2095406785297543655,1788418883048,jovial-pear-osprey,2095241374073512430,1547653693981437952,true,
2095406823440265594,1788418892142,enchanting-bonsai-toucan,2095058723916181881,2084679977027682308,true,
2095406843661050151,1788418896963,artistic-wildflower-crane,2095300489168511411,,true,
2095406947033858221,1788418921609,animated-ridge-waxbill,2095223236841673141,1649757273487548418,true,
2095407127762178050,1788418964698,great-mountain-brushturkey,2095132208759509259,2579571584,true,
2095407203033161938,1788418982643,masterful-sandalwood-gull,2095252409459023930,4520804723,true,
2095407238152069597,1788418991016,animated-ridge-waxbill,2094998756290892106,783492421145403393,true,
2095407782048542816,1788419120691,zappy-winter-thicketbird,2095364947845013941,,true,
2095407971660370103,1788419165898,neighborly-rhubarb-chickadee,2095397396024799313,,true,
2095408028182868282,1788419179374,stunning-seawater-sunbird,2095205643686727954,604988212,true,
2095408132184801307,1788419204171,elated-olive-parrot,2095039016466792458,1699264805738033152,true,
2095408488671277364,1788419289164,diligent-brook-thrasher,2095280727608750443,1936592420176576512,true,
2095408936648388683,1788419395969,discerning-river-drongo,2095378062225334604,,true,
2095409031082815968,1788419418484,celebrated-ocean-seagull,2095326143545250020,,true,
2095409087865340070,1788419432023,hearty-riverbank-sparrowhawk,2095296975633543413,,true,
2095409168060383325,1788419451144,beautiful-flower-catbird,2095191504360755279,,true,
2095409365595345208,1788419498238,cheery-nutmeg-towhee,,,,
2095409399368200622,1788419506290,logical-sunlight-motmot,2094703288495329538,1560455904104816640,true,
2095409447413653583,1788419517746,great-mountain-brushturkey,,,,
2095409524953829716,1788419536232,zappy-winter-thicketbird,2095323391804768541,,true,
2095409869784223996,1788419618446,neighborly-rhubarb-chickadee,2095379700373946563,,true,
2095410002529784039,1788419650096,diligent-brook-thrasher,2095113599169482771,2919019624,true,
2095410063020060935,1788419664518,celebrated-ocean-seagull,2095163671257526666,1207563684697915392,true,
2095410113913778591,1788419676652,cheery-nutmeg-towhee,2095388878471614588,,true,
2095410138320376004,1788419682471,aquatic-berry-goose,2095238584093516178,2546153238,false,
2095410193941086510,1788419695731,great-mountain-brushturkey,2094992645386879029,1350233435638542338,true,
2095410297142165689,1788419720336,quick-sandalwood-auklet,2095187463765717394,1906653413485457408,true,
2095410591426810031,1788419790499,zappy-winter-thicketbird,2095360350157951097,,true,
2095410606387962198,1788419794066,transcendent-papaya-peacock,2095406142310486043,,true,
2095410664994939112,1788419808039,encouraging-willow-pigeon,2095344253891469747,,true,
2095410836378423645,1788419848901,neighborly-rhubarb-chickadee,2095203475533840822,1968576631662120960,true,
2095411170672812123,1788419928603,diligent-brook-thrasher,2095269671184535627,1322061751207288832,true,
2095411179023917459,1788419930593,brave-seawater-hornbill,,,,
2095411498793259461,1788420006832,magnanimous-lowland-blackbird,2095411129509880312,,true,
2095411627176927441,1788420037441,lionhearted-tide-parakeet,2095255878811480310,1400069353882591235,true,
2095411790737731819,1788420076437,fantastic-star-dove,2095387586218914068,,false,
2095411884056863064,1788420098686,celebrated-ocean-seagull,,,,
2095411891241636017,1788420100400,transcendent-papaya-peacock,2094316601143091643,2080949746831691776,true,
2095412170364518781,1788420166948,electric-sequoia-cormorant,2095075633621860425,,true,
2095412230674112526,1788420181326,cheery-nutmeg-towhee,,,,
2095412441786064911,1788420231659,gleeful-mesa-fantail,2095222048830222778,1458192955,true,
2095412490800689537,1788420243345,altruistic-plum-bluebird,2095229524506275994,1227570612798992384,true,
2095412501387317351,1788420245869,empowered-blossom-songlark,2094994981614391404,1814682477631578115,true,
2095412762696470807,1788420308171,altruistic-plum-bluebird,2095395470075977867,,true,
2095412817092309437,1788420321139,great-mountain-brushturkey,2095032968976986119,,true,
2095413133112119327,1788420396484,zappy-winter-thicketbird,2095386530655199240,,true,
2095413389510234205,1788420457614,brave-seawater-hornbill,2095310846968914373,,true,
2095413427359330408,1788420466638,transcendent-garden-lovebird,2095388629770121692,,true,
2095413545672597619,1788420494846,clever-savanna-magpie,2095399952923099285,,true,
2095413730519450006,1788420538917,hilarious-freshwater-sunbird,2095397030424117433,,true,
2095413819577090251,1788420560150,great-mountain-brushturkey,,,,
2095413908890689733,1788420581444,neighborly-rhubarb-chickadee,,,,
2095414168547446944,1788420643351,diligent-brook-thrasher,2095233234590191889,445138206,true,
2095414279197556945,1788420669732,tectonic-park-tinamou,2094514775225164254,3294772345,false,
2095414313246732438,1788420677850,flexible-ice-crimsonwing,2095326858133082577,,false,
2095414380842156254,1788420693966,celebrated-ocean-seagull,2095258057102000228,,true,
2095414457778180510,1788420712309,cheery-nutmeg-towhee,2095123447227806072,2058868784245719040,true,
2095414604864135645,1788420747378,great-mountain-brushturkey,,,,
2095414734145130799,1788420778201,candid-pear-goldfinch,2095399952923099285,,false,
2095414819625091441,1788420798580,zappy-winter-thicketbird,2095398674499051585,,true,
2095415068825411920,1788420857994,neighborly-rhubarb-chickadee,2095234845043503433,1598050714437226527,true,
2095415181375398173,1788420884828,diligent-brook-thrasher,2095407248403247333,,true,
2095415283250811014,1788420909117,celebrated-ocean-seagull,2095367822033489944,,true,
2095415481838469185,1788420956464,cheery-nutmeg-towhee,2095396463798882492,,true,
2095415490613321985,1788420958556,trusting-fjord-quail,2095105964013658531,1495885638356410370,true,
2095415732746244566,1788421016286,zesty-lumber-bulbul,2095116767777653229,,true,
2095415746398433773,1788421019540,great-mountain-brushturkey,2095399325086241249,,true,
2095415900862046398,1788421056367,zappy-winter-thicketbird,2095108801661989304,818341300797722624,true,
2095415916418703867,1788421060077,neighborly-rhubarb-chickadee,2095156618568810871,,true,
2095415918692327828,1788421060618,zesty-lumber-bulbul,2095090212724670947,1169253439953502214,true,
2095415925239673070,1788421062180,positive-grassland-motmot,2095372870591418443,,true,
2095416155418550554,1788421117058,zappy-winter-thicketbird,2095246512489906567,1741651755216306176,true,
2095416159881384181,1788421118122,diligent-brook-thrasher,2095231002712944956,895824070260002816,true,
2095416177019273403,1788421122208,neighborly-rhubarb-chickadee,2095360207203266896,,true,
2095416256635777413,1788421141190,zesty-lumber-bulbul,2075872032160682095,,true,
2095416266131394958,1788421143454,celebrated-ocean-seagull,2095148209484013745,1993054223790227457,true,
2095416355491119453,1788421164759,entertaining-frost-firefinch,2095233621388825060,80820758,true,
2095416775328346261,1788421264856,cheery-nutmeg-towhee,2095059157669847113,886491173086523393,true,
2095416876382011652,1788421288950,futuristic-birch-pigeon,2094956442327392588,1687209225783525376,false,
2095416937433948334,1788421303506,diligent-brook-thrasher,2095406438088605802,,true,
2095417041079439614,1788421328217,civil-canopy-pitohui,2095352960138219956,,true,
2095417174181474617,1788421359951,great-mountain-brushturkey,2095227610947109170,1626774422597107712,true,
2095417226555760673,1788421372437,diligent-mist-eagle,2095222048830222778,1458192955,false,
2095417296672141657,1788421389155,inspirational-seashore-shearwater,2095376715228782940,,true,
2095417339156000824,1788421399284,orderly-sequoia-lark,2095406801491509325,,true,
2095417456420688016,1788421427241,supreme-pine-stork,2095353138559762871,,true,
2095417725266911567,1788421491340,perceptive-rhubarb-piculet,2095358899251769753,,true,
2095418077525512418,1788421575324,astute-acorn-duck,2095388629770121692,,true,
2095418652141010990,1788421712323,majestic-summer-flycatcher,2095205219810369974,2023050729749889025,true,
2095418755480477889,1788421736961,enthralling-grass-raven,2095060665799221601,2065059917904654336,true,
2095418772710428726,1788421741069,neighborly-rhubarb-chickadee,2095199468454887709,169480493,true,
2095418801718239530,1788421747985,intriguing-grass-bluebird,2095093265125040463,34713362,true,
2095418885457563752,1788421767950,diligent-brook-thrasher,2095204628870648065,,true,
2095419103150321829,1788421819853,celebrated-ocean-seagull,2095394339727761424,,true,
2095419269509231085,1788421859515,inquisitive-cantaloupe-wheatear,2095232752421683651,,true,
2095419337146347625,1788421875641,cheery-nutmeg-towhee,2095383024770883620,,true,
2095419408885920233,1788421892745,industrious-riverbank-quail,2095103659252335037,969859626630987776,true,
2095419499193242069,1788421914276,elegant-cherry-flamingo,2095010133931929982,1222943258306703360,false,
2095419566461423739,1788421930314,great-mountain-brushturkey,2095069714766573920,2030646061656903680,true,
2095419821425070278,1788421991102,trusting-fjord-quail,2095169047495082448,113915931,true,
2095419900982411431,1788422010071,zappy-winter-thicketbird,2095168276850692107,118442370,true,
2095419908960264650,1788422011973,bold-chestnut-antwren,2095256529272266900,1296936708651524097,false,
2095420148001726580,1788422068964,clever-bamboo-grebe,2095417794766524852,,true,
2095420253715280303,1788422094169,transparent-peppermint-citril,2095051599634735296,1949747945907302400,true,
2095420280654929967,1788422100591,fashionable-lumber-wigeon,2095204628870648065,,true,
2095420281883902177,1788422100884,diligent-tide-friarbird,2094922499263984093,1997242885419454464,true,
2095420410447708657,1788422131537,neighborly-rhubarb-chickadee,2095306055026679865,,true,
2095420586109411475,1788422173418,capable-cherry-shorebird,2094998886351864308,1432766978389905413,true,
2095420618774544814,1788422181205,diligent-brook-thrasher,2095276802591609075,,true,
2095420648688595193,1788422188337,classy-lagoon-kookaburra,2095092871775023415,1811051067125420035,true,
2095421093896954366,1788422294483,respectful-lemon-mockingbird,2095417794766524852,,false,
2095421135349277048,1788422304366,inventive-lychee-swift,2095164252608987340,,true,
2095421606042747340,1788422416588,distinctive-mist-condor,2095390113887039932,,true,
2095421697235063211,1788422438330,sensible-winter-stork,2094956442327392588,1687209225783525376,false,
2095421884896534559,1788422483072,happy-lowland-bittern,2095335755153289592,,true,
2095422098202415412,1788422533928,worldly-mint-dipper,2095407463184880110,,true,
2095422222571655168,1788422563580,generous-snow-songlark,2095229524506275994,1227570612798992384,false,
