Note ID,Created at,Alias,Tweet ID,User ID,Misleading,Helpful
2072108199386165740,1782864067299,cheery-nutmeg-towhee,,,,
2072108214645145686,1782864070937,celebrated-ocean-seagull,2072103896181289328,2027429188400254976,true,
2072108245473259702,1782864078288,,2072054596596293908,1986250815720591360,true,
2072108270190202952,1782864084180,heroic-pomegranate-catbird,2069699548738359517,428938736,true,
2072108358409052187,1782864105214,excellent-willow-nightjar,2071844176371515589,1469269926514987010,true,
2072108366172660173,1782864107064,great-mountain-brushturkey,2072093821970624722,1424925032929800208,true,
2072108427518550252,1782864121691,zappy-winter-thicketbird,2072095298135146818,321645946,true,
2072108447366009137,1782864126423,wholesome-raspberry-stilt,2072011300125778387,1724259586901696512,true,
2072108451837141176,1782864127488,wholesome-raspberry-stilt,2071946284378792248,,true,
2072108457814077524,1782864128913,wholesome-raspberry-stilt,2072028916227752434,930453075457921029,true,
2072108463912571375,1782864130368,wholesome-raspberry-stilt,2052132049658466555,1753467918690508801,true,
2072108470497669274,1782864131937,wholesome-raspberry-stilt,2071993583054602561,862718426757779457,true,
2072108476168331464,1782864133289,wholesome-raspberry-stilt,2072034329111204056,330262748,true,true
2072108516387832293,1782864142878,hip-slope-parakeet,2071829507770667161,1328048473116209155,true,
2072108547475951806,1782864150291,bright-lagoon-cockatoo,2071649586733621417,216776631,false,
2072108582938829182,1782864158745,articulate-grove-warbler,2072036380763377945,1114871038947598336,true,
2072108647925039598,1782864174239,neighborly-rhubarb-chickadee,2072041327546540396,,true,
2072108686395269521,1782864183411,adventurous-hillside-lapwing,2072006529478222308,604988212,false,
2072108874132246884,1782864228171,diligent-brook-thrasher,2071958784629416104,1840083019333275648,true,
2072108883498226037,1782864230404,candid-slope-sandpiper,2072008996307812526,48015025,true,
2072108891437940813,1782864232297,cheery-nutmeg-towhee,2072050963439825059,2448414226,true,
2072108970106638378,1782864251053,soothing-fjord-kingbird,2072026129666363536,1740455026265321472,true,
2072109120090484957,1782864286813,celebrated-ocean-seagull,2071754722017435850,1429560247,true,
2072109237191254060,1782864314731,cheery-nutmeg-towhee,,,,
2072109277158801411,1782864324260,hip-pond-crossbill,2071920424514978155,1467619071457902594,true,
2072109306233712932,1782864331192,commendable-lumber-eagle,2071938399720685925,33608041,false,
2072109340564033589,1782864339377,charismatic-pomegranate-blackbird,2071985306958774339,1975928226989150208,false,
2072109383480164416,1782864349610,great-mountain-brushturkey,2072093421771137276,1729157773332492288,true,
2072109508046795125,1782864379308,zappy-winter-thicketbird,2072063795908788342,1331693418326667265,true,
2072109532726034443,1782864385192,zappy-winter-thicketbird,2072070169275305999,452540168,true,
2072109544667291774,1782864388039,neighborly-rhubarb-chickadee,2071951149712785773,1404547142879006724,true,true
2072109627798663263,1782864407859,bookish-beach-kookaburra,2072002416300466562,1327829216583442432,true,
2072109726964527572,1782864431502,warmhearted-citrus-puffleg,2072059765241291008,1577742107929968640,true,
2072109842353868806,1782864459013,diligent-brook-thrasher,2071981415538008555,862326702898200576,true,
2072109848997568642,1782864460597,celebrated-ocean-seagull,2071854842495316033,1824184084236734465,true,
2072109856862216572,1782864462472,agreeable-vine-triller,2072059162125562133,15207668,true,false
2072109914646864003,1782864476250,cheery-nutmeg-towhee,2072016827509625193,1281356403194699776,true,
2072110004929179747,1782864497775,great-mountain-brushturkey,2072001674131148816,986324682474426368,true,
2072110041658724628,1782864506531,genuine-glacier-puffin,2072076962697564422,122205200,true,
2072110208835354974,1782864546389,zappy-winter-thicketbird,2072067076164927707,188197115,true,
2072110317941768696,1782864572402,neighborly-rhubarb-chickadee,,,,
2072110320881983974,1782864573103,diligent-brook-thrasher,2072051022319800350,1599282964416073729,true,
2072110427996098885,1782864598641,celebrated-ocean-seagull,2071966003295088834,1519469553654321152,true,
2072110430034542942,1782864599127,neighborly-rhubarb-chickadee,2071966003295088834,1519469553654321152,true,
2072110452084023742,1782864604384,cheery-nutmeg-towhee,2071742176845803917,1330278736554582016,true,
2072110664919970265,1782864655129,fortuitous-oak-owl,2072008996307812526,48015025,false,false
2072110745794359741,1782864674410,great-mountain-brushturkey,2072081471465017707,1294853192266715136,true,
2072110751402152012,1782864675748,courteous-seedling-bulbul,2072090761177301415,4568519680,true,true
2072110804665540886,1782864688446,warmhearted-citrus-puffleg,2072046298409341027,1504175933514661892,true,
2072110911351869588,1782864713882,zappy-winter-thicketbird,2072071934196805818,1268299521219391488,true,
2072110971212992861,1782864728154,comical-wind-kestrel,2071823466488094901,1715462143959519232,true,
2072110989269713173,1782864732459,worldly-mountain-catbird,2072094668163104944,22855802,false,
2072111052263711195,1782864747478,bubbly-savanna-cacholote,2071953991102087658,1698077184122855424,true,true
2072111053186507096,1782864747698,neighborly-rhubarb-chickadee,,,,
2072111094122869151,1782864757458,diligent-brook-thrasher,,,,false
2072111195176206440,1782864781552,shrewd-summer-meadowlark,2071636919017230824,204444440,false,
2072111374415589556,1782864824285,charismatic-river-lorikeet,2071174497315774646,,true,
2072111435744956595,1782864838908,hip-rainforest-thrush,2071924760527966321,1930052456,true,
2072111488941330467,1782865007614,cosmic-root-grackle,2072036873342431510,1585809424135995392,true,
2072111513775869986,1782864857512,limber-cedar-crow,2071825606547775627,2015255955148070912,false,
2072111600686043169,1782864878232,clean-grassland-penguin,2072017614751113648,,true,
2072111602183344241,1782864878590,fun-valley-treerunner,2072078322134122523,,true,
2072111664124567869,1782864893358,enterprising-dune-partridge,2072016796228403692,3324689194,true,true
2072111691614110126,1782864899911,celebrated-ocean-seagull,2072058401446592618,1378790053556682755,true,true
2072111778490708444,1782864920624,straightforward-orchard-lapwing,2072044710256865498,548625382,true,
2072111895218143600,1782864948454,cheery-nutmeg-towhee,,,,
2072112083487924244,1782864993341,great-mountain-brushturkey,2072081527186313343,1950315708073586690,true,true
2072112085777960986,1782864993888,zappy-winter-thicketbird,,,,
2072112100001169782,1782864997279,lively-pond-flameback,2071828547946050039,1311713776262053897,true,
2072112185124253773,1782865017573,neighborly-rhubarb-chickadee,2072010094670467072,1024329352907874304,true,
2072112209493139589,1782865023383,relatable-lagoon-lovebird,2072095335216787959,1760662487299473408,true,true
2072112245102784765,1782865031873,cheery-nutmeg-towhee,,,,
2072112267068420276,1782865037110,diligent-brook-thrasher,2071982059103416801,707691649506414593,true,
2072112271749222525,1782865038226,celebrated-ocean-seagull,2072038508596805722,1599033418574077952,true,
2072112283610714547,1782865041054,persistent-reef-tanager,2071767541949641153,,false,
2072112332986085438,1782865052827,cheery-nutmeg-towhee,2072082242080252178,2019599199789051904,true,
2072112417945858161,1782865073082,great-mountain-brushturkey,2071949787520229843,292085679,true,
2072112487441317980,1782865089651,great-mountain-brushturkey,,,,
2072112510505804162,1782865619106,cosmic-root-grackle,2072042043497398440,1512954451623133189,false,
2072112551320498181,1782865104881,logical-lake-swamphen,2071994061624426582,44196397,true,false
2072112688516239483,1782865137592,zappy-winter-thicketbird,2072101354449870928,1786235202928246784,true,
2072112806321606745,1782865165679,neighborly-rhubarb-chickadee,2072082756264210734,1392538357251469312,true,
2072112870549291452,1782865180992,,,,,
2072112878056833071,1782865182781,diligent-brook-thrasher,2072040121776459882,2044816778845409280,true,
2072112893877764538,1782865186553,celebrated-ocean-seagull,2072062850470642021,1598045525693108248,true,
2072113014652743815,1782865215348,cheery-nutmeg-towhee,,,,
2072113076024000769,1782865229980,creative-avocado-brownbul,2071897728586838248,1495445701123538947,true,
2072113143262982560,1782865246011,warmhearted-tigerwood-crimsonwing,2071975438881374599,1499679539278278659,true,
2072113207578169462,1782865261346,graceful-meadow-drongo,2071994600298787167,825987268376719361,true,
2072113226603475059,1782865425277,cosmic-root-grackle,2072067662499225605,1448727424905142276,true,
2072113487187194027,1782865328009,great-mountain-brushturkey,2071891311217774863,2009506262011297792,true,
2072113754670526798,1782865391782,zappy-winter-thicketbird,2071952360444694561,1731773353915039744,true,true
2072114017489850782,1782865454443,neighborly-rhubarb-chickadee,2072064466703835152,,true,true
2072114069021351951,1782865466730,steady-watermelon-treepie,2071998610124984533,1615926275381813248,true,
2072114228484554983,1782865504749,witty-boulder-lark,2072094237840347414,1083438237006188551,true,
2072114278971191425,1782865516785,zappy-winter-thicketbird,2071778982073172379,134678940,true,
2072114308989759903,1782865523942,neighborly-rhubarb-chickadee,,,,
2072114311728631983,1782865524596,charitable-harvest-sunbird,2072094950351614142,1281356403194699776,true,
2072114578163372329,1782865588118,lucky-flower-greenbul,2071981503408382373,400789685,true,
2072114605233451219,1782865594572,diligent-brook-thrasher,2071993705469481104,,true,
2072114619913547948,1782865598072,famous-dune-eagle,2072069129486643235,97190495,true,true
2072114717288448227,1782865621289,precious-field-flycatcher,2071993440779354419,1826604881924263936,false,
2072114881726234925,1782865660493,flowing-root-flowerpecker,2072112608446935374,608662101,true,
2072115002924806153,1782865689391,studious-holly-crimsonwing,2072008218385994172,112684779,false,
2072115034696937925,1782865696964,original-seashore-eagle,2072093106615312485,1369348853414178822,true,
2072115133770285165,1782865720585,celebrated-ocean-seagull,2072062688381829283,1503098159983206404,true,
2072115187935510991,1782865733501,diligent-brook-thrasher,2072107647915188675,,true,
2072115196257034488,1782865735484,gracious-guava-eagle,2071957625403588747,374752807,true,true
2072115227181678625,1782865742856,cheery-nutmeg-towhee,2072047207964958844,1841206899028426757,true,
2072115270496276725,1782865753183,great-mountain-brushturkey,2071961891073560937,1872269942642667520,true,
2072115295695606174,1782865759191,zappy-winter-thicketbird,2072032539502661781,1943473046079311872,true,
2072115507981918574,1782865809804,neighborly-rhubarb-chickadee,2071848147844833401,1086981491328995328,true,
2072115512268509503,1782865810826,diligent-brook-thrasher,2072067662499225605,1448727424905142276,true,
2072115513673818322,1782866006907,cosmic-root-grackle,2072067662499225605,1448727424905142276,true,
2072115566291366353,1782865823706,creative-avocado-brownbul,2071550367838638564,1282509001926692864,true,
2072115637506191703,1782865840685,zappy-winter-thicketbird,2071980330379346417,2027843808139087875,true,
2072115642300276820,1782865841827,celebrated-ocean-seagull,,,,
2072115644540108917,1782865842362,cheery-nutmeg-towhee,2072044092000010241,2835931010,true,
2072115819589300254,1782865884097,great-mountain-brushturkey,2071994090296664148,1654900549345574912,true,
2072115875037978701,1782865897317,enterprising-apple-needletail,2071910536195735764,2024245125401235458,false,
2072115964343132256,1782865918609,zappy-winter-thicketbird,,,,
2072116064746451409,1782865942547,neighborly-rhubarb-chickadee,,,,
2072116151820104103,1782865963307,diligent-brook-thrasher,2071959641194680358,1276825208679043075,true,
2072116167783702852,1782865967114,neighborly-rhubarb-chickadee,,,,
2072116277385076870,1782865993244,,2071990752389853685,487297085,true,
2072116320758350078,1782866003585,tectonic-honeydew-treepie,2071981503408382373,400789685,false,
2072116509778858226,1782866048651,celebrated-ocean-seagull,2072093145828052997,1299904825723891712,true,
2072116512769683575,1782866049365,wholesome-raspberry-stilt,2072040121776459882,2044816778845409280,true,
2072116515537592801,1782866050025,cheery-nutmeg-towhee,2072046917828358226,,true,
2072116519656702197,1782866051007,wholesome-raspberry-stilt,2072081527186313343,1950315708073586690,true,
2072116526044561436,1782866052529,wholesome-raspberry-stilt,2072001674131148816,986324682474426368,true,
2072116530830266518,1782866053670,wholesome-raspberry-stilt,2072043256829866307,,true,
2072116636971049158,1782866078976,,2072034329111204056,330262748,true,true
2072116670647423040,1782866087005,genial-foothill-ibis,2072008543369122107,1193170631577264128,true,
2072116693451542949,1782866092442,great-mountain-brushturkey,,,,
2072116917234462857,1782866145797,easygoing-island-parrotlet,2072016827509625193,1281356403194699776,true,
2072117033601548527,1782866173540,articulate-grove-warbler,2072032399815279063,1114871038947598336,true,
2072117144460943547,1782866199971,shrewd-summer-meadowlark,2071934578642837844,1741916934164381696,false,false
2072117161720439045,1782866204086,,2072070169275305999,452540168,true,
2072117279220002863,1782866232101,limber-juniper-friarbird,2072082637548867774,2054666036079976448,true,
2072117303009841296,1782866237772,graceful-meadow-drongo,2071750497074049393,729032021394268160,true,
2072117373780234370,1782866254645,poised-prairie-brownbul,2072070591692025919,1842470082489835520,true,
2072117416440598964,1782866264816,peaceful-rosewood-sparrow,2071744274580844620,1730717475824693248,true,
2072117598137782783,1782866308136,zappy-winter-thicketbird,2072092083012165964,2016704788688236544,true,true
2072117825271894501,1782866362289,funny-peat-tern,2071803650524029431,221065757,true,
2072118108731424870,1782866429871,personable-twig-fantail,2072046772445499489,1663172653,true,false
2072118121339482417,1782866432877,astonishing-melon-egret,2072046179706126638,,true,
2072118133184221190,1782866435701,winged-river-shorebird,2072001695148544410,24871109,true,
2072118193351508166,1782866450046,curious-olive-macaw,2072015115797357004,2071172385068257280,true,
2072118349060874436,1782866487171,valiant-winter-penguin,2072040664221823356,1618384838385434625,true,true
2072118388193743344,1782866496500,diligent-brook-thrasher,2072098294440874400,,true,
2072118449208250678,1782866511048,talented-reef-kite,2072110434673639580,31047836,true,
2072118753907671431,1782866583693,grateful-winter-chicken,2072069486564286876,1661210264,false,
2072118790393893340,1782866592392,dauntless-mangrove-puffleg,2072000951972475387,1985422681265881088,true,
2072118963723493393,1782866633717,celebrated-ocean-seagull,2071945856484315564,1707579370297069569,true,
2072119172512067632,1782866683496,exuberant-field-dipper,2071947124346896735,,false,false
2072119321996697733,1782866719136,cheery-nutmeg-towhee,2072089043362582665,1005633883201654784,true,
2072119324504985682,1782866719735,diligent-brook-thrasher,2072089043362582665,1005633883201654784,true,
2072119355320492434,1782866727082,funny-peat-tern,2063845856466366626,142240353,false,
2072119394982055956,1782866736537,informative-mountain-scaup,2071886902513271297,963464875065466880,true,
2072119445363834908,1782866748549,celebrated-ocean-seagull,2071908793697333753,1623836470728355844,true,
2072119448308199489,1782866749252,great-mountain-brushturkey,,,,
2072119451864985725,1782866750099,cheery-nutmeg-towhee,2071880796835651735,,true,
2072119553975259212,1782866774445,zappy-winter-thicketbird,2072071816193912939,2943090245,true,true
2072119566759535000,1782866777492,great-mountain-brushturkey,,,,
2072119642982605288,1782866795666,neighborly-rhubarb-chickadee,2072077345763012719,1346092383658774529,true,
2072119843432595551,1782866843456,diligent-brook-thrasher,2072044845938680155,,true,true
2072119929294532955,1782867400875,cosmic-root-grackle,2054219180962881561,1797202892668964865,true,
2072119961745584581,1782866871664,celebrated-ocean-seagull,2071976955541373249,1099082900056739840,true,
2072120042737512927,1782866890974,cheery-nutmeg-towhee,2072104201224671561,1779583481867124736,true,
2072120079513190465,1782866899742,great-mountain-brushturkey,,,,
2072120085725000165,1782866901223,curious-olive-macaw,2071707610286604544,2047562083948990464,true,
2072120086270218586,1782866901354,zappy-winter-thicketbird,2071942756541292776,,true,
2072120296430064026,1782866951460,zappy-winter-thicketbird,2072036205009465533,1346092383658774529,true,
2072120316042571811,1782866956134,neighborly-rhubarb-chickadee,2071880456899850579,1068674430421880832,true,
2072120335986810965,1782866960891,astonishing-daylight-tinamou,2071920956701041090,,true,
2072120365996757342,1782866968045,diligent-brook-thrasher,,,,
2072120407969214554,1782866978053,zappy-winter-thicketbird,,,,
2072120525917130776,1782867006173,neighborly-rhubarb-chickadee,2072082028095517072,2058080503920762880,true,
2072120528270237847,1782867006734,diligent-brook-thrasher,2072062025966981254,,true,true
2072120540299510199,1782867009602,celebrated-ocean-seagull,2071973790066602072,2002022207535681536,true,
2072120557856764223,1782867013788,cheery-nutmeg-towhee,2072051387718926620,1512380191502438402,true,
2072120578031354289,1782867018599,neighborly-rhubarb-chickadee,2072067680883089476,1513513086484852736,true,
2072120580933894376,1782867019290,great-mountain-brushturkey,,,,
2072120711699664937,1782867050467,dexterous-mesa-sandpiper,2072081494135189740,106175018,true,
2072120743886795156,1782867058141,diligent-brook-thrasher,2071995117930463510,2031417223500410883,true,
2072120756515860904,1782867061152,zappy-winter-thicketbird,2072083013698199883,2068257256685342720,true,
2072120958622609711,1782867109339,neighborly-rhubarb-chickadee,2072100435872088256,1878072941776420864,true,
2072121081297592522,1782867138586,diligent-brook-thrasher,2072111905850917151,,true,
2072121232049254424,1782867174529,celebrated-ocean-seagull,2072023186099904791,38349184,true,
2072121270599139518,1782867183719,cheery-nutmeg-towhee,2072069129486643235,97190495,true,true
2072121534596915297,1782867246661,curious-olive-macaw,2029609568188145820,1994212612557688833,true,
2072121685138870669,1782867282554,great-mountain-brushturkey,2072051721061237244,130003441,true,
2072121721541333066,1782867291232,zappy-winter-thicketbird,2071856570049106365,1836813746850672641,true,
2072121786209091957,1782867306650,wholesome-raspberry-stilt,2071964967600075166,1831695111954296833,true,
2072121793972748798,1782867308501,wholesome-raspberry-stilt,2071856570049106365,1836813746850672641,true,
2072121799811235930,1782867309893,wholesome-raspberry-stilt,2072117752710475849,971840972530298881,true,
2072121825555890365,1782867316031,happy-nectarine-seabird,,,,
2072122164115853706,1782867396750,cheery-nutmeg-towhee,2071694150224019709,2013500295071047680,true,
2072122168238875086,1782867397733,neighborly-rhubarb-chickadee,2071878369390760128,1646042520391155713,true,
2072122261377524017,1782867419940,curious-olive-macaw,2063826220186226976,2037264278168760320,true,
2072122541464789435,1782867486718,diligent-brook-thrasher,2071982888388599878,1496534473,true,true
2072122756209217543,1782867537916,whimsical-willow-fantail,2072093106615312485,1369348853414178822,false,
2072122788840681543,1782867545697,happy-nectarine-seabird,2071280436828045592,1753194321438728192,true,
2072122843731513711,1782867558782,celebrated-ocean-seagull,2072085731691167838,1439518213511925761,true,
2072122845258219761,1782867559147,merry-freshwater-drongo,2071830738216042655,1500799592644083712,true,true
2072123107309920763,1782867621625,cheery-nutmeg-towhee,,,,
2072123113975030241,1782867623214,dexterous-sky-heron,2072008996307812526,48015025,false,
2072123156857569719,1782867633438,sanguine-creek-wigeon,2072057612900684103,1696741506202181632,true,
2072123217108447405,1782867647803,logical-basswood-rooster,2071949421101596958,869617894442795008,true,
2072123334020550744,1782867675677,great-mountain-brushturkey,,,,
2072123608944533600,1782867741224,zappy-winter-thicketbird,2071930024504987973,72772484,true,
2072123634064162985,1782867747213,neighborly-rhubarb-chickadee,2072030255389561156,1889549984581726209,true,
2072123748556108214,1782867774510,great-mountain-brushturkey,,,,
2072124400598417503,1782867929969,diligent-brook-thrasher,2072015987487203622,17127115,true,
2072124406793666914,1782867931447,valorous-creek-spoonbill,2072118812518817858,19834403,true,
2072124437026275392,1782867938654,motivating-evergreen-anhinga,2072120737704382772,1819426384927678464,true,
2072124603292397855,1782867978295,ambitious-cherry-redstart,2072058857010905144,2044903826574983168,false,
2072124708649046455,1782868003414,celebrated-ocean-seagull,2071864639831580825,1713196211178557441,true,true
2072124822923190412,1782868030659,great-pecan-cormorant,2071756763779772593,210750770,true,
2072124946940035393,1782868060227,zappy-winter-thicketbird,2071980029878350221,2049205990516834304,true,
2072124955844813148,1782868062350,caring-orchard-kestrel,2071701633503813643,1387828454,true,
2072124968138400104,1782868190764,cosmic-root-grackle,2068404449266081799,130557513,true,
2072125144965710218,1782868107440,cheery-nutmeg-towhee,2072025699741761915,1823686622942289920,true,
2072125213165363661,1782868123700,witty-walnut-chicken,2071678616224854213,1985863697580032000,true,
2072125333487460821,1782868152387,cosmic-pond-triller,2071961255238041873,1422251027059941380,true,
2072125333499777151,1782868152390,legendary-kiwi-petrel,2072039106960597266,1994299709176074243,true,
2072125367662317765,1782868160535,philosophical-berry-brushturkey,2072011599838158918,1436021471671955465,true,
2072125450650820691,1782868180322,great-mountain-brushturkey,2071806052472107262,,true,
2072125486596039062,1782868188891,zappy-winter-thicketbird,2071906705726968041,2903423574,true,
2072125488722780392,1782868189398,courageous-beach-canary,2071963108373856683,1879644163769335808,false,
2072125510511988843,1782868194593,calm-park-nightingale,2071698784237519252,1067569447362277376,true,
2072125521199087883,1782868197141,punctual-foothill-swamphen,2071994120147534258,15212187,false,
2072125578124124492,1782868359788,cosmic-root-grackle,2071705403088642113,16106584,true,
2072125669643858075,1782868232534,marvelous-granite-grebe,2072026700079063550,1353827812684296192,true,
2072125768738464158,1782868256160,legendary-kiwi-petrel,2072009010639683684,1240324158,true,true
2072125888477503621,1782868284708,easygoing-island-parrotlet,2071856570049106365,1836813746850672641,true,
2072126022309277827,1782868316615,neighborly-rhubarb-chickadee,,,,
2072126079620223244,1782868330279,masterful-mulberry-bunting,2072034957485093283,14700316,true,
2072126140265934895,1782868344738,logical-mango-seagull,2072059162125562133,15207668,false,
2072126163154243642,1782868350195,magical-acorns-cacholote,2071988065326030931,16549501,true,
2072126178865869254,1782868353941,diligent-brook-thrasher,2072015018057482313,87027640,true,
2072126181567238228,1782868354586,legendary-kiwi-petrel,2072008901000618253,2429615017,true,
2072126197069222321,1782868358282,celebrated-ocean-seagull,2072118020726813118,1534421378505527301,true,
2072126260868723009,1782868373493,diligent-brook-thrasher,,,,
2072126277029413093,1782868377345,incredible-hillside-owl,2071980050589614338,17995040,true,
2072126567460007980,1782868446590,fearless-glacier-owl,2071727968788087041,2429984173,true,
2072126818329711093,1782868506401,peaceful-rock-jay,2072067809912185083,201957241,true,
2072126836897976441,1782868510828,magnificent-peachtree-piculet,2071981503408382373,400789685,false,
2072126849434402824,1782868513817,cheery-nutmeg-towhee,2071971591894733171,1351666173557960707,true,
2072126941298049092,1782868535719,great-mountain-brushturkey,2072106872849441224,2969110905,true,
2072127005764817201,1782868551089,powerful-mint-cacholote,2072108364549750918,1450241520859156483,true,
2072127022231400719,1782868555015,zappy-winter-thicketbird,2071901810067976425,2066318001977348096,true,
2072127030502555702,1782868556987,neighborly-rhubarb-chickadee,2071913728837071207,1761952522145525760,true,
2072127043215753704,1782868560019,altruistic-seedling-rooster,2072110434673639580,31047836,false,
2072127086626578851,1782868570369,respectful-peppermint-toucan,2071920233867047350,27339459,true,
2072127091294753111,1782868571481,diligent-brook-thrasher,2071977097887646110,25589776,true,
2072127097129058552,1782868572872,skillful-magnolia-blackbird,2072068782802063657,2016704788688236544,true,
2072127171728945384,1782868590658,,2072081527186313343,1950315708073586690,true,
2072127377803444397,1782868639790,celebrated-ocean-seagull,2072112187456266311,1131240732646363136,true,
2072127408359035113,1782868647075,cheery-nutmeg-towhee,2072029147182825744,367071498,true,true
2072127416231969259,1782868648953,modern-branch-canary,2071058452764627353,44502620,false,
2072127479377178862,1782868760442,cosmic-root-grackle,2071877087804178821,2037998774815948800,true,
2072127488851919033,1782868666266,great-mountain-brushturkey,,,,
2072127496280228067,1782868668038,botanical-grass-cockatoo,2071878329716883660,55787597,true,
2072127611807887843,1782868695581,zappy-winter-thicketbird,2072103737662054474,,true,
2072127667248267692,1782868708799,peachy-beach-puffin,2072123161756508511,62479369,true,
2072127763624943999,1782868731777,neighborly-rhubarb-chickadee,,,,
2072127773301477762,1782868734084,agile-prairie-pheasant,2071986054328971574,1500129642,true,
2072127793517801713,1782868738904,neighborly-aspen-hornbill,2067796010970087890,2162812627,true,
2072128404015497437,1782868884458,diligent-brook-thrasher,2072124184474566891,805532293951606785,true,
2072128727601844535,1782868961608,celebrated-ocean-seagull,2071903816652554275,2063898347577184256,true,
2072128757708755428,1782868968785,dependable-trail-bluejay,2072113225995522496,4699488312,false,
2072128839916953738,1782868988385,ambitious-kiwi-wigeon,2072092287387992574,3311716376,false,
2072129112571814000,1782869053391,cheery-nutmeg-towhee,,,,
2072129153843818865,1782869063232,hysterical-prairie-bittern,2071944981506298159,239396684,true,
2072129211410600113,1782869076956,memorable-wood-canary,2072008996307812526,48015025,false,
2072129453291975062,1782869134625,great-mountain-brushturkey,,,,
2072129557495255118,1782869159469,enlivened-walnut-grosbeak,2072076739484729456,1450628689247473665,true,true
2072129631361400926,1782869177080,chipper-river-bluejay,2071960354683277526,9300262,true,
2072129647567860001,1782869180944,zappy-winter-thicketbird,2072089043593220169,1536693901230321666,true,
2072129658292695476,1782869778711,cosmic-root-grackle,2071234664040411332,177101260,false,
2072129835606933760,1782869225776,worthy-rain-whistler,2071845803304632455,1978693828589834240,false,
2072129884097249700,1782869237337,incredible-peach-thicketbird,2072034036940247070,1769139931492831232,false,
2072130250322890785,1782869324653,neighborly-rhubarb-chickadee,2072112067771818272,1922078362908164097,true,
2072130310578606329,1782869339018,agile-prairie-pheasant,2071977201994502632,19091173,true,
2072130341301580244,1782869346344,diligent-brook-thrasher,2071930651406917751,,true,
2072130358334923264,1782869350405,colorful-mesa-puffin,2072089879450685527,330262748,false,
2072130400051142892,1782869360350,celebrated-ocean-seagull,2072099837466546331,17000333,true,
2072130429537137073,1782869367380,celebrated-ocean-seagull,,,,
2072130435111383327,1782869368710,cheery-nutmeg-towhee,2072113273160564875,2951126366,true,
2072130493504463291,1782869382631,early-bonsai-cardinal,2071887700278321475,1394637195533856770,false,false
2072130613528711223,1782869411248,intellectual-lake-swan,2072009003391947154,873724542706962432,false,
2072130705086091717,1782869433076,nice-fern-seagull,2071952301808288023,1699371855847858176,true,
2072130717828501755,1782869436114,thriving-field-pratincole,,,,
2072130796240961612,1782869454809,great-mountain-brushturkey,,,,
2072130811877318945,1782869458538,cheery-nutmeg-towhee,,,,
2072130937672913357,1782869488529,zappy-winter-thicketbird,2072082372032635277,1309312521648521216,true,
2072131254494056743,1782870069547,cosmic-root-grackle,2067402311526240272,812454909442490368,true,
2072131333917225095,1782869583001,cheerful-ice-snowfinch,2072091199742017955,1457867047334031360,true,
2072131426590285844,1782869755009,cosmic-root-grackle,2072117304578486632,1261335549215989760,true,
2072131599957688819,1782869646431,mellow-almond-thicketbird,2071980236170842514,,true,
2072131658799776205,1782869660459,prodigious-isle-woodpecker,2071756763779772593,210750770,false,
2072131721047474543,1782869675300,inspired-kiwi-sparrow,2072106942978236528,1215077597798916102,true,
2072131780438601916,1782869689461,great-mountain-brushturkey,,,,
2072131855378194620,1782869707327,neighborly-rhubarb-chickadee,2071786319873720753,2062808323687354368,true,
2072131857643172238,1782869707868,zappy-winter-thicketbird,2071786319873720753,2062808323687354368,true,
2072132092612514073,1782869959423,cosmic-root-grackle,2072067662499225605,1448727424905142276,true,
2072132161893970067,1782869780406,motivating-eucalyptus-pelican,2071878329716883660,55787597,false,false
2072132189701972048,1782869787036,diligent-brook-thrasher,2071700479801750006,1548811509840728065,true,
2072132225420624100,1782869795553,peaceful-desert-wheatear,2071919152177054204,1478396892186828803,true,
2072132626325082471,1782869891135,elegant-papaya-penguin,2071716262133059959,239200202,true,
2072132660693004510,1782869899332,celebrated-ocean-seagull,2072080012748964135,784921318651207680,true,
2072132692729012273,1782869906967,neighborly-rhubarb-chickadee,,,,
2072132749788348873,1782869920572,cheery-nutmeg-towhee,2071952634630529400,604988212,true,
2072132756490871049,1782869922169,great-mountain-brushturkey,2072082821859213815,,true,
2072132862418235880,1782869947424,interesting-beech-mallard,2072058401446592618,1378790053556682755,false,
2072132894126977057,1782869954984,zappy-winter-thicketbird,2071989319607230708,1154948184344539138,true,
2072133071172964606,1782870143652,cosmic-root-grackle,2071580704803074199,1026576700610621441,false,
2072133157055238299,1782870017672,heroic-coral-mallard,2072055449084445159,1538747521446576128,true,true
2072133297795117087,1782870051226,neighborly-rhubarb-chickadee,2072118866914759074,1486911626846806017,true,
2072133371224899945,1782870068733,steady-wildflower-crane,2072045160158965798,750683331260321792,true,
2072133395845378390,1782870074604,mighty-boulder-ibis,2071984626453635381,1393287208426082306,true,
2072133510068908272,1782870101836,diligent-brook-thrasher,2072062052173049959,1222773302441148416,true,true
2072133529090039851,1782870106371,diligent-brook-thrasher,,,,
2072133662100095098,1782870138083,diplomatic-rainforest-spoonbill,2072101725801152602,2013963108235296768,true,
2072133700544786467,1782870147250,celebrated-ocean-seagull,,,,
2072133708467908798,1782870149139,celebrated-ocean-seagull,2072019275288584628,300237570,true,
2072133714985857141,1782870150693,cheery-nutmeg-towhee,2071983855066624318,1460085729254686723,true,
2072133737135948179,1782870155973,great-mountain-brushturkey,2072121750997938561,1160183392094294017,true,
2072133751044538611,1782870159290,diplomatic-rainforest-spoonbill,2072102056723378648,1797842214032453632,true,
2072133774880485610,1782870618698,cosmic-root-grackle,2069302470988501091,1595674603510435840,true,
2072133780576592154,1782870271541,cosmic-root-grackle,2071963545768771684,8736882,true,
2072133797965869257,1782870170477,steady-wildflower-crane,2053642281983279410,904630459539312640,true,
2072133799090311365,1782870376854,cosmic-root-grackle,2053642281983279410,904630459539312640,false,
2072133819403039222,1782870175588,zappy-winter-thicketbird,2072000165863477534,1859347485120135169,true,
2072133871588765924,1782870188029,diplomatic-rainforest-spoonbill,2072127037062726084,1352646714742747143,true,
2072133911606366639,1782870197570,neighborly-rhubarb-chickadee,,,,
2072134075184549916,1782870236571,nice-snow-nightingale,2072129027578503262,1546972236170543110,true,true
2072134118087766386,1782870246799,commendable-lumber-eagle,2072108051012673574,,true,true
2072134151700873240,1782870254813,diligent-brook-thrasher,,,,
2072134376775713223,1782870308475,cheery-nutmeg-towhee,2072009923525792194,,true,
2072134379095101726,1782870309028,celebrated-ocean-seagull,2072009923525792194,,true,
2072134409172431292,1782870316200,cheery-nutmeg-towhee,,,,
2072134413475778824,1782870317226,great-mountain-brushturkey,2072089151847964780,1761882209638641664,true,
2072134448452132982,1782870325564,lucent-rose-skimmer,2071851654194831639,1194967640210649088,false,
2072134496330145816,1782870336980,zappy-winter-thicketbird,2071750804709458015,1698446058362208256,true,
2072134547206975571,1782870349110,neighborly-rhubarb-chickadee,2072098447008915551,1445862285310844934,true,
2072134569650704747,1782870354460,diligent-brook-thrasher,2072091471193284924,,true,
2072134581742964747,1782870357343,celebrated-ocean-seagull,2072102828001149305,1990335107430068224,true,
2072134582674379210,1782870357566,prudent-walnut-firetail,2072095064197579045,1261335549215989760,true,
2072134631873249627,1782870369296,steady-wildflower-crane,2071355711603278167,1485068728412913666,true,
2072134716741091756,1782870389529,lionhearted-papaya-cotinga,,,,
2072134771174506874,1782870402508,daring-samba-pelican,2071730606044828067,204444440,true,
2072134800299774378,1782870409452,thriving-citrus-cuckoo,2072083650577875452,2041946282143432705,true,
2072134953593458931,1782870445999,tremendous-prairie-shearwater,2072123624471884045,,true,
2072135036435059065,1782870620735,cosmic-root-grackle,2066845673530560740,763094579491008512,false,
2072135036678386038,1782870566280,cosmic-root-grackle,2068239950244454497,1922771683158511616,true,
2072135078675660841,1782870475821,cheery-nutmeg-towhee,2072117114538803693,726849881449598976,true,
2072135145797427637,1782870491824,striking-highland-conure,2072040349686776137,1582378068563226624,false,
2072135161135681701,1782870495481,great-mountain-brushturkey,2072117304578486632,1261335549215989760,true,
2072135163606159837,1782870496071,zappy-winter-thicketbird,2072117304578486632,1261335549215989760,true,
2072135232535351641,1782870512504,neighborly-rhubarb-chickadee,2071995829901050123,328242929,true,
2072135263103390093,1782870624953,cosmic-root-grackle,2070190147484713052,4840950897,true,
2072135303578411359,1782870529443,diligent-brook-thrasher,2072062627392696822,1052781729423876096,true,
2072135374508277979,1782870546353,joyful-mulberry-owl,2072117942452408556,1948531655159021574,true,
2072135557057028491,1782870589877,celebrated-ocean-seagull,2071797752653349300,764187379,true,
2072135737827320110,1782870632975,grand-maple-pelican,2072046032116920552,1446932149148344320,true,
2072135754172518641,1782870636873,zappy-winter-thicketbird,2072016702985130443,1821174848598765568,true,
2072135756454166689,1782870637416,cheery-nutmeg-towhee,2072016702985130443,1821174848598765568,true,
2072135787471044953,1782870644811,neighborly-rhubarb-chickadee,2071868743609676070,1887057277527416832,true,
2072135789941571625,1782870645400,great-mountain-brushturkey,2071868743609676070,1887057277527416832,true,true
2072135800901312807,1782870648013,zappy-winter-thicketbird,2072081833765060875,31745789,true,
2072135815006740674,1782870651376,neighborly-rhubarb-chickadee,2071998734498681027,2012588381444714496,true,
2072135832883155267,1782870655639,observant-beech-brownbul,2071920136731361698,74457733,true,
2072135895218840043,1782870670500,capable-holly-woodpecker,2071889044808651256,1415875893524791298,false,
2072135940789911555,1782870681365,mindful-lake-crane,2071974801158086769,1074354529787895808,false,
2072136013405737032,1782870698678,classy-canopy-eagle,2072106942978236528,1215077597798916102,false,
2072136122474307589,1782870724682,diligent-brook-thrasher,2071946879999570173,1441736685256019974,true,
2072136152753021234,1782870731901,celebrated-ocean-seagull,2072097544834863527,1641433637865283584,true,
2072136165797339602,1782870735011,frank-daylight-peacock,2071777349914308872,1840170209371422720,true,
2072136172373950700,1782870736579,poetic-brook-crake,2071782799493702015,1463737262575955970,true,
2072136203692851290,1782870744046,philosophical-berry-brushturkey,2072019275288584628,300237570,true,
2072136326682468586,1782870773369,majestic-sun-fantail,2072022649707069844,,true,
2072136505515008256,1782870816007,philosophical-berry-brushturkey,2072036003070562356,21733692,true,
2072136586469527683,1782870835307,lionhearted-papaya-cotinga,2072103737662054474,,true,
2072136637832647107,1782870847553,cheery-nutmeg-towhee,2072098606652575921,1772606058,true,true
2072136689192157534,1782870859798,celebratory-eucalyptus-nighthawk,2071984626453635381,1393287208426082306,true,
2072136796884914205,1782870885474,,2072056986737188903,1316995857242378240,true,
2072136893173575830,1782870908431,fun-maple-sparrow,2072081527186313343,1950315708073586690,true,
2072137167837565126,1782870973916,great-mountain-brushturkey,2071908793697333753,1623836470728355844,true,
2072137200301465974,1782870981656,dexterous-prairie-pelican,2072048072608346365,2021653558836572162,true,
2072137203665326364,1782870982458,challenging-isle-bluebird,2072083650577875452,2041946282143432705,false,
2072137291011674304,1782871003284,dexterous-prairie-pelican,2071814232929136731,2021653558836572162,true,
2072137370539827323,1782871022244,celebrated-ocean-seagull,2071880456899850579,1068674430421880832,true,
2072137387455475875,1782871026277,zappy-winter-thicketbird,2072124188421161440,2005770654793056257,true,
2072137403314167979,1782871030058,neighborly-rhubarb-chickadee,2071960843672260830,1016956319776026624,true,
2072137438915703055,1782871038547,majestic-redwood-blackbird,2071903039150231851,1080984479957536768,true,
2072137522369413613,1782871058443,revered-desert-turkey,2072041731885789481,1261335549215989760,false,
2072137691068555447,1782871098664,,2072013664857792564,1890501026236743680,true,
2072137832475295906,1782871132378,diligent-brook-thrasher,2072018617219363130,1970191005510180866,true,
2072137864033218650,1782871139902,incomparable-coral-flycatcher,2072026331148378262,214118695,true,false
2072138005205160050,1782871173560,,2071758139158938084,1016938753393332224,true,
2072138020002619584,1782871177088,diligent-brook-thrasher,2071973790066602072,2002022207535681536,true,
2072138044681932871,1782871182972,bold-cliff-junco,2071917587118579744,4239551,true,
2072138048121245763,1782871183792,amicable-honeydew-cuckoo,2072092142625816585,1513932009332252678,true,
2072138107495821735,1782871197948,celebrated-ocean-seagull,2072082151970136332,,true,
2072138145856913745,1782871207094,cheery-nutmeg-towhee,2072099337321042060,1834279909381865472,true,true
2072138325092151457,1782871359839,cosmic-root-grackle,2072095331257647538,181936367,true,
2072138352531296411,1782871256369,celebrated-ocean-seagull,2072081706039857176,1398659203913469954,true,
2072138450619506730,1782871393156,cosmic-root-grackle,2072065684646117643,1084494018266976256,true,
2072138589513592875,1782871312870,vibrant-pond-parrot,2072080378173722873,777449463656902656,true,
2072138641225167058,1782871325200,great-mountain-brushturkey,2072003104577405370,1411414902783217666,true,
2072138661429133612,1782871330016,zappy-winter-thicketbird,2072106054628913613,960943470390272006,true,
2072138675152949349,1782871333288,wholesome-raspberry-stilt,2072019275288584628,300237570,true,
2072138677094871158,1782871333751,,2071961711972884737,1930643335179554816,true,
2072138682778165284,1782871335107,wholesome-raspberry-stilt,2072119952987824549,1471950493056389125,true,
2072138687895212238,1782871336326,wholesome-raspberry-stilt,2072070168046404057,2153468676,true,
2072138693947601155,1782871337769,wholesome-raspberry-stilt,2072016702985130443,1821174848598765568,true,
2072138744577081671,1782871349840,noble-field-pipit,2072087086916620502,2557521,true,
2072138856476897324,1782871807037,cosmic-root-grackle,2071756655155433581,1879644163769335808,false,
2072138940149051546,1782871396468,marvelous-bonsai-wader,2072085362747302345,1067821592833597442,true,
2072139230021607867,1782871465579,neighborly-rhubarb-chickadee,2072040420851200203,,true,
2072139269510987893,1782871474994,diligent-brook-thrasher,2072085050045165607,,true,
2072139329653149847,1782871489333,celebrated-ocean-seagull,,,,
2072139707824189890,1782872070555,cosmic-root-grackle,2071985258824597607,22677397,true,
2072139746432704826,1782871588702,cheery-nutmeg-towhee,2072119227272593795,1590160642610282497,true,
2072139749830082927,1782871589511,alpine-evergreen-hummingbird,2071994632536297632,14790524,true,
2072139763289592150,1782871592721,cheery-nutmeg-towhee,2072112726369771676,772999200896389120,true,
2072139863860957437,1782871616698,intellectual-cave-kingfisher,2071941009395646857,1519736925837479937,true,false
2072139927836410255,1782871631951,exuberant-elm-swan,2071734747492233438,3239058521,false,
2072140089937781200,1782871670600,classy-mango-kingbird,2071402050748084239,17004618,true,
2072140168232911298,1782871689266,memorable-horseradish-flatbill,2072094950351614142,1281356403194699776,false,
2072140370645823711,1782871737525,great-mountain-brushturkey,2071982577406108048,1643251970663235584,true,
2072140474597486913,1782871762309,zappy-winter-thicketbird,2072052586639720767,1673815190469484545,true,
2072141053096792113,1782871900234,nice-maple-whistler,2072118812518817858,19834403,true,
2072141193241080316,1782871933647,serene-melon-bluejay,2072046772445499489,1663172653,false,
2072141317489000547,1782871963270,awesome-winter-owl,2071917781839179939,1842683114021437440,true,
2072141354453381476,1782871972084,neighborly-rhubarb-chickadee,2072015531108966689,341746855,true,
2072141409340072251,1782871985169,great-mountain-brushturkey,2071806927147778410,69756300,true,
2072141535026549024,1782872015135,spunky-persimmon-needletail,2071980029878350221,2049205990516834304,false,
2072141749766811836,1782872066333,fearless-fir-pheasant,2071839375848247453,1209217304090890240,true,
2072141877504065637,1782872096789,diligent-brook-thrasher,2072064762460930539,27697807,true,
2072141900589507028,1782872102292,composed-fig-bunting,2071920233867047350,27339459,false,
2072142226839204262,1782872180076,celebrated-ocean-seagull,2072072710033711385,1267582581517795329,true,
2072142263535140941,1782872188825,cheery-nutmeg-towhee,2072097906115633554,,true,true
2072142344179114176,1782872208053,great-mountain-brushturkey,2072087967691063653,1259992565417488385,true,
2072142387741147627,1782872218438,spectacular-banana-pipit,2072037453981229190,1336308696444526592,true,
2072142397773934926,1782872220830,zappy-winter-thicketbird,2072106078892925317,1154921193075609600,true,
2072142503562657992,1782872246053,neighborly-rhubarb-chickadee,2072115559462756776,2775126620,true,
2072142593614614685,1782872387058,cosmic-root-grackle,2072011867934117991,2027843808139087875,true,
2072142766143123521,1782872308657,carefree-hill-snowfinch,2072075173805637668,1656913327,true,true
2072142804956966983,1782872317911,diligent-brook-thrasher,2071896534975963202,1666657380216586240,true,
2072142921495666708,1782872345695,neighborly-rhubarb-chickadee,2071906705726968041,2903423574,true,
2072143050365698219,1782872376420,heartwarming-mountain-nighthawk,2072053994424254879,2027843808139087875,true,
2072143144821330086,1782872398940,diligent-brook-thrasher,2072105267936874773,1176120367062142977,true,
2072143283153711422,1782872431922,celebrated-ocean-seagull,2071982424612016408,1299904825723891712,true,
2072143451563389439,1782872472074,cheery-nutmeg-towhee,,,,
2072143680375296034,1782872526626,great-mountain-brushturkey,2071994446967705931,38904776,true,
2072143747924570455,1782872542732,unique-brook-crow,2071982888388599878,1496534473,true,
2072143839993672160,1782872564682,celebrated-ocean-seagull,2072013961709470198,1494072723001286658,true,
2072143847618978091,1782872673655,cosmic-root-grackle,2072118812518817858,19834403,true,
2072143946868781137,1782872590164,incredible-cedar-waxbill,2072098435356832004,23544720,true,
2072144208366797031,1782872652509,zappy-winter-thicketbird,2072116364551049227,2172384170,true,
2072144318974906798,1782872678880,exceptional-river-recurvebill,2071814687751053578,1183140123497652224,true,
2072144586156237257,1782872742581,neighborly-rhubarb-chickadee,2072090780525531515,1966362493963341824,true,
2072144685896700325,1782872766362,diligent-brook-thrasher,2072124964459725227,2737659310,true,
2072144952318980414,1782872829881,fearless-isle-flycatcher,2072063633824293117,885786515640655873,true,true
2072144991145566459,1782872839138,gumptious-almond-falcon,2071931757382004854,1691865605975011338,true,false
2072145176244441448,1782872883269,celebrated-ocean-seagull,2072111276248158420,16635277,true,
2072145201871593688,1782872889379,hearty-pine-starling,2071845311966781850,834078524277456897,true,
2072145285338251561,1782872909280,cheery-nutmeg-towhee,2072062772041379930,1378993399844442112,true,
2072145380922249324,1782872932069,wholesome-seawater-jay,,,,
2072145405538865228,1782873695248,cosmic-root-grackle,2071234664040411332,177101260,true,
2072145442633073136,1782872946781,joyful-banana-cuckoo,2072134614928224408,365603329,true,true
2072145478771249595,1782872955397,cheery-nutmeg-towhee,2071951716241588643,1774040691770822656,true,
2072145649642979689,1782872996137,great-mountain-brushturkey,2072069036603556186,1971953336350846976,true,
2072145746040660214,1782873019120,great-mountain-brushturkey,,,,
2072145849560252738,1782873043800,intellectual-strawberry-murrelet,2072130869116944543,970939705629069312,true,
2072145975448338778,1782873073814,wise-hillside-kingfisher,2072120737704382772,1819426384927678464,false,
2072146241337561562,1782873137207,zappy-winter-thicketbird,2071981389235228795,1434347486097858560,true,
2072146533953540439,1782873206972,brawny-watermelon-ibis,,,,
2072146625791693131,1782873228868,neighborly-rhubarb-chickadee,2071990465533202607,2063254496583774208,true,
2072146677926908162,1782873241299,philosophical-berry-brushturkey,2071961957402312826,177101260,true,
2072146718267728017,1782873250917,congenial-tanoak-greenbul,2072115041596526881,953378142198161409,true,
2072146868872831175,1782873286824,extraordinary-melon-waxbill,2072117114538803693,726849881449598976,false,
2072146959838695462,1782873308511,easygoing-island-parrotlet,2071980029878350221,2049205990516834304,true,
2072147014079438856,1782873321443,diligent-brook-thrasher,,,,
2072147326131376273,1782873395842,,2071967538359976191,1377491965927899137,true,false
2072147629258178717,1782874155280,cosmic-root-grackle,2028119242952921107,915384490796748800,true,
2072147830672900426,1782873516135,unique-snow-whistler,2072026331148378262,214118695,false,
2072147855570035022,1782873522070,easygoing-island-parrotlet,2072013961709470198,1494072723001286658,true,
2072148235825631480,1782873612730,empathetic-ice-raven,2071965771970855407,1372638110912241665,true,
2072148358978748817,1782873642093,sensible-moss-macaw,2071959563591356786,1826604881924263936,true,
2072148469901312415,1782873668538,celebrated-ocean-seagull,2072134614928224408,365603329,true,
2072148615682744611,1782873703296,cheery-nutmeg-towhee,2071943674657968254,,true,
2072148762613477586,1782873738326,zappy-winter-thicketbird,,,,
2072148816757727666,1782873751235,luminous-peat-quetzal,2072146087851466874,,true,
2072148822541922582,1782873752614,knowledgeable-freshwater-heron,2072046662927667413,65562484,true,
2072148922743595036,1782873776504,neighborly-rhubarb-chickadee,2072127126967365726,1897059458615828480,true,
2072148936899408026,1782873779880,diligent-brook-thrasher,2071987038891491758,1371307081521840128,true,
2072149012791046444,1782873797973,celebrated-ocean-seagull,2072109536337449369,1573112872565149699,true,
2072149082244624763,1782873814532,cheery-nutmeg-towhee,2071933846237663337,2744070616,true,
2072149234984350196,1782873850948,great-mountain-brushturkey,2072003363328184545,2757773842,true,
2072149369629913220,1782873883051,zappy-winter-thicketbird,2072102037110526444,1524214551713132544,true,
2072149394200174886,1782873888908,neighborly-rhubarb-chickadee,2072016137068671319,,true,
2072149411728142399,1782873893087,zappy-winter-thicketbird,2071999307864215810,1796442825275453440,true,
2072149443218923541,1782873900596,celebrated-ocean-seagull,2072145255214834085,1990335107430068224,true,
2072149475565400565,1782873908307,neighborly-rhubarb-chickadee,2072096438884934121,2947313264,true,
2072149499225510246,1782873913948,diligent-brook-thrasher,2071993247443112425,2047989563537211392,true,
2072149557044228211,1782873927733,likable-spring-hoopoe,2072061818537701382,1529170481777102848,true,
2072149766041964641,1782873977563,celebrated-ocean-seagull,2071870456089715071,,true,
2072149777551180127,1782873980306,cheery-nutmeg-towhee,2071819423229648995,,true,
2072149934632030492,1782874017757,great-mountain-brushturkey,,,,
2072149958774427926,1782874023513,lionhearted-walnut-hawk,2071977201994502632,19091173,true,
2072150244465201176,1782874091627,zappy-winter-thicketbird,,,,
2072150543196455348,1782874280172,cosmic-root-grackle,2071599564646195348,1943289066306641920,true,
2072150636699775212,1782874185144,cheery-nutmeg-towhee,2072027210769186956,1049310794117201920,true,
2072150676600438988,1782874194656,noble-sandalwood-flameback,2071325248742719621,,true,
2072150691565510917,1782874198224,neighborly-rhubarb-chickadee,2071950127804416297,928213665890811904,true,
2072150730325229767,1782874207465,festive-papaya-rooster,2071868017537925547,1808318369226952704,true,
2072150825082687496,1782874230057,great-mountain-brushturkey,2071992232689754546,1598045525693108248,true,
2072150888261497073,1782874245121,diligent-brook-thrasher,2072077997000282140,1926520215237500928,true,
2072150974781661675,1782874265749,merry-lychee-anhinga,2072118213479891118,1746417605055823872,true,
2072150975381451139,1782874265891,celebrated-ocean-seagull,2072147680143507652,1335132884278108161,true,
2072151083674181674,1782874291710,cheery-nutmeg-towhee,2072004849873391744,839423932184870914,true,
2072151159263953164,1782874309733,great-mountain-brushturkey,2072111615797846362,,true,
2072151430543053069,1782874374410,altruistic-fern-canary,2072100072465350813,1606115178210365448,true,
2072151510490677711,1782874393472,punctual-leaf-pigeon,2071480976471932978,1873137261740498944,true,
2072151618565603837,1782874419238,lucky-cypress-osprey,2071441935429259496,1945484931842596864,true,
2072151798761107732,1782874462200,blazing-jacaranda-citril,2072051430739853735,1516287350569115659,true,
2072151802833682776,1782874463170,zappy-winter-thicketbird,,,,
2072152076105232517,1782874528323,glamorous-seedling-barbet,2071807019435032838,,true,true
2072152428472836198,1782874612335,zappy-winter-thicketbird,2072087189962264625,1029516037107138561,true,
2072152789065621988,1782874698307,efficient-highland-crimsonwing,2071717847722512790,17706291,false,
2072152908846489845,1782874726865,aquatic-rainforest-troupial,2072068806218752428,2704294333,true,
2072152921412927589,1782874729861,likable-spring-hoopoe,2072052553408196792,1319287761048723458,true,
2072152928190677143,1782874731477,great-mountain-brushturkey,2072102828001149305,1990335107430068224,true,
2072153029168509052,1782874755553,zappy-winter-thicketbird,,,,
2072153090610925767,1782874770202,neighborly-rhubarb-chickadee,2072139375555780992,,true,true
2072153174840954977,1782874790283,diligent-brook-thrasher,2071898694862147949,1691824899893993473,true,
2072153224467902711,1782874802116,celebrated-ocean-seagull,2072124337142874452,,true,
2072153305124364440,1782874821345,cheery-nutmeg-towhee,2071932143266382124,1753526979914252288,true,
2072153408170021190,1782874845914,great-mountain-brushturkey,,,,
2072153641524318454,1782874901549,lovely-pistachio-seabird,,,,
2072153902498152563,1782874963770,innovative-cashew-bunting,2071351053874831736,1334688905929613312,false,
2072153925843575185,1782875108448,cosmic-root-grackle,2071962890882752912,2063149575163219968,true,
2072154088590938448,1782875008139,spunky-star-emu,2071307098152132976,,true,
2072154279121433026,1782875053564,confident-grass-parrot,2072115551489425620,1157689921349521410,true,
2072154383576363478,1782875078468,diligent-brook-thrasher,2071995829901050123,328242929,true,
2072154426044026924,1782875088593,great-hazelnut-crossbill,2071913761057743068,97841743,true,
2072154431118790696,1782875089803,zappy-winter-thicketbird,2072074500095508717,1146857235156480002,true,
2072154435749359708,1782875090907,neighborly-rhubarb-chickadee,2072089295343542432,20990445,true,
2072154540426547557,1782875115865,celebrated-ocean-seagull,2072128327419093261,17288797,true,
2072154543375188180,1782875116567,diligent-brook-thrasher,,,,
2072154546982314021,1782875117428,celebrated-ocean-seagull,2072135668638048562,1981416876183019520,true,
2072154549830246480,1782875118107,cheery-nutmeg-towhee,2072138793302286837,,true,
2072154586539032893,1782875126859,loyal-garden-pelican,2071920464495091978,1050810570570649601,false,
2072154852579299393,1782875190287,distinctive-sandalwood-owl,2072015040002036136,1291651282676178944,true,true
2072155004295655706,1782875226459,wholesome-raspberry-stilt,2071961957402312826,177101260,true,
2072155012373868875,1782875228386,wholesome-raspberry-stilt,2072081706039857176,1398659203913469954,true,
2072155312417652772,1782875299921,great-mountain-brushturkey,2072151370728128827,1488607340785926144,true,
2072155323138457894,1782875302478,clever-cherry-mockingbird,2072110192150331632,31391161,true,
2072155329014460456,1782875303879,cheery-nutmeg-towhee,2072117524053856257,1361748995652149249,true,
2072155550851252662,1782875356768,zappy-winter-thicketbird,2072113361454551269,771606164,true,
2072155610112496096,1782875370897,eloquent-grove-catbird,2072139375555780992,,true,
2072155652206866542,1782875380933,adaptable-grassland-tern,2072040766038528278,25694156,true,
2072155758595031117,1782875406298,receptive-magnolia-parrotlet,2072059902542176608,52499387,true,
2072155972689166393,1782875457342,neighborly-rhubarb-chickadee,,,,
2072155992754651328,1782875462126,diligent-brook-thrasher,,,,
2072156014443671925,1782875467297,authentic-cherry-seabird,2071880360594636813,2033556291600445440,true,
2072156290994843834,1782875533232,tough-canopy-finch,2071925094520078723,161078090,true,
2072156342488612962,1782875545509,authentic-cherry-seabird,2072107414917427563,2327098700,true,
2072156466987819220,1782875575192,celebrated-ocean-seagull,2072138774792790331,787528266617880576,true,
2072156499019813129,1782875582829,great-mountain-brushturkey,2072111166000693604,963463260044431363,true,
2072156508507222430,1782875585092,neighborly-chestnut-partridge,2072115551489425620,1157689921349521410,true,
2072156586643247130,1782875603721,authentic-cherry-seabird,2072134614928224408,365603329,true,
2072156687952400594,1782875627874,inventive-sapling-crane,2072034704614633786,1733045051775680513,true,
2072156850389225929,1782875666602,celebrated-ocean-seagull,2071982577406108048,1643251970663235584,true,
2072156895260164502,1782875677300,brainy-orchard-sunbird,2071896143810981945,,true,
2072156896111563108,1782875677503,authentic-cherry-seabird,2072106527171981408,11347122,true,
2072156939606233464,1782875687874,cheery-nutmeg-towhee,2072098585102164217,16635277,true,
2072157012129882306,1782875705164,,2072107414917427563,2327098700,true,
2072157177200975890,1782875744520,cheery-nutmeg-towhee,2072094558469665071,,true,
2072157283581149643,1782875769883,attentive-sun-magpie,2071953473625542971,1343097347065188353,true,true
2072157567090901297,1782875837477,great-mountain-brushturkey,,,,
2072157580219097264,1782875840607,hypnotic-tigerwood-ostrich,2071850337456226513,1856630881315659776,true,
2072157766265852171,1782875884964,zappy-winter-thicketbird,2072145009042964774,1330141598336884736,true,
2072157768736264290,1782875885553,great-mountain-brushturkey,2072145009042964774,1330141598336884736,true,
2072157811207770614,1782875895679,neighborly-rhubarb-chickadee,2072087591256494141,333994990,true,
2072158072236122480,1782875957914,balanced-pistachio-duck,2071995974105317643,818676444,true,
2072158187470426211,1782875985387,genial-pecan-troupial,2071992374704885905,4560306195,true,
2072158205182959856,1782875989611,diligent-brook-thrasher,2072030400155963591,1975928226989150208,true,
2072158226599092639,1782875994716,celebrated-ocean-seagull,2072142355424043517,1483762511149211653,true,
2072158358656704722,1782876026201,cheery-nutmeg-towhee,2072139135473917955,612985010,true,
2072158361689247760,1782876026925,great-mountain-brushturkey,2072137607878979784,1704718821389729792,true,
2072158364004499683,1782876027476,zappy-winter-thicketbird,2072144835058757851,991806788461875205,true,
2072158372372070729,1782876029471,neighborly-rhubarb-chickadee,2072125550450344056,1592975103645581315,true,true
2072158428852588676,1782876042937,diligent-brook-thrasher,2071995993311326563,1478604911784906759,true,
2072158535098454362,1782876068269,terrific-redwood-rooster,2032463078952960225,1837608355797651459,true,
2072158697359602032,1782876106955,capable-savanna-shorebird,2071974730077192624,3091316093,true,
2072159249166221797,1782876238515,sublime-seashore-blackbird,2071921593824030788,193500696,false,
2072159297262522730,1782876249982,altruistic-rain-stilt,2071958278490517790,1323290841398439937,true,
2072159361720267076,1782876265350,celebrated-ocean-seagull,2072018716473327715,1585765168482775041,true,
2072159380112384105,1782876269735,zappy-winter-thicketbird,2071945395098239175,1941395566568800259,true,
2072159382364668232,1782876270273,cheery-nutmeg-towhee,2071945395098239175,1941395566568800259,true,
2072159418288886129,1782876278838,great-mountain-brushturkey,,,,
2072159440376143916,1782876284103,experienced-moonlight-kite,2071238306147295382,1661724924220944393,false,
2072159445271093615,1782876285271,playful-moonlight-woodpecker,2071591830110801961,3657702612,true,
2072159504305619230,1782876299346,zappy-winter-thicketbird,,,,
2072159568595939761,1782876314674,neighborly-rhubarb-chickadee,2071919468880564472,513735124,true,
2072159631875387467,1782876329761,diligent-brook-thrasher,2071956291115745393,1213874306515554306,true,
2072159665945776524,1782876337883,celebrated-ocean-seagull,,,,
2072159722493579626,1782876351365,friendly-flower-crane,2072005129734365290,1635468237931692032,true,
2072159779506544670,1782876364958,neighborly-rhubarb-chickadee,2072130869116944543,970939705629069312,true,
2072159819499250125,1782876374494,academic-raspberry-snowfinch,2071978170861899978,2043067205785473025,false,
2072160170554147057,1782876458191,cheery-nutmeg-towhee,2071848126709964948,1810176064402173952,true,
2072160207711404456,1782876467050,fashionable-apple-penguin,2071963114615050395,31513669,false,
2072160228221812869,1782876598115,cosmic-root-grackle,2049762161686114794,1391715496005824513,false,
2072160357674524672,1782876502804,diligent-brook-thrasher,2071972209661239610,1648044086530658326,true,
2072160484904824913,1782876533138,profound-bamboo-partridge,2072135164017377415,562773398,true,
2072160507352829962,1782876538490,fashionable-sandalwood-magpie,2071216920536465916,6283362,true,
2072160597651980628,1782876560020,philosophical-seawater-bittern,2071813671353790603,,false,
2072160697341878386,1782876583788,great-mountain-brushturkey,2072124480038805585,1800266527247106048,true,
2072160783639707864,1782876604362,celebrated-ocean-seagull,2071994446967705931,38904776,true,
2072160836693438731,1782876617012,zappy-winter-thicketbird,2072142346939142297,1310767622351323137,true,
2072160922798633091,1782876637540,resourceful-bamboo-waterfowl,2071446585792508028,,false,
2072160974774181954,1782876649932,bright-harvest-whistler,2071791040596426792,28212513,true,
2072161127845270014,1782876686426,neighborly-rhubarb-chickadee,2072123982607012109,1961363997581873152,true,
2072161213182628074,1782876706774,diligent-brook-thrasher,2072098772545593785,1632402990584954880,true,
2072161258271314407,1782876717523,celebrated-ocean-seagull,2072006445986361436,1231288602912489472,true,true
2072161268710928861,1782876720013,chipper-bonsai-wader,2072096708532621546,1132099522405044225,true,
2072161400592417032,1782876751456,extraordinary-maple-kingfisher,2071930244722983146,2191570976,true,
2072161441923084371,1782876761309,cheery-nutmeg-towhee,2072090139937902687,1415662041080242179,true,
2072161761831092426,1782876837581,cheery-nutmeg-towhee,2072147277825626168,1990335107430068224,true,
2072161767946436824,1782876839039,great-mountain-brushturkey,2072085698069533139,1961363997581873152,true,
2072161808786280840,1782876848777,zappy-winter-thicketbird,2072050021655028029,53147291,true,
2072161845465539001,1782876857522,neighborly-rhubarb-chickadee,2071921898108162064,1323076816748400640,true,
2072161950721540217,1782876882617,wholesome-mesa-falcon,2072049533383512314,1261335549215989760,false,
2072161997471338645,1782876893763,diligent-brook-thrasher,2072055449084445159,1538747521446576128,true,
2072162050311065904,1782876906361,agile-olive-toucan,2071989347830870487,2022041915349512193,true,
2072162157240938632,1782876931854,lively-pond-flameback,2071919427558248508,1881418190452051968,true,
2072162187821330629,1782876939145,great-mountain-brushturkey,2072139878662537470,1570680858717159424,true,
2072162310194348390,1782876968321,celebrated-ocean-seagull,2071973532834369537,19132540,true,
2072162397981114501,1782876989252,zesty-iceberg-chicken,2072062150479401065,1503098159983206404,false,
2072162415546974648,1782876993439,cheery-nutmeg-towhee,2072088519141417386,103174316,true,
2072162444428874105,1782877000326,great-mountain-brushturkey,2071985925106622561,1769203710469529600,true,
2072162513408368691,1782877016771,dynamic-winter-parrot,2071931442263728450,1845233170263793674,true,
2072162556060336561,1782877026941,virtuous-horseradish-dipper,2072150137061667303,2041946282143432705,false,
2072162646061666530,1782877048399,zappy-winter-thicketbird,2072019431144952057,,true,
2072162744762011690,1782877071930,zappy-winter-thicketbird,2072147727408845048,,true,
2072162748692041916,1782877511156,cosmic-root-grackle,2072056986737188903,1316995857242378240,true,
2072162910516768950,1782877111449,neighborly-rhubarb-chickadee,2072139482296426625,979355787666608128,true,
2072163178599911878,1782877175365,diligent-brook-thrasher,,,,
2072163351849845079,1782877216672,celebrated-ocean-seagull,2072084951814558030,854342210,true,
2072163597518586328,1782877275243,cheery-nutmeg-towhee,2072051759170678916,607318372,true,
2072163602211934651,1782877276362,great-mountain-brushturkey,2071813455439339839,1012443708,true,
2072163729001594955,1782877306591,zappy-winter-thicketbird,,,,
2072163737516290206,1782877308621,knowledgeable-elm-penguin,2071904660257116187,1667460882438459392,true,
2072163739365724467,1782877309062,neighborly-rhubarb-chickadee,2071916555714101674,1677760011773042693,true,
2072164078831714701,1782877389998,empathetic-apple-pipit,2071953991102087658,1698077184122855424,false,
2072164151233753483,1782877407259,altruistic-almond-albatross,2071947124346896735,,false,
2072164251826078094,1782877431242,congenial-daylight-hawk,2071968212313649340,1381649308890460160,true,
2072164317105906021,1782877446806,diligent-brook-thrasher,2071986888895082692,2047989563537211392,true,true
2072164623122391312,1782877519767,inventive-pond-kingbird,2071969390275215658,811229675758505984,true,
2072164809672397047,1782877564243,celebrated-ocean-seagull,2072113188284633371,,true,
2072164958880600454,1782877599818,cheery-nutmeg-towhee,2072019083655065931,1777420736023437312,true,true
2072165080406393098,1782877628791,suave-autumn-parrot,2071880360594636813,2033556291600445440,true,
2072165137260155374,1782877642347,great-mountain-brushturkey,2072074352082968883,1138458175663988738,true,
2072165175369613612,1782877651432,zappy-winter-thicketbird,2072136176367235354,805532293951606785,true,
2072165200464113895,1782877657415,neighborly-rhubarb-chickadee,2072125085847081304,1487649061717123076,true,
2072165215777529922,1782877661066,cordial-orchard-seedeater,2071994600298787167,825987268376719361,false,
2072165250439246251,1782877669330,gregarious-star-shearwater,2072141709312426096,1135361633717489664,true,
2072165290264183200,1782877678825,knowledgeable-beach-falcon,2071126450661622187,1147323428392902657,false,
2072165575158067648,1782877746749,celebrated-ocean-seagull,2072066989997068454,1990335107430068224,true,
2072165983972675800,1782877844218,cheery-nutmeg-towhee,2072096708532621546,1132099522405044225,true,
2072166047105310792,1782878078234,cosmic-root-grackle,2071703336248648116,1170071269062168576,true,
2072166074959769662,1782877865912,great-mountain-brushturkey,2072094008575430859,52645466,true,
2072166136980873275,1782877880698,zappy-winter-thicketbird,,,,
2072166163652419587,1782877887057,neighborly-rhubarb-chickadee,2071897634055356441,1391715496005824513,true,
2072166187669258454,1782877892783,tectonic-coral-murrelet,2072003751624282221,1055312053475463168,true,
2072166232539779130,1782877903481,diligent-brook-thrasher,2071630475110560176,1000201422842015745,true,
2072166255231168928,1782877908892,jolly-wind-kingbird,2072085498580144450,1593784707333824513,true,
2072166532038164542,1782877974887,celebrated-ocean-seagull,2072066441268859004,1669483990602973185,true,
2072166609846985087,1782877993438,fancy-park-drongo,2072039593508049169,1452160567762989057,true,
2072167043919421487,1782878096930,cheery-nutmeg-towhee,,,,
2072167089062768920,1782878107692,cheery-nutmeg-towhee,2072070098228052076,2066585814973157376,true,
2072167097304592785,1782878109658,great-mountain-brushturkey,2072042269138411934,1516439431166808067,true,
2072167109568692467,1782878112581,zappy-winter-thicketbird,2072156488123224334,476199422,true,
2072167316691824810,1782878161964,diligent-brook-thrasher,2072141141412045013,1065265726536073216,true,
2072167413496381843,1782878185044,celebrated-ocean-seagull,2072158747565129901,2027429188400254976,true,
2072167611987620273,1782878232367,cheery-nutmeg-towhee,2072120501217185913,1472879950931927040,true,
2072167772256129170,1782878270578,zappy-winter-thicketbird,2071823429754605701,3029501171,true,
2072167857463370135,1782878290893,neighborly-rhubarb-chickadee,,,,
2072167860902748599,1782878291713,sunny-seawater-mousebird,2071197399209427185,1876735593146671104,true,
2072168015437721618,1782878328557,neighborly-rhubarb-chickadee,2071995117930463510,2031417223500410883,true,
2072168057951109591,1782878338694,tranquil-glacier-whistler,2072053775536181400,1082790600292925440,true,
2072168412613120036,1782878423251,celebrated-ocean-seagull,2072077997000282140,1926520215237500928,true,
2072168545702822044,1782878613345,cosmic-root-grackle,2071980029974593844,,false,
2072168675721834656,1782878485981,diligent-brook-thrasher,2072151322061603307,920112428960157696,true,
2072168847684112733,1782878526981,zesty-honeydew-murrelet,2072106952675471865,2039408675505291264,true,
2072168923038969998,1782878544947,cheery-nutmeg-towhee,,,,
2072169002328048053,1782878563851,kind-peppermint-seabird,2070374773624905981,1846738043689902082,false,
2072169039770624485,1782878572778,zappy-winter-thicketbird,2072056327980126529,2538322138,true,
2072169142203957432,1782878597199,neighborly-rhubarb-chickadee,,,,
2072169195018592611,1782878609791,diligent-brook-thrasher,2072052553194606791,2327098700,true,
2072169209061065049,1782878613140,celebrated-ocean-seagull,2072160936870162717,1728978474881126400,true,
2072169222151532940,1782878616260,neighborly-rhubarb-chickadee,2072040750598984102,1245665630969384962,true,
2072169226542981503,1782878617307,diligent-brook-thrasher,2071993930904916197,1288841746898534401,true,
2072169433129160791,1782878666562,great-mountain-brushturkey,,,,
2072169477546889228,1782878677152,assuring-woodland-mallard,2071917953444986951,1603105828227121152,true,
2072169792270655937,1782878752188,zappy-winter-thicketbird,,,,
2072169889524007045,1782878775374,neighborly-rhubarb-chickadee,,,,
2072170245947580773,1782878860352,marvelous-jacaranda-flameback,2072119014516478078,1608459779239706627,false,
2072170300247097561,1782879383372,cosmic-root-grackle,2071811789830979833,1316995857242378240,true,false
2072170377019539850,1782878891602,diligent-brook-thrasher,,,,
2072170576982987111,1782878939277,diligent-brook-thrasher,,,,
2072170579214446830,1782878939809,zappy-winter-thicketbird,,,,
2072170694029316154,1782878967183,neighborly-rhubarb-chickadee,2072146139390873824,2153468676,true,
2072170697615462767,1782878968039,diligent-brook-thrasher,2071941898676105234,,true,
2072170764665582037,1782878984024,cheery-nutmeg-towhee,2071944548205592609,90895888,true,
2072170774593523923,1782878986391,great-mountain-brushturkey,2072051230201786554,93922911,true,
2072171039581524178,1782879049569,considerate-garden-emu,2072157451978195396,,true,
2072171061731578310,1782879054850,talented-orchard-puffin,2071814687751053578,1183140123497652224,false,
2072171075744481522,1782879058192,zappy-winter-thicketbird,2072093315214856271,1153391224147054593,true,true
2072171261057216887,1782879102373,neighborly-rhubarb-chickadee,,,,
2072171683134542044,1782879203005,musical-trail-puffin,2071822682275127447,1808120200296124418,true,
2072171709487079607,1782879209288,futuristic-acorn-brushturkey,2072034391698682090,1329441276127744001,true,
2072171745289945413,1782879217823,determined-citrus-mallard,2072134614928224408,365603329,false,
2072171878886580337,1782879249675,great-mountain-brushturkey,2072153196089495807,1551438055718146053,true,
2072172025913696377,1782879284730,diligent-brook-thrasher,2072037591298293817,76766018,true,
2072172043504632165,1782879288923,lionhearted-blueberry-antwren,2072100158460891291,1787941973564837888,true,
2072172158051045529,1782879316233,wholesome-wildflower-conebill,2072032715419836903,1546972236170543110,true,
2072172290603622706,1782879347836,celebrated-ocean-seagull,2072042845704249806,,true,
2072172479968117179,1782879392985,celebrated-ocean-seagull,2072151370728128827,1488607340785926144,true,true
2072172725280354623,1782879451471,famous-guava-finch,2071385463336661266,1444820475071320078,false,
2072172805571907857,1782879470614,neighborly-rhubarb-chickadee,2072160629125759041,,true,
2072173130299162806,1782879548035,neighborly-rhubarb-chickadee,2071814687650361374,95014181,true,
2072173248041591190,1782879576107,diligent-brook-thrasher,,,,
2072173387766521872,1782879609420,miraculous-cliff-puffbird,2072022475055972472,85362553,true,
2072173396494782730,1782879611501,cheery-nutmeg-towhee,2072030396640800872,2068029970476044288,true,
2072173420448494063,1782879617212,great-mountain-brushturkey,2071909459866288171,1303903366125297666,true,
2072173444473536665,1782879622941,zappy-winter-thicketbird,2072041840316985709,1629526313508696064,true,
2072173476140507329,1782879630491,diligent-brook-thrasher,2072158753181614268,1261335549215989760,true,
2072173481685385668,1782879631812,cheery-nutmeg-towhee,2072168316018331838,1276825208679043075,true,
2072173597209079998,1782879659355,hypnotic-root-kingbird,2072152565303632324,1300953464919392256,true,
2072173620445491268,1782879664896,neighborly-rhubarb-chickadee,2072021403935592610,1516232567556657156,true,
2072173634232201718,1782879668182,zappy-winter-thicketbird,2072020876078301556,1722014154322575360,true,
2072173646903185585,1782879671204,exquisite-peppermint-anhinga,2072094950351614142,1281356403194699776,false,
2072173834787000376,1782879715998,celebrated-ocean-seagull,2071959183734575602,1872222536932716545,true,
2072174009714913787,1782879757704,quirky-snow-conebill,2071874318607454499,1371643859181080584,true,
2072174036243636374,1782879764029,great-mountain-brushturkey,2072043049744503086,1334145697348771840,true,
2072174107412648163,1782879780997,neighborly-rhubarb-chickadee,2072030302181175691,15986949,true,
2072174115029438756,1782879782814,zappy-winter-thicketbird,2072127430098358367,245884632,true,
2072174124370206961,1782879785041,diligent-brook-thrasher,2072168129220747278,1765041594497998849,true,
2072174267052044589,1782879819059,interesting-foothill-bushlark,2071999050593812713,2409683900,true,
2072174277734928604,1782879821605,cheery-nutmeg-towhee,2072023018709332229,895424037727346688,true,
2072174461927801226,1782879865520,quiet-mesa-leaflove,2072062421515002155,1945632283261583360,true,
2072174562884894832,1782879889591,shrewd-blueberry-guillemot,2071519748865561015,2011859822950727681,true,
2072174588201418823,1782879895626,zappy-winter-thicketbird,2072147939896512682,,true,
2072174619285426232,1782879903037,neighborly-rhubarb-chickadee,,,,
2072174797887242577,1782879945619,philosophical-pine-grebe,2072046867043570051,1956006292449058825,true,
2072174990301257876,1782879991494,knowledgeable-elm-penguin,2071778054494720303,1667460882438459392,true,
2072175031212224613,1782880001248,zappy-winter-thicketbird,2072019293823230256,1395394747561398276,true,
2072175114934788509,1782880021209,great-mountain-brushturkey,2072109499671105939,,true,
2072175297995149564,1782880064855,diligent-brook-thrasher,,,,
2072175300000002119,1782880065332,zappy-winter-thicketbird,,,,
2072175318421352744,1782880069724,wholesome-raspberry-stilt,2072166550598045700,1182500617563979776,true,
2072175327690862796,1782880071934,wholesome-raspberry-stilt,2072047521367498912,1160647996830359554,true,
2072175334363943193,1782880073526,wholesome-raspberry-stilt,2072100368465469469,1855390087472893952,true,
2072175341288980970,1782880226646,cosmic-root-grackle,2071649558560457083,1395859200006311939,true,
2072175342236905754,1782880193366,cosmic-root-grackle,1936230494276051107,1548811509840728065,false,
2072175638060883977,1782880145932,diligent-brook-thrasher,2072167607319298078,1945990502345486341,true,true
2072175770529611789,1782880177516,early-cantaloupe-heron,2072034391698682090,1329441276127744001,true,true
2072175793904497061,1782880183089,celebrated-ocean-seagull,2072059345479569610,1279322191407058945,true,
2072175993381388331,1782880230648,great-mountain-brushturkey,2071996873989144678,14050583,true,
2072176041192526132,1782880242046,trusty-autumn-seagull,2072037453981229190,1336308696444526592,true,
2072176064810352700,1782880247677,zappy-winter-thicketbird,2072010076676583510,1967668326,true,
2072176095428776040,1782880420973,cosmic-root-grackle,2067564309874684271,49616273,false,
2072176110117453858,1782880258479,logical-sunflower-ibis,2072022740727402597,48015025,true,
2072176135769633186,1782880264596,celebrated-mountain-spurfowl,2072042742436565049,2835607321,true,
2072176178270523646,1782880274728,astounding-cypress-lapwing,2072034391698682090,1329441276127744001,false,false
2072176316732891291,1782880307740,cheery-nutmeg-towhee,2072044393586934142,452540168,true,
2072176444617187385,1782880338230,empathetic-evergreen-citril,2071980050589614338,17995040,true,
2072176462413586797,1782880342473,diligent-brook-thrasher,2072040851723735391,890643991720599552,true,
2072176575831822432,1782880568532,cosmic-root-grackle,2071980029974593844,,false,
2072176602172289273,1782880832872,cosmic-root-grackle,2071995997182701716,2018827585971433473,true,
2072176667263468007,1782880391313,celebrated-ocean-seagull,2072105043390812262,,true,
2072176699752558945,1782880399060,great-mountain-brushturkey,2072011726443159980,1997191130866454528,true,
2072176706660483168,1782880400706,diligent-brook-thrasher,2072011726443159980,1997191130866454528,true,
2072176788357140897,1782880420184,incomparable-conifer-bushbird,2072096708532621546,1132099522405044225,false,
2072176926962131177,1782880453230,cheery-nutmeg-towhee,2072024361645564008,2050677256519888896,true,
2072176930074345513,1782880453973,neighborly-rhubarb-chickadee,2072164347254911031,1328528647884398592,true,
2072177079756468618,1782880489660,enthralling-honeydew-nightingale,2072153932655452332,1706234442,true,
2072177140007641352,1782880504024,great-mountain-brushturkey,2072146989181993058,1645386177271197698,true,
2072177991543566843,1782880707046,zappy-winter-thicketbird,2072145491874488414,33459123,true,true
2072178036741431445,1782880717822,diligent-brook-thrasher,2072121474928796127,953378142198161409,true,
2072178048904970340,1782880720722,great-mountain-brushturkey,2072156313300467955,1938767349257060352,true,
2072178093876298133,1782880731445,celebrated-ocean-seagull,2071992800447713445,2047989563537211392,true,
2072178117389832585,1782880737050,enjoyable-apricot-warbler,2070005669529546878,762919054688387072,true,
2072178352144728508,1782880793020,neighborly-rhubarb-chickadee,,,,
2072178374689067181,1782880798396,great-mountain-brushturkey,2071903774143344971,190658399,true,
2072178383694213131,1782880800542,pleasant-sky-curassow,2072032755131511108,1546972236170543110,false,
2072178464413650995,1782880819788,diligent-brook-thrasher,2072169072465190942,1991543932145303552,true,true
2072178520999051463,1782880833278,endearing-park-kookaburra,2072046579326877981,1128337957289697281,true,
2072178652448505889,1782880864618,great-mountain-brushturkey,2072073297714352435,374594501,true,
2072178670542913901,1782880868933,amiable-park-mallard,2072034770469745069,1916626548326891520,true,
2072178746224792060,1782881046728,cosmic-root-grackle,2072065684646117643,1084494018266976256,true,
2072178931755626748,1782880931210,merry-kiwi-chicken,2071751647970447492,1978511736463622146,true,
2072178941826072892,1782880933612,zappy-winter-thicketbird,2072166806002033150,1458404564126900227,true,
2072178969022189899,1782880940095,amazing-earth-chicken,2072156970719891797,1199027328648527873,true,
2072179035862397308,1782880956031,diligent-brook-thrasher,2071917272415776968,1923777359510949889,true,
2072179197859283064,1782880994654,worthy-coconut-canary,2072018611628122334,43963249,false,
2072179281636028758,1782881014629,endearing-samba-peacock,2071981959752937861,1234960476171358211,true,
2072179323658760701,1782881024647,celebrated-ocean-seagull,,,,
2072179411701371366,1782881045638,cheery-nutmeg-towhee,,,,
2072179418093568337,1782881047163,cheery-nutmeg-towhee,2072169814492058052,36749572,true,
2072179524125766115,1782881072442,brave-pond-swan,2071965912467677424,,true,
2072179663019835778,1782881105558,great-mountain-brushturkey,2071972936198590699,1609193678093930501,true,
2072179916158689468,1782881165911,zappy-winter-thicketbird,2072093761958793717,1462778861507301386,true,
2072180141598355457,1782881219660,diligent-brook-thrasher,2072150475420434552,1932615766114734080,true,
2072180161760448723,1782881224467,wholesome-mesa-falcon,2072120190557462764,1261335549215989760,false,
2072180187953811613,1782881230711,celebrated-ocean-seagull,,,,
2072180299396510125,1782881257282,cheery-nutmeg-towhee,2071845250402832615,1773041163374624768,true,
2072180362545955033,1782881272338,diligent-brook-thrasher,2072022135023821191,204089551,true,
2072180433463235068,1782881289245,celebrated-ocean-seagull,2072009624589406505,,true,
2072180520125968672,1782881309907,zappy-winter-thicketbird,2072148436040974510,88846085,true,
2072180535758147898,1782881313634,kind-holly-seabird,2072046176698818764,1434381977457725441,false,
2072180714229969291,1782881356185,great-mountain-brushturkey,,,,
2072181011119583380,1782881426969,witty-dune-crimsonwing,2072047680092823901,1672869871304974336,true,
2072181429048377724,1782881526611,astonishing-canyon-warbler,2072034391698682090,1329441276127744001,true,
2072181447952130189,1782881531119,neighborly-rhubarb-chickadee,2072008908101607507,323823795,true,
2072181611802583248,1782881570184,diligent-brook-thrasher,2071999697091281221,2160790669,true,
2072181756430897429,1782881604665,jazzy-twig-bluebird,2072022740727402597,48015025,true,
2072181766853644471,1782881607150,outstanding-leaf-hawk,2072075340021948651,1006723260384309249,false,
2072181859182682159,1782881629163,celebrated-ocean-seagull,2072002159290310811,1226864057518632961,true,
2072182051411726434,1782881674994,diligent-brook-thrasher,2072171301947560306,1214914047260409856,true,
2072182076682473944,1782881681019,cheery-nutmeg-towhee,2072164542184931442,1985346009745260544,true,
2072182181804294565,1782881706083,great-mountain-brushturkey,2072179604731592997,1265428695939981318,true,
2072182209545482285,1782881712696,neighborly-rhubarb-chickadee,2071833950364864796,2064328020396019712,true,
2072182233897574773,1782881718502,diligent-brook-thrasher,2072042167619539333,,true,
2072182316059725952,1782881738092,flying-daylight-woodpecker,2071763817479151895,,true,
2072182475724386707,1782881776158,festive-spring-sandgrouse,1938622199721804092,292929271,false,
2072182677952946424,1782881824374,perceptive-papaya-crane,2072165789894066353,357345065,true,
2072182762530844823,1782881844539,exquisite-peppermint-anhinga,2071994120147534258,15212187,false,
2072182900854759748,1782882313343,cosmic-root-grackle,2056764603086819777,2714847813,true,
2072183228358709638,1782881955600,celebrated-ocean-seagull,2072133838885580912,1985346009745260544,true,
2072183310835487117,1782881975264,great-mountain-brushturkey,2072176021156094253,1447679519767339012,true,
2072183401801785699,1782881996952,diplomatic-rainforest-spoonbill,2072174022474060253,2064672468950745088,true,
2072183736536375609,1782882076759,zappy-winter-thicketbird,2071980592330088759,2042309784053927937,true,
2072183997468180824,1782882138970,neighborly-rhubarb-chickadee,,,,
2072184010009166295,1782882141961,diligent-brook-thrasher,,,,
2072184036194206137,1782882148204,flexible-pineapple-seedeater,2072001455599550954,3240462943,true,
2072184078640595242,1782882158323,cheery-nutmeg-towhee,2072170637561315626,2960776425,true,
2072184136316448979,1782882172074,great-mountain-brushturkey,2072086932772045239,2068801769296314368,true,
2072184196798238834,1782882186495,great-mountain-brushturkey,,,,
2072184230344359963,1782882194493,zappy-winter-thicketbird,2072169243999670381,1357544605999366145,true,
2072184385193857054,1782882231411,neighborly-rhubarb-chickadee,,,,
2072184477254811772,1782882384490,cosmic-root-grackle,2072111363992740090,,false,
2072184689821925853,1782882304040,attentive-lychee-goshawk,2072007220682715476,1246754169601642496,true,
2072184954440544674,1782882367130,zappy-winter-thicketbird,2072157208973062523,952540201,true,
2072185287745356272,1782882446596,energizing-fig-pigeon,2071965912467677424,,false,false
2072185653601746962,1782882533824,enterprising-pineapple-rooster,2071931952806957320,1517263938500677632,false,
2072185914571563265,1782882596044,admirable-woodland-triller,2072177331729269001,,true,
2072186594333794494,1782882758111,early-star-pheasant,2071963881774137392,612473,true,
2072186665121063422,1782882774989,diligent-brook-thrasher,2072092383395922082,1770174187317112832,true,
2072186678329200797,1782882893704,cosmic-root-grackle,2071951919967547759,818893114979061761,true,
2072186721517642007,1782882788434,beloved-oak-bullfinch,2071926333513379939,1500129642,true,
2072186925125960087,1782882836979,rational-seedling-ostrich,2072092418795524205,722528529716383744,true,
2072187010534514930,1782882857342,rational-seedling-ostrich,2072088514468925761,722528529716383744,true,
2072187077102358775,1782882873212,cosmic-cedar-bushlark,2071888851098812592,491255447,true,
2072187359110525089,1782882940448,celebrated-ocean-seagull,,,,
2072187531131543644,1782882981461,cheery-nutmeg-towhee,2072017795785634034,55554468,true,
2072187587742077139,1782882994958,great-mountain-brushturkey,2072163916688572784,285428413,true,
2072187626006761764,1782883004081,neighborly-rhubarb-chickadee,,,,
2072187660031115400,1782883012194,dedicated-summer-hawk,2071770440067162215,,true,
2072187821205377532,1782883050620,zappy-winter-thicketbird,2072013574873219346,1229600073295618048,true,
2072187900171899240,1782883069448,prudent-walnut-firetail,2072076069897691285,1528943647185678336,true,
2072187920019005569,1782883074179,neighborly-rhubarb-chickadee,2072070227286777936,1201055889073082368,true,
2072187933935968489,1782883165080,cosmic-root-grackle,2071673460779041155,44196397,false,
2072188090953744589,1782883114933,diligent-brook-thrasher,2071938575667507264,,true,
2072188146318508460,1782883128133,celebrated-ocean-seagull,2072150675014767038,1436089148667043842,true,
2072188147283230767,1782883128363,sturdy-island-treerunner,2071976288383094935,25694156,true,
2072188199359680539,1782883140779,cheery-nutmeg-towhee,2072175242680955250,1919992165146447872,true,
2072188201821782451,1782883141366,diligent-brook-thrasher,2072175242680955250,1919992165146447872,true,
2072188251520094564,1782883153215,charismatic-mist-parrot,2071793993038651831,11347122,true,
2072188290724204758,1782883162562,great-mountain-brushturkey,2071793725140005012,1202624945160740865,true,
2072188339898187801,1782883174286,zappy-winter-thicketbird,2072061127626834064,,true,
2072188577358733604,1782883230902,neighborly-rhubarb-chickadee,2071911790439547148,1597392001212768257,true,
2072188631544913966,1782883243820,celebrated-ocean-seagull,2072180934778990790,1926520215237500928,true,
2072188634015437206,1782883244410,neighborly-rhubarb-chickadee,2072099907989651947,1649057659101011974,true,
2072188711140315533,1782883262797,great-mountain-brushturkey,2072168239128580325,1266203575488843778,true,
2072188715049361593,1782883263730,zappy-winter-thicketbird,2072181804220756380,738040274673229824,true,
2072188726998880587,1782883266578,cheery-nutmeg-towhee,2071996623673024684,43600825,true,
2072188736213807127,1782883268775,great-mountain-brushturkey,2072141388758516019,1760662487299473408,true,
2072188768346391015,1782883276437,diligent-brook-thrasher,2072054364085075986,2020564983717699586,true,
2072188867101458699,1782883299981,elegant-petal-recurvebill,2072130534176919739,91735172,true,
2072188887364247734,1782883417563,cosmic-root-grackle,2072158584625098852,1997779640358670336,true,
2072188896935350530,1782883307095,great-mountain-brushturkey,2071953374854197385,2025085571354558467,true,
2072189447441993865,1782883438346,diligent-brook-thrasher,2072182069707546964,,true,
2072189509278789786,1782883453088,frank-watermelon-cardinal,2072171771084595402,1194889317388374016,true,
2072189575418773621,1782883468857,animated-coconut-egret,2072020327048327664,314479335,true,
2072189599812636869,1782883474673,great-mountain-brushturkey,2072172394194571647,1979184921580376064,true,
2072189614207476045,1782883478106,celebrated-ocean-seagull,2072026276475588769,1705084538655821824,true,
2072189636575699129,1782883483438,stalwart-seawater-brushturkey,2072131787694760343,7302282,true,
2072189660839702775,1782883489224,cheery-nutmeg-towhee,2072172951022035008,,true,
2072189662752293104,1782883489679,great-mountain-brushturkey,2072172951022035008,,true,
2072189964696117365,1782883561668,cheery-nutmeg-towhee,2071955220587000162,1225234593789423616,true,
2072190236298510712,1782883626424,frank-watermelon-cardinal,2072164626746212378,1457558434044203013,true,
2072190649319796947,1782884206437,cosmic-root-grackle,2071756655155433581,1879644163769335808,true,
2072190829569946108,1782883767870,bookish-rhubarb-mallard,2072033674011279475,1546972236170543110,true,
2072190910301950292,1782883787118,great-mountain-brushturkey,2072102241238974608,2291443832,true,
2072190938210844879,1782883793772,zappy-winter-thicketbird,2072107870942822729,2063393426125520896,true,
2072191096172470652,1782883831433,cheery-nutmeg-towhee,2072178281634504901,1592975103645581315,true,
2072191285050360268,1782883876465,bookish-rhubarb-mallard,2072032755131511108,1546972236170543110,true,
2072191311554236705,1782883882784,great-mountain-brushturkey,2072172355455971464,,true,
2072191351400133095,1782883892285,great-mountain-brushturkey,2072173272486064217,1909166792825573377,true,
2072191713892798819,1782884092806,cosmic-root-grackle,2046214554007564352,177584156,true,
2072192631996858599,1782884197602,amicable-hillside-redstart,2071742054808592629,1620332350621253633,true,
2072192745045676385,1782884224555,flying-pine-thicketbird,2072062090756469136,910990938813681664,true,
2072192903577768130,1782884262352,neighborly-rhubarb-chickadee,2072143045298991468,,true,
2072193160118177963,1782884323517,celebrated-ocean-seagull,2072047589810130991,1180533698,true,
2072193370944836022,1782884373781,clever-mist-robin,2072057619397636105,133663801,true,
2072193402918072661,1782884381404,bubbly-summer-goose,2071992595400552454,38170599,true,
2072193404532936856,1782884381789,sunny-banana-whistler,2071960854744932853,755886040049647616,true,
2072193579204628561,1782884423434,enthusiastic-snow-lorikeet,2072007340245594201,17101207,true,
2072193646661701684,1782884439517,hypnotic-kiwi-seabird,1849006535625539986,1403214757,true,
2072193665141801117,1782884443923,studious-peach-canary,2072070295922352452,928975937273847809,true,
2072193695437275441,1782884451147,cheery-nutmeg-towhee,,,,
2072193768371933228,1782884468536,efficient-fjord-raven,2072025491901399171,,true,
2072194511921438938,1782884645811,great-mountain-brushturkey,2072152264962404702,1983060304826429440,true,
2072194538211574088,1782884652080,revered-redwood-partridge,2071850873764889045,2510374854,true,
2072194577088549336,1782884661349,exceptional-jackfruit-quetzal,2072144704850805233,1366484766271365198,false,
2072194703634903104,1782884691519,motivated-spruce-blackbird,2071649402528395545,1109163883082637312,true,
2072194859968888918,1782884728792,zappy-winter-thicketbird,2071955824457769203,,true,
2072195136067408173,1782884794619,neighborly-rhubarb-chickadee,2071896300098883827,1322835942596616192,true,
2072195168586154090,1782884802372,assuring-isle-waxbill,2071831858405626310,145599783,true,
2072195404020543784,1782884858504,thrilled-mist-skimmer,2072099337321042060,1834279909381865472,false,
2072195433791930426,1782884865602,focused-evergreen-whistler,2071754186774003955,1639406575696723970,true,
2072195467929428108,1782884873741,fabulous-petal-magpie,2059102468487930358,946427346763988992,true,
2072195796552892897,1782884952092,diligent-brook-thrasher,2072146035657367849,1396816952392396801,true,
2072196268181356768,1782885064536,flourishing-bonsai-finch,2072182053320135142,,true,true
2072196275114578224,1782885066189,celebrated-ocean-seagull,2072190545301291087,1336617462138241024,true,
2072196331062317086,1782885079529,great-mountain-brushturkey,2072160347231064294,,true,
2072196624030535722,1782885149377,splendid-lagoon-crake,2042207997209047455,2038972777022255104,true,
2072196872551457170,1782885208629,wholesome-raspberry-stilt,2071915857102451080,1698077184122855424,true,
2072196883381211470,1782885211211,wholesome-raspberry-stilt,2071955824457769203,,true,
2072196920802509005,1782885220134,cheery-nutmeg-towhee,2071961751638212717,1337857284106489857,true,
2072197430838480930,1782885341736,incomparable-rhubarb-pratincole,2071956245565882609,1828796085508456448,true,
2072197519732326867,1782885362930,studious-peach-canary,2071995286554120403,138263748,true,
2072197694399926652,1782885404573,zappy-winter-thicketbird,2072033759625396345,2037264278168760320,true,
2072197789488968004,1782885427245,neighborly-rhubarb-chickadee,2072039751494811908,1346279764378718208,true,
2072197965331251238,1782885469168,contemplative-lowland-hawk,2071967538359976191,1377491965927899137,true,
2072198031093698879,1782885484847,invigorated-branch-oriole,2072110197167038688,57870730,true,
2072198045832204618,1782885488362,festive-cedar-shorebird,2072086802911858750,,true,
2072198281854136388,1782885747610,cosmic-root-grackle,2072065684646117643,1084494018266976256,false,
2072198364234404331,1782885564275,diligent-brook-thrasher,2072004031266890158,780460754910732288,true,
2072198523618054471,1782885602274,celebrated-ocean-seagull,2072135792651059340,1956100243503898628,true,
2072198689104245120,1782885641730,cheery-nutmeg-towhee,2072182936523190640,1265428695939981318,true,
2072199348423970880,1782885798923,hypersonic-hazelnut-auklet,2071930478605795645,287640282,true,false
2072199414144274689,1782885814593,great-mountain-brushturkey,2072171815925932355,350597119,true,
2072199450131333503,1782885823172,informative-marble-crake,2072132779660161178,1672774624185143299,true,
2072199479415963922,1782885830154,neighborly-rhubarb-chickadee,2072183356872069463,1522481726546755585,true,
2072199726867357877,1782885889151,diligent-brook-thrasher,2071993528884895830,3075199947,true,
2072199916990992655,1782885934481,zappy-winter-thicketbird,2072169558337605803,1155577456633569282,true,
2072200286488125831,1782886022575,independent-orchard-catbird,2071829438485156053,3163539102,true,
2072200496031715766,1782886072534,active-samba-puffbird,2071509223049945144,1366565625401909249,true,
2072200561307324808,1782886088098,approachable-lake-grosbeak,2071960977109643640,2194423693,true,
2072200771127345161,1782886138123,logical-raspberry-puffleg,2072110567393742926,194255667,true,
2072200802987377016,1782886145718,noteworthy-lumber-albatross,2072066778310570434,1492134036264955904,true,
2072201267154223487,1782886256384,witty-nutmeg-peafowl,,,,
2072201295495119033,1782886263141,gracious-moss-kingfisher,2071880948090630183,16031039,true,
2072201319754944912,1782886268925,celebrated-ocean-seagull,2072195541598150808,1828796085508456448,true,
2072201350595629417,1782886276278,great-mountain-brushturkey,2072169670678122984,1337201801582407680,true,
2072201403259605170,1782886288834,cheery-pear-nighthawk,2072114688620662835,72739016,true,
2072201711796535736,1782886362395,zappy-winter-thicketbird,2072182167803732346,,true,
2072201838540075483,1782886392613,cheery-nutmeg-towhee,,,,
2072202242124386689,1782886488836,neighborly-rhubarb-chickadee,2072045223958499597,963464875065466880,true,
2072202257660100930,1782886492539,zappy-winter-thicketbird,,,,
2072202353181364428,1782886515313,flying-garden-flameback,2071932559009980433,1153082774166761472,true,
2072202499042296184,1782886550089,valiant-lime-bulbul,2071652717651460284,650113,true,
2072202715770368496,1782886601762,celebrated-ocean-seagull,2072117524053856257,1361748995652149249,true,
2072202739501916221,1782886607419,dauntless-garden-gull,2071915856343511081,824578420860342272,true,
2072202810796417289,1782886624418,diligent-brook-thrasher,2072065946437443690,181322613,true,
2072202834993717647,1782886630186,skilled-watermelon-bluebird,2071930478605795645,287640282,false,
2072202882699653429,1782886641561,steady-marmalade-dove,2072186768179560821,1422198981535272974,true,
2072202984604438829,1782886665856,diplomatic-rainforest-spoonbill,2072176533524173070,1857065690093469696,true,
2072203093412897170,1782886691798,nimble-sun-thrush,2072054532125999287,1955754790845341701,true,
2072203158198403298,1782886707244,radiant-passionfruit-meadowlark,2071701273380814960,1120308836,false,
2072203225151819815,1782886855776,cosmic-root-grackle,2072117322727174416,750683331260321792,false,
2072203551107928423,1782886800921,cheery-nutmeg-towhee,2072145287527952521,739070891909255168,true,
2072203749540647122,1782886957196,cosmic-root-grackle,2072080451439661095,750683331260321792,false,
2072203827520872643,1782886866824,great-mountain-brushturkey,2072004744693064160,942559233706356736,true,true
2072204181742510503,1782886951276,hearty-vine-ibis,2070444720593998031,801203059359678464,true,
2072204189980336182,1782886953240,proactive-blueberry-puffin,2072094838078468454,1511403302,false,
2072204345068880166,1782887419449,cosmic-root-grackle,2072018720482832868,750683331260321792,false,
2072204373610864967,1782886997021,zappy-winter-thicketbird,2071951747808178419,1420638586001518600,true,
2072204444763070549,1782887013986,trusting-creek-flowerpecker,2072052264903287034,2319507697,true,
2072204462412668955,1782887018194,enlightened-harvest-jay,2071984763670241326,1356786368656138241,true,
2072204702096175576,1782887075338,diligent-brook-thrasher,2072181144917770550,,true,
2072204797869232138,1782887098172,dauntless-garden-gull,2071546265574556118,1901063340664979456,true,
2072204842295046536,1782887108765,neighborly-rhubarb-chickadee,2072108051012673574,,true,
2072204854781509847,1782887111742,natural-mangrove-crow,2071983187983528109,,true,
2072205102782276019,1782887170869,celebrated-ocean-seagull,,,,
2072205337143214102,1782887226746,astounding-reef-turkey,2071922830946496791,1850589024416886784,true,
2072205906486468750,1782887441895,cosmic-root-grackle,2071906681597124845,495752047,true,
2072206070853054719,1782887510296,cosmic-root-grackle,2071921250017128937,1092883822473924608,true,
2072206100573860038,1782887542208,cosmic-root-grackle,2072012705062428866,750683331260321792,false,
2072206125475271059,1782887414698,bubbly-fjord-grouse,2070862077975990401,1280917016,true,
2072206473237516481,1782887497612,cheery-nutmeg-towhee,2072195692026814888,,true,
2072206569488417137,1782887520559,great-mountain-brushturkey,2072172419046150543,1525305912155459584,true,
2072206677919564274,1782887546411,empathetic-ice-raven,2072146989181993058,1645386177271197698,true,
2072206696055742473,1782888041864,cosmic-root-grackle,2071711958991040814,750683331260321792,false,
2072206880680882666,1782887692954,cosmic-root-grackle,2071875491334873123,19897138,true,
2072206919662440870,1782887604047,cheery-nutmeg-towhee,2072048508186853803,727786862509756416,true,true
2072206953493753916,1782887612114,zappy-winter-thicketbird,2072167423873036690,,true,
2072207003749863813,1782887624095,diligent-brook-thrasher,2072191091722588282,1831695111954296833,true,
2072207130967372257,1782887654426,neighborly-rhubarb-chickadee,,,,
2072207260038615173,1782887685200,celebrated-ocean-seagull,2072009772694483130,1655602454283550720,true,
2072207316376584399,1782887792888,cosmic-root-grackle,2071856645609771136,21841184,true,
2072207367425466724,1782887710802,great-mountain-brushturkey,2071947679379132613,1993897898640330755,true,
2072207373318365228,1782887712208,zappy-winter-thicketbird,2072164760464867791,,true,
2072207493833367645,1782887928452,cosmic-root-grackle,2071703336248648116,1170071269062168576,true,
2072207561378365630,1782887878444,cosmic-root-grackle,2071923664531173473,1391476267296256000,true,
2072207716907426168,1782887794125,intellectual-rain-eagle,2072095269957841054,397784697,false,
2072207718744543464,1782887794564,celebrated-ocean-seagull,2072078104269402233,1176654983225364482,true,
2072207721466593787,1782887795213,neighborly-rhubarb-chickadee,2072078104269402233,1176654983225364482,true,true
2072207775715692572,1782887808146,diligent-brook-thrasher,2072066778310570434,1492134036264955904,true,
2072208019174400021,1782887866191,strong-petal-toucan,2071905152970465337,1046331220261580800,true,
2072208472737743235,1782887974330,patient-mountain-cuckoo,2072200151293190624,1550574459500855296,true,
2072208647019717000,1782888138804,cosmic-root-grackle,2071936662532509738,750759915774291969,true,
2072208680779395113,1782888023930,zappy-winter-thicketbird,2071906681597124845,495752047,true,
2072208757841392037,1782888042304,cheery-nutmeg-towhee,2071921250017128937,1092883822473924608,true,false
2072208782361538573,1782888048149,futuristic-hill-kingbird,2072013026694423032,1639352455841341449,true,
2072208852108411002,1782888064779,great-mountain-brushturkey,2071888382624690179,34206701,true,
2072208860765397356,1782888066843,neighborly-rhubarb-chickadee,2072181983870853370,1347932323782815754,true,true
2072209019654074691,1782888104725,celebrated-ocean-seagull,2072078779258950031,1990335107430068224,true,
2072209076419690569,1782888118258,neighborly-rhubarb-chickadee,,,,
2072209090646880295,1782888121651,cheery-nutmeg-towhee,2072032425975161081,769214965,true,
2072209406175949274,1782888196878,zappy-winter-thicketbird,2072131833744220553,,true,
2072209471435071547,1782888212437,consistent-mist-catbird,2071970621366419640,577231948,true,
2072209725182161386,1782888272935,great-mountain-brushturkey,,,,
2072209735336739215,1782888275356,helpful-valley-shearwater,2072167423873036690,,true,
2072209836230561842,1782888299412,neighborly-rhubarb-chickadee,2072076588036800650,,true,
2072209882774745117,1782888310508,consistent-mist-catbird,2072025845196087523,577231948,true,
2072209899384172784,1782888314469,diligent-brook-thrasher,2071923664531173473,1391476267296256000,true,
2072210235385675857,1782888394577,diligent-brook-thrasher,2072204530184266169,3247652319,true,
2072210674072121855,1782888499168,celebrated-ocean-seagull,2072195182041165826,2019517443534659585,true,
2072210781559558485,1782888524795,cheery-nutmeg-towhee,2071910540692037663,1694437729075965952,true,
2072210932315623482,1782888560738,energetic-cloud-albatross,2072078104269402233,1176654983225364482,true,true
2072211354543432098,1782888661406,zappy-winter-thicketbird,2071936662532509738,750759915774291969,true,false
2072211376337006956,1782888666601,great-mountain-brushturkey,,,,
2072211657586040945,1782888733657,diligent-brook-thrasher,2072079847157899411,1198258920185323520,true,
2072211826616467481,1782888773956,neighborly-rhubarb-chickadee,2072159990144442586,,true,
2072211972314063241,1782888808693,warm-oak-antwren,2071959207515943138,,true,true
2072212056497868979,1782888828765,heroic-jacaranda-ostrich,2072037453981229190,1336308696444526592,false,
2072212331140968550,1782889072931,cosmic-root-grackle,2072012705062428866,750683331260321792,false,
2072212430449422596,1782888917921,diligent-brook-thrasher,2072110041642000895,,true,
2072212511080820802,1782888937145,celebrated-ocean-seagull,2072118768218837180,469967168,true,
2072212686096474144,1782888978872,cheery-nutmeg-towhee,2072128269348999640,,true,
2072212709584547927,1782889298742,cosmic-root-grackle,2072048508186853803,727786862509756416,true,
2072212797363204470,1782889005400,dauntless-garden-gull,2071953741293797428,1969691693361627136,true,
2072212858801189186,1782889020048,amiable-pomegranate-dipper,2072199765656236191,1722330307892744192,true,
2072212995800011082,1782889052711,empowered-blossom-songlark,2072131279504752825,421699160,true,
2072213131875762248,1782889205478,cosmic-root-grackle,2071983187983528109,,true,
2072213373467443418,1782889142755,great-mountain-brushturkey,2072059602300969151,1519012642685394944,true,
2072213447522025625,1782889160410,eloquent-branch-hornbill,2072022239415849157,2919694493,true,
2072213462583799982,1782889164001,neighborly-rhubarb-chickadee,2072143541229301930,2065883138383888384,true,
2072213465092010096,1782889164599,celebrated-ocean-seagull,2072096365497155913,889770935624101890,true,
2072213539012452841,1782889182224,zappy-winter-thicketbird,2071896300098883827,1322835942596616192,true,
2072213678238363912,1782889215417,bookish-grapefruit-condor,2072136301562958322,1483412035505631241,true,
2072213698500837825,1782889220249,diligent-brook-thrasher,2071741256753938856,131950438,true,true
2072214140261695988,1782889325572,futuristic-prairie-hummingbird,2071900317139063092,1355721251180961792,false,
2072214310143545451,1782889366076,cheery-nutmeg-towhee,2072125817765724588,3230266255,true,
2072214748935196931,1782889470691,sunny-maple-triller,2072090435896422706,,true,
2072214842333622339,1782889492959,upbeat-banana-toucan,2071307315408429347,1618268066248278017,true,
2072214979663839475,1782889697731,cosmic-root-grackle,2072118812518817858,19834403,false,false
2072215107149394424,1782889556096,zappy-winter-thicketbird,2072192126272635040,1586923432968654848,true,
2072215110051881046,1782889556788,celebrated-ocean-seagull,,,,
2072215184177795456,1782889574461,quiet-mesa-woodpecker,2058644644679049228,3431572810,false,
2072215264289018268,1782889593561,entertaining-dune-finfoot,2071980029974593844,,true,
2072215316529049858,1782889606016,cheery-nutmeg-towhee,2072194990600593807,,true,
2072215811154940083,1782889723944,talented-grassland-penguin,,,,
2072215872811196816,1782889738644,diligent-brook-thrasher,2072196632108786007,1432442286411898881,true,
2072215944621957349,1782889755765,radiant-pistachio-mallard,2072120689809563868,1686323288,true,
2072215987605131595,1782889766013,keen-dune-sandgrouse,2071470086603571399,,true,
2072215998380298349,1782889768582,talented-grassland-penguin,2071990623708549397,92849144,true,true
2072216343823135052,1782889850942,neighborly-rhubarb-chickadee,2071956899919192206,1958820179326246913,true,
2072216567169847348,1782889904193,great-mountain-brushturkey,2072182936523190640,1265428695939981318,true,
2072216585901650385,1782889908658,cheery-nutmeg-towhee,2071890641466892527,169843986,true,
2072216690344009914,1782889933559,zappy-winter-thicketbird,2072079076601327632,1709261751953330176,true,
2072216705883926698,1782889937264,celebrated-ocean-seagull,2072106665303028079,,true,
2072216806723297624,1782889961307,beloved-moonlight-oriole,2071511473558327491,,true,
2072217857795014772,1782890211901,neighborly-rhubarb-chickadee,2072135424215330978,,true,
2072217904896954525,1782890223132,ardent-roots-hawk,2072142533044342899,,true,
2072217930209632623,1782890229166,great-mountain-brushturkey,2072172857791058209,3269591084,true,true
2072218005417697627,1782890247097,orderly-tree-parrotlet,2072204406703915479,1063030735253192705,true,
2072218025152163972,1782890251803,wondrous-water-grebe,2071935893040967725,1481735943094784002,true,
2072218133968908464,1782890277746,diligent-brook-thrasher,,,,
2072218170556072316,1782890387286,cosmic-root-grackle,2068492768461165048,855483824351924224,true,
2072218357148106943,1782890518081,cosmic-root-grackle,2071020782331756811,,false,
2072219005784330431,1782890485603,celebrated-ocean-seagull,2072066250793242705,36414477,true,true
2072219175989235780,1782890526183,inquisitive-marble-woodpecker,2071945832098644444,133790890,true,
2072219250362880283,1782890670902,cosmic-root-grackle,2070960465283297286,,false,
2072219756719931397,1782890664640,cheery-nutmeg-towhee,2071975636030140857,,true,
2072219765150548196,1782890666650,amusing-garden-swan,2071919051689849119,1266789496160497664,true,
2072220128272318828,1782890753226,great-mountain-brushturkey,2072207593200812161,2327098700,true,
2072220137155874995,1782890755343,neighborly-rhubarb-chickadee,2072190379634356262,1007048672369102854,true,
2072220204894155168,1782890990797,cosmic-root-grackle,2071814230920086000,2001346406179835910,false,
2072220218835730602,1782890774817,zappy-winter-thicketbird,2072099377653379541,1886357616869384192,true,
2072220294677242322,1782890792899,skillful-blossom-ibis,2071734750725771450,30929600,true,true
2072220623540252853,1782890871307,composed-strawberry-ibis,2072106374339953018,,true,
2072220665780764946,1782890881377,zappy-winter-thicketbird,2072004744693064160,942559233706356736,true,
2072220754163253288,1782890902449,orderly-tree-parrotlet,2072214886273175909,1063030735253192705,true,
2072220992533877033,1782890959282,electric-cypress-quail,2071934121459282128,16718692,true,
2072221049928786042,1782890972966,fearless-vine-spoonbill,2072005042010534356,559952879,true,
2072221385011687724,1782891052855,neighborly-rhubarb-chickadee,,,,false
2072221397900730766,1782891055928,astonishing-melon-egret,2072053091898425759,1780241894087290880,true,
2072221425524527277,1782891062514,quick-riverbank-egret,2071357284324659667,1794442413181652992,true,
2072221456503570914,1782891069900,realistic-tide-skimmer,2069121194259824794,1580303898908270594,true,
2072221505203663252,1782891081511,orderly-tree-parrotlet,2072219776592523287,1063030735253192705,true,
2072221627593449936,1782891110692,entrancing-highland-duck,2072062735584534599,34247411,true,
2072221656286715926,1782891117532,fabulous-melon-junco,2072048718325379214,,true,
2072221742534169064,1782891138095,diligent-brook-thrasher,2072194991787569438,1985346009745260544,true,
2072221810880376853,1782891154390,celebrated-ocean-seagull,2072098300422197344,1926520215237500928,true,
2072221891440329017,1782891173597,astonishing-melon-egret,2072108962762146279,1941699799784341504,true,
2072222232227504492,1782891254848,magnetic-field-wren,2072062735584534599,34247411,true,
2072222256051175433,1782891260528,cheery-nutmeg-towhee,2071990623708549397,92849144,true,
2072222273944080830,1782891264794,zappy-winter-thicketbird,2071989322492870856,1136366087048765443,true,
2072222420690215054,1782891299781,diligent-brook-thrasher,2071916109562028301,2012588381444714496,true,
2072222421772579044,1782891480560,cosmic-root-grackle,2071951919967547759,818893114979061761,false,
2072222750324752663,1782891378372,cheery-nutmeg-towhee,2072109461963997595,374029556,true,
2072222882609152439,1782891409910,attentive-glacier-parrot,2071914564841570621,1682158786990022658,true,true
2072222884513141211,1782891410364,kinetic-fir-frigatebird,2071975636030140857,,true,
2072222976234094629,1782891432232,great-mountain-brushturkey,2072189014724198423,958695000010821632,true,
2072222979421811147,1782891432992,funny-raspberry-drongo,2072054493202559161,1053711885416173568,true,
2072223139837190425,1782891471238,skillful-blossom-ibis,2071731423422136644,15207668,true,true
2072223312474685854,1782892053993,cosmic-root-grackle,2071811789830979833,1316995857242378240,false,
2072223314123043079,1782891512791,neighborly-rhubarb-chickadee,2072189795028058522,1158365180113358849,true,
2072223382985125934,1782891529209,pleasant-tree-towhee,2072014867435815021,2017473596227010561,true,false
2072223506419401110,1782891558639,bountiful-pistachio-macaw,2071988293013496172,,true,
2072223526799765819,1782891563497,precious-lychee-swan,2071713762923405312,1640392324801871872,true,
2072223584488145034,1782891577251,authentic-jackfruit-swift,2071887116301398208,346913686,true,
2072223652808978780,1782891593540,great-mountain-brushturkey,2072145297254543528,39462584,true,
2072223659679428884,1782891595179,sturdy-daylight-meadowlark,2072076069897691285,1528943647185678336,false,
2072223660903960917,1782891595470,upbeat-wind-goose,2072067233971425589,481968541,true,
2072223819729649803,1782891633337,ecstatic-lemon-cardinal,2072006359743156318,1221462414744596483,true,false
2072223910356242787,1782891654944,meticulous-winter-quail,2072195520173580354,,true,
2072224089624739937,1782891697686,zappy-winter-thicketbird,2072175398247432226,1590275860224958464,true,true
2072224580068950255,1782891814616,charming-jackfruit-owl,2072186599735984318,1786144904210477057,true,
2072224706078425435,1782891844659,neighborly-rhubarb-chickadee,2072066778310570434,1492134036264955904,true,
2072224987159969992,1782891911674,lionhearted-apricot-auklet,2071806969909026899,,false,
2072225204957298957,1782891963601,diligent-brook-thrasher,2072046267186712615,1279721820405534721,true,
2072225280811311614,1782891981686,gracious-dune-auklet,2072003160101605794,1349412353796931584,true,
2072225480925655373,1782892029397,celebrated-ocean-seagull,2072216067376664761,1937221801609953281,true,
2072225653055787017,1782892070436,cheery-nutmeg-towhee,,,,
2072225720563032140,1782892086531,skillful-blossom-ibis,2071739520714706948,2970279814,true,
2072225747180163161,1782892092877,diligent-brook-thrasher,2072032425975161081,769214965,true,
2072225963576820008,1782892144470,celebrated-ocean-seagull,2072184676295258536,943018760717393920,true,
2072226128312315988,1782892183746,cheery-nutmeg-towhee,2072044046080717202,2614389004,true,
2072226172763517255,1782892194345,careful-grapefruit-cuckoo,2072048846881042505,1933235704688996352,true,true
2072226216086737200,1782892204673,dynamic-rock-whistler,2071873456291860645,1243232728188846082,true,
2072226324660265377,1782892230559,rollicking-peach-bluejay,2072147045956091914,753709234831917056,true,
2072226446638989427,1782892259642,futuristic-earth-nightjar,2072010399390617603,1346897207019130881,true,
2072226550691381501,1782892284449,great-mountain-brushturkey,2072086593972679005,2032529045016162306,true,
2072226684086964608,1782892316254,zappy-winter-thicketbird,2072219091503399165,177101260,true,
2072226829931335895,1782892351025,charismatic-moonlight-magpie,2072164626746212378,1457558434044203013,false,
2072226959895998468,1782892382011,neighborly-rhubarb-chickadee,2072069100617273831,469838855,true,
2072227112136659276,1782892418308,diligent-brook-thrasher,2072155024877035627,1855166797504483328,true,
2072227160341787091,1782892429802,mannerly-oak-needletail,2071960278200189189,,true,
2072227276998037705,1782892457614,celebrated-ocean-seagull,2072145228765757448,1585684761418207232,true,
2072227386528305258,1782892483729,nestling-maple-hummingbird,2072183511843488098,1680720798154366976,true,
2072227536864428174,1782892519571,great-mountain-brushturkey,2071939100618183106,2293697022,true,
2072227728858759521,1782892565346,cheery-nutmeg-towhee,2072177082420043839,1570383205769027585,true,
2072227755643539600,1782892571733,neighborly-rhubarb-chickadee,2072214621402845648,1419688307529818116,true,
2072227761293287833,1782892573080,zappy-winter-thicketbird,2072214621402845648,1419688307529818116,true,
2072227831266812327,1782892589762,diligent-brook-thrasher,2072007251423052232,1348597608499957760,true,
2072227834215416114,1782892590466,cheery-nutmeg-towhee,,,,
2072228081285132427,1782892649372,celebrated-ocean-seagull,2071935443206115787,2002563213658079232,true,
2072228245999927418,1782892688643,eccentric-mesa-spurfowl,2071680254905569594,1785111682731196416,false,
2072228373749764244,1782892719100,delightful-garden-sandpiper,2072104775311860143,26703365,true,
2072228574971494820,1782892767075,thrilled-coconut-jacana,2071652717651460284,650113,false,
2072228625777058022,1782892779188,great-mountain-brushturkey,,,,
2072228639928689134,1782892782563,great-mountain-brushturkey,2072090086888403140,1949217766671552512,true,
2072228905373819265,1782892845849,motivational-aspen-petrel,2071876568268624095,2315113482,true,
2072229116321972485,1782892896144,involved-cactus-penguin,2072165205526618589,1656734602931888128,true,
2072229130255405518,1782892899466,neighborly-rhubarb-chickadee,2072214303462007223,1627609480111312897,true,
2072229319892414596,1782892944678,zappy-winter-thicketbird,2072092706944188919,1864919261983989760,true,true
2072229450809299180,1782892975891,encouraging-hill-kingfisher,2071527522211070380,1924685935985516544,true,true
2072229799238447259,1782893058964,upbeat-seedlings-hummingbird,2072093761958793717,1462778861507301386,false,
2072229800756887708,1782893059325,understanding-apple-drongo,2072094196924547463,1408882626056892425,true,true
2072229880738267297,1782893078395,smiley-grape-cockatoo,2072021146044690931,16544024,false,
2072229955371475159,1782893096188,diligent-brook-thrasher,2072184259582788069,2955315479,true,
2072230180894953673,1782893149957,patient-autumn-nightjar,2072048718325379214,,false,
2072230200079712729,1782893154531,zappy-winter-thicketbird,,,,
2072230304862093661,1782893179514,empowered-blossom-songlark,2072214791301812628,1765448300822724608,true,
2072230449292902520,1782893213949,rollicking-iceberg-hornbill,2071998519842332809,721944436939227137,true,
2072230784665055707,1782893293907,skillful-blossom-ibis,2071742176845803917,1330278736554582016,true,
2072230795607953585,1782893296516,celebrated-ocean-seagull,2071978170861899978,2043067205785473025,true,
2072230847860871230,1782893308974,meticulous-winter-quail,2071581219712897247,,true,
2072230906807366105,1782893323028,mannerly-oak-needletail,2071874920510882274,917112559,false,
2072231026538037724,1782893351574,cheery-nutmeg-towhee,,,,
2072231277231542327,1782893411344,great-mountain-brushturkey,2072157314254266611,1430585262803804161,true,
2072231375340495298,1782893434735,terrific-peachtree-friarbird,2072004031266890158,780460754910732288,false,
2072231619440619638,1782893492934,peachy-jacaranda-cotinga,2072045160158965798,750683331260321792,false,
2072231709735608357,1782893514461,neighborly-rhubarb-chickadee,2072203334845714555,,true,true
2072231834365128962,1782893544175,zappy-winter-thicketbird,2072127930461811094,,true,true
2072231858440376547,1782893549916,wholesome-slope-hawk,2072151608780365851,1502260085103685638,false,
2072231914866413983,1782893759509,cosmic-root-grackle,2072163096341205083,1754980766491222016,false,
2072231974039687242,1782893577476,celebrated-ocean-seagull,2072175865593790667,,true,
2072232001298403613,1782893717909,cosmic-root-grackle,2072145297254543528,39462584,true,
2072232029886783910,1782894098142,cosmic-root-grackle,2071955824457769203,,true,
2072232034399928711,1782893591868,whimsical-peach-ibis,2071967538359976191,1377491965927899137,false,
2072232181024407618,1782893626826,diligent-brook-thrasher,,,,
2072232218370437405,1782893635729,felicitous-desert-parrot,2072059306044997939,,true,
2072232233067303139,1782893639234,cheery-nutmeg-towhee,2072168199039123715,,true,
2072232275668783595,1782893649391,fancy-ice-puffbird,2072016702985130443,,false,
2072232311370698895,1782893657902,neighborly-rhubarb-chickadee,2072191887956656328,1241013428,true,
2072232812128690264,1782893777292,great-mountain-brushturkey,2072180683762725303,1490081083064565762,true,true
2072232984158392467,1782893818307,zestful-field-lorikeet,2072155840329527622,1428911804781056004,true,
2072233111992328461,1782893848786,zestful-field-lorikeet,2072130362256580719,1559568827805048833,true,
2072233201133572422,1782893870038,zestful-field-lorikeet,2072027682901242150,2047925540372328448,true,
2072233248890257517,1782893881424,poetic-lowland-mousebird,2071554485034586544,,false,false
2072233275360182775,1782893887735,zappy-winter-thicketbird,2072094978570883139,1849914258768674817,true,
2072233328686895252,1782893900449,zestful-field-lorikeet,2071017245426213297,2015358803735191552,true,
2072233386798662112,1782893914304,harmonious-autumn-flamingo,2072082168407376237,1689972972755230720,true,
2072233409644990825,1782893919751,zestful-field-lorikeet,2070900714004730171,43250901,true,
2072233476104056979,1782893935597,zestful-field-lorikeet,2070538327065862618,43250901,true,
2072233519812583439,1782893946018,sunny-moon-anhinga,2071964476023390679,57626153,true,
2072233761798803921,1782894003711,agreeable-wood-softbill,2072115075364639147,,true,
2072234037452689674,1782894069432,neighborly-rhubarb-chickadee,2071987662827790359,1618852582423773185,true,
2072234092309930026,1782894082511,diligent-brook-thrasher,2072134180536975850,,true,
2072234159439839427,1782894098516,celebrated-ocean-seagull,,,,
2072234402395070607,1782894156441,zestful-field-lorikeet,2070230195400061405,1519418144934318080,true,
2072234528253341703,1782894186448,hip-pond-crossbill,2071999962376810978,19414148,true,
2072234543084614129,1782894189984,resourceful-petal-anhinga,2071957219453932027,990517259389947904,true,
2072234628300026130,1782894210301,contemplative-peanut-frigatebird,2071960854744932853,755886040049647616,true,
2072235081389719604,1782894318326,cheery-nutmeg-towhee,2072191901923508385,1146329871418843136,true,true
2072235194669473802,1782894345335,zappy-winter-thicketbird,2072189745971736669,973060309890904064,true,
2072235223308230975,1782894352162,great-mountain-brushturkey,2072214621373566990,1517523151219044353,true,true
2072235334394380646,1782894378648,diligent-brook-thrasher,2072167597983105458,1706267389,true,
2072235402493059168,1782894394883,neighborly-rhubarb-chickadee,2072084144817913864,1439614072610250756,true,
2072235454334685541,1782894407244,dazzling-bonsai-condor,2071953932138754126,2028918653216014336,true,
2072235740142915821,1782894475385,talented-grassland-penguin,2071993096846426414,1718034808347992064,true,
2072236180511629385,1782894580377,dedicated-summer-hawk,2071961839458718034,886535108374675456,true,
2072236318747238433,1782894613335,great-mountain-brushturkey,2072232811902197974,,true,
2072236338481348716,1782894618041,diligent-brook-thrasher,2072101722202280142,1691074018684678144,true,
2072236364691624322,1782894624289,masterful-frost-hillstar,2071863917047927294,2032877151561596928,true,
2072236365765582977,1782894624546,vivacious-blossom-emu,2071989630182842678,780460754910732288,true,false
2072236423445356902,1782894638297,zappy-winter-thicketbird,2071941830388637881,107460646,true,
2072236445972971708,1782894643669,neighborly-rhubarb-chickadee,,,,
2072236495398940989,1782894655452,intellectual-woodland-crossbill,2071896594446987393,1581635417656262656,true,
2072236592039653496,1782894678493,heartwarming-shoreline-kite,2071632769713664031,2009615335960592385,false,
2072236774605156646,1782894722020,diligent-brook-thrasher,2072218505299001624,1597767604998922241,true,
2072236998169882911,1782894775322,driven-juniper-sparrow,2072014867435815021,2017473596227010561,false,
2072237212964467198,1782894826534,celebrated-ocean-seagull,2072190140659773583,330262748,true,true
2072237366572466333,1782894863156,wholesome-raspberry-stilt,2072188542151803219,1992724823995498496,true,
2072237375246229825,1782894865224,wholesome-raspberry-stilt,2071975490609352797,1873137261740498944,true,false
2072237380786897033,1782894866545,wholesome-raspberry-stilt,2071988848100262083,938855229793193984,true,
2072237385945895244,1782894867776,wholesome-raspberry-stilt,2072178281634504901,1592975103645581315,true,
2072237448491303068,1782894882687,entertaining-frost-firefinch,2072222318835782035,716399345139130368,true,
2072237501343813782,1782894895289,cheery-nutmeg-towhee,,,,
2072237915699081658,1782894994079,skillful-blossom-ibis,2071731982627958908,827279765287559171,true,
2072238123795263706,1782895043692,talented-grassland-penguin,2071837618766016965,1691961102689878016,true,
2072238144955482152,1782895048738,outgoing-elm-gull,2071543893556937137,274450702,true,
2072238162760409554,1782895052982,aquatic-field-nightjar,2071918711154651294,1709880073086758912,true,
2072238468306960737,1782895125830,celebrated-ocean-seagull,2071965345179373831,,true,
2072238586544472296,1782895154020,zappy-winter-thicketbird,2072221494500110603,750759915774291969,true,
2072238685605826939,1782895177638,meticulous-winter-quail,2071785132915396955,,true,
2072238743151411244,1782895191358,colorful-canyon-waxbill,2071579436999213465,,true,
2072238929755918474,1782895235849,civil-water-duck,2071826060707254559,2029213457544015872,true,
2072238958176850235,1782895242625,doughty-sea-toucan,2072037513078964387,1713044554377576448,true,
2072239000664846730,1782895252754,skillful-blossom-ibis,2071730931337978114,114756202,true,
2072239023586689408,1782895258220,great-mountain-brushturkey,2072184688769204490,1412410604237754368,true,true
2072239590426206239,1782895393365,worthy-nectarine-sunbird,2072018261601059089,1646020138653876224,true,
2072239699872366691,1782895419459,authentic-cherry-seabird,2072203334845714555,,true,
2072239704548794847,1782895420574,flexible-pineapple-seedeater,2071860211325993383,1917093896393502720,true,true
2072239850011435334,1782895455254,zappy-winter-thicketbird,2072065178917654767,2055593767659356160,true,
2072239945918407107,1782895478121,gleeful-fig-warbler,2071989630182842678,780460754910732288,false,
2072240116370714864,1782895518759,neighborly-rhubarb-chickadee,2072099566154043586,2031523543691964417,true,
2072240140756431157,1782895524573,diligent-brook-thrasher,2071999712433983916,1370163747973632003,true,
2072240195894690179,1782895537719,astonishing-riverbank-songbird,2072133995903488395,,true,
2072240285690568709,1782895559128,elated-orchard-cardinal,2072221482361524425,82588638,true,
2072240314396336375,1782895565972,celebrated-ocean-seagull,,,,
2072240363868127494,1782895577767,sensational-hill-nightingale,2071939710566420905,,true,true
2072240428842422424,1782895593259,transparent-prairie-flameback,2071913367061528611,910990938813681664,true,
2072240460119081317,1782895600715,excellent-wood-crake,2072190966090387691,7996082,true,
2072240475864547589,1782895604469,mannerly-ridge-thrasher,2072195097341702568,1846808941944311808,true,
2072240519821115540,1782895614950,steady-spring-lovebird,2071972720649154589,1282711038735953920,true,
2072240646342029457,1782895645115,skillful-blossom-ibis,2071639853733761330,1875008939714056192,true,
2072240673827299633,1782895651667,neighborly-rhubarb-chickadee,,,,
2072240718639206716,1782895662351,masterful-frost-hillstar,2071642804422639828,18303935,true,
2072240866643849424,1782895828581,cosmic-root-grackle,2060762531673612314,3293406121,true,
2072241098248819090,1782895752857,charming-mountain-nighthawk,2071594301683867824,,true,
2072241193681870999,1782895775609,expressive-highland-lapwing,2072016601008804100,166793593,false,
2072241340578947434,1782895810634,unique-juniper-sparrow,2072153972366790746,71298686,true,
2072241354361442383,1782895813919,sensational-hill-nightingale,2071944458585649264,,true,
2072241669949587606,1782895889161,meticulous-winter-quail,2072165715516518843,,true,
2072241705458278656,1782895897628,diligent-brook-thrasher,2072101278357090316,182909404,true,
2072241740350710072,1782896042866,cosmic-root-grackle,2072106430610465196,2480268229,true,true
2072241845933891762,1782895931119,skillful-blossom-ibis,2071739989860466803,31801993,true,true
2072241875684093984,1782895938212,placid-grape-lory,2071886280334393789,1514958356636737545,true,
2072241901978226824,1782895944482,mellow-wind-petrel,2071915042228813989,279456269,true,
2072242027454967960,1782895974397,cheery-nutmeg-towhee,2072220671891874251,1834166688171896832,true,
2072242119708987439,1782895996392,perceptive-coconut-catbird,2072130567466885588,3530404094,true,
2072242523691417685,1782896092709,wholesome-raspberry-stilt,2072099566154043586,2031523543691964417,true,
2072242653354172621,1782896123623,great-mountain-brushturkey,,,,
2072242772841541770,1782896152111,neighborly-rhubarb-chickadee,,,,
2072242867045576859,1782896174572,altruistic-plum-bluebird,2072063742863413690,3207545212,true,
2072242888499495180,1782896179687,heroic-canyon-stork,2071579009066954876,1009792348786692096,true,true
2072242957043093606,1782896196028,cordial-jackfruit-rooster,2072200525056213000,,true,
2072242993428369440,1782896204704,comical-highland-hillstar,2071840801139851361,359985193,false,
2072243000122470840,1782896206299,zappy-winter-thicketbird,2072136247515242929,1437318233883701249,true,
2072243066317234399,1782896885563,cosmic-root-grackle,2071962890882752912,2063149575163219968,true,
2072243212580762046,1782896256953,considerate-clay-thrasher,2072102599172767883,,true,
2072243286761168948,1782896274639,skillful-blossom-ibis,2071732171874742663,27943436,true,
2072243288703119551,1782896275103,cheery-nutmeg-towhee,2072172737976479991,1381566343216914442,true,
2072243472875049150,1782896319012,lovely-pomegranate-raven,2062587459980914844,1069367150899535872,true,
2072243522200035652,1782896330773,felicitous-blueberry-sparrowhawk,2071232399296614750,36749572,false,false
2072243706443309560,1782896374699,great-mountain-brushturkey,,,,
2072243708678795427,1782896375232,celebrated-ocean-seagull,2072053868418965528,1698077184122855424,true,
2072243819698094183,1782896401701,positive-coconut-falcon,2072017985955668244,2027843808139087875,true,
2072243888270496187,1782896418050,lovely-redwood-swamphen,2055052853010477096,2044903826574983168,true,
2072243936341475478,1782896429511,fearless-park-tailorbird,2072183418042110035,1169001702944628739,true,
2072243956851569131,1782896434401,loyal-jacaranda-curassow,2072173098380427709,1612488689195556864,true,false
2072244168487821693,1782896484860,diligent-brook-thrasher,2072061129199587364,,true,
2072244333588222420,1782896524223,skillful-blossom-ibis,2071586576308535509,1880674038,true,
2072244437892104303,1782896549090,cheery-nutmeg-towhee,,,,
2072244586303402284,1782896584474,victorious-lemon-drongo,2072223609834144051,2032313131746410497,true,
2072244604800303480,1782896588885,neighborly-rhubarb-chickadee,2072177082420043839,1570383205769027585,true,
2072244716725260536,1782896615570,diligent-brook-thrasher,,,,
2072244965057470531,1782896674777,zappy-winter-thicketbird,2071978081988850146,2003481068981354500,true,
2072244966236037567,1782896675057,loyal-jacaranda-curassow,2065595935082598632,1612488689195556864,true,
2072245006690123869,1782896684702,lovable-root-lark,2071861045119902004,225887277,true,
2072245215155437682,1782896734404,pioneering-citrus-hoopoe,2072091861473431605,1674187388825006082,true,
2072245313209872509,1782896757783,polite-beech-troupial,,,,
2072245334323896731,1782896762816,cheerful-elm-bushlark,2071984386187145278,53847384,true,
2072245510048567630,1782896804712,strategic-walnut-peacock,2072032412486254884,2688560208,false,
2072245754907828418,1782896863092,revered-sandalwood-crossbill,2072095269957841054,397784697,true,
2072245783009677621,1782896869791,skillful-blossom-ibis,2071731301703463189,1608230657796227072,true,
2072246172161376410,1782896962573,calm-pecan-hillstar,2072225845477851484,1925484166889811968,true,
2072246194261447130,1782896967841,endearing-mesa-songlark,2072218545761698168,1333297773928611840,true,
2072246429247013140,1782897023866,adept-peanut-lovebird,2072217747681919108,722242009,true,
2072247034892193972,1782897168264,authentic-cherry-seabird,2072217747681919108,722242009,true,
2072247167381565857,1782897199852,brilliant-tomato-thicketbird,2072009435975754095,2058131793409179648,true,true
2072247337506746791,1782897240412,celebrated-ocean-seagull,2072239470938652879,1627609480111312897,true,
2072247399423107287,1782897255174,great-mountain-brushturkey,,,,
2072247425352229347,1782897261356,cheery-nutmeg-towhee,2072101128863465980,1558108844122939393,true,
2072247463260344361,1782897431323,cosmic-root-grackle,2071963545768771684,8736882,false,
2072247579371327527,1782897298078,diligent-brook-thrasher,2072061619312464018,1913393908102606848,true,
2072247615056691362,1782897760498,cosmic-root-grackle,2072056986737188903,1316995857242378240,false,
2072247814864634081,1782897354224,zappy-winter-thicketbird,2072193234768384059,177101260,true,
2072247865791983659,1782897366365,miraculous-ocean-penguin,2072077217052451183,1018813877474283522,true,
2072248057731629062,1782897412127,celebrated-ocean-seagull,2072220730775732304,1872269942642667520,true,
2072248080980734107,1782897417671,diligent-brook-thrasher,,,,
2072248145061487103,1782897432948,terrific-sea-mockingbird,2072014374362128542,2018980745839366144,true,
2072248227852664948,1782897452688,neighborly-rhubarb-chickadee,2072236220176896217,1568266131034480647,true,
2072248473273926064,1782897511200,flying-raspberry-jay,2072102599172767883,,true,
2072248511425356229,1782897520296,graceful-ice-sparrow,2072097280723751423,819654064912953344,true,false
2072248540404023530,1782897527205,jolly-wind-nighthawk,2072227561846059008,910134973444665344,true,
2072248909200519189,1782897615134,celebrated-ocean-seagull,2072237429977702785,1969010035239063552,true,
2072248985041949003,1782897633215,observant-sandalwood-ostrich,2072169438691160379,1253192183382855680,true,
2072249006743572514,1782897638389,gentle-desert-cotinga,2071791181827129815,198880562,true,
2072249095452815515,1782897659539,cheery-nutmeg-towhee,2072039126258286961,1912055634029350912,true,
2072249620646822206,1782897784755,wholesome-raspberry-stilt,2072136757907505658,2063880239474696192,true,
2072249678494683608,1782897798547,matchless-rock-mockingbird,2071728528341479604,1392054620,true,
2072249929527857188,1782897858399,great-mountain-brushturkey,2072236472191578188,,true,
2072249957021581677,1782897864953,neighborly-rhubarb-chickadee,2072094978570883139,1849914258768674817,true,
2072250229227675890,1782897929853,cheery-nutmeg-towhee,2072207360601579940,76356243,true,
2072250313650618645,1782897949981,flying-daylight-woodpecker,2072111723386179757,96877126,true,
2072250516470423658,1782897998336,shrewd-boulder-seagull,2071914566922207511,1081338890,true,
2072250600952115280,1782898018479,great-mountain-brushturkey,2072187441990312040,2014722522986819584,true,
2072250603091144956,1782898018989,celebrated-ocean-seagull,2072187441990312040,2014722522986819584,true,
2072250904233791891,1782898090786,contemporary-canopy-seedeater,2072176300983287824,,true,
2072251124434833770,1782898143287,optimistic-field-albatross,2072248238955204715,1395261244769112065,true,
2072251194303521270,1782898159944,hypersonic-mango-finch,2071058394430017643,970109612597895168,true,
2072251203744895033,1782898162195,dynamic-almond-crake,2072101475027681716,112103858,true,
2072251295021289946,1782898183958,rollicking-mango-swan,2072147845046747606,236328848,true,
2072251493588094988,1782898231299,fabulous-maple-hummingbird,2072014670941040753,,true,
2072251602463859110,1782898398591,cosmic-root-grackle,2072228717711995110,877807935493033984,false,
2072251630263668837,1782898263885,exceptional-acorns-hornbill,2071666317535375450,15529670,true,
2072251630955733120,1782898264050,energetic-lumber-troupial,2071945006625997088,1047595328449302528,true,
2072251669983936539,1782898273355,creative-horseradish-pratincole,2071852047822189014,1199027328648527873,true,
2072251768642089057,1782898296877,neighborly-rhubarb-chickadee,2072096361189711948,1926520215237500928,true,
2072251872149127343,1782898695654,cosmic-root-grackle,2072238108171714986,1975338952640077824,false,
2072251899328229385,1782898495370,cosmic-root-grackle,2072248238955204715,1395261244769112065,false,
2072251902427861421,1782898328774,diligent-brook-thrasher,,,,
2072251949198565742,1782898339926,optimistic-field-albatross,2072228717711995110,877807935493033984,true,false
2072252191436620287,1782898397680,creative-horseradish-pratincole,2071851418890514800,1199027328648527873,true,
2072252383648707061,1782898443506,diplomatic-holly-albatross,2072084144817913864,1439614072610250756,false,
2072252691099648476,1782898516809,stellar-wood-finfoot,2071651026092921040,819654064912953344,true,
2072252710511075650,1782898644306,cosmic-root-grackle,2071916469093388686,2534938274,false,
2072252735949619240,1782898672796,cosmic-root-grackle,2072222414663004670,1722014154322575360,true,
2072252791679009150,1782898540789,joyful-mulberry-kingbird,2072222414663004670,1722014154322575360,true,
2072252952308334900,1782898579085,celebrated-ocean-seagull,2072195667536028005,2040830002833338368,true,
2072252972420256136,1782898583880,creative-horseradish-pratincole,2071852627416252518,1199027328648527873,true,
2072253122223669389,1782898619597,magnetic-sunlight-wren,2071880948090630183,16031039,false,
2072253139265126694,1782898623659,enterprising-peachtree-ostrich,2071994061624426582,44196397,true,
2072253163348844611,1782898629401,cheery-nutmeg-towhee,2072228722480926957,1588069292540583937,true,
2072253169548062884,1782898630879,great-mountain-brushturkey,2072163339162296604,,true,
2072253390659154086,1782898683596,zappy-winter-thicketbird,2072168482406322185,3230266255,true,
2072253400448717008,1782898685930,neighborly-rhubarb-chickadee,2072240846536376414,1299904825723891712,true,
2072253471869280710,1782898702958,lucent-citrus-firefinch,2071994061624426582,44196397,true,
2072253514160472327,1782898713041,wise-meadow-osprey,2071967279202574438,129434729,true,
2072253999374287142,1782898828725,diligent-brook-thrasher,2072219161321992390,715914817807077378,true,
2072254004478763357,1782898829942,celebrated-ocean-seagull,2072224397826588754,1438500438043627521,true,
2072254108786934203,1782899068580,cosmic-root-grackle,2072118812518817858,19834403,false,
2072254291109175455,1782898898281,cheery-nutmeg-towhee,,,,
2072254327767306672,1782899043870,cosmic-root-grackle,2072158318647234796,1259862054,true,
2072254339285229647,1782898909766,worldly-pear-heron,2072062679779541336,1005232316,false,
2072254508055273937,1782898950004,great-mountain-brushturkey,2072102476459721199,1512739555916587009,true,
2072254689286992100,1782898993213,responsible-mangrove-hillstar,2072252182443802874,992633006,true,
2072254760015585440,1782899568803,cosmic-root-grackle,2072132195716665817,1259862054,true,
2072254956032110869,1782899056810,zesty-lumber-bulbul,2072175586739425562,780440592752922624,true,
2072255013506752521,1782899208644,cosmic-root-grackle,2072114593443270949,1259862054,true,
2072255024839700975,1782899073215,zappy-winter-thicketbird,2072250659861074240,2946409959,true,
2072255122697003275,1782899096546,neighborly-rhubarb-chickadee,2071876801622855820,,true,
2072255130372591822,1782899098377,zappy-winter-thicketbird,2072222414663004670,1722014154322575360,true,
2072255223007941088,1782899120462,diligent-brook-thrasher,2072250756908953653,374712154,true,true
2072255383188439416,1782899158652,celebrated-ocean-seagull,2072121660379938991,1699806384827629568,true,
2072255614537888136,1782899213810,cheery-nutmeg-towhee,2072232982622933490,,true,
2072255798038655271,1782899257560,astounding-blossom-whistler,2071673807652229236,1838903683586695168,true,
2072255885909406157,1782899278510,motivational-beach-jacana,2072063855094620610,917112559,true,
2072256023281254423,1782899311263,cheery-nutmeg-towhee,2072148303681356211,,true,
2072256111688773997,1782899332341,splendid-star-nighthawk,2072078956065657246,1070004480824041475,true,
2072256925119426701,1782899526277,mindful-evergreen-cardinal,2071978997546680686,14353202,true,
2072257357472489580,1782899629358,exquisite-wood-flamingo,2071975490609352797,1873137261740498944,false,
2072257375583469781,1782899633676,great-mountain-brushturkey,2072067384379146251,1140104059350867974,true,
2072257510698815614,1782899665891,great-mountain-brushturkey,2072120387492884957,2880132300,true,
2072257610506526830,1782899689686,zappy-winter-thicketbird,2072199316719145421,,true,
2072257644908220419,1782899697888,great-mountain-brushturkey,,,,
2072257780723909051,1782899730269,diligent-brook-thrasher,2072233997258932687,,true,
2072257884746834218,1782899755071,blissful-ice-sparrow,2072013026694423032,1639352455841341449,false,
2072257906771366018,1782899861309,cosmic-root-grackle,2071919644730863783,1281861192,true,
2072258046714106265,1782899793686,celebrated-ocean-seagull,2072016993406853567,,true,
2072258293754405187,1782899852586,neighborly-rhubarb-chickadee,2072101278357090316,182909404,true,
2072258300343705985,1782899854156,neighborly-rhubarb-chickadee,2072057612900684103,1696741506202181632,true,
2072258370782814431,1782899870951,diligent-brook-thrasher,,,,
2072258501938913747,1782900010944,cosmic-root-grackle,2071926957000765653,1065265726536073216,true,
2072258503683494063,1782900311959,cosmic-root-grackle,2071964967600075166,1831695111954296833,true,
2072258620327076185,1782899930446,cheery-nutmeg-towhee,2072190202836132138,,true,
2072258622491369525,1782899930963,neighborly-rhubarb-chickadee,2072190202836132138,,true,
2072258992420671631,1782900019160,celebrated-ocean-seagull,2072256416446865456,,true,
2072258994568061410,1782900019672,cheery-nutmeg-towhee,2072228903293272149,1702276645715886080,true,true
2072259013425672214,1782900024169,upbeat-seawater-starling,2072159737118920892,1267916372186710026,false,
2072259430373077067,1782900123576,pleasant-pomegranate-needletail,2072179781660037306,773198941,true,
2072259638452433260,1782900173186,jazzy-guava-songlark,2036000797582868632,397348833,true,
2072259933052318080,1782900243424,joyful-earth-whistler,2072169276103131304,,true,
2072260065197785388,1782900274931,great-mountain-brushturkey,,,,
2072260392047263747,1782900352858,kind-pond-flameback,2071763572699402620,1881451105454002176,true,
2072260709317071027,1782900428500,zappy-winter-thicketbird,2072195167856054481,1476355687919796229,true,
2072260832646283295,1782900457904,shining-cedar-crow,2071967538359976191,1377491965927899137,false,
2072261046702678399,1782900508939,neighborly-rhubarb-chickadee,2071833267720921594,1662056472711233538,true,
2072261175794889204,1782900539717,great-mountain-brushturkey,2072185633548775751,1708135533744893953,true,
2072261461343146339,1782900607797,helpful-raisin-mockingbird,2071885785029050856,626287930,true,false
2072261466460193251,1782900609018,prudent-iceberg-bluebird,2072098440742314185,1346831341787246594,true,
2072261486286721368,1782900613745,celebrated-ocean-seagull,2072221482361524425,82588638,true,
2072261498810904598,1782900616730,tranquil-summer-flycatcher,2071638801055686966,17864468,false,
2072261561943482816,1782900631782,diligent-brook-thrasher,2072215267816443938,2052074176257654796,true,
2072261657238073415,1782900654502,cheery-nutmeg-towhee,2072169276103131304,,true,
2072261673121968274,1782900658290,soulful-sun-brushturkey,2072224202002723134,1338186398600482816,true,
2072262123384697089,1782900765640,fast-island-albatross,2072192501599891463,1351831371564666880,true,
2072262330809819282,1782900815094,contemporary-cactus-lovebird,2072017464162972124,50434933,true,
2072262466248302728,1782900847385,appreciative-walnut-pelican,2072093871358493033,1615766121356853275,true,
2072262662138802518,1782900894090,zappy-winter-thicketbird,2072145127729140000,137621745,true,
2072262714462740600,1782900906565,great-mountain-brushturkey,2072095414514258103,1790439475069288448,true,
2072262891537830297,1782900948783,vibrant-grape-condor,2071920853269225670,21783395,false,
2072263002422685956,1782900975220,cheery-earth-greenbul,2071952360444694561,1731773353915039744,true,
2072263015286583502,1782900978286,talented-pine-parakeet,2072199211966189703,2023358949529919488,true,
2072263273106252240,1782901039755,amusing-cove-shearwater,2071811789830979833,1316995857242378240,true,
2072263378576289860,1782901064901,skillful-sunflower-junco,2072075706259866054,435405452,true,
2072263585032466550,1782901114124,futuristic-juniper-jay,2071919913346662775,56782939,true,
2072263832286740770,1782901173075,diligent-brook-thrasher,,,,
2072264046800179453,1782901224218,neighborly-rhubarb-chickadee,,,,
2072264159060742255,1782901250984,celebrated-ocean-seagull,2072227802913366052,1523436857937350666,true,
2072264417790541887,1782901312669,empowering-mango-goshawk,2071896956599771344,1733278573409046528,true,
2072264483720831323,1782901328388,diligent-brook-thrasher,2072168102922502393,1608765849757786112,true,
2072264672083144964,1782901373297,ardent-lemon-parrotlet,2072084773414330394,1876691712028106752,true,
2072264804614754477,1782901520197,cosmic-root-grackle,2032217634171757040,2898790691,false,
2072264873585557808,1782901421339,limber-juniper-friarbird,2072243133891609064,1971927453808619520,true,
2072265014539382962,1782901454946,shrewd-blueberry-drongo,2072092287387992574,3311716376,false,
2072265161520603391,1782901489988,devoted-pineapple-flycatcher,2072138417610105102,1407426619472556035,true,true
2072265184903671936,1782901495564,magical-cantaloupe-crimsonwing,2072145924210544755,1326229737551912960,true,
2072265596826263915,1782901593773,frank-jackfruit-goshawk,2071934993060745471,1949889696877989888,true,
2072265699444281766,1782901618239,lovable-watermelon-hummingbird,2067176790985216013,2059558178313170944,true,
2072265861172187596,1782901656799,virtuous-jacaranda-flatbill,2071671615755055402,77016360,true,
2072265883284652454,1782901662071,warm-oak-antwren,2071965226509996465,105082141,true,
2072265898178625841,1782901665622,overjoyed-mist-kingbird,2072048718325379214,,true,
2072265910618828809,1782901668587,zappy-winter-thicketbird,,,,
2072266039795056722,1782901699386,cheery-nutmeg-towhee,2072128131142467746,2013015999214186496,true,
2072266158363844956,1782901727654,captivating-redwood-songlark,2072154484088664120,606233074,true,
2072266160679330013,1782902224738,cosmic-root-grackle,2071983187983528109,,true,
2072266237028028876,1782901746409,frank-jackfruit-goshawk,2072223559431098503,1722014154322575360,false,
2072266294615740685,1782901760140,magnificent-birch-oriole,2063215183519211863,397083809,true,
2072266409673883990,1782901787571,consistent-sun-sparrow,2072069408202293698,16736535,true,
2072266461876249031,1782901800017,celebrated-ocean-seagull,2072006266105540984,1704718821389729792,true,
2072266786419171514,1782901877394,incomparable-daylight-barbet,2072241626475573331,2062430055918370816,true,
2072266950802133028,1782901916586,enthusiastic-peat-tinamou,2072186057823822173,355989081,true,
2072267423193985109,1782902029213,thoughtful-forest-jay,2072063855094620610,917112559,false,
2072267676454474145,1782902089595,frank-jackfruit-goshawk,2071916563674857727,2305478001,true,
2072268031539986840,1782902174254,neighborly-rhubarb-chickadee,2071882901596110902,3978393137,true,
2072268198909546592,1782902214159,diligent-brook-thrasher,2072148191131398505,1417690955533062149,true,
2072268438525911239,1782902271287,frolicsome-seashore-flameback,,,,
2072268587289706750,1782902817193,cosmic-root-grackle,2048858775126470875,1663701168839872512,true,
2072268636912230736,1782902318587,celebrated-ocean-seagull,2072081308583440753,1886293107647356928,true,
2072268754923278486,1782902346722,thrilled-samba-songbird,2071923758311354653,16714303,false,
2072268762133254146,1782902348441,cheery-nutmeg-towhee,,,,
2072268835286032584,1782902365883,enjoyable-grassland-bushlark,2072250995464183841,140461215,true,
2072268853917139340,1782902370324,great-mountain-brushturkey,,,,
2072268920740819061,1782902386257,zappy-winter-thicketbird,2072148191131398505,1417690955533062149,true,
2072269097459429531,1782902428390,great-mountain-brushturkey,2072265322472653142,,true,
2072269118011584768,1782902433289,realistic-branch-crow,2072044710256865498,548625382,false,
2072269178321371525,1782902447668,cheery-nutmeg-towhee,2072131047236444502,2043145045235089408,true,
2072269748067619023,1782902583507,heartwarming-seedlings-friarbird,2072120957599142203,1316995857242378240,true,
2072269927218655290,1782902626219,elated-mountain-nighthawk,2072002145692610952,1514703460360499208,true,
2072270001327755545,1782902643888,temperate-vine-lory,2072259894690955399,290458797,true,
2072270029505057099,1782902650606,compassionate-sand-bluebird,2071542523110305921,1699859864019963904,false,
2072270189106741584,1782902688658,elated-mountain-nighthawk,2072118595661029571,1632402990584954880,true,
2072270338805604371,1782902724349,celebrated-ocean-seagull,,,,
2072270415934701707,1782902742738,great-mountain-brushturkey,2072231084847501435,1074967171686486017,true,
2072270591499829271,1782902784597,tropical-wood-triller,2071735596217675992,3167874665,true,
2072271069545734382,1782902898572,engaging-citrus-catbird,2072066523837944062,3296797169,true,
2072271122586894807,1782902911218,diligent-brook-thrasher,2072183014575284263,,true,
2072271167201706093,1782902921855,cheery-nutmeg-towhee,2072038079636910524,1085029186618753025,true,
2072271279328256347,1782902948587,lionhearted-raisin-robin,2071888875849699440,1621414211309150211,true,
2072271370764120445,1782902970387,innovative-trail-nighthawk,2072193429346631846,231033118,true,
2072271549583724725,1782903013022,zappy-winter-thicketbird,2072049538236563823,872615153065275392,true,
2072271595658178854,1782903024007,amusing-cove-shearwater,2072198908650864694,4832191871,true,
2072271651312701631,1782903037275,energetic-rainforest-puffbird,2071651495141847270,1369521061243588609,true,
2072271882645389428,1782903642936,cosmic-root-grackle,2072222414663004670,1722014154322575360,true,
2072271915658486225,1782903100300,celebrated-ocean-seagull,2071970635891294665,855483824351924224,true,
2072271948868882437,1782903108218,neighborly-rhubarb-chickadee,2072226466150936996,1796509639074332672,true,
2072272071627809206,1782903137486,diligent-brook-thrasher,2072256238809960480,2063216790961000448,true,
2072272075440771102,1782903138395,neighborly-kiwi-lovebird,2071817049098326418,884482382,true,
2072272084097437756,1782903140459,neighborly-rhubarb-chickadee,2072266061592805884,1939347746752004096,true,
2072272105077412325,1782903145461,contemporary-cactus-lovebird,2072171236080365969,991775848083603457,true,
2072272173410943163,1782903161753,celebratory-freshwater-rooster,2072222371461705796,1146329871418843136,true,
2072272204574650782,1782903169184,zappy-winter-thicketbird,2072268369462738975,,true,
2072272708142764159,1782903289243,peaceful-lemon-cotinga,2072074425634099206,2046307933554896896,false,
2072273028944142635,1782903365728,neighborly-rhubarb-chickadee,2072267469712970052,1030711922,true,
2072273149195173964,1782903394398,wholesome-raspberry-stilt,2072228903293272149,1702276645715886080,true,true
2072273384021356681,1782903450385,clever-riverbank-chicken,2071971271244456238,,true,
2072273617967317113,1782903931526,cosmic-root-grackle,2072125550450344056,1592975103645581315,true,
2072273827179139100,1782903556042,lovely-maple-partridge,2071965195585327186,,true,
2072273890252845097,1782903571081,musical-wildflower-wigeon,2072033258829701431,,true,
2072274114564198552,1782903624560,sociable-marmalade-kite,2072057527852847215,1114640903434588160,true,
2072274270915301592,1782903661837,great-mountain-brushturkey,2071979474556707089,,true,
2072274287705063516,1782903665841,diligent-brook-thrasher,2072270811138801853,1450107941441478659,true,
2072274500822204698,1782903716651,careful-rainfall-grassbird,2072191483856527510,599873118,true,
2072274523294990402,1782903722009,dazzling-reef-nighthawk,2071971609183678544,1831435289341894656,true,false
2072274722964791324,1782903769615,zappy-winter-thicketbird,2071954600450748499,1458404564126900227,true,
2072274757420994982,1782903777830,neighborly-rhubarb-chickadee,2072266480834764804,1582378068563226624,true,
2072274785262862541,1782903784467,serene-tide-puffbird,2071684659671343455,1825126829218250752,true,
2072274804837597406,1782903789135,celebrated-ocean-seagull,2072051246425342030,1610682740713689090,true,true
2072275137823453623,1782903868524,cheery-nutmeg-towhee,2071953573282451742,1940358744594108416,true,
2072275208681972213,1782903885418,great-mountain-brushturkey,2072237355205894606,1330566013772029956,true,
2072275282044559859,1782903902909,neighborly-rhubarb-chickadee,2072174240866984124,1294239552706666497,true,
2072275327301149033,1782903913700,insightful-kiwi-macaw,2072274878183407789,1339452343750971392,true,
2072275330065137693,1782903914358,diligent-brook-thrasher,2072071077006852423,84328473,true,
2072275505647132753,1782903956221,heroic-coral-mallard,1989069874996650445,1064701732675100672,true,
2072275538899611952,1782903964149,brilliant-desert-thrush,2072222371461705796,1146329871418843136,false,
2072275540053004493,1782903964424,zappy-winter-thicketbird,,,,
2072275665533972637,1782903994340,celebrated-ocean-seagull,2072259426942095815,1624550968103673856,true,
2072275680805412905,1782903997982,cheery-nutmeg-towhee,2071935798916604251,2017304773897191424,true,
2072275737919315970,1782904011598,celebrated-ocean-seagull,2072244289568960566,1561968071547420674,true,
2072275740268052767,1782904012158,cheery-nutmeg-towhee,2072225223282184683,854342210,true,
2072275894337437867,1782904048891,virtuous-holly-seabird,2072205812962124121,971820228,true,
2072276135941931286,1782904106494,discerning-branch-lorikeet,2072063920668332316,440914834,true,
2072276171384148141,1782904114945,beloved-wind-canary,2071814372591378457,44588485,true,
2072276198684496362,1782904121453,academic-cactus-sparrow,2072053775536181400,1082790600292925440,false,
2072276360647639156,1782904160069,great-mountain-brushturkey,2071866817849565602,1732500936579309568,true,
2072276424220709001,1782904175225,thriving-pistachio-crane,2072048718325379214,,true,
2072276492705239281,1782904191553,cheery-nutmeg-towhee,2072269092820545693,2469891161,true,
2072277051889889429,1782904324873,zappy-winter-thicketbird,2072260790204444895,,true,
2072277161679929847,1782904351050,great-mountain-brushturkey,2072273556101116035,2004722276659593216,true,
2072277166654419303,1782904352235,neighborly-rhubarb-chickadee,2072258926075072666,330262748,true,true
2072277228868493822,1782904367068,diligent-brook-thrasher,2072139289505231123,2041268361380737024,true,
2072277263488352546,1782904375322,soothing-bamboo-lovebird,2071987726899913110,1526983472518156289,true,
2072277275714703845,1782904378237,celebrated-ocean-seagull,2072267802598133825,2293697022,true,
2072277418534924726,1782904412289,bubbly-boulder-stilt,2072133134326607935,2001379415813689345,true,
2072277514215473206,1782904435100,respectful-coral-parakeet,2072133134326607935,2001379415813689345,true,
2072277680150507729,1782904474663,cheery-nutmeg-towhee,,,,
2072277870634811661,1782904520078,contemporary-cactus-lovebird,2072115582837625046,50769180,true,
2072278260289826954,1782904612978,zappy-winter-thicketbird,2071884411386183705,2048592840260046848,true,
2072278326232658372,1782904628700,zestful-flower-treerunner,2072225866390609942,1212685850095452160,true,
2072278530365235616,1782904677369,great-mountain-brushturkey,,,,
2072278828127248846,1782904748362,neighborly-rhubarb-chickadee,2072255505750540302,1678785441380679681,true,
2072278997036109874,1782904788632,zappy-winter-thicketbird,2071984626453635381,1393287208426082306,true,
2072279070859993573,1782904806233,bold-brook-jay,2072253749251207184,4897361049,true,
2072279114568925470,1782904816654,neighborly-rhubarb-chickadee,2072179134847971763,1861869024126345216,true,
2072279142372913600,1782904823284,diligent-brook-thrasher,2072248360069890335,,true,
2072279372938268949,1782904878254,glamorous-fig-gull,2071915891894452566,2034608276353204224,true,
2072279517008187751,1782904912604,motivational-earth-puffbird,2072244317230686413,961702414561828865,true,
2072280059193467377,1782905204310,cosmic-root-grackle,2072232216529444924,4713197502,false,
2072280096736719297,1782905261384,cosmic-root-grackle,2071961238939291978,1092883822473924608,false,
2072280157356748916,1782905065275,celebrated-ocean-seagull,2072265036454879479,,true,
2072280173932908606,1782905069226,mindful-raspberry-crow,2071652551011848469,,true,
2072280179129344288,1782905070465,mannerly-oak-needletail,2072274610037436635,3065395437,true,
2072280344837939655,1782905109973,cheery-nutmeg-towhee,,,,
2072280346545050038,1782905110380,committed-twig-parakeet,2072021131779842209,1180533698,true,
2072280705959137661,1782905196071,great-mountain-brushturkey,,,,
2072280771067261399,1782905211594,zappy-winter-thicketbird,,,,
2072280810871476469,1782905221084,zesty-lumber-bulbul,2070380415601492229,1996855737247768576,true,
2072280963636248874,1782905257506,diligent-brook-thrasher,,,,
2072280963934024029,1782905257578,academic-cantaloupe-tanager,2072223813614416140,375339900,true,
2072280966085702119,1782905258090,neighborly-rhubarb-chickadee,,,,
2072281001095536746,1782905266438,heroic-coral-mallard,2072023612601618759,1967423684382982144,true,
2072281075917689022,1782905284277,fashionable-flower-waterfowl,2072135611993989204,407179694,false,
2072281233715773689,1782905321898,extraordinary-marmalade-thrush,2072022556131934469,1820222377063772160,true,
2072281286601851005,1782905334507,celebrated-ocean-seagull,2072089923025322039,2031529186360438784,true,
2072281486967951361,1782905382278,contemporary-seedlings-songlark,2071820983468744714,18737518,true,
2072281603183722887,1782905409987,patient-hazelnut-lark,2072041897414336760,2957676919,true,
2072281724713865318,1782905438962,agreeable-glacier-kingfisher,2071874884687581227,1964252410567704576,true,
2072282000191295656,1782905504640,cheery-nutmeg-towhee,2072227829530665392,2018827585971433473,true,
2072282049612742926,1782905516424,zappy-winter-thicketbird,2072000661299069046,92963391,true,
2072282167288172612,1782905544480,terrestrial-kiwi-dove,2071843125627355193,1613864465195503616,true,
2072282280295268545,1782905571422,neighborly-rhubarb-chickadee,2072257800789733649,1229600073295618048,true,true
2072282282631581993,1782905571980,celebrated-ocean-seagull,,,,
2072282286129578492,1782905572813,diligent-brook-thrasher,2072054142424547420,1454613966462795776,true,
2072282449548071339,1782905611776,humble-winter-frigatebird,2072262581872378296,1315979892954214401,false,
2072282602795303050,1782905648313,articulate-raisin-songbird,2071221249024413715,,false,
2072282705597751473,1782905672822,charismatic-garden-tern,2072178820581409163,,true,
2072282806172938717,1782905696802,great-mountain-brushturkey,2072128131142467746,2013015999214186496,true,
2072282815220076795,1782905698958,tropical-pomegranate-thrush,2071994061624426582,44196397,false,
2072283252686037105,1782905803259,inquisitive-marmalade-barbet,2072212764613832835,1537666074400813057,false,
2072283292628373969,1782905812783,wondrous-grape-blackbird,2071952417776615674,1521128820014727168,true,
2072283300928893275,1782905814761,candid-mangrove-cockatoo,2071920233867047350,27339459,false,false
2072283339294445577,1782905823907,blazing-walnut-whistler,2072157921237238209,1648497870818136065,true,
2072283339348648242,1782905823920,cheery-nutmeg-towhee,2072178820581409163,,true,
2072283341626184144,1782905824464,celebrated-ocean-seagull,2072246667747664346,1441537415085166599,true,
2072283478066938238,1782905856993,sanguine-beach-tailorbird,2072145924210544755,1326229737551912960,false,
2072284303422071232,1782906053774,great-mountain-brushturkey,2072232216529444924,4713197502,true,
2072284309956780135,1782906055332,zappy-winter-thicketbird,2071973933021053002,21874459,true,
2072284385986900002,1782906073458,zappy-winter-thicketbird,2072279224560545978,,true,
2072284405582762134,1782906078131,daring-iceberg-chickadee,2072022740727402597,48015025,false,
2072284460146409792,1782906091139,musical-winter-canary,2071920233867047350,27339459,true,
2072284502508855396,1782906101239,great-mountain-brushturkey,,,,
2072284667185705286,1782906140501,flowing-rain-crossbill,2072079100349399523,331464013,true,
2072284670822154353,1782906141369,celebrated-ocean-seagull,,,,
2072284691839803397,1782906146379,practical-seedling-flycatcher,2072031437511950454,295875160,true,
2072284790271697366,1782906169847,neighborly-rhubarb-chickadee,2072234883594727762,1594584039754694656,true,
2072284984254382558,1782906216096,shimmering-marmalade-triller,2071218040289583366,1706622483061686272,true,
2072284991073976331,1782906217722,diligent-brook-thrasher,2072071546609291317,,true,
2072285103351345658,1782906244491,lovable-park-thrush,2072126338190692779,1375226858703323137,true,
2072285106069188935,1782906245139,quick-kelp-bushlark,2072119014961160528,1354566678,true,true
2072285208762896770,1782906269623,focused-marble-canary,2072279139986636854,1556521256203460611,true,
2072285600489615560,1782906363019,animated-rose-catbird,2072145924210544755,1326229737551912960,false,
2072285683599765970,1782906382834,cheery-nutmeg-towhee,2072231781651054757,,true,
2072285735307157926,1782906395161,knowledgeable-cove-crake,2071917339285840053,1639701961300664323,true,
2072285764633649381,1782906402154,cozy-maple-crane,2072133134326607935,2001379415813689345,false,false
2072285773827649845,1782906404346,neighborly-rhubarb-chickadee,2072258182575992943,1629838450580140043,true,
2072285775845052719,1782906404827,great-mountain-brushturkey,2072258182575992943,1629838450580140043,true,
2072285806182519168,1782906412060,bubbly-bamboo-kingfisher,2071930062715195608,,true,false
2072285956778987802,1782906447965,diligent-brook-thrasher,2072270761109135429,1704345592510488576,true,
2072286060076261672,1782906472593,intelligent-peachtree-condor,2071847632683905255,1080188052365029376,true,
2072286079911170259,1782906477321,zappy-winter-thicketbird,2072238586372735463,1383900030,true,
2072286198702207486,1782906505644,diligent-brook-thrasher,2072274019249008754,2025018027859910656,true,
2072286521114198302,1782906582513,neighborly-rhubarb-chickadee,2072266870095311337,1480177476043214850,true,
2072286643663311143,1782906611730,talented-cactus-sparrow,2071992082189750717,820669578908987393,true,true
2072286908504256719,1782906674873,luminous-avocado-brownbul,2071919152177054204,1478396892186828803,false,
2072287093150065139,1782906718896,diligent-brook-thrasher,2072281070159233320,1636283072747388931,true,
2072287098036437361,1782906720061,cheery-nutmeg-towhee,2071985339443421315,37214512,true,
2072287101358317756,1782906720853,swift-field-nightingale,2072141862006071324,1548811509840728065,true,
2072287190156013766,1782906742024,neighborly-rhubarb-chickadee,2072136639489421724,249812258,true,
2072287291943350407,1782906766293,celebrated-ocean-seagull,2072280893910298868,,true,
2072287294506017164,1782906766903,great-mountain-brushturkey,2071919335786860855,,true,true
2072287307420360975,1782906769982,zappy-winter-thicketbird,2072119014961160528,1354566678,true,true
2072287345089380544,1782906778963,charismatic-garden-tern,2071907949254168895,1456500802235904002,true,true
2072287378044076039,1782906786820,mesmerizing-willow-puffleg,2071628010424328648,1945093084846678016,true,true
2072287580599550156,1782906835113,great-canopy-osprey,2070654761158971858,1322756744104169473,true,
2072287644147654818,1782906850265,proactive-summer-condor,2072184978189029843,,true,
2072287661486735759,1782906854398,ingenious-papaya-firefinch,2071930062715195608,,false,
2072287676678488432,1782906858020,artistic-birch-nightingale,2072154751589126192,1655823836254986240,true,
2072287856211698044,1782906900824,elated-rain-mallard,2072107490121330889,,true,
2072288036046401713,1782906943700,glowing-pistachio-finfoot,2072196479863669161,2674760046,true,
2072288136864858589,1782906967737,miraculous-tomato-robin,2072063855094620610,917112559,false,false
2072288294038114573,1782907005211,compassionate-park-stilt,2072253749251207184,4897361049,false,false
2072288361725694135,1782907021348,celebrated-ocean-seagull,,,,
2072288437172867094,1782907039337,zappy-winter-thicketbird,2072273477776617621,745752602034454533,true,
2072288497918951680,1782907053820,motivated-strawberry-softbill,2072169998387200085,1112077071071805442,true,
2072288507750461696,1782907056163,devoted-tree-osprey,2071998734498681027,2012588381444714496,false,
2072288518664048644,1782907058766,celebrated-ocean-seagull,2072085148200235518,,true,true
2072288598800347262,1782907077871,worldly-sand-osprey,2072247287460323386,971820228,true,false
2072289191090589728,1782907219084,great-mountain-brushturkey,2072269946826981643,1773416059594293248,true,
2072289200066433346,1782907221224,playful-lemon-troupial,1967656416061378915,1326229737551912960,false,
2072289265870836130,1782907236913,cheery-nutmeg-towhee,2072250866413777221,1921427474,true,
2072289336935022727,1782907253856,discerning-branch-lorikeet,2071950495208382930,2024555257335095296,true,
2072289421764726992,1782907274082,neighborly-rhubarb-chickadee,2072122755894444307,302135567,true,
2072289424210104626,1782907274665,diligent-brook-thrasher,2072122755894444307,302135567,true,
2072289557404406149,1782907306421,ingenious-papaya-firefinch,2072154751589126192,1655823836254986240,true,
2072289597367706044,1782907315949,celebrated-ocean-seagull,2071954289644216382,,true,
2072289680956002653,1782907335877,cheery-nutmeg-towhee,2072237974754906235,1260212890637930496,true,
2072289930894590295,1782907395468,agreeable-melon-hummingbird,2072269017834791331,265923997,true,false
2072289963958264000,1782907403351,great-mountain-brushturkey,2072211040679665742,2704408476,true,
2072290064512524764,1782907427324,happy-berry-flowerpecker,2072063313714745842,2017473596227010561,true,false
2072290064994890192,1782907427440,astute-hillside-wheatear,2072220450327830941,2052417910874730499,true,
2072290160805306767,1782907450283,serene-aspen-blackbird,2072092208203772179,1876685442340495361,true,
2072290804660338946,1782907603790,noble-apricot-tinamou,2071644625287188890,,true,true
2072290834792198238,1782907610973,cheery-nutmeg-towhee,2071962695033655630,2255229386,true,
2072290936952889455,1782907635331,zappy-winter-thicketbird,2072221088965116229,,true,
2072291023221383248,1782907655898,neighborly-rhubarb-chickadee,2072095634145058888,1846234722,true,true
2072291115282448565,1782907677848,motivating-mountain-owl,2072131718480556537,,true,
2072291204121932085,1782907699028,endearing-cypress-treepie,2071921250017128937,1092883822473924608,false,
2072291333486551241,1782907729871,powerful-sunlight-treepie,2072260298283626985,115730144,true,
2072291362947637684,1782907736895,friendly-flower-lark,2072281688017870994,2057475842385870848,true,
2072291467851116760,1782907761907,celebrated-ocean-seagull,2072258217250287627,1688839391676919808,true,
2072291566644060231,1782907785460,cosmic-acorn-firetail,2071995821021684017,1552795969959636992,true,
2072291898954301470,1782907864689,tough-raisin-owl,2072041134017347974,1618754969556877314,true,
2072291964515754177,1782907880320,great-tide-heron,2072183014575284263,,true,
2072291990675366012,1782907886557,diligent-brook-thrasher,2071908394756374990,,true,
2072292044702388695,1782907899439,cosmic-acorn-firetail,2071961226100523462,1494696188,true,
2072292075530272830,1782907906788,cheery-nutmeg-towhee,2072186264065892440,1681839188671442945,true,
2072292099010044184,1782907912386,celebrated-ocean-seagull,2072284794562515197,,true,
2072292165170995628,1782907928160,amazing-prairie-pitohui,2071974801158086769,1074354529787895808,false,
2072292246444015964,1782907947537,neighborly-rhubarb-chickadee,2072189819975831914,2006959401975033859,true,
2072292318988689558,1782907964834,cheery-nutmeg-towhee,,,,
2072292321689813497,1782907965477,diligent-brook-thrasher,,,,
2072292352702472454,1782907972872,great-mountain-brushturkey,2072034971129123246,2004663382713270272,true,true
2072292365398663463,1782907975899,zappy-winter-thicketbird,,,,
2072292374554825120,1782907978081,great-mountain-brushturkey,2071962657800781936,314103707,true,
2072292463427940828,1782907999270,zappy-winter-thicketbird,2072038766253088942,1388965155870965763,true,
2072292551307014261,1782908020222,great-mountain-brushturkey,,,,
2072292554994077867,1782908021101,creative-horseradish-pratincole,2071531713554182213,1199027328648527873,true,
2072292572597264542,1782908025298,eccentric-passionfruit-brushturkey,2071611332097413176,805797645197463554,true,
2072292770430029865,1782908072465,alpine-jacaranda-swan,2072255976879616104,20132853,true,
2072292814533038103,1782908082981,zappy-winter-thicketbird,2072237355205894606,1330566013772029956,true,
2072293021773594833,1782908132390,neighborly-rhubarb-chickadee,,,,
2072293296773235118,1782908197956,celebrated-ocean-seagull,2071998166979764388,1843007662906277888,true,
2072293315693642029,1782908202466,diligent-brook-thrasher,2072184101558235345,1215668714449915907,true,
2072293343569105065,1782908209112,charismatic-garden-tern,2072088240488694027,1698077184122855424,true,
2072293505276219618,1782908247667,temperate-conifer-stilt,2068409698596839564,822501908036337664,true,
2072293650600546370,1782908282314,celebrated-basswood-kingfisher,2072168482406322185,3230266255,true,
2072293668111683918,1782908286490,rational-summer-bunting,2070105824676982792,28287421,true,
2072293800093860175,1782908317956,energizing-rock-peafowl,2072290746804150506,1316390099794395136,true,
2072293982344819140,1782908361408,blooming-citrus-ibis,2072050602108973394,1401473312165924865,true,
2072294029010624590,1782908372535,legendary-peach-owl,2072087338789015618,44196397,true,
2072294104180908319,1782908559248,cosmic-root-grackle,2072158584625098852,1997779640358670336,false,
2072294109797069281,1782908391795,great-mountain-brushturkey,2072267802598133825,2293697022,true,true
2072294134183002118,1782908397609,modest-rain-pitohui,2071577649424838683,1529634098620551168,true,
2072294257730183611,1782908427065,fabulous-freshwater-bluebird,,,,
2072294297567666685,1782908436564,eloquent-wind-owl,2072217032288838065,1401473312165924865,true,
2072294349883257213,1782908449037,sensational-hill-nightingale,2072260521320206783,,true,
2072294353284854063,1782908449847,neighborly-rhubarb-chickadee,2072285605472464941,887489515501342721,true,
2072294511149977962,1782908487485,felicitous-horseradish-canary,2072241496351178762,117341231,true,
2072294511594582110,1782908487592,fabulous-slope-catbird,,,,
2072294558738546839,1782908498831,diligent-brook-thrasher,2072285337762529726,2937814300,true,
2072294589528948838,1782908506172,agreeable-orchard-finch,2072002416300466562,1327829216583442432,false,false
2072294675457757216,1782908526659,cheery-nutmeg-towhee,2072290167751340296,,true,
2072294743044657358,1782908542774,nimble-canopy-kookaburra,2071993764915114218,1900228700408356864,true,
2072294882341757411,1782908575985,cosmic-pond-triller,2072041818108104868,1493771881589084164,true,
2072294948230058080,1782908591694,neighborly-rhubarb-chickadee,2072269092820545693,2469891161,true,
2072295096058261570,1782908626938,hysterical-pine-kingbird,2072062367773470882,89124175,true,
2072295181781553506,1782908647377,celebrated-ocean-seagull,2072125941195632808,1299776558354366465,true,
2072295206368456934,1782908653238,dedicated-fig-tern,2072256908858159132,44608726,true,
2072295234185081143,1782908659871,cozy-water-junco,2072087338789015618,44196397,true,
2072295499705541005,1782908723176,wholesome-raspberry-stilt,2072289364584108344,627673190,true,
2072295559231091038,1782908737368,cheery-nutmeg-towhee,2071984626453635381,1393287208426082306,true,
2072295627338219607,1782908753605,experienced-strawberry-bittern,2072247597356445722,1262155981963833346,true,
2072295680576471472,1782908766298,hardy-sea-treepie,2071922956180066503,182360370,true,
2072295689711657348,1782908768476,early-peppermint-crake,,,,
2072295735731564645,1782908779449,hip-pond-crossbill,2072082213793935769,1414598942155755525,true,false
2072295736906023231,1782908779728,rational-summer-bunting,2069401313880813780,28287421,true,
2072295971384410447,1782908835632,zappy-winter-thicketbird,2072281826953986075,1834713763288956929,true,
2072296096500474248,1782908865462,neighborly-rhubarb-chickadee,2072289364584108344,627673190,true,
2072296098249519425,1782908865879,smart-iceberg-chickadee,2071994061624426582,44196397,true,
2072296131950686580,1782908873915,great-mountain-brushturkey,,,,
2072296146983129231,1782908877499,zappy-winter-thicketbird,2072284122743976373,3826947623,true,
2072296157435330824,1782908879991,diligent-brook-thrasher,2072223325917757891,475531394,true,
2072296157452345378,1782908879995,enthusiastic-forest-frigatebird,2072192590536122875,1648253019530866689,true,
2072296175781183729,1782908884364,enjoyable-cactus-bluejay,2071191909230383344,1425978584045326338,false,
2072296202356281506,1782908890701,cozy-water-junco,2070021049341898790,1317327383628705793,true,
2072296401619292382,1782908938208,diligent-brook-thrasher,2072292436710195489,1303026765737218049,true,
2072296507760312350,1782908963514,celebrated-ocean-seagull,2072244521652441467,,true,
2072296533651816679,1782908969687,brainy-blossom-egret,2071924602117165485,382560834,true,
2072296633572667435,1782908993510,artistic-iceberg-grackle,2072190833135427814,2028168887586717696,true,
2072296646969336078,1782908996704,lucent-rose-parrot,2072035151412871371,112485243,true,
2072296819522965691,1782909037844,likable-vine-cacholote,2072088075006628149,1053437975479095296,true,
2072296868994810363,1782909049639,loyal-magnolia-canary,2071482801762050213,1844069230494277632,true,
2072297211279323234,1782909131246,stunning-coral-sparrow,,,,
2072297242279493840,1782909138638,cheery-nutmeg-towhee,2071984141873336439,862326702898200576,true,
2072297328707539394,1782909159243,warm-wildflower-bushbird,2070656806574313772,1777670133097676800,true,
2072297467148669427,1782909192251,great-mountain-brushturkey,2072270712060944541,882883689172148225,true,
2072297541841080808,1782909210058,warm-wildflower-bushbird,2070991111683019262,1777670133097676800,true,
2072297781700497425,1782909267245,celebrated-ocean-seagull,2072253117769433550,3324689194,true,
2072297933505237446,1782909303438,festive-leaf-goose,2072242797491753376,1550471994126176257,true,
2072298005814747164,1782909320678,neighborly-rhubarb-chickadee,2072151706511777807,1458404564126900227,true,
2072298090917171319,1782909946826,cosmic-root-grackle,2072117295137370386,,true,
2072298348443238504,1782909402368,celebrated-ocean-seagull,,,,
2072298379569168856,1782909409789,zappy-winter-thicketbird,2072275393097199706,1707095214702153728,true,true
2072298386766573761,1782909411505,diligent-brook-thrasher,,,,
2072298425761071423,1782909420802,hardy-mint-flycatcher,2072108962762146279,1941699799784341504,true,
2072298433474691406,1782909422640,stellar-sandalwood-dove,2072282224268116012,743735095308099585,true,
2072298561526489216,1782909453171,versatile-canopy-antwren,2072212411168211061,2223259404,true,true
2072298583873716249,1782909458498,experienced-cave-greenbul,2072112528449056855,763094579491008512,true,
2072298593713537442,1782909460844,zappy-winter-thicketbird,2071958591867617560,15754281,true,
2072298690270597629,1782909483865,cheery-nutmeg-towhee,2072255976879616104,20132853,true,
2072298692829208647,1782909484476,great-mountain-brushturkey,2072255976879616104,20132853,true,
2072298754154049578,1782909499096,tidy-daylight-dove,2070525252367466936,875905069300031488,true,
2072298761725079811,1782909500901,logical-sunlight-motmot,2072288120159244466,1457884439586144256,true,
2072298796185272529,1782909509118,cheery-nutmeg-towhee,2072057340744851627,1931382033818726400,true,
2072298860135735617,1782909524364,terrific-peat-raven,2072028361438683380,1711732984338878465,true,
2072298862564540790,1782909524943,radiant-lime-jay,2070095544236863755,1808310821870882816,true,
2072298914527453300,1782909537332,chipper-cactus-pipit,2072066523837944062,3296797169,false,
2072299064524427512,1782909573094,adept-coast-puffleg,2072210800127906099,2508356983,true,
2072299120417759430,1782909586420,supreme-ocean-pelican,2072282937664446602,375721095,true,
2072299523775373579,1782909682588,neighborly-rhubarb-chickadee,2072105323314262132,1408882626056892425,true,true
2072299665018478944,1782909716263,celebrated-ocean-seagull,,,,
2072299736082866605,1782909733207,mindful-mist-eagle,2072226475429011554,1113274786979778560,true,
2072300077318840606,1782909992201,cosmic-root-grackle,2072215588374528438,372901671,true,
2072300118695456792,1782909824428,thrilled-glacier-firefinch,2071922030279373088,2030407351644356608,true,true
2072300127146987872,1782909826443,diligent-brook-thrasher,2072227829530665392,2018827585971433473,true,
2072300130020045292,1782909827129,great-mountain-brushturkey,2072080994413183176,4135901687,true,
2072300170021355986,1782909836666,swift-branch-pipit,2072229056305836234,1434391589837627397,true,
2072300196935974987,1782909843083,zappy-winter-thicketbird,2072291573300084954,1597767604998922241,true,
2072300199561605550,1782909843708,neighborly-rhubarb-chickadee,2072291573300084954,1597767604998922241,true,
2072300260961997272,1782909858347,jolly-kiwi-lark,2071935286523699645,786309892990574592,false,
2072300389597163536,1782909889017,cheery-nutmeg-towhee,2072272871401922975,1969379848457240577,true,
2072300393984299018,1782909890062,grateful-cove-kestrel,2071944696599875858,1244068896157708289,false,
2072300395335127517,1782909890385,mindful-mist-eagle,2072148436040974510,88846085,true,
2072300480865218947,1782909910777,great-mountain-brushturkey,2072295087774597486,1391538435261861894,true,
2072300497982087560,1782909914857,diligent-vine-flowerpecker,2072270504074027342,,true,true
2072300633097437551,1782909947071,great-mountain-brushturkey,2072257800789733649,1229600073295618048,true,
2072300800471122367,1782909986976,neighborly-rhubarb-chickadee,2072262691650175163,1805173276022616064,true,
2072300802899689593,1782909987556,zappy-winter-thicketbird,2072247597356445722,1262155981963833346,true,
2072300805424656820,1782909988157,diligent-brook-thrasher,2072146703445319777,866614216421015556,true,true
2072300811938385920,1782909989711,cheery-nutmeg-towhee,2071964666843013558,67712170,true,
2072300879340859827,1782910005780,celebrated-ocean-seagull,,,,
2072301038108127376,1782910208071,cosmic-root-grackle,2071914564841570621,1682158786990022658,false,
2072301048384155995,1782910046083,respectful-canopy-flameback,2072115551489425620,1157689921349521410,false,false
2072301146354430346,1782910069442,electric-sequoia-condor,2071996810512793836,2415348630,true,
2072301188314222669,1782910079445,diligent-brook-thrasher,2072227215689883927,2582953772,true,
2072301382640767048,1782910125776,supportive-redwood-hummingbird,2072188584141148194,1492734291813433351,true,
2072301460541362660,1782910144349,gleeful-elm-wigeon,2070565616658862334,1157689921349521410,false,
2072301525896987028,1782910159932,celebrated-ocean-seagull,2072239898120102078,1918244496455643137,true,
2072301659489755402,1782910191783,cheery-nutmeg-towhee,2072155639011582106,,true,
2072301713415958671,1782910204640,distinctive-sandalwood-duck,2071651495141847270,1369521061243588609,false,
2072302249405989354,1782910332430,shining-boulder-crossbill,2071885092499104010,1627599950333857792,true,
2072302724201279660,1782910445629,genial-peach-parrotlet,2072157042807361547,70523621,true,
2072302725207826922,1782910445870,celebrated-ocean-seagull,2072256423828886015,1397355214580092932,true,
2072302729238610391,1782910446830,diligent-brook-thrasher,2072298205379977548,1508426880860704771,true,
2072302957539082278,1782910501261,wonderful-hill-woodpecker,2072206681526936051,95014181,true,
2072303012349903283,1782910514330,cheery-nutmeg-towhee,2072281132608221340,1188159454690324480,true,
2072303188565246314,1782910556342,great-mountain-brushturkey,2072217007064264772,1917278829204439040,true,
2072303348888334584,1782910594566,zappy-winter-thicketbird,2072243310056628702,1255191384207888389,true,
2072303351417471113,1782910595169,neighborly-rhubarb-chickadee,,,,
2072303463086645555,1782910621793,great-mountain-brushturkey,2072300251176751151,2425571623,true,
2072303479607955574,1782910625732,zappy-winter-thicketbird,,,,
2072303499581218974,1782910630494,consistent-rock-seagull,2072006375685706041,38495835,true,
2072303505172230351,1782910631827,explorative-peppermint-flatbill,,,,
2072303880113696768,1782910721221,neighborly-rhubarb-chickadee,2072279118427947287,,true,
2072303926611955767,1782911084113,cosmic-root-grackle,2072060105512595557,14529929,true,
2072304035839771004,1782910758348,early-peppermint-crake,2072133446655225934,173863137,true,
2072304224990310469,1782910803446,patient-grove-crane,2071776792671588702,1839195849189937152,true,
2072304283907653969,1782910817492,ecstatic-redwood-greenbul,2072014491374555640,1123776006752538624,true,
2072304433472696529,1782910853151,meticulous-winter-quail,2072193251105468899,,true,
2072304451210121516,1782910857380,diligent-brook-thrasher,2072297804018430229,1521479200619876353,true,
2072304508953133449,1782910871147,wholesome-raspberry-stilt,2072149696882307565,1474052557869772804,true,false
2072304517228482644,1782910873120,wholesome-raspberry-stilt,2072284865102303712,225875316,true,
2072304850067497069,1782910952476,celebrated-ocean-seagull,2072146276649459801,1854299605086736397,true,
2072305106448482419,1782911013601,neighborly-rhubarb-chickadee,,,,
2072305204490363287,1782911036976,upbeat-acorn-skimmer,2072088703497810261,1478756974087094274,true,
2072305298212376689,1782911059321,cosmic-acorn-firetail,2071081565694595301,,true,
2072305391795331363,1782911081633,diligent-brook-thrasher,2072274301022044328,804759834042257408,true,
2072305399714480535,1782911083521,cordial-jackfruit-rooster,2072258557412811096,54498695,true,
2072305440600588622,1782911093269,mesmerizing-tree-puffin,2072290600528015727,797673785268715521,true,
2072305548133908639,1782911118907,shining-trail-crimsonwing,2071973933021053002,21874459,false,
2072305549274755168,1782911276222,cosmic-root-grackle,2072269104128430148,1043223073309245440,false,
2072305715973091590,1782911158923,snazzy-basswood-crow,2072151265099038885,,true,
2072305847955231130,1782911190390,celebrated-ocean-seagull,2071811953144574145,1481735943094784002,true,
2072305905601782262,1782911204134,cheery-nutmeg-towhee,2071983542708355539,332332456,true,
2072305977173372972,1782911221198,energizing-watermelon-grosbeak,2072184173000040462,,true,
2072305982705938453,1782911222517,polite-rose-sparrow,2071675206884549101,1780669927541571584,true,false
2072306060816245102,1782911241140,energizing-watermelon-grosbeak,2072021441026166861,78989693,true,
2072306064943419683,1782911242125,focused-winter-cormorant,2072136757907505658,2063880239474696192,true,
2072306077853704289,1782911245202,stunning-shoreline-pitohui,2072296425942323448,355989081,true,
2072306466384757243,1782911337835,motivational-poplar-frigatebird,2072261442376729070,42816371,true,
2072306525935214805,1782911352034,great-mountain-brushturkey,2072250866413777221,1921427474,true,
2072306638376030469,1782911378841,zappy-winter-thicketbird,2072125899470713068,604988212,true,
2072306699566772241,1782911393431,futuristic-mint-drongo,2072212322739728484,1066221031336095746,true,
2072306715433771326,1782911397214,great-mountain-brushturkey,,,,
2072306754398867856,1782911406503,botanical-leaf-frigatebird,2072159363725394328,,true,true
2072306762108268890,1782911408341,elegant-mango-tinamou,,,,
2072306799429013784,1782911417239,lucky-flower-greenbul,2072077014719488052,1923785083871428611,true,
2072306995655233657,1782911464023,energizing-ice-eagle,2072087338789015618,44196397,false,
2072307073786720259,1782911482652,neighborly-rhubarb-chickadee,2072207662209761624,245884632,true,
2072307109950263419,1782911491273,celebrated-ocean-mockingbird,2071995117930463510,2031417223500410883,false,
2072307141679972833,1782911498839,diligent-brook-thrasher,2071889168058490965,,true,true
2072307179336749351,1782911507816,encouraging-sky-towhee,2072220512017891411,49540955,true,
2072307348958265622,1782911548258,great-mountain-brushturkey,2072002962558246924,1530414433574563842,true,
2072307371687166168,1782911553676,memorable-lime-stork,2071448613390012732,5988062,true,
2072307405115777461,1782911561646,astounding-seedling-dove,2072062421515002155,1945632283261583360,true,
2072307593360351279,1782911606527,inspiring-sea-firetail,2072255976879616104,20132853,true,
2072307699870736553,1782911782361,cosmic-root-grackle,2072247872087630059,270850017,false,
2072307776680788132,1782911650234,carefree-samba-lark,2071910867491287212,,true,
2072308013508301302,1782911706699,cordial-jackfruit-rooster,2027554388299157982,54498695,true,
2072308072723177953,1782911720816,cheery-nutmeg-towhee,2071924234796884282,96676063,true,
2072308161181110649,1782911741907,confident-maple-hummingbird,1947651695627903044,1759976955078926336,true,
2072308188100079753,1782911748324,zappy-winter-thicketbird,,,,
2072308226205393254,1782911757410,ecstatic-cave-drongo,2072175639168418101,1999256939981930496,true,
2072308398247366704,1782911798428,outstanding-blueberry-swift,2072290315151761704,1239876592630890496,false,
2072308402831622287,1782911799520,neighborly-rhubarb-chickadee,2072297516175958242,4627222575,true,
2072308408166895837,1782911800793,yielding-rose-sparrowhawk,2071954799977758920,252176459,true,
2072308426823368851,1782911981856,cosmic-root-grackle,2072103012483346712,288277167,true,
2072308427427389921,1782911805384,straightforward-boulder-francolin,2072290094937969070,,true,true
2072308469550755879,1782911815427,wise-autumn-crake,2071764065568137311,,true,
2072308577583108476,1782911841185,diligent-brook-thrasher,,,,
2072308689483006181,1782911867863,neighborly-rhubarb-chickadee,,,,false
2072308838020128788,1782911903278,trusting-avocado-tinamou,2072280373284012477,,true,
2072308882701951386,1782912446557,cosmic-root-grackle,2071961243620184084,933922215929745408,true,
2072308905674227950,1782911919407,magical-plum-leaflove,2071982714249412908,1892347209653399552,true,
2072309081059029173,1782911961223,great-mountain-brushturkey,2072303420237566086,,true,
2072309248369828254,1782912001112,hopeful-field-needletail,2072195039011217853,587841789,true,
2072309347544117380,1782912024757,diligent-brook-thrasher,2072289416572477567,2990540759,true,
2072309391974334686,1782912035351,suave-almond-egret,2072112970268639476,1616486972154839051,true,
2072309850596397190,1782912144694,eloquent-earth-skimmer,2072040766038528278,25694156,true,
2072309891067420943,1782912154343,peaceful-passionfruit-snowfinch,2071856767441772844,599873118,true,
2072309908217700588,1782912158433,zappy-winter-thicketbird,2072294043464159288,1533380285991198720,true,
2072310021334221013,1782912185402,pleasant-nectarine-canary,2072266304594285039,371970373,true,
2072310021895991548,1782912185536,precious-granite-tailorbird,2071402050748084239,17004618,false,
2072310100220363183,1782912204209,neighborly-rhubarb-chickadee,2071890316672856166,,true,
2072310250066092062,1782912239935,stalwart-vine-lapwing,2072063001927286895,2383844606,false,
2072310261780717801,1782912242728,diligent-brook-thrasher,2072268127333953729,1663994484529717249,true,
2072310299005231305,1782912251604,cheery-nutmeg-towhee,2072286878418513995,,true,
2072310360728862802,1782912266319,marvelous-cliff-bunting,2072296425942323448,355989081,false,
2072310406719082824,1782912277284,zappy-winter-thicketbird,,,,
2072310409189536143,1782912277874,great-mountain-brushturkey,,,,
2072310419062968649,1782912280227,zappy-winter-thicketbird,2072254809797734770,1552733593717428225,true,
2072310440160362999,1782912285257,neighborly-rhubarb-chickadee,2072145666672070937,928384998,true,
2072310442584670605,1782912285835,celebrated-ocean-seagull,2072145666672070937,928384998,true,
2072310458783023386,1782912289698,cheery-nutmeg-towhee,2072283953361289564,606607061,true,
2072310549887529212,1782912311418,zappy-winter-thicketbird,2071907949254168895,1456500802235904002,true,true
2072310619978473834,1782912328129,celebrated-ocean-seagull,2072171944670085394,167438003,true,
2072310724727062829,1782912353103,cheery-nutmeg-towhee,2072305700491931704,771606164,true,
2072310814846111869,1782912374589,bold-wind-eagle,2071976665870397799,2006032696770977793,true,
2072310819442872577,1782912375685,flying-bamboo-auklet,2071784871458983996,842153470933241858,true,
2072310822630482377,1782912376445,diligent-brook-thrasher,2072215020394385457,1905768622766616576,true,
2072310993971986807,1782912417296,neighborly-rhubarb-chickadee,2072298178636865623,2758519840,true,
2072310998145405281,1782912418291,celebrated-ocean-seagull,2072273951192236483,,true,
2072311065841689086,1782912434431,suave-hill-mockingbird,2072064669691584604,,true,
2072311132589572106,1782912450345,bubbly-ice-skimmer,2072299747294019860,330262748,false,
2072311145461927951,1782912453414,cheery-nutmeg-towhee,,,,
2072311254325105057,1782912479369,superb-sky-nightingale,2072016514681647132,,true,
2072311348067803632,1782912501719,great-mountain-brushturkey,2072306357798056208,3324689194,true,
2072311354300449266,1782912503206,celebrated-ocean-seagull,,,,
2072311382440112411,1782912509914,cheery-nutmeg-towhee,2072212411168211061,2223259404,true,
2072311443337400332,1782912524433,authentic-jackfruit-swift,2071790488043266326,965468965,true,
2072311501302403106,1782912538253,celebrated-ocean-seagull,2072086128694292637,1404596303678615558,true,
2072311550203908588,1782912549913,smiley-granite-blackbird,2072249552212537722,792799036860428288,true,
2072311624329806074,1782912567585,zappy-winter-thicketbird,2072280827367481500,1567591745860374528,true,
2072311652867793006,1782912574390,clever-bonsai-bushbird,2072045223958499597,963464875065466880,false,
2072311751945679244,1782912598012,neighborly-rhubarb-chickadee,2072054775575617804,2053255330201546756,true,
2072312022923137476,1782912662617,entertaining-raspberry-penguin,2071973933021053002,21874459,true,
2072312039981072460,1782912666684,celebrated-ocean-seagull,2072259009365877028,1490956203794391043,true,
2072312085195710567,1782912677464,astonishing-jacaranda-peacock,2071675206884549101,1780669927541571584,false,
2072312127885324701,1782912687643,diligent-brook-thrasher,,,,
2072312306864689444,1782912730315,felicitous-willow-chickadee,2072263043547898227,17715048,true,
2072312503581749389,1782912777215,quick-shoreline-bittern,2072059764519874888,,true,
2072312510795977063,1782912778935,zappy-winter-thicketbird,,,,
2072312518341468584,1782912780735,neighborly-rhubarb-chickadee,2072287229536559443,1810176064402173952,true,
2072312555364556883,1782912789561,cheery-nutmeg-towhee,,,,
2072312590710001839,1782912797988,zappy-winter-thicketbird,2072285142052171828,1582476527131799552,true,
2072312627984781476,1782912806876,daring-vine-pipit,2072002416300466562,1327829216583442432,false,false
2072312866217001005,1782912863674,great-mountain-brushturkey,2072292565303382022,219248343,true,
2072312949432070564,1782912883515,inventive-cantaloupe-whistler,2071992374704885905,4560306195,false,
2072313002385187074,1782912896139,diligent-brook-thrasher,,,,
2072313043669659691,1782912905982,glowing-pistachio-finfoot,2072282220270641552,995751007970889730,true,
2072313144563691690,1782913093704,cosmic-root-grackle,2072083299741405282,1938458440122388480,true,
2072313165598052815,1782912935053,sunny-grassland-whistler,2072031349486075947,1528645306413465600,true,
2072313320753729755,1782912972044,early-creek-falcon,2072156028284604464,68712576,true,
2072313447241683345,1782913002201,trusting-granite-cardinal,2072172337739550873,1810092986912616448,true,false
2072313511116489152,1782913017430,majestic-summer-flycatcher,2072015040002036136,1291651282676178944,true,
2072313592985084342,1782913036949,neighborly-rhubarb-chickadee,2072233748028870916,1605136254781243393,true,
2072313735079743637,1782913070827,celebrated-ocean-seagull,2072188571948085692,2032877151561596928,true,
2072313757682790739,1782913076216,cheery-nutmeg-towhee,2072264671717945756,1518951387031351296,true,
2072313888893264117,1782913107499,celebrated-ocean-seagull,2071874094128374036,1938852953160589313,true,
2072313928688828479,1782913292473,cosmic-root-grackle,2067458688370041194,1624550968103673856,false,
2072314017746448436,1782913138220,great-mountain-brushturkey,2072241156642033806,511014449,true,
2072314076600873183,1782913152252,zappy-winter-thicketbird,2072240049832316984,1448727424905142276,true,
2072314215998611571,1782913185487,comforting-mangrove-peacock,2072296425942323448,355989081,false,
2072314248282226808,1782913193185,diligent-brook-thrasher,2072298639314272290,1630245533309706240,true,
2072314364128801076,1782913220804,neighborly-rhubarb-chickadee,2072290094937969070,,true,true
2072314433557127477,1782913237357,enterprising-isle-swan,2072015730485178550,1647468070279999489,true,
2072314437889868286,1782913238390,cosmic-seedling-sparrow,2071926218803335184,181936367,false,
2072314588838740452,1782913274379,effervescent-autumn-chicken,2072133225674064115,32804484,true,
2072314612532298189,1782913280028,content-banana-warbler,2072185169671524451,1150582872144695296,true,
2072314795211329904,1782913323582,cosmic-acorn-firetail,2071952360444694561,1731773353915039744,true,
2072314828668940708,1782913331559,celebrated-ocean-seagull,,,,
2072314917181387241,1782913352663,dexterous-seawater-firefinch,2071992567550320940,1302616789348691968,true,
2072315099788853312,1782913396199,cheery-nutmeg-towhee,,,,false
2072315102158569843,1782913396764,great-mountain-brushturkey,2072308703177359642,18856867,true,
2072315167925248121,1782913412444,enjoyable-buckeye-treerunner,2072009003391947154,873724542706962432,true,
2072315186984181962,1782913416988,hysterical-coconut-friarbird,2071601780106899731,1961845574917111808,true,
2072315249038946792,1782913431783,genial-willow-chicken,2072008441401339958,1074480192,false,
2072315292747694185,1782913442204,lucent-rose-penguin,2072099480145481812,112103858,true,
2072315361358155779,1782913458562,zappy-winter-thicketbird,2072203726605934865,85940766,true,
2072315396615495935,1782913466969,neighborly-rhubarb-chickadee,2072278566050386072,101720224,true,true
2072315670994223500,1782913532385,intellectual-slope-grassbird,2072274588969451746,2410988107,true,
2072315788204376421,1782914116448,cosmic-root-grackle,2072196555969286405,1539899668481679361,false,
2072315811164041372,1782913565807,accomplished-apricot-guillemot,2072014374362128542,2018980745839366144,true,
2072315843665330550,1782913573554,graceful-tomato-goose,2071752200221528278,12652472,true,
2072315936540151939,1782913595696,charitable-grove-starling,2067386595590758575,1604223099918057473,true,
2072315943326204057,1782913597315,nestling-fig-sparrow,2072305700491931704,771606164,true,
2072315952427905294,1782913599484,diligent-brook-thrasher,2071861385508553105,2264638368,true,
2072316031192756505,1782913618264,terrific-apple-finfoot,2072300864870682676,1466149505926156293,true,
2072316102223200382,1782913635199,skillful-pine-bluejay,2072279174216118366,151655222,false,
2072316338530312420,1782913691538,celebrated-ocean-seagull,2072143870620496123,1534113892837773314,true,
2072316430146498839,1782913713381,graceful-lychee-canary,2071878552291581969,754640507821752320,true,
2072317091680522509,1782913871103,zappy-cliff-seagull,2054070745764884540,1224503131515576321,true,
2072317191538553024,1782913894911,zappy-winter-thicketbird,,,,
2072317357159068080,1782913934398,great-mountain-brushturkey,,,,
2072317452000559287,1782913957011,committed-wood-grouse,2072086171128103103,1933432006299561987,true,
2072317564940898715,1782913983938,civil-dune-quetzal,2072159672132685835,1452699495670509568,true,
2072317635098706407,1782914000665,neighborly-rhubarb-chickadee,2072044956450234620,38349184,true,
2072317639276245069,1782914001660,wholesome-raspberry-stilt,2072193429346631846,231033118,true,
2072317671593353519,1782914009365,celebrated-ocean-seagull,2072193429346631846,231033118,true,
2072317754049175960,1782914029025,great-mountain-brushturkey,2072197478162604093,415810385,true,
2072317788710981838,1782914037288,cheery-nutmeg-towhee,,,,
2072317878787813587,1782914058764,great-mountain-brushturkey,2072308648110342392,1448727424905142276,true,
2072317899663081675,1782914282440,cosmic-root-grackle,2071919644730863783,1281861192,false,
2072317966318718977,1782914079633,cheery-nutmeg-towhee,2072287191733350738,754345572337790976,true,true
2072317997297856843,1782914087020,victorious-rainforest-hummingbird,2072255226049118392,,true,
2072318070341751018,1782914104435,diligent-brook-thrasher,2072091613673791967,1985585083101954048,true,
2072318105796194365,1782914112887,zappy-winter-thicketbird,,,,
2072318307428909432,1782914160961,astonishing-horseradish-sandgrouse,2072273542876368920,466781777,true,
2072318400349499508,1782914183114,neighborly-rhubarb-chickadee,2071992786103193664,,true,
2072318504959660290,1782914208056,zappy-winter-thicketbird,2072159363725394328,,true,
2072318525826281635,1782914213031,diligent-brook-thrasher,2071965907614605393,1528658714256936962,true,
2072318572555104423,1782914224171,warm-river-logrunner,2072254809797734770,1552733593717428225,false,
2072318667501519087,1782914246809,responsible-pomegranate-tinamou,2071996103524778469,1459610389981937669,true,
2072318773051134155,1782914271974,approachable-blueberry-heron,2072184688769204490,1412410604237754368,false,
2072318959861281185,1782915108895,cosmic-root-grackle,2071935286523699645,786309892990574592,false,
2072319273985253707,1782914391406,sublime-lowland-penguin,2071316581645443494,46335511,true,
2072319310530265155,1782914400119,celebrated-ocean-seagull,,,,
2072319390633054394,1782914419217,lionhearted-desert-fantail,2071983187983528109,,true,
2072319425257116068,1782914427472,cheery-nutmeg-towhee,2071984974857982206,793841344556912640,true,
2072319444890632517,1782914432152,celebrated-ocean-seagull,,,,
2072319506257444882,1782914446784,cheery-nutmeg-towhee,2072159672132685835,1452699495670509568,true,
2072319817084731399,1782914610303,cosmic-root-grackle,2072291040392835461,4627222575,false,
2072319966855000181,1782914556598,great-mountain-brushturkey,2072277367435792458,1969010035239063552,true,
2072320007883661821,1782914566380,zappy-winter-thicketbird,2072156707393044815,,true,true
2072320089714503824,1782914585890,diligent-brook-thrasher,2072079131152416837,1876294606628995072,true,
2072320104637882506,1782914589448,neighborly-rhubarb-chickadee,2072138417610105102,1407426619472556035,true,true
2072320164880900113,1782914603811,civil-mountain-robin,2072222347827036206,75223140,true,false
2072320167833473367,1782914604516,diligent-brook-thrasher,2072242321672847634,1924507554878795776,true,
2072320173277692111,1782914605814,dazzling-water-tailorbird,2072000214592868617,376632397,true,
2072320173311160381,1782915624310,cosmic-root-grackle,2072202680131338305,1637461516503994368,false,
2072320222518751609,1782914701403,cosmic-root-grackle,2072216067376664761,1937221801609953281,true,
2072320232472117756,1782914712441,cosmic-root-grackle,2071980330379346417,2027843808139087875,true,
2072320518179442979,1782914825774,cosmic-root-grackle,2072296123364991403,4627222575,true,
2072320547694739624,1782914695081,celebrated-ocean-seagull,2072301158115266673,1429499002681126913,true,
2072320570876690786,1782914700608,altruistic-watermelon-wader,2072118595661029571,1632402990584954880,false,
2072320573523276172,1782914701239,curious-brook-thrush,2072180373614641262,1445795097484959745,false,
2072320603734806894,1782914708443,clean-redwood-crow,2070932720281141552,197856312,true,
2072320713009082534,1782914734495,genial-kelp-falcon,2071641196565266619,3302041779,true,
2072320874561061173,1782914900335,cosmic-root-grackle,2071921250017128937,1092883822473924608,true,
2072320923877740566,1782914784771,spunky-jackfruit-swamphen,2072285232632369259,1605744364940034048,true,
2072321097752608995,1782914826225,cheery-nutmeg-towhee,2072293475974787577,1100506329909735424,true,
2072321115989446818,1782914830574,celebrated-ocean-seagull,2072185062754566354,3177286208,true,
2072321117113516329,1782914830841,straightforward-savanna-condor,2072237552447160446,1751738775229583360,true,
2072321246113501539,1782914861597,great-mountain-brushturkey,2072216453525520389,,true,
2072321259325493633,1782914864748,neighborly-rhubarb-chickadee,2072298971653959818,288277167,true,
2072321273246429445,1782914868066,zappy-winter-thicketbird,,,,
2072321331736052053,1782914882011,quick-lime-catbird,2072221482361524425,82588638,false,
2072321397410451649,1782914897670,diligent-brook-thrasher,2072278615220531215,,true,
2072321481938194833,1782915016885,cosmic-root-grackle,2072039566106624165,,true,
2072321583872409914,1782914942125,worldly-brook-songbird,2072080622965735601,1511181772146585602,true,
2072321680383307971,1782914965136,cheery-summer-softbill,2072113002514419884,15754281,true,
2072321703452241973,1782915682472,cosmic-root-grackle,2072056986737188903,1316995857242378240,true,
2072321760880370035,1782914984328,celebrated-ocean-seagull,2072272536176615431,1728663177368608768,true,
2072321765691605316,1782914985475,authentic-cherry-seabird,2072037836711252454,1665136574093205504,true,
2072321854023303330,1782915006534,tidy-sky-crow,2072129086852403214,57145608,true,
2072321891012903161,1782915015353,great-mountain-brushturkey,2072186612327608391,1805590295775715328,true,
2072321928895828148,1782915024386,cheery-nutmeg-towhee,2072291040392835461,4627222575,true,
2072321930032820598,1782915195985,cosmic-root-grackle,2072291040392835461,4627222575,false,
2072321997992829256,1782915040859,worldly-brook-songbird,2070544609067872302,1511181772146585602,true,
2072322150669684784,1782915077260,famous-peppermint-shearwater,2071940759474131240,1552330222938345472,true,
2072322758982131933,1782915222293,zappy-winter-thicketbird,2072160584225714535,,true,true
2072322773897142360,1782915225849,neighborly-rhubarb-chickadee,2072270107687240110,1758056192486608896,true,
2072322788874940421,1782915229420,lucky-rosewood-peacock,2064700140531634206,1961078943701782528,true,
2072323006672805979,1782915281348,worthy-cantaloupe-warbler,2071863917047927294,2032877151561596928,false,
2072323098787856791,1782915303310,diligent-brook-thrasher,2072302570148651384,823766058909761536,true,
2072323148175790395,1782915315085,involved-garden-owl,2072142177027686904,1717671858521194496,true,false
2072323166861746341,1782915319540,intentional-savanna-stilt,2072214199670030848,606233074,true,
2072323181910618389,1782915323127,glowing-petal-blackbird,2072307447495025087,1953880393649635328,true,
2072323207584252009,1782915329249,,,,,false
2072323642352972191,1782916111512,cosmic-root-grackle,2071837879920107709,,true,
2072323813023297550,1782915473597,neighborly-rhubarb-chickadee,2072202680131338305,1637461516503994368,true,
2072323897244918159,1782915493677,zappy-winter-thicketbird,2072292809181135226,1949217766671552512,true,
2072324128560783643,1782915548826,gracious-rain-whistler,2071917674528215245,1623980420235948034,true,true
2072324188816211973,1782915563192,celebrated-ocean-seagull,2072267610884882726,2013583773032390658,true,
2072324246596964561,1782915576969,composed-tigerwood-lark,2072016514681647132,,false,
2072324280621142265,1782915585080,zappy-winter-thicketbird,2072305558921597119,375721095,true,
2072324379887693883,1782915608747,snazzy-autumn-seagull,2071877787762172330,1523601670080536581,true,
2072324381104107957,1782915609038,loyal-wildflower-swamphen,2072321872230834492,1688668458123169792,true,
2072324403757498651,1782915614439,stellar-coral-condor,2072133621767409696,3389296557,true,
2072324466781143518,1782915629465,enthusiastic-citrus-lorikeet,2072222371461705796,1146329871418843136,true,
2072324544161882459,1782915647914,diligent-brook-thrasher,2072131265558393332,1902949049629835264,true,
2072324603003707498,1782915661943,celebrated-ocean-seagull,2072282003047948359,,true,
2072324675946861027,1782915679334,cheery-nutmeg-towhee,2072008837859619161,1673822076728139778,true,
2072324782914232474,1782915704836,astonishing-cedar-albatross,2072068306064830593,1648388254566064132,true,
2072324867924373599,1782915725105,great-mountain-brushturkey,2072282612920414288,,true,
2072324992579051833,1782915754825,incomparable-rhubarb-quetzal,2071735298602553803,834078524277456897,false,
2072325015077351806,1782915760188,talented-raisin-grouse,2071985999044030864,1527468479187587073,true,
2072325027303915605,1782915763103,bookish-beach-kookaburra,2072111363992740090,,true,
2072325117770715181,1782915784672,goodhearted-glacier-needletail,2072029685773455848,1290726343307558914,true,
2072325159818608725,1782915794697,zappy-winter-thicketbird,2072297711974687175,1323168272561287168,true,
2072325265045221784,1782915819785,neighborly-rhubarb-chickadee,2072289274897289386,606233074,true,
2072325274189123859,1782915821965,gregarious-mangrove-condor,2072159672132685835,1452699495670509568,true,
2072325300629938499,1782915828269,worldly-rainfall-meadowlark,2071971609183678544,1831435289341894656,false,
2072325443680604491,1782915862376,assuring-twig-cardinal,2072299584194318624,1563152955548712960,true,
2072325447090606285,1782915863189,celebrated-ocean-seagull,2072309701493076369,,true,
2072325478661169201,1782915870715,cheery-nutmeg-towhee,2072173483727982825,1850977895575142402,true,
2072325507044258260,1782915877482,intentional-savanna-stilt,2072289274897289386,606233074,true,
2072325529705853238,1782915882886,great-mountain-brushturkey,,,,
2072325534475030892,1782915884023,limber-juniper-friarbird,2072323871223800093,2058080503920762880,true,
2072325558944555139,1782915889857,mindful-mist-eagle,2072139081958502406,1467327534543306753,true,
2072325586723172540,1782915896479,great-mountain-brushturkey,2072284268664131702,1598333873905364993,true,
2072325651470880952,1782915911916,limber-juniper-friarbird,2072324211344134516,,true,
2072325666821804128,1782915915576,carefree-forest-flamingo,2071967426086945041,1552795969959636992,true,
2072325709821886760,1782915925828,zappy-winter-thicketbird,2072323100880847150,,true,
2072325763647574181,1782915938661,limber-juniper-friarbird,2072325011759882619,2054666036079976448,true,
2072325915413975420,1782915974845,dexterous-prairie-pelican,2072098779348533543,42629597,true,
2072325931583033540,1782915978700,hypnotic-marmalade-ostrich,2072129086852403214,57145608,false,
2072325994082361422,1782915993601,active-maple-oriole,2071999092629106817,1393287208426082306,true,
2072326011992047804,1782915997872,great-mountain-brushturkey,2072263943519617251,612473,true,
2072326028328886485,1782916001767,knowledgeable-avocado-kookaburra,2072285475495104822,1422568313150902278,true,
2072326143919661222,1782916029325,blazing-snow-citril,2072085362747302345,1067821592833597442,false,
2072326157836419449,1782916032643,celebrated-ocean-seagull,2072277394891624913,1014662014172528640,true,
2072326160436834344,1782916033264,neighborly-rhubarb-chickadee,2072277394891624913,1014662014172528640,true,
2072326283598381418,1782916062628,prudent-mango-puffin,2072316300097933313,1879670389057474560,true,
2072326292351934602,1782916064714,supreme-peach-kingbird,2072180373614641262,1445795097484959745,false,
2072326492508373165,1782916112436,diligent-brook-thrasher,,,,
2072326520954327454,1782916225888,cosmic-root-grackle,2071868743609676070,1887057277527416832,true,
2072326526758985889,1782916120601,inspired-strawberry-osprey,2072217954326876314,1286206818650292224,true,
2072326591506448737,1782916136038,cheery-nutmeg-towhee,2072218114532524167,1587769810460545025,true,
2072326751288545570,1782916174134,celebrated-ocean-seagull,2072169705373053034,770373873036500992,true,
2072326847812006053,1782916197146,steady-beach-crossbill,2072219124265050606,2006385425678811136,true,false
2072326862722797653,1782916200701,zappy-winter-thicketbird,2072267914020098169,,true,
2072327336721105244,1782916313711,cheery-nutmeg-towhee,2072300321515110522,1948849624124719106,true,
2072327339229286447,1782916314309,diligent-brook-thrasher,2072299684089983245,781179932424736768,true,
2072327349182533734,1782916316683,profound-redwood-flycatcher,2072140944460116236,3429075845,true,
2072327655274205425,1782916389661,carefree-desert-rooster,2072067809912185083,201957241,false,
2072327908346024376,1782916449998,great-mountain-brushturkey,,,,
2072327918014066997,1782916452303,keen-ice-goose,2072322904176423045,896550698543874049,true,
2072327921386373249,1782916991053,cosmic-root-grackle,2061161391432638509,1537137984620924929,true,
2072327947835347183,1782916459412,memorable-sand-parrotlet,2071744570832892321,1436318092842389504,true,
2072327966340546722,1782916463825,fabulous-boulder-waxbill,2072104497904795988,,true,
2072328053280182426,1782916484553,celebrated-ocean-seagull,2072082927555674490,2018827585971433473,true,
2072328082455703726,1782916491509,kind-holly-seabird,2071999697091281221,2160790669,false,
2072328131310928284,1782916503156,great-mountain-brushturkey,2072094633430052880,367489464,true,
2072328271602024504,1782916536604,virtuous-moon-murrelet,2072155024877035627,1855166797504483328,true,
2072328369996185856,1782916560063,zappy-winter-thicketbird,,,,
2072328429752418603,1782916574310,reserved-lowland-skimmer,2072064584068841657,38349184,true,
2072328505669366183,1782916592410,temperate-aspen-robin,2072193098437034422,19628766,true,
2072328535771848858,1782916599587,fascinating-pineapple-jay,2072272420551926177,2573090617,false,
2072328548258386153,1782916602564,sublime-granite-quail,2072262753771725071,742143,true,
2072328564461224213,1782917205000,cosmic-root-grackle,2070799671597973533,1161261376846946305,true,
2072328573805838653,1782916608655,brainy-ocean-starling,2072257296722284782,1270171916393906177,true,
2072328610908602856,1782916617502,neighborly-rhubarb-chickadee,2072213741165547970,1525305912155459584,true,
2072328662310072612,1782916725694,cosmic-root-grackle,2071815385570300155,2047968168719880193,false,
2072328748108570939,1782916650212,cosmic-root-conure,2072274025309458522,3324689194,true,false
2072328754865594430,1782916651823,committed-tree-murrelet,2072002347606143135,8802752,true,
2072328897186636000,1782916685756,diligent-brook-thrasher,2072032496162848966,2062966224372322304,true,
2072329003512299527,1782916711106,celebrated-ocean-seagull,2071984763670241326,1356786368656138241,true,
2072329039084241250,1782916830062,cosmic-root-grackle,2072067759736013014,1536076149931253760,false,
2072329217744748544,1782916762182,fashionable-pistachio-friarbird,2072002571561029657,2764078619,true,
2072329383390421401,1782916909037,cosmic-root-grackle,2072289330287222812,10671602,false,
2072329691193622606,1782916875061,cheery-nutmeg-towhee,,,,
2072329776799359379,1782916895471,great-mountain-brushturkey,2072007028956930268,3451108400,true,
2072329787360637395,1782916897989,zappy-winter-thicketbird,2072319058868101627,,true,
2072329902888489115,1782916925533,neighborly-rhubarb-chickadee,2072273012280230188,1572242183767441411,true,
2072329934131900905,1782916932982,excellent-tomato-curassow,2072263943519617251,612473,true,
2072329945523634234,1782916935698,kind-glacier-hillstar,2072088306318180832,,true,
2072330118203142562,1782916976868,diligent-brook-thrasher,2072137743883276737,2775126620,true,true
2072330149953998879,1782916984438,civil-iceberg-recurvebill,2072061554816676297,989900488291307520,true,
2072330250663436540,1782917008449,authentic-pine-gull,2072324488327303382,1546972236170543110,true,
2072330472294883388,1782917061290,joyful-meadow-lorikeet,2071852501650014663,1444632501658419209,true,
2072330551181087160,1782917080098,celebrated-ocean-seagull,2072312674344722701,1276825208679043075,true,
2072330639483744362,1782917101151,perceptive-cloud-starling,2072219124265050606,2006385425678811136,false,
2072330825442730007,1782917145487,mindful-mist-eagle,2072130534176919739,91735172,true,
2072330900356948254,1782917163351,observant-cave-canary,2072095343773118624,,true,
2072330943801565513,1782917173706,smart-prairie-raven,2072308925534290146,19295262,true,true
2072331050462662885,1782917199136,cheery-nutmeg-towhee,,,,
2072331169023037467,1782917227403,victorious-rainforest-hummingbird,2072315342785761439,860495451468029954,true,false
2072331240133263769,1782917244357,dependable-park-gull,2072073843552780288,1092887565806563328,true,
2072331259678798143,1782917249017,brainy-tomato-sunbird,2072301638849532020,1395121387732353030,false,
2072331430764675355,1782917289807,compassionate-kelp-eagle,2072243198395847120,450389852,true,
2072331489388232712,1782917303784,valiant-seawater-condor,2071894202422616392,1288545875711623168,true,
2072331580903661733,1782917325603,valiant-seawater-condor,2072065590995357908,2459754272,true,
2072331747442762035,1782917365309,celebrated-ocean-seagull,2072312056020111864,,true,true
2072331753931382920,1782917366857,great-mountain-brushturkey,2072303899877540140,1099879785818292226,true,true
2072331801553486245,1782917378210,resilient-clay-flameback,2072198083560034600,2032877151561596928,true,
2072331831366599040,1782917385318,zappy-winter-thicketbird,2072296935604789549,,true,
2072331851524460569,1782917390125,neighborly-rhubarb-chickadee,2072027018279964808,,true,
2072331969724039477,1782917418305,cheery-nutmeg-towhee,2072240049832316984,1448727424905142276,true,
2072332040918196339,1782917435279,enchanting-lemon-crake,2071570095407509840,333935142,true,
2072332235676529079,1782917481713,gleeful-highland-hornbill,2071980050589614338,17995040,false,
2072332281549619367,1782917492650,diligent-brook-thrasher,,,,
2072332358653510043,1782917511033,celebrated-ocean-seagull,2072072923129770426,1318340490304126980,true,
2072332377582371266,1782917515546,zesty-frost-firefinch,2072331007680721194,1346279764378718208,true,
2072332399988351263,1782917520888,cosmic-roots-troupial,2072045003271225503,4970411,true,
2072332426232357333,1782917527145,noble-rainfall-wader,2071975907644858823,1780669927541571584,true,
2072332471538966778,1782917537947,zappy-winter-thicketbird,2071995801543246155,776765730,true,
2072332589160112190,1782917565990,victorious-apple-falcon,2071232547506598306,941080742,true,
2072332625683866037,1782917574699,fashionable-flower-waterfowl,2072113002514419884,15754281,true,
2072332673503175066,1782917586099,great-mountain-brushturkey,2072289401590153326,18093097,true,
2072332813911880152,1782918783137,cosmic-root-grackle,2072169370915070300,945419246,true,true
2072332836762177545,1782917625023,carefree-sea-flatbill,2072192143729340911,138212728,true,
2072332864767566065,1782917631701,optimistic-poplar-penguin,2072240095856332994,885838630928994304,true,
2072332875039490293,1782917634149,neighborly-rhubarb-chickadee,,,,
2072332903422312493,1782917640916,zappy-winter-thicketbird,2072281560829579661,2333988375,true,
2072333121647976826,1782917692945,great-tide-heron,2072266304594285039,371970373,true,
2072333243693563965,1782917722044,diligent-brook-thrasher,2072310961155752397,1529516072801652739,true,
2072333251901833688,1782917724001,celebrated-ocean-seagull,2072309328065745347,960861811192016896,true,
2072333349000024363,1782917747150,thriving-citrus-cuckoo,2071607241912815954,1390136958,true,
2072333463093469533,1782917774352,cheery-nutmeg-towhee,2072264352258765000,826294403333505024,true,
2072333719940014465,1782917835589,splendid-wood-logrunner,2072192524882424007,1520635398862561280,true,
2072333901440143660,1782917878862,resplendent-lychee-anhinga,2071975015403212955,437179266,true,
2072333924592718173,1782917884383,great-mountain-brushturkey,2072206965502009777,370825866,true,
2072333982071447756,1782917898086,resplendent-sea-treerunner,2071949075956572347,349803020,true,
2072334071728914529,1782918087387,cosmic-root-grackle,2072173241200685323,1389833864122613761,true,
2072334076657152150,1782917920638,neighborly-rhubarb-chickadee,2072328763480715458,3222562058,true,
2072334080482369999,1782917921549,enlightened-spring-nighthawk,2071880129765134618,1720841923756179456,true,
2072334152318194126,1782917938676,appreciative-coconut-songbird,2072113002514419884,15754281,true,
2072334198791135695,1782917949756,zappy-winter-thicketbird,2072212535604826390,2022950982401843200,true,
2072334309525176555,1782917976157,mannerly-orchard-stork,2072154484088664120,606233074,true,
2072334406216188277,1782917999211,neighborly-rhubarb-chickadee,2072297095491445070,881556571083255808,true,true
2072334508683124959,1782918023640,diligent-brook-thrasher,2072308282618741236,826065164504006657,true,true
2072334556049334639,1782918034933,funny-tomato-songbird,2071877470673088523,2834511,true,
2072334587443716415,1782918042419,celebrated-ocean-seagull,2072282158945783865,1304036488305233923,true,
2072334611254780094,1782918048095,diligent-brook-thrasher,2072326721198792729,,true,
2072334620620730379,1782918050328,cosmic-cloud-tinamou,2072223990995636262,1834166688171896832,true,
2072334697145778199,1782918068573,groovy-fern-warbler,2072069754236375370,297543171,true,
2072334830772044085,1782918100432,magical-passionfruit-sandgrouse,2072226318595338677,345831392,true,
2072334850531479627,1782918105143,cheery-nutmeg-towhee,2072310344161153240,1112123972248920064,true,
2072335048217399696,1782918294625,cosmic-root-grackle,2072270260296712211,909882878657466368,false,
2072335119684415884,1782918169314,electric-sequoia-cormorant,2071960259003077022,1525305912155459584,true,
2072335142467568118,1782918332922,cosmic-root-grackle,2072296158299644411,1261335549215989760,false,
2072335165091672427,1782918180140,diligent-brook-thrasher,2072301540711293434,1386417540331606026,true,
2072335215888859249,1782918192252,welcoming-seawater-duck,2072095343773118624,,true,
2072335239620239377,1782918197909,impeccable-daylight-skylark,2072312608338698265,1417513235067117571,true,
2072335259840979108,1782918202732,sensible-pond-finfoot,2059688676523716720,873724542706962432,true,
2072335297245757678,1782918211648,chipper-summer-crake,2072210510070575169,1360753505942790144,false,
2072335365554217405,1782918227934,great-mountain-brushturkey,2072311214571389383,1731776051230003200,true,
2072335430259724677,1782918243361,zappy-winter-thicketbird,2072303845921661050,1238047794943922176,true,
2072335431224479777,1782918243591,rational-canyon-lovebird,2072164626746212378,1457558434044203013,false,
2072335490271834133,1782918257669,versatile-daylight-grassbird,2072084019924082839,1464977259425632256,true,
2072335552028754266,1782918272393,neighborly-rhubarb-chickadee,,,,
2072335594894618667,1782918282614,temperate-mangrove-cuckoo,2072141589682552913,18479513,true,
2072335725346079101,1782918442185,cosmic-root-grackle,2072060105512595557,14529929,false,
2072335804823740651,1782918332665,genial-moss-waterfowl,2072121474928796127,953378142198161409,true,
2072335806912500023,1782918333163,upbeat-mint-falcon,2072095343773118624,,false,
2072336071451435295,1782918396233,temperate-mangrove-cuckoo,2072130449963360321,18479513,true,
2072336110169059495,1782918405464,consistent-spring-flatbill,2072287266697863323,2742941960,true,
2072336122630340702,1782918408436,celebrated-ocean-seagull,2072247006190297142,1721815365506711552,true,
2072336164506247199,1782918418418,temperate-mangrove-cuckoo,2072131285250625683,18479513,true,
2072336321276686466,1782918455796,aquatic-grassland-flycatcher,2072202254052909332,406464056,true,
2072336386699698375,1782918471394,independent-kiwi-cotinga,2071638113860874345,1355721251180961792,true,
2072336416634179624,1782918478531,warmhearted-ocean-seagull,2072154231365136675,1843586969248641024,true,false
2072336434925555910,1782918482892,diligent-brook-thrasher,2072318380682727911,151907908,true,
2072336599191543955,1782918522057,independent-pecan-parrot,2072322467604091345,1742464174058553344,true,
2072336695471616202,1782918545011,warmhearted-ocean-seagull,2072052509057728649,1843586969248641024,true,
2072336761829707850,1782918560833,stunning-coconut-tailorbird,2071350782746591335,1926333070476464128,true,
2072336793232367668,1782918568319,cheery-nutmeg-towhee,2072261911060853019,1299686059899412480,true,
2072336799330906322,1782918569773,great-mountain-brushturkey,2072316917742776617,2068800638599704576,true,
2072336834500206874,1782918578158,incredible-water-flameback,2072242796459655169,3340334637,true,
2072336873872105734,1782918587545,merry-savanna-magpie,2072327043744772485,1194984822,true,
2072337151690449016,1782918797106,cosmic-root-grackle,2072316389726065139,1277236151343087617,false,
2072337163438506342,1782918656583,zappy-winter-thicketbird,2072281330025373826,1694927521,true,
2072337197575889261,1782918664722,neighborly-rhubarb-chickadee,2072207623600975990,,true,
2072337241922290003,1782918675296,diligent-brook-thrasher,2072264980003774777,1943418931,true,
2072337407572058243,1782918714789,celebrated-ocean-seagull,2072187780264845430,2037931329870778368,true,
2072337495451181185,1782918735741,great-mountain-brushturkey,2072305717017821560,1965355450104463360,true,
2072337860242428032,1782918822715,zappy-winter-thicketbird,2072311868031742181,1534421378505527301,true,
2072337896690823347,1782918831404,considerate-pistachio-crimsonwing,2072286294651117652,2072284891278876672,true,
2072337932115968074,1782918839850,worthy-grassland-chickadee,2071988855377478098,1026576700610621441,true,
2072337945315709069,1782918842997,courageous-daylight-seedeater,2072252564385542653,116171045,true,
2072338031231607253,1782918863480,neighborly-rhubarb-chickadee,,,,
2072338074076336301,1782918873696,diligent-brook-thrasher,2072158770029809815,,true,
2072338125095944232,1782918885860,enjoyable-meadow-ostrich,2072095343773118624,,false,false
2072338136852525422,1782918888663,cheery-nutmeg-towhee,,,,
2072338141755662406,1782918889832,comforting-ocean-canary,2072264672179261517,457060718,true,
2072338166753669206,1782918895793,swift-iceberg-grassbird,2072095343773118624,,false,
2072338325642346803,1782918933674,thriving-almond-crimsonwing,2072019984042119288,1780745501081567233,true,
2072338353572233688,1782918940334,great-mountain-brushturkey,2071991818623881723,2037931329870778368,true,
2072338463207137290,1782918966472,victorious-peat-hawk,2072324488327303382,1546972236170543110,true,
2072338463521673639,1782918966548,zappy-winter-thicketbird,2072308925534290146,19295262,true,
2072338492164616612,1782918973376,spunky-star-emu,2072282440421220568,,true,
2072338498292506816,1782918974837,neighborly-rhubarb-chickadee,2072277374478025029,986841875452694529,true,
2072338556081651959,1782918988615,discerning-marmalade-snowfinch,2072179781660037306,773198941,false,
2072338709416943905,1782919025173,diligent-brook-thrasher,2072326055340245078,1646516211268878339,true,
2072338745291055584,1782919602825,cosmic-root-grackle,2072048508186853803,727786862509756416,true,
2072338809006567527,1782919048917,zappy-winter-thicketbird,2072283654974251028,2293697022,true,
2072338923766903117,1782919076279,elated-mountain-nighthawk,2072174516692992098,1402857482309959681,true,
2072338935221535152,1782919079009,eccentric-fig-conure,2071907764545126579,1905390793826631680,true,true
2072338955257721089,1782919083786,hopeful-leaf-stork,2072204277582283014,1313562171335487493,true,
2072338990091350343,1782919092092,miraculous-water-heron,2072118812518817858,19834403,true,
2072339109226381802,1782919120495,celebrated-ocean-seagull,2071991851742076970,,true,true
2072339138200662514,1782919127404,neighborly-rhubarb-chickadee,2072301817933783278,,true,
2072339143137353937,1782919128580,diligent-brook-thrasher,2072129825062699439,1999293507526361090,true,
2072339399631593660,1782919189733,dexterous-flower-hummingbird,2072014491374555640,1123776006752538624,true,
2072339437627769077,1782919198792,great-mountain-brushturkey,2072208873428025433,2032877151561596928,true,
2072339465960370415,1782919205548,zappy-winter-thicketbird,,,,
2072339481923912135,1782919209353,great-mountain-brushturkey,2072235449444114835,1781684581814697986,true,
2072339512621953439,1782919216672,cheery-nutmeg-towhee,2072331800186171817,791620697726615554,true,
2072339609111941308,1782919239677,great-mountain-brushturkey,2072313122203767229,32136515,true,true
2072339720760135965,1782919266297,diligent-brook-thrasher,2072265487891747240,37034483,true,
2072339749801775225,1782919273220,lionhearted-papaya-cotinga,2034570578862973246,1769957662735859712,false,
2072339967540645890,1782919325133,musical-rain-cockatoo,2071969390275215658,811229675758505984,true,
2072340110939439560,1782919359322,neighborly-rhubarb-chickadee,,,,
2072340210709324021,1782919383109,cheery-nutmeg-towhee,2072276948575834364,374752807,true,true
2072340219232170434,1782919385141,giving-rainfall-rooster,2072093521431970053,3258009148,true,
2072340221840986443,1782919385763,great-mountain-brushturkey,2072225193829740650,3384450706,true,
2072340308625391673,1782919406455,fun-dune-lorikeet,2071943657712746787,68685041,false,
2072340440196510133,1782919437823,neighborly-rhubarb-chickadee,,,,
2072340556856901826,1782919465637,serene-aspen-blackbird,2071774219000533272,2064108920952455169,true,
2072340644954050821,1782919486641,celebrated-ocean-seagull,,,,
2072340811736367180,1782919526405,cheery-nutmeg-towhee,2072088759621829085,567200797,true,
2072340837703573863,1782920944334,cosmic-root-grackle,2072238108171714986,1975338952640077824,false,
2072340953013121333,1782919560088,great-mountain-brushturkey,2072207977038438687,1420896834315190273,true,
2072341017840263295,1782919575545,diligent-brook-thrasher,2072244463272096166,1520005809203077121,true,
2072341046000771538,1782919582258,zappy-winter-thicketbird,2072334702371823827,1937221801609953281,true,
2072341083418132664,1782919591179,observant-flower-pratincole,2071538127685156947,1982569640892252160,true,
2072341159762956593,1782919609381,neighborly-rhubarb-chickadee,2072332818630516810,291438698,true,
2072341162589864408,1782919610055,celebrated-ocean-seagull,2072315284502049094,2370161756,true,
2072341202037256252,1782919619461,cheery-nutmeg-towhee,2072331376913703110,,true,
2072341207770968459,1782919620827,great-mountain-brushturkey,,,,
2072341376864240076,1782919661142,communicative-raisin-flycatcher,2072287063030821196,,true,true
2072341419637830074,1782919671340,celebrated-ocean-seagull,,,,
2072341453926183177,1782919679515,cheery-nutmeg-towhee,2072274165504045503,355130440,true,
2072341520267526204,1782919695365,punctual-rainfall-chicken,2072055376967553127,1403356678700032003,true,
2072341527699890286,1782919697104,zappy-winter-thicketbird,2072244568872112547,1926696997970460672,true,
2072341543118082187,1782919700780,diligent-brook-thrasher,2072265618909171827,1707855049,true,
2072341591629406680,1782919712346,great-mountain-brushturkey,2072333468424605888,1456163056829046785,true,
2072341862686544353,1782919776971,smiley-canopy-hummingbird,2072320054373572836,,true,
2072341872190636430,1782919779238,neat-magnolia-emu,2072279117295133042,203123011,true,
2072341930017435868,1782919793025,cheery-nutmeg-towhee,2072252824566526140,,true,
2072342058812019031,1782919823731,zappy-winter-thicketbird,2072304855272587477,1628415759260033024,true,
2072342244602896686,1782919868027,lionhearted-dune-hillstar,2071958095060721671,,true,
2072342296381583697,1782919880372,likable-persimmon-citril,2072109794274537528,1945851222268825600,true,
2072342356519485488,1782919894710,neighborly-rhubarb-chickadee,2072261726779871372,1904527903205011456,true,
2072342429814915477,1782919912186,independent-apple-parrot,2072331249436275015,1182130668622483459,true,
2072342470029959613,1782919921773,diligent-brook-thrasher,2072209439382507818,2013288503258255360,true,
2072342603412988001,1782919953574,cheery-nutmeg-towhee,2072304104580272581,1977355631062315009,true,
2072342678176485740,1782919971399,candid-pond-redstart,2072157626729705757,,true,
2072342716277543352,1782919980483,neighborly-rhubarb-chickadee,,,,
2072342862532837423,1782920015354,neighborly-rhubarb-chickadee,2072321861908635948,,true,
2072342896167018557,1782920023373,playful-winter-skimmer,2072270293167472696,1594802427470946314,true,
2072342900550086830,1782920024417,celebrated-ocean-seagull,2072320398482424308,,true,
2072342931604725844,1782920031822,stunning-coconut-tailorbird,2071336490630516815,1797713548279185408,true,
2072342941490655627,1782920034178,cheery-nutmeg-towhee,2072319941819220322,1382667164818231297,true,
2072342990144549144,1782920045778,great-mountain-brushturkey,,,,
2072343017499890037,1782920052300,neat-lychee-shorebird,2072333797966647358,,true,
2072343049464648084,1782920059922,goodhearted-mangrove-songbird,2071768441560691019,1245736369042780160,true,
2072343249910477233,1782920107711,eager-sapling-skylark,2072309247166083283,1319287761048723458,true,
2072343275625680917,1782920113842,hypnotic-sand-puffin,2072341303791120892,1136369787389579265,true,
2072343376809148690,1782920137966,zappy-winter-thicketbird,2072258925852774716,1354517757249937414,true,
2072343401421255129,1782920143835,neighborly-rhubarb-chickadee,,,,
2072343609618174230,1782920193472,skillful-reef-macaw,2071652717651460284,650113,true,
2072343610507375045,1782920193685,magical-grassland-fantail,2072111363992740090,,false,
2072343658851148162,1782920205210,vibrant-banana-albatross,2071881189103911019,,true,
2072343738433892499,1782920224184,powerful-pine-pelican,2072229904964587553,67577895,true,
2072343739700289862,1782920351562,cosmic-root-grackle,2072229904964587553,67577895,false,
2072343789587382474,1782920236380,celebrated-ocean-seagull,,,,
2072343816951009310,1782920242904,cheery-nutmeg-towhee,,,,
2072344076423512365,1782920304767,vibrant-banana-albatross,2069494804296425674,2032992221923090432,true,
2072344219147255904,1782920338795,vibrant-banana-albatross,2071504544299987416,2071476292218916864,true,
2072344482327249282,1782920401543,mindful-mist-eagle,2071363703946313795,836865536441090052,true,
2072344551000326297,1782920417915,academic-blueberry-treerunner,2072294135927648285,2370188558,true,
2072344577541898636,1782920424244,great-mountain-brushturkey,2072299603047629268,21407611,true,
2072344606541234337,1782920431157,celebrated-ocean-seagull,2072324944768205060,953378142198161409,true,
2072344792139251882,1782920475408,cheery-nutmeg-towhee,2072274024386740330,1029854106335105025,true,
2072344927820972125,1782920507756,vibrant-banana-albatross,2071171677099368659,,true,
2072345003691569636,1782920525845,great-mountain-brushturkey,2072217653381386388,2024095006588555264,true,
2072345188895244636,1782920570002,whimsical-hill-petrel,2071733074925170875,1765697106616999936,true,
2072345394147725690,1782920618938,zappy-winter-thicketbird,2072338971334504650,,true,
2072345552642273593,1782920656725,encouraging-redwood-hoopoe,2072239254315340138,1128981340848656384,true,true
2072345765918162957,1782920707574,neighborly-rhubarb-chickadee,2072319319082733574,,true,
2072345775401521653,1782920709835,diligent-brook-thrasher,,,,
2072345896323264822,1782920738665,celebrated-ocean-seagull,2072196100186952114,892357548740890630,true,
2072346131112116740,1782920794644,cheery-nutmeg-towhee,,,,
2072346136690450635,1782920795973,great-mountain-brushturkey,2072082965182505394,1161261376846946305,true,
2072346146828116138,1782920798390,celebrated-ocean-seagull,2072249551055134873,33843763,true,
2072346218869506388,1782920815566,cheery-nutmeg-towhee,,,,
2072346265094909979,1782920826587,blazing-grapefruit-spoonbill,2072206819809001940,1473166885516906496,true,
2072346335466930430,1782920843366,zappy-winter-thicketbird,,,,
2072346617168953616,1782920910529,powerful-leaf-chickadee,2072179680023564392,1984773683857203200,true,
2072346638920589430,1782920915714,neighborly-rhubarb-chickadee,2072136276116205681,942602067503443973,true,
2072346758248607991,1782920944164,tough-granite-treepie,2072121418033005038,197722193,true,
2072346761163645107,1782920944859,congenial-conifer-sunbird,2072336950565175642,1513796324025847808,true,
2072346770726637987,1782920947140,diligent-brook-thrasher,2072316300097933313,1879670389057474560,true,true
2072346774115684376,1782920947948,celebrated-ocean-seagull,,,,
2072346777001283898,1782920948636,diligent-brook-thrasher,2072325039572103663,850092272511324160,true,
2072346870324900338,1782920970885,masterful-lagoon-bluejay,2072298797267329061,763094579491008512,true,
2072346918206791916,1782920982302,celebrated-ocean-seagull,2072047167313781078,348796599,true,
2072346925559411190,1782920984054,clever-cloud-sparrowhawk,2071709935524778149,8802752,true,
2072347033285914891,1782921009739,dauntless-birch-junco,2072094633430052880,367489464,true,
2072347048523764024,1782921013371,cheery-nutmeg-towhee,2072168108001755196,1048960987179769861,true,true
2072347050725757039,1782921013897,great-mountain-brushturkey,2072168108001755196,1048960987179769861,true,true
2072347104425509308,1782921026699,trusty-root-dipper,2072136007932063812,1702993634868576256,true,
2072347116089831858,1782921029480,welcoming-poplar-raven,2072333125586162113,65217302,true,
2072347133299028465,1782921033583,zappy-winter-thicketbird,2072299751341445524,1662304097570107392,true,
2072347170498285581,1782921042452,charitable-aspen-hawk,2072008441401339958,1074480192,true,
2072347186545696873,1782921046278,cheery-nutmeg-towhee,2072111189459337380,1942988543976181760,true,
2072347217709416924,1782921053708,neighborly-rhubarb-chickadee,,,,false
2072347286957359471,1782921070219,diligent-brook-thrasher,2072302765611581446,44488467,true,
2072347435871928352,1782921105723,fearless-park-heron,2072342085961761176,1807776840083447808,true,
2072347508055941159,1782921122932,zappy-winter-thicketbird,2072331538469908646,,true,
2072347527467114861,1782921127560,zappy-winter-thicketbird,2072311537755131908,1236429446527299584,true,
2072347564242862254,1782921136328,neighborly-rhubarb-chickadee,2072338761690542441,1597767604998922241,true,
2072347568139288929,1782921137257,celebrated-ocean-seagull,,,,
2072347720572940698,1782921173600,sanguine-harvest-cacholote,2072063111075623050,948015937,true,
2072347753301016713,1782921181403,cheery-nutmeg-towhee,2072192741862257076,1857080153127448576,true,
2072347754513441070,1782921181692,elated-branch-pratincole,2072327014313254945,1128981340848656384,true,
2072347778227765416,1782921187347,terrestrial-sea-curassow,2071756655155433581,1879644163769335808,true,
2072347817331343731,1782921196669,cheery-nutmeg-towhee,2072314050545877393,324076290,true,
2072347850504069145,1782921204578,great-mountain-brushturkey,2072333639959060760,1441755887375241221,true,
2072347927201173716,1782921813829,cosmic-root-grackle,2072212535604826390,2022950982401843200,true,
2072347946109026563,1782921227373,zappy-winter-thicketbird,,,,
2072347995413094661,1782921239127,neighborly-rhubarb-chickadee,2072326540311060617,1525107376331755520,true,
2072348010592309395,1782921242747,swift-magnolia-hornbill,2072042137978355782,1326711991210270724,true,
2072348023011549569,1782921245707,neighborly-rhubarb-chickadee,2072082134538268982,1945915469065560064,true,
2072348083342450796,1782921260092,welcoming-mist-crane,2072272197427576919,,true,
2072348084500131845,1782921260368,amicable-seedlings-dipper,2072334411475927393,21202724,true,
2072348131346227415,1782921271536,great-mountain-brushturkey,2071983325854450174,2056553155404451840,true,
2072348158563414023,1782921278026,tectonic-pineapple-lorikeet,2072275281281454463,1443187739780739081,true,
2072348190649483558,1782921285675,nice-ridge-bushbird,2071541666394292522,2065832586744942593,true,
2072348356400001338,1782921325193,zappy-winter-thicketbird,,,,
2072348655835566364,1782921396585,lovable-foothill-stork,2072309698200506616,573074511,false,
2072348665348260190,1782921398852,yielding-prairie-ibis,2072195105167933879,,true,
2072348707094163603,1782921408805,incredible-beach-finfoot,2072245408588239134,1441537415085166599,true,
2072348770575040785,1782921423940,cheery-nutmeg-towhee,2072215556283855259,2909445183,true,
2072348776635773355,1782921425386,diligent-brook-thrasher,2072244911882252291,1762059687795798016,true,
2072348790904774817,1782921428788,great-mountain-brushturkey,2072336487467688213,80192902,true,
2072348803257032849,1782921431732,felicitous-seedling-raven,2072008837859619161,1673822076728139778,false,
2072348856759521776,1782921444488,impeccable-frost-woodpecker,2071927782020358356,44161945,true,
2072348858953183324,1782921445012,celebrated-ocean-seagull,2072295803977113665,1662304097570107392,true,
2072348886715228489,1782921686935,cosmic-root-grackle,2072238108171714986,1975338952640077824,false,
2072348983595257951,1782921474729,appreciative-orchard-goldfinch,2072041495935279414,18047862,true,
2072348987508568529,1782921475662,wholesome-raspberry-stilt,2072261726779871372,1904527903205011456,true,
2072348995435860065,1782921477551,wholesome-raspberry-stilt,2072264671717945756,1518951387031351296,true,
2072349012087202224,1782921481522,celebrated-ocean-seagull,2072298537300238666,1751997581096312832,true,
2072349053673738320,1782921491437,temperate-sea-nightingale,2072263043547898227,17715048,false,
2072349203372900667,1782921527127,strategic-seedlings-raven,2072285616969326972,2547188032,true,
2072349213485109582,1782921529538,balanced-peppermint-tern,2072285196334883322,630406045,true,true
2072349232837620071,1782921534152,exciting-oak-triller,2072000523956564062,1943714826116603904,false,
2072349241414967566,1782921536197,cheery-nutmeg-towhee,,,,
2072349280493355362,1782921545514,incredible-beach-finfoot,2072246667747664346,1441537415085166599,true,
2072349295672500713,1782921549133,amiable-dune-barbet,2070932720281141552,197856312,true,
2072349329939931192,1782921557303,zappy-winter-thicketbird,2072345728068792624,1074457475485712384,true,
2072349340341870773,1782921559783,cheery-nutmeg-towhee,2072227215689883927,2582953772,true,
2072349352912375912,1782921562780,revered-park-dipper,2072227483328598503,,true,
2072349376333115498,1782921568364,cheery-nutmeg-towhee,2072333797966647358,,true,
2072349380368085040,1782921569326,diligent-brook-thrasher,2072179421528695201,1007048672369102854,true,
2072349382809194689,1782921569908,neighborly-rhubarb-chickadee,2072179421528695201,1007048672369102854,true,
2072349404980232554,1782921575195,enthralling-ridge-dove,2072054596596293908,1986250815720591360,false,
2072349429684678772,1782921581085,genius-shoreline-waterfowl,2072297218363547684,,true,
2072349467232080282,1782921590036,celebrated-ocean-seagull,2072225511812767977,15225512,true,true
2072349505228357705,1782921599095,fascinating-wind-jay,2072347169827233829,,true,
2072349617287540765,1782921625812,inspired-moonlight-wheatear,2072227529440551393,3892913249,true,
2072349691497357569,1782921643506,neighborly-rhubarb-chickadee,2072161517286633931,1634798590613938179,true,
2072349739996037319,1782921655069,diligent-brook-thrasher,2072310571794608439,2897117454,true,
2072349771361124615,1782921662546,botanical-tree-eagle,2072321903759372690,374712154,true,false
2072349774754500799,1782921663355,enlightened-summer-turkey,2072238108171714986,1975338952640077824,true,
2072349849823916303,1782921681253,celebrated-ocean-seagull,2072032496162848966,2062966224372322304,true,
2072349956166520950,1782921706607,knowledgeable-avocado-kookaburra,2072029322316013718,2962691865,true,
2072350174488428871,1782921758659,studious-mulberry-falcon,2072290094937969070,,true,
2072350177495490977,1782921759377,cheery-nutmeg-towhee,2072248252720878070,1502942581549903874,true,
2072350189084443063,1782921762140,meticulous-tigerwood-nighthawk,2072331514289746173,1470189046345306113,true,
2072350201432469784,1782921765083,celebrated-ocean-seagull,2072081253646434535,1017773484603269120,true,
2072350218230600168,1782921769088,great-mountain-brushturkey,2072105323314262132,1408882626056892425,true,
2072350268067291141,1782921780971,celebrated-ocean-seagull,2072146828334961092,1552795969959636992,true,
2072350317673402661,1782921792797,zappy-winter-thicketbird,2072331746088010115,1831761615638708224,true,
2072350351605289427,1782921800887,neighborly-rhubarb-chickadee,2072237747822026849,2925470811,true,
2072350367749165324,1782921804737,steady-sea-flatbill,2072290916891496843,130557513,true,
2072350382328873122,1782921808212,charismatic-peanut-cotinga,2072016641639227531,,true,
2072350407188238468,1782921814139,cheery-nutmeg-towhee,2072046575648424218,1710017545086881792,true,
2072350425844773024,1782921818587,inspiring-lychee-drongo,2071941358143893759,4798153529,true,
2072350435285881222,1782921820838,gentle-peppermint-skimmer,2072281560829579661,2333988375,false,
2072350495256072216,1782921835136,neighborly-rhubarb-chickadee,2072109848649466227,1756612909147328512,true,
2072350563937775847,1782921851511,amusing-cove-shearwater,2071862627802780146,1080825534031060992,true,
2072350600394637710,1782921860203,diligent-brook-thrasher,2072305766917136798,1509428124458565634,true,
2072350603993362932,1782921861061,welcoming-avocado-albatross,2072171444860019052,1500600834920521729,true,
2072350614676554136,1782921863608,incredible-beach-finfoot,2072262739687309328,1441537415085166599,true,
2072350623857537507,1782921865798,civil-grassland-goshawk,2071745737671540801,1631748255435423803,true,
2072350625812066666,1782921866264,soulful-desert-pigeon,2072311537755131908,1236429446527299584,true,
2072350668073889925,1782921876339,heroic-prairie-flamingo,2072320918584451547,1326630409,true,
2072350891806433615,1782921929681,great-mountain-brushturkey,2072247759902548006,887665154653118465,true,
2072351083876299239,1782921975475,celebrated-ocean-seagull,2072334070936199370,2032832046842667008,true,
2072351173928006020,1782921996945,incredible-beach-finfoot,2072271021176975778,1441537415085166599,true,
2072351182060753143,1782921998883,cheery-nutmeg-towhee,2072285127518892181,851277718368829443,true,
2072351183424143392,1782921999208,keen-leaf-jay,2072327014313254945,1128981340848656384,true,
2072351301468393590,1782922027352,zappy-winter-thicketbird,2072121859844260225,4046285536,true,
2072351312839094508,1782922030063,doughty-apple-cotinga,2072325804340510757,69334913,true,
2072351332669800873,1782922034792,great-mountain-brushturkey,2072302644278837728,1484653429343539202,true,
2072351524441776270,1782922080514,neighborly-rhubarb-chickadee,2072319436258705913,702065171175489536,true,
2072351576488878461,1782922092923,spectacular-pine-nightjar,2072126338190692779,1375226858703323137,true,
2072351759050166693,1782922136448,stellar-kiwi-warbler,2071611332097413176,805797645197463554,true,
2072352109987610973,1782922220118,celebrated-ocean-seagull,2072225442531098827,1985346009745260544,true,
2072352192569204796,1782922239808,endearing-citrus-bittern,2072220377527550110,462921513,true,
2072352249284583779,1782922253330,cheery-nutmeg-towhee,,,,
2072352258646270060,1782922255561,diligent-brook-thrasher,2072298821162348879,1526309625267687425,true,
2072352276404932848,1782922259795,great-mountain-brushturkey,,,,
2072352301352661376,1782922265743,zappy-winter-thicketbird,,,,
2072352378179797099,1782922284061,diligent-brook-thrasher,2072301748967112761,1488908516500770824,true,
2072352390523543809,1782922287004,philosophical-woodland-toucan,2072202254052909332,406464056,true,
2072352434660180335,1782922297527,neighborly-rhubarb-chickadee,2072235473422934482,1322088049594032129,true,
2072352437134934074,1782922298116,diligent-brook-thrasher,2072235473422934482,1322088049594032129,true,
2072352526582849934,1782922452192,cosmic-root-grackle,2072348265216115057,2056888379967700992,false,
2072352721215046000,1782922365846,great-mountain-brushturkey,,,,
2072352729154883591,1782922367739,celebrated-ocean-seagull,2072290939050012883,291287276,true,
2072352913184137318,1782922411615,cheery-nutmeg-towhee,,,,
2072353133297103067,1782922464094,mesmerizing-melon-towhee,2072320826263711979,1504427110311596034,true,
2072353248686538823,1782922491605,zappy-winter-thicketbird,2072342085961761176,1807776840083447808,true,true
2072353390735011972,1782922525472,helpful-ice-dove,2072316028034375997,1610719275265802253,true,
2072353411203563713,1782922530353,peaceful-highland-redstart,2072118812518817858,19834403,true,
2072353449799262383,1782922539554,neighborly-rhubarb-chickadee,2071997623872147456,828972781698060288,true,
2072353538517479746,1782922560707,meticulous-winter-quail,2072337000418673041,,true,
2072353583610110148,1782922571457,bubbly-apricot-cormorant,2071815145656135696,255690491,true,
2072353640447148056,1782922585008,diligent-brook-thrasher,2072341977887072648,1817043071009243136,true,
2072353685884002808,1782922595841,cheery-nutmeg-towhee,2072324697300332612,3315205122,true,true
2072353715634249860,1782922602934,celebrated-ocean-seagull,,,,
2072353761591210355,1782922613891,celebrated-ocean-seagull,2072212535604826390,2022950982401843200,true,
2072353933784134121,1782922654946,zappy-winter-thicketbird,2072319473453818030,1876525217104666624,true,
2072353956253094219,1782922660302,communicative-shoreline-snowfinch,2072130520696422630,1510796467694276612,false,
2072354180878995753,1782922713857,neighborly-rhubarb-chickadee,2071939710566420905,,true,
2072354249539817846,1782922730227,cheery-nutmeg-towhee,2072293244516344147,1930735285198868480,true,
2072354305177178265,1782922743492,great-mountain-brushturkey,2072321464918061164,3185716686,true,
2072354322600370643,1782922747647,stunning-foothill-cuckoo,2071273725375213636,401456947,true,
2072354405169365464,1782922767332,playful-pine-pipit,,,,false
2072354601119178791,1782922814051,miraculous-seawater-curassow,2072276514755023091,2042941891113619456,false,
2072354606793802018,1782922815404,diligent-brook-thrasher,2072194007086555476,1708933978881994752,true,
2072354614008037542,1782922817124,great-mountain-brushturkey,,,,
2072354652629151967,1782922826331,cheery-nutmeg-towhee,2072317564475097398,1307971720159035397,true,
2072354654915109102,1782922826876,celebrated-ocean-seagull,2072317564475097398,1307971720159035397,true,
2072354786960138606,1782922858359,magnanimous-lagoon-fantail,2072183418042110035,1169001702944628739,true,
2072354817750532285,1782922865699,great-mountain-brushturkey,2072268994304770452,1972284248888586240,true,
2072354897698398608,1782922884761,peachy-winter-albatross,2072282440421220568,,true,
2072355223343857878,1782922962400,intellectual-bamboo-lapwing,2072315342785761439,860495451468029954,false,
2072355349655433586,1782922992515,zappy-winter-thicketbird,2072334969486070257,1934634951879593984,true,
2072355373948801284,1782922998308,curious-rainforest-penguin,2071705444721037376,1965320603319369728,true,
2072355482740654503,1782924347488,cosmic-root-grackle,2072151729693401155,1487935905721688066,false,
2072355500516098327,1782923028483,neighborly-rhubarb-chickadee,2072191217002295744,39692424,true,true
2072355522800681234,1782923033797,lionhearted-vine-lark,2072031437511950454,295875160,false,
2072355580669313508,1782923047593,diligent-brook-thrasher,,,,
2072355648461791243,1782923172909,cosmic-root-grackle,2072341530069856523,17446621,false,
2072355682418876819,1782923071853,academic-bamboo-egret,2072082168407376237,1689972972755230720,false,
2072355790258643334,1782923097564,hearty-sky-tailorbird,2072341530069856523,17446621,true,
2072355836072964599,1782923108487,zappy-winter-thicketbird,2072044550743539875,1643603215391260673,true,
2072355887612670318,1782923120774,graceful-flower-thrush,2072062052173049959,1222773302441148416,true,false
2072355983754514713,1782923143696,carefree-seedling-songlark,2072231291161018853,1653425756863705095,true,true
2072356038712697243,1782923156800,benevolent-oak-crow,2071640590874292437,1640750525774741504,true,
2072356108149358608,1782923341397,cosmic-root-grackle,2072341530069856523,17446621,false,
2072356155112739295,1782923184552,modern-honeydew-crimsonwing,,,,
2072356155599315448,1782923184668,consistent-mist-catbird,2072331710352560441,,true,
2072356251971862798,1782923207644,winged-oak-emu,2072253263823380550,882099974,true,
2072356270686790137,1782923212107,festive-cedar-shorebird,2071955966623625250,1421042912003911680,true,
2072356388785754433,1782923240263,neighborly-rhubarb-chickadee,2072318825484235051,1784785800153927680,true,
2072356440606388547,1782923252619,quiet-acorns-towhee,2072348588525396106,1176119653053210624,true,
2072356484449730874,1782923403665,cosmic-root-grackle,2072314347116802440,1259862054,true,
2072356514954612883,1782923270345,modern-honeydew-crimsonwing,2072350660729720835,1546972236170543110,true,
2072356601206300852,1782923435208,cosmic-root-grackle,2072046871472648214,1259862054,true,
2072356658680877095,1782923304611,elegant-petal-frigatebird,2072348650773356796,,true,
2072356661721735279,1782923305336,diligent-brook-thrasher,2072132991862898835,1825757098807803904,true,
2072356672308134221,1782923307860,dauntless-birch-junco,2072320802335203837,3331429624,true,true
2072356742898262167,1782923324690,celebrated-ocean-seagull,2072117220847579470,903223524445257729,true,
2072356775626703031,1782923332493,great-moonlight-eagle,2071995939561087438,1728845388390506496,true,
2072356795629138120,1782923337263,neighborly-rhubarb-chickadee,,,,
2072356843695878427,1782923348722,cheery-nutmeg-towhee,2072345562356027497,15411797,true,
2072356845889454441,1782923349245,great-mountain-brushturkey,2072345562356027497,15411797,true,
2072357055956967426,1782923399330,great-mountain-brushturkey,2072230780718153839,1213102045676199937,true,
2072357297729253514,1782923456972,neighborly-rhubarb-chickadee,2072164085337293250,158839578,true,
2072357307489440062,1782923459299,stellar-coral-condor,2072342173023088825,3389296557,true,
2072357353366667589,1782923470237,eloquent-pond-puffbird,2072140944460116236,3429075845,false,
2072357447495217370,1782923492680,celebrated-ocean-seagull,2072201368786333738,1988145027156242434,true,
2072357456668188711,1782923494867,pioneering-juniper-shearwater,,,,
2072357517062209678,1782923509265,limber-juniper-friarbird,2072326855114600504,2053829270112518144,true,
2072357546405265536,1782923516261,cheery-nutmeg-towhee,2072285800654647657,1493596503260205067,true,true
2072357586146591009,1782923525736,genuine-lime-snowfinch,2072130449963360321,18479513,false,
2072357595696734289,1782923528014,trusting-seedlings-conure,2072351920702759300,1546972236170543110,true,
2072357625111675335,1782923535026,limber-juniper-friarbird,2072327307176608115,2052570208003633152,true,
2072357687069749389,1782923549799,intentional-fern-chickadee,2071931757382004854,1691865605975011338,false,
2072357716903784852,1782923556912,zappy-winter-thicketbird,2072334591428612436,1583816196218318848,true,
2072357825423061371,1782923582785,diligent-brook-thrasher,2072304402891751780,2956488800,true,
2072357908906410267,1782923602689,celebrated-ocean-seagull,2072329084051525924,,true,
2072357933166272578,1782923608472,cheery-nutmeg-towhee,2072262187192656052,36889519,true,
2072357998278914410,1782923623996,joyous-blossom-bushlark,2072270504074027342,,false,
2072358018486833638,1782923628815,great-mountain-brushturkey,2072331721140490729,,true,
2072358217590669660,1782923676284,great-tide-heron,2072282783595286945,,true,
2072358281700409384,1782923691569,zappy-winter-thicketbird,2072345454994448784,,true,
2072358341846700255,1782923705909,festive-maple-thrasher,2072314050545877393,324076290,true,
2072358545710854193,1782923754514,respectful-banana-eagle,2072101690178777561,1549611944,true,false
2072358678787948602,1782923786242,wholesome-raspberry-stilt,2072286294651117652,2072284891278876672,true,
2072358687688261680,1782923788364,wholesome-raspberry-stilt,2072117220847579470,903223524445257729,true,
2072358695040934241,1782923790118,wholesome-raspberry-stilt,2072321903759372690,374712154,true,
2072358708336820410,1782923793287,wholesome-raspberry-stilt,2072331376913703110,,true,
2072358762372039093,1782923806170,great-star-puffbird,2072310630120599984,1769283365990273024,true,
2072358763831378281,1782923806518,neighborly-rhubarb-chickadee,2072335374978887716,1240089607951319042,true,
2072358822996508861,1782923820624,hysterical-coconut-friarbird,2072098116342571513,822591757682638848,true,true
2072358860719837455,1782923829618,great-mountain-brushturkey,2072190999967719451,,true,
2072358929166635233,1782923845937,valiant-seawater-condor,,,,false
2072358949571932479,1782923850802,giving-lowland-wigeon,2072321903759372690,374712154,false,
2072359029687324678,1782923869903,glowing-lagoon-warbler,2072316588636639366,1494774146118692865,true,false
2072359097622552845,1782923886101,celebrated-ocean-seagull,2072333333858521318,1756076736968568833,true,
2072359229487190509,1782923917539,empowered-seashore-ostrich,2071944058503631301,1355972360973725698,true,
2072359253030179061,1782924091053,cosmic-root-grackle,2072341328277508104,2044475780042731520,true,
2072359261816951127,1782923925247,cheery-nutmeg-towhee,2072266852428828959,816600493044670465,true,
2072359262597316855,1782924017551,cosmic-root-grackle,2072316300097933313,1879670389057474560,false,
2072359263201100254,1782924456612,cosmic-root-grackle,2061787155538555266,1023079270422171650,true,
2072359264107069560,1782923925793,diligent-brook-thrasher,2072266852428828959,816600493044670465,true,
2072359269073322490,1782924029638,cosmic-root-grackle,2072280827367481500,1567591745860374528,true,
2072359378376614000,1782923953037,serene-aspen-blackbird,2071714995725824413,1683782971818405888,true,
2072359395904647537,1782923957216,great-mountain-brushturkey,2072095335216787959,1760662487299473408,true,
2072359414959395321,1782923961759,diligent-brook-thrasher,2072339615759876452,1685161292179345408,true,
2072359673546641590,1782924023412,informative-peanut-junco,2072292041308979231,31009451,true,
2072359694014849358,1782924028292,hysterical-basswood-lovebird,2072043582635041245,1248330353741369352,true,
2072359699081552054,1782924029499,cherished-conifer-hawk,2072129653087641735,1669079423759314944,true,true
2072359717733552171,1782924033946,snazzy-isle-bluejay,2072283269924847741,842428084431294464,true,
2072359882867495125,1782924073317,celebrated-ocean-seagull,2072182818944561444,1508350305380954115,true,
2072359887187607970,1782924074348,cheery-nutmeg-towhee,2072346254604931081,945419246,true,
2072359892732555484,1782924075669,sublime-lowland-penguin,2072275166214672659,2509360928,true,
2072359913398194634,1782924080597,appreciative-cypress-leaflove,2072292937757811186,1814597651461251074,false,
2072360011741991258,1782924104043,festive-avocado-cotinga,2072301748967112761,1488908516500770824,false,
2072360058697261551,1782924115238,fashionable-sapling-cormorant,2072263943519617251,612473,true,
2072360070940361119,1782924118157,great-tide-heron,2071919177204392233,1994889515513909251,true,
2072360169602773043,1782924141681,celebrated-ocean-seagull,2072284450738810964,2048161886651535360,true,
2072360209603764299,1782924151217,great-mountain-brushturkey,2071986054328971574,1500129642,true,
2072360275253092661,1782924166869,celebrated-ocean-seagull,2072283211485294845,,true,
2072360281716432970,1782924168410,zappy-winter-thicketbird,2072350737347010774,1260212890637930496,true,
2072360341921792051,1782924182765,great-tide-heron,2071983148997751089,1383900030,true,
2072360363220185098,1782924187842,neighborly-rhubarb-chickadee,2072355950087012554,996566071967563776,true,
2072360441355882750,1782924206471,cherished-conifer-hawk,2072344341184643234,1565089861245313027,true,
2072360507164811627,1782924222161,enlightened-seedlings-ostrich,2071759836006498744,124139163,true,true
2072360527607791895,1782924227035,determined-kelp-lovebird,2072149696882307565,1474052557869772804,false,
2072360531709546735,1782924228013,jolly-oak-crow,2072347595767259479,69069168,true,
2072360627700469976,1782924250900,diligent-brook-thrasher,2072355298128322900,1772606058,true,
2072360634038280586,1782924252410,great-tide-heron,2071855509494444437,1547743049567981571,true,
2072360636240007473,1782924252935,great-mountain-brushturkey,,,,
2072360714014978310,1782924271479,celebrated-ocean-seagull,2072040337816666592,,true,
2072360984686027049,1782924336011,diligent-brook-thrasher,,,,
2072361150470091112,1782924375537,zappy-winter-thicketbird,2072355109661737181,2327098700,true,
2072361306531737817,1782924412747,academic-fir-raven,,,,
2072361584802832743,1782924479090,celebrated-ocean-seagull,2072351929724985433,,true,
2072361645632807244,1782924493593,diligent-brook-thrasher,2072325267104891157,2034994824617816064,true,
2072361716558557202,1782924510503,cheery-nutmeg-towhee,,,,
2072361782140629272,1782924526140,great-mountain-brushturkey,,,,
2072361801740652862,1782924530812,colorful-lemon-canary,2072346642292875543,,true,true
2072361825618797032,1782924536505,resilient-woodland-swift,2072057388627009746,2054329830502449152,true,
2072361826881302565,1782924536806,dexterous-strawberry-antwren,,,,
2072361843499188234,1782924540768,neighborly-rhubarb-chickadee,2072292753191457131,1507501842028191752,true,
2072361866970399011,1782924546364,diligent-brook-thrasher,2072183386693832748,1477503116069138434,true,
2072361889271546165,1782924551682,zappy-winter-thicketbird,2072304213321986170,1412702568770379776,true,
2072362076329111710,1782924596279,neighborly-rhubarb-chickadee,2072000523956564062,1943714826116603904,true,
2072362088823992659,1782924599258,magnanimous-rock-fantail,2072331007680721194,1346279764378718208,true,
2072362143136022806,1782924612208,cheery-nutmeg-towhee,2072314292850889124,2026660978046480384,true,
2072362422283780597,1782924678761,zappy-winter-thicketbird,2072220715122934232,1732908146606407681,true,
2072362444870013363,1782924684147,victorious-sea-swift,2072335786326807027,2041946282143432705,true,
2072362470245568570,1782924690197,neighborly-rhubarb-chickadee,2072047390509387872,1626912700189089794,true,
2072362472590172324,1782924690755,diligent-brook-thrasher,2072047390509387872,1626912700189089794,true,
2072362529586606447,1782924704345,celebrated-ocean-seagull,2072199861072470390,1811717960945340416,true,
2072362567377326197,1782924713354,neighborly-rhubarb-chickadee,2072345854845829481,1261406555834023937,true,
2072362614793887967,1782924724659,great-mountain-brushturkey,2072344203359555637,1613591730556735500,true,
2072362673228915032,1782924738591,contemplative-peach-kingfisher,2072299882350567603,1663061403232530438,true,true
2072362692396921105,1782924743162,considerate-hazelnut-waxbill,2072361367625924685,1608245536322117633,true,
2072362776782336283,1782924763280,balanced-willow-cotinga,2072263943519617251,612473,true,
2072362827252211918,1782924904460,cosmic-root-grackle,2072348892486598697,1841988608825466880,false,
2072362923419123804,1782924798242,spunky-star-emu,2072320914922913862,,true,
2072362935964373450,1782924801233,zappy-winter-thicketbird,2072326586301649324,1582257500539289601,true,
2072362938686402952,1782924801881,neighborly-rhubarb-chickadee,2072348973596291371,895424037727346688,true,
2072362941702169042,1782924802601,cheery-nutmeg-towhee,2072075780352266666,1830583772103716864,true,
2072363374537810228,1782924905797,encouraging-redwood-hoopoe,2072263885890208136,1893107724336144386,true,
2072363412588572731,1782924914868,hysterical-sky-bullfinch,2072333468424605888,1456163056829046785,false,
2072363414257619192,1782924915266,stunning-coral-sparrow,2072237567311757705,,true,
2072363484042469513,1782924931904,fortuitous-hillside-skylark,2072004738032484607,1659210667294068738,true,
2072363716213924303,1782924987259,extraordinary-river-condor,2072240095856332994,885838630928994304,false,
2072363833360818197,1782925015188,neighborly-rhubarb-chickadee,,,,
2072363886825894011,1782925027935,notable-rain-grebe,2072348716099403815,1329891389430243330,true,
2072363933844091097,1782925039145,sparkly-autumn-swift,2072189227916493024,1135597824840613888,true,
2072364051867295994,1782925067284,great-mountain-brushturkey,,,,
2072364079226745114,1782925073807,zappy-winter-thicketbird,2072312921699537285,1720623671364956160,true,true
2072364125313794308,1782925084795,diligent-brook-thrasher,2072221166081880392,1319287761048723458,true,
2072364129239584907,1782925085731,composed-cloud-magpie,2072320918584451547,1326630409,true,
2072364169710670125,1782925095380,clean-seedling-canary,2071695317800751555,1641556210309636096,false,
2072364266078847033,1782925118356,diligent-brook-thrasher,2072308379758772542,303398247,true,
2072364268373131437,1782925118903,celebrated-ocean-seagull,2072308379758772542,303398247,true,
2072364274253533329,1782925120305,cheery-nutmeg-towhee,2072286457948188837,2215812295,true,
2072364297922003126,1782925253062,cosmic-root-grackle,2045867974079263118,2714847813,true,
2072364344214540680,1782925136985,comforting-mountain-sparrow,2072291742414426484,1689990448121520130,true,
2072364391828426928,1782925281280,cosmic-root-grackle,2072317094423613518,1926520215237500928,true,
2072364421473518052,1782925155405,frank-pineapple-owl,2072345000398971104,,true,
2072364426213134367,1782925156536,great-mountain-brushturkey,2072274264615702827,2215812295,true,
2072364609252585522,1782925200176,zappy-winter-thicketbird,,,,
2072364641095753856,1782925207767,celebrated-ocean-seagull,2072335000586838414,17469289,true,
2072364645206335638,1782925208747,composed-cloud-magpie,2072260669362110515,1326630409,true,
2072364659194069463,1782925212082,responsible-prairie-crane,2072305354822574375,493353561,true,
2072364778358759552,1782925240493,imaginative-seashore-bluebird,2071779412329046200,3044772544,true,
2072364808511332593,1782925247683,zappy-winter-thicketbird,2072314935443616068,1957063170671198208,true,
2072364812948947161,1782925248740,great-buckeye-emu,2071674673364894157,1642673322184908802,true,
2072364856569725431,1782925259140,neighborly-rhubarb-chickadee,,,,
2072364987364917523,1782925290324,astonishing-tanoak-cormorant,2072080872178606224,15843059,true,
2072365040351535336,1782925302957,zappy-winter-thicketbird,,,,
2072365149357306019,1782925328946,elated-mountain-nighthawk,2072172618040623574,2037138276952530945,true,
2072365245239083036,1782925351807,earnest-grass-raven,2072345562356027497,15411797,false,
2072365256697844209,1782925354538,tropical-rose-crossbill,2071712916689007068,2043321273833472000,true,
2072365285403943263,1782925361383,wholesome-raspberry-stilt,2072299882350567603,1663061403232530438,true,true
2072365311072866588,1782925367502,diligent-brook-thrasher,2072350437500445073,1283672799777886208,true,
2072365334032507376,1782925372977,celebrated-ocean-seagull,2072342552129192192,3334678330,true,
2072365344497283415,1782925603810,cosmic-root-grackle,2072173241200685323,1389833864122613761,false,
2072365389007171913,1782925386083,cheery-nutmeg-towhee,,,,
2072365389401457145,1782925386177,pleasant-granite-conebill,2072251638543196307,18927441,true,
2072365477767139542,1782925407245,astonishing-tanoak-cormorant,2072272579310620862,1500654032234459141,true,
2072365513724907578,1782925415818,hysterical-sea-heron,2072358436226965712,1109224247178727426,true,
2072365555886194728,1782925533774,cosmic-root-grackle,2072261726779871372,1904527903205011456,true,
2072365570532524486,1782925429362,zappy-winter-thicketbird,2072280685902283010,2215812295,true,
2072365650673332590,1782925448470,nestling-elm-crow,2068753024902938714,1135597824840613888,true,
2072365725029745112,1782925466198,great-mountain-brushturkey,,,,
2072365871452864652,1782925501107,great-mountain-brushturkey,,,,false
2072365969574412521,1782925524502,lithe-mint-spoonbill,2072064432033734752,1408882626056892425,true,true
2072366120137339126,1782925560399,neighborly-rhubarb-chickadee,2072237301392928987,1947406673242464257,true,
2072366316141563929,1782925607129,transparent-marble-songbird,2072275281281454463,1443187739780739081,false,
2072366434907234625,1782925635445,confident-apple-whistler,2071946126299635880,3236040526,true,
2072366543535489527,1782925661344,diligent-brook-thrasher,2072334413246132495,,true,
2072366637043347725,1782925683638,cheery-nutmeg-towhee,2072361872687292891,1750832325196197888,true,
2072366647407518066,1782925686110,great-mountain-brushturkey,,,,
2072366803511120203,1782925723327,zappy-winter-thicketbird,,,,
2072366808082833645,1782925724417,celebrated-ocean-seagull,2072275763072823788,2215812295,true,
2072366937422651523,1782925755254,great-mountain-brushturkey,2072352833454711046,1594871021978652673,true,
2072366956355981364,1782925759768,dexterous-peachtree-hillstar,2071989275646681341,372812630,true,false
2072366958704484365,1782925760328,confident-apple-whistler,2072069680299151414,1523185008,true,
2072366960176779477,1782925760680,cheery-nutmeg-towhee,2072309827661889730,759179784752599040,true,
2072366999720579328,1782925770107,tolerant-bamboo-kingbird,2072359912970039712,1261335549215989760,false,
2072367060655411315,1782925784636,diligent-brook-thrasher,2072039615192592875,392167410,true,
2072367101268885512,1782925794318,wise-cashew-barbet,2072350305031733399,330262748,true,
2072367117203091681,1782925798117,celebrated-ocean-seagull,2072085439192654023,1155577456633569282,true,
2072367135150473705,1782925802396,diligent-brook-thrasher,2072353352470401299,1802462187648131072,true,
2072367294848602119,1782925840472,exceptional-almond-cotinga,2071705421337788547,,false,
2072367297671352815,1782925841144,neighborly-rhubarb-chickadee,2072334288507293857,27827277,true,true
2072367316147351853,1782925845549,zappy-winter-thicketbird,,,,
2072367320022810971,1782925846473,neighborly-rhubarb-chickadee,2072262280016986442,1604717854921986048,true,
2072367428164588025,1782925872256,dexterous-wind-auklet,1920103966118986105,19438626,true,
2072367478521356737,1782925884263,neighborly-rhubarb-chickadee,2072195390284378230,1889965187043872768,true,true
2072367519550034255,1782925894044,intelligent-granite-skylark,,,,
2072368078898311554,1782926162782,cosmic-root-grackle,2032689635810488453,1482224907702632449,true,
2072368115220934896,1782926036063,celebrated-ocean-seagull,2072357964694880624,1165037950952005634,true,
2072368170363469854,1782926049211,accomplished-cypress-junco,2072333887720861909,1633732608931807232,false,
2072368189653094636,1782926053810,suave-magnolia-sparrow,1891984763059159206,890061634181373952,true,
2072368239351419192,1782926065658,cheery-nutmeg-towhee,2072317094423613518,1926520215237500928,true,
2072368243323420782,1782926066606,great-mountain-brushturkey,,,,
2072368248205594792,1782926067770,zappy-winter-thicketbird,2072277620222460247,1681935851092328448,true,
2072368323048726974,1782926085613,diligent-brook-thrasher,2072362950132686896,,true,
2072368423049298306,1782926109455,cheery-nutmeg-towhee,2072260315694141545,1880136471111200768,true,
2072368502002893048,1782926128279,celebrated-ocean-seagull,,,,
2072368597637251405,1782926151080,neighborly-rhubarb-chickadee,2072332993448775721,2002022207535681536,true,
2072368744110620685,1782926186002,active-forest-jacana,2072108481784758430,5943622,true,
2072368949573062743,1782926373426,cosmic-root-grackle,2071877087804178821,2037998774815948800,true,
2072368966182305982,1782926238949,cheery-nutmeg-towhee,2072034924186435771,1702276645715886080,true,
2072369191902986263,1782926292764,great-mountain-brushturkey,,,,
2072369207619072263,1782926296511,zappy-winter-thicketbird,2072304453772804363,1830770203975675904,true,true
2072369295196033209,1782926317392,calm-winter-egret,2071975015403212955,437179266,true,
2072369378511991077,1782926607151,cosmic-root-grackle,2072083299741405282,1938458440122388480,false,
2072369572703809853,1782926383554,temperate-granite-cardinal,2072332960418746555,900407308592832513,true,
2072369684096459171,1782926532146,cosmic-root-grackle,2072353984732434597,780460754910732288,false,
2072369747916640737,1782926425328,neighborly-rhubarb-chickadee,2071971884070227994,55403686,true,true
2072369828589941110,1782926444562,diligent-brook-thrasher,2072264067356725568,1658099257117921280,true,
2072369904632950991,1782926462693,witty-tomato-peacock,2072349291058737206,16331010,true,true
2072369937318846807,1782926470486,celebrated-ocean-seagull,2072296951542898977,562625384,true,true
2072370077425426518,1782926503890,empathetic-glacier-fantail,2072287637495292088,121385551,true,
2072370214067372408,1782926536467,whimsical-honeydew-sandgrouse,2072316588636639366,1494774146118692865,false,
2072370346670346604,1782926568083,soothing-ice-goose,2072360563443683463,37896651,true,
2072370368346575134,1782926573250,cheery-nutmeg-towhee,2072331710352560441,,true,
2072370403054440893,1782926581525,valorous-kiwi-parrot,2072310961155752397,1529516072801652739,true,
2072370437451845740,1782926589726,loyal-brook-shorebird,2072349672778109260,759251,true,true
2072370457832005708,1782926594586,flying-slope-treerunner,2072281278972363251,216881337,true,
2072370487473082834,1782926601653,great-mountain-brushturkey,,,,
2072370524768878868,1782926610545,zappy-winter-thicketbird,2072344252059705458,131519051,true,
2072370553080688849,1782926617294,phenomenal-tanoak-swift,2072325091363373248,,true,
2072370554749739509,1782926617692,neighborly-rhubarb-chickadee,2072224681705226730,118659073,true,
2072370621741215978,1782926633664,diligent-brook-thrasher,2072310387999916207,1380838078592466946,true,
2072370630817665042,1782926635829,celebrated-ocean-seagull,2072119438728479192,54981905,true,
2072370752356274475,1782926664805,efficient-cherry-petrel,2071947446721405232,1904216574447472640,true,
2072370811332088008,1782926678866,cheery-nutmeg-towhee,2072058873687519271,27760216,true,
2072370813827678434,1782926679462,great-mountain-brushturkey,2072333538523791714,,true,
2072370816440836527,1782926680084,zappy-winter-thicketbird,,,,
2072370827006271931,1782926682603,great-mountain-brushturkey,2072081253646434535,1017773484603269120,true,
2072370967813218687,1782926716174,intelligent-granite-skylark,2072172902628438130,882839768731660288,true,
2072370990487654405,1782926721580,neighborly-rhubarb-chickadee,2072229872986997170,528952400,true,
2072371014240030834,1782926727243,astonishing-tanoak-cormorant,2072337509946655180,1879644163769335808,true,
2072371073467785546,1782926741364,diligent-brook-thrasher,2072281483771773156,2965822391,true,
2072371106019971272,1782928099691,cosmic-root-grackle,2071922609579512143,230307512,false,
2072371272642605404,1782926788851,celebrated-ocean-seagull,2072129653087641735,1669079423759314944,true,
2072371330251358213,1782926802587,cheery-nutmeg-towhee,2072364883295998436,1513513086484852736,true,
2072371336878416203,1782926804166,great-mountain-brushturkey,2072308506309320844,1947695152342175746,true,true
2072371419132973243,1782926823778,cheery-nutmeg-towhee,2072257053188362603,1371535764383789066,true,
2072371552071430166,1782926855472,swift-river-condor,2072091199742017955,1457867047334031360,false,
2072371667624509882,1782926883022,celebrated-ocean-seagull,2072143663115669620,1414410212065357828,true,
2072371719830941744,1782926895469,zappy-winter-thicketbird,2072288369669713929,80021045,true,
2072371890111283350,1782926936067,miraculous-trail-tailorbird,2072272197427576919,,false,
2072371974198714712,1782926956115,legendary-peanut-curassow,2072143663115669620,1414410212065357828,true,
2072372150506307968,1782926998150,neighborly-rhubarb-chickadee,2072340547373580363,1164200820377817092,true,
2072372213638951409,1782927013202,diligent-brook-thrasher,2072247814932095253,,true,
2072372215706767598,1782927013696,zappy-winter-thicketbird,2072247814932095253,,true,
2072372281037222166,1782927029271,celebrated-ocean-seagull,2072338423424167987,1819608033103618048,true,
2072372358891835773,1782927047834,cheery-nutmeg-towhee,2072334422364520787,2329956857,true,
2072372384443887884,1782927053925,insightful-island-catbird,2072055376967553127,1403356678700032003,false,
2072372524151607589,1782927087234,zappy-winter-thicketbird,2071963097305072122,,true,
2072372561493549455,1782927096138,neighborly-rhubarb-chickadee,2072362152539857257,1544349150090780674,true,
2072372603239497787,1782927106091,futuristic-kiwi-friarbird,2072259353114013821,1831634163453120512,true,
2072372611837816971,1782927108140,blazing-trail-grassbird,2072102122640847287,1901503850772828160,false,
2072372625762902496,1782927111461,celebrated-ocean-seagull,,,,
2072372648412139569,1782927116860,great-mountain-brushturkey,2072306328995873101,1835788046362451968,true,
2072372737075527819,1782927137999,neighborly-rhubarb-chickadee,2072346642292875543,,true,
2072372751101239650,1782927141343,neighborly-rhubarb-chickadee,2072224940615671834,1364627172032458758,true,
2072372872731820340,1782927170342,diligent-brook-thrasher,2072364512208990645,1205111495027240961,true,
2072372900976533701,1782927177076,amusing-branch-warbler,2072304983727386891,,true,
2072372907368395247,1782927178600,zappy-winter-thicketbird,2072240095856332994,885838630928994304,true,
2072373002507788393,1782927201283,safe-fig-parakeet,2072340449537486931,,true,
2072373113774326089,1782927227811,exquisite-clay-albatross,2071956417737556083,48315339,true,
2072373220951589255,1782927253364,flourishing-jackfruit-swamphen,2072360563443683463,37896651,false,
2072373229700669487,1782927255450,diligent-brook-thrasher,2072357647655875019,355130440,true,
2072373293227577352,1782927270596,celebrated-ocean-seagull,2072023721242452314,3332659678,true,
2072373296075559201,1782927271275,cheery-nutmeg-towhee,2072343843043672476,1260212890637930496,true,
2072373323481096227,1782927277809,diligent-brook-thrasher,,,,
2072373340057088474,1782927281762,celebrated-ocean-seagull,2072152247786467723,75264300,true,true
2072373418922524736,1782927300564,diligent-brook-thrasher,2072289058920022078,1890842214,true,
2072373493602414730,1782927318370,inspiring-moonlight-kestrel,2072172207460216964,22273667,true,
2072373517106966621,1782927323973,charismatic-garden-tern,,,,
2072373520970182811,1782927324894,peachy-grapefruit-pelican,2072278642093088890,985172054,true,true
2072373543447200047,1782927330254,patient-sunflower-hillstar,2072370852595724366,1376234450883858432,true,
2072373676163428366,1782927361895,cheery-nutmeg-towhee,2072278026977427931,2582953772,true,
2072373757994582497,1782927381406,outstanding-ridge-turkey,2072273614494408995,1959975459460116480,true,
2072373760645337104,1782927382038,meticulous-winter-quail,2072193251097125289,,true,
2072373784724533488,1782927598685,cosmic-root-grackle,2072015170122195288,1689393367833313286,true,
2072373881378140263,1782927410822,great-mountain-brushturkey,2072350217865703628,893467525220093952,true,
2072373885933146236,1782927411909,zappy-winter-thicketbird,,,,
2072373941138489816,1782927425072,magical-plum-leaflove,,,,false
2072374002719604777,1782927439752,upstanding-boulder-francolin,2072298639314272290,1630245533309706240,true,
2072374039755080188,1782927448582,zappy-winter-thicketbird,2072211301674496203,1586689572431622149,true,
2072374133174759442,1782927470855,winged-fern-hawk,2072039615192592875,392167410,true,
2072374153550631012,1782927475714,neighborly-rhubarb-chickadee,2072358334259233039,25461771,true,
2072374200430629235,1782927486890,meticulous-winter-quail,2072212799896621431,,true,
2072374203844608099,1782927487704,determined-pistachio-raven,2072334143480844591,,false,
2072374237806088450,1782927495801,peachy-winter-albatross,2072320914922913862,,true,
2072374264418742422,1782927502146,jazzy-freshwater-treerunner,2071995821021684017,1552795969959636992,false,
2072374288871506292,1782927507977,diligent-brook-thrasher,2072352405635633254,183625065,true,
2072374361340739712,1782927525254,hearty-samba-puffin,2072055580550631683,1663544409055715332,true,
2072374374074859796,1782928059908,cosmic-root-grackle,2072032564588482777,133938408,false,
2072374432505487374,1782927542222,celebrated-ocean-seagull,2072232331251753165,1288398620140679168,true,
2072374481218125946,1782927731621,cosmic-root-grackle,2072103012483346712,288277167,false,
2072374530950263167,1782927565692,noble-hillside-pigeon,2071994061624426582,44196397,false,false
2072374556883345590,1782927571875,receptive-fern-songlark,2072371403022631099,,true,
2072374702190760222,1782927606519,cheery-nutmeg-towhee,2072048525412651315,217577887,true,
2072374794079658074,1782927628428,explorative-pomegranate-grassbird,2072353984732434597,780460754910732288,false,
2072374856335651031,1782927643271,celebrated-ocean-seagull,2072334969486070257,1934634951879593984,true,
2072374998069555496,1782927677063,great-mountain-brushturkey,2072256933310890307,,true,
2072375034862023067,1782927685833,zappy-winter-thicketbird,,,,
2072375140000920059,1782927710902,hypnotic-nectarine-kite,2072115551489425620,1157689921349521410,true,
2072375296523653391,1782927748219,neighborly-rhubarb-chickadee,2072344251598274952,3096147528,true,
2072375312336245161,1782927751990,discerning-eucalyptus-motmot,2072362264548553009,2313552080,true,
2072375353343906229,1782927761766,diligent-brook-thrasher,,,,
2072375371945701419,1782927766201,admirable-wind-crimsonwing,2072368851082256401,1546972236170543110,true,
2072375388274139499,1782927770094,celebrated-ocean-seagull,2072342303792836714,1697587090001666048,true,
2072375411279835496,1782927775579,cheery-nutmeg-towhee,2072322263224037445,2022253394778615808,true,
2072375419920081046,1782927777640,reliable-holly-spoonbill,2072242912885080383,1932349792698667008,true,
2072375574585114831,1782927814514,great-mountain-brushturkey,2072144779253535198,989889607167815680,true,
2072375592180142160,1782927818710,zappy-winter-thicketbird,2072068431885611217,918197046871502849,true,
2072375602837901805,1782927821250,cheery-nutmeg-towhee,2072290912085123326,893369654768529408,true,
2072375705594122706,1782927845749,reserved-tide-bluebird,2070137237136609761,1736048885619974144,true,
2072375737273762061,1782927853302,rollicking-maple-bullfinch,2072171115330629916,1720701343,true,
2072375854106055103,1782927881157,neighborly-rhubarb-chickadee,2072138344515985716,1334139538944516098,true,
2072375870040539452,1782928176158,cosmic-root-grackle,2072296736307990885,1722014154322575360,false,
2072375958657438127,1782927906084,diligent-brook-thrasher,2072353462965121436,1428427211028287489,true,
2072376008464806172,1782927917960,celebrated-ocean-seagull,,,,
2072376038617760166,1782927925148,cheery-nutmeg-towhee,2072359576129712255,1274441565256265737,true,
2072376154804080769,1782927952849,great-mountain-brushturkey,2072360071808332272,1266608901346209793,true,
2072376379497177118,1782928006420,shining-lagoon-piculet,2072084773414330394,1876691712028106752,true,
2072376528336224623,1782928041906,zappy-winter-thicketbird,2072346210803880279,3599238389,true,true
2072376528982466634,1782928592189,cosmic-root-grackle,2072048508186853803,727786862509756416,true,
2072376538092224812,1782928044232,great-mountain-brushturkey,2072371166363214036,770001997550551041,true,
2072376551853736275,1782928047513,zappy-winter-thicketbird,,,,
2072376566231773310,1782928050941,neighborly-rhubarb-chickadee,2072052494281105509,1685161292179345408,true,
2072376829311119742,1782928113664,sturdy-mint-penguin,2072345000398971104,,false,
2072376870486638813,1782928123482,celebrated-ocean-seagull,2072371064357683465,2293697022,true,
2072376955400593699,1782928143730,incredible-olive-piculet,2071971965263384731,921040708621996033,true,
2072377080168223077,1782928173474,adept-hill-triller,2065433364845269381,1077508550,true,
2072377124875296850,1782928184132,cheery-nutmeg-towhee,,,,
2072377136053133694,1782928186798,neighborly-rhubarb-chickadee,,,,
2072377175848669476,1782928196285,great-mountain-brushturkey,2072323799400472879,1967706956094910464,true,true
2072377188645556734,1782928199336,zappy-winter-thicketbird,2072331841730695255,37501849,true,
2072377218739929505,1782928206511,agile-spring-grouse,2071924758476738739,87973711,true,
2072377307407204424,1782928227651,neighborly-rhubarb-chickadee,2072303426004750747,2721784144,true,
2072377344514302180,1782928236498,diligent-brook-thrasher,2072241328461623398,2027797455463714816,true,
2072377401506455648,1782928250086,celebrated-ocean-seagull,,,,
2072377420577907174,1782928254633,cheery-nutmeg-towhee,2072354146825453702,842153470933241858,true,
2072377438768623668,1782928258971,diligent-brook-thrasher,2072311111047667853,1437349408262209540,true,
2072377458536673356,1782928263683,spunky-star-emu,2072293574792691894,,true,
2072377512617717854,1782928276578,celebrated-ocean-seagull,2072372965862220209,848872437425070082,true,
2072377514912100807,1782928277124,great-mountain-brushturkey,2072372965862220209,848872437425070082,true,
2072377560760004752,1782928288055,zappy-winter-thicketbird,2072355567796981855,1571174195370803201,true,true
2072377598789791868,1782928297123,cheery-nutmeg-towhee,,,,
2072377738220995053,1782928330365,great-mountain-brushturkey,2072353280147988744,1283672799777886208,true,true
2072377787747274983,1782928342174,diligent-brook-thrasher,2072356517857100033,1112077071071805442,true,
2072377790318416372,1782928342787,neighborly-rhubarb-chickadee,2072356517857100033,1112077071071805442,true,
2072377802209247272,1782928345621,transcendent-nectarine-sparrow,2072356500836663500,1276825208679043075,false,
2072377803891265613,1782928346022,creative-apple-seagull,2072329860161126888,326756275,false,false
2072377899370381561,1782928368787,peachy-plum-whistler,2072351653949526349,1960862751578079232,true,
2072378015623889222,1782928396504,perceptive-water-swan,2072335630512583139,,true,
2072378057126535388,1782928406398,cheery-nutmeg-towhee,2072364141340168409,104646431,true,
2072378085635248446,1782928413195,diligent-brook-thrasher,2072284939870154855,1282198393171972101,true,
2072378152999846168,1782928429256,great-mountain-brushturkey,2071947527272923640,1599773586788843520,true,
2072378197795119583,1782928439936,great-mountain-brushturkey,2072295496761393204,2270741967,true,
2072378289310814209,1782928461755,altruistic-juniper-parakeet,2071941009395646857,1519736925837479937,true,false
2072378310881914998,1782928466899,inclusive-banana-swift,2072290023827784000,138037459,true,
2072378395422343220,1782928487055,supreme-peanut-ibis,2072316300097933313,1879670389057474560,false,
2072378510086476008,1782928514393,vibrant-bonsai-peafowl,2072031860981399632,1895451474840166400,true,
2072378519376585017,1782928516607,zappy-winter-thicketbird,2072373013069107675,397784697,true,
2072378633532903773,1782928543824,neighborly-rhubarb-chickadee,2072080578241769902,2435155438,true,
2072378667188072807,1782928551848,zappy-winter-thicketbird,2071942232102371591,2989775526,true,
2072378834884739181,1782928591830,gumptious-seashore-bunting,2059688676523716720,873724542706962432,false,
2072378995719442915,1782928630176,diligent-brook-thrasher,2072320054373572836,,true,
2072379069425934822,1782928647750,neighborly-rhubarb-chickadee,2072197421006831766,1418679284944752641,true,true
2072379073331122223,1782928648681,auspicious-rainforest-francolin,2072377929648988359,1546972236170543110,true,
2072379091039215879,1782928652902,diligent-brook-thrasher,,,,
2072379203828527164,1782928922435,cosmic-root-grackle,2067696909108621560,4486093643,false,
2072379378160308513,1782928721358,talented-earth-kingfisher,2072378364678029355,,true,
2072379412922749338,1782928856815,cosmic-root-grackle,2067279976706027875,1877138638208630784,true,
2072379470669820328,1782928743414,cheery-nutmeg-towhee,2072327873940128148,1564490038330916865,true,
2072379597652377663,1782928773688,fabulous-spring-spoonbill,2072369130976465039,1546972236170543110,true,
2072379656787902919,1782928787788,celebrated-ocean-seagull,2072279616421806209,245884632,true,
2072379662769029421,1782928789214,great-mountain-brushturkey,2072316880505762057,1662861971740409859,true,
2072379693756752039,1782928796602,meticulous-winter-quail,2072128091959537724,2061991492324139008,true,
2072379832772534764,1782928829745,zappy-winter-thicketbird,2072364476834140390,1254882643478446082,true,
2072379990574846462,1782928867369,neighborly-rhubarb-chickadee,2072375056873771274,1606630387928686592,true,true
2072380034090737814,1782929142186,cosmic-root-grackle,2059511327572496722,,true,
2072380157722325073,1782928907219,inspired-elm-bunting,2072364005562413560,204368952,true,
2072380201095377035,1782928917560,celebrated-ocean-seagull,2072357525727453536,111105617,true,
2072380395685892434,1782928963955,diligent-brook-thrasher,2072342263888322784,1878072941776420864,true,
2072380520529265005,1782928993720,phenomenal-aspen-cardinal,2072183109529768441,140886484,true,true
2072380533938552886,1782928996916,cheery-nutmeg-towhee,2072338431112303061,1509428124458565634,true,
2072380624124399962,1782929018419,sublime-riverbank-magpie,2072379013641757107,1546972236170543110,true,
2072380669548745017,1782929149261,cosmic-root-grackle,2067612212848361912,1662684105157246981,true,
2072380674406072575,1782929030406,distinguished-seashore-conebill,2072326117302649071,,true,
2072380674711953864,1782929151387,cosmic-root-grackle,2072314813498212550,819994707061248001,true,
2072380936797184012,1782929092965,zappy-winter-thicketbird,2072321301381828973,1590593060345454592,true,
2072381031622038004,1782929115574,wholesome-raspberry-stilt,2072252763539423554,,true,
2072381040010596837,1782929117574,wholesome-raspberry-stilt,2072295596040257927,1222773302441148416,true,
2072381140107686007,1782929141439,magnificent-redwood-robin,2072306527390601616,348815719,true,
2072381174391963859,1782929149612,spunky-desert-gull,2072071127145292094,291229690,true,
2072381176908505107,1782929150212,hysterical-wood-brownbul,2072369130976465039,1546972236170543110,true,
2072381238640259449,1782929164931,diligent-brook-thrasher,2071998712809763280,1842401756849799168,true,true
2072381263231476060,1782929170793,celebrated-ocean-seagull,,,,
2072381263454052803,1782929170846,delightful-daylight-flatbill,2046640244645081108,3207545212,true,
2072381718170870013,1782929279260,approachable-lumber-treerunner,2072364044703404132,1546972236170543110,true,
2072381733794934795,1782929282984,distinguished-seashore-conebill,2072358337950187912,,true,true
2072381740115534195,1782929284491,cheery-nutmeg-towhee,,,,
2072381777813946579,1782929293479,diligent-brook-thrasher,,,,
2072381954495009237,1782929335603,famous-sunflower-falcon,2059688676523716720,873724542706962432,false,
2072381988619628574,1782929343739,neighborly-rhubarb-chickadee,2072148036482896135,1529159576712581122,true,
2072381993032261647,1782929344791,accomplished-apricot-guillemot,2072263943519617251,612473,true,
2072382033255383086,1782929354381,celebrated-ocean-seagull,2072343359767621669,785956455790751744,true,
2072382105724624993,1782929371659,great-mountain-brushturkey,2072372455121776756,1920404615243390976,true,
2072382144115028152,1782929380812,neighborly-rhubarb-chickadee,2072292038687506441,,true,true
2072382162616340916,1782929385223,distinguished-seashore-conebill,2072356617962586579,,true,
2072382291817492669,1782929416027,logical-tree-motmot,2072352707063452128,1231969046171734017,true,
2072382532356542870,1782929473376,zappy-winter-thicketbird,2072364557096398876,1346092383658774529,true,
2072382554284474587,1782929478604,limber-cedar-crow,2071845803304632455,1978693828589834240,false,
2072382593371156527,1782929487924,articulate-summer-blackbird,2071748254971449724,2001831365462102017,true,false
2072382631765999630,1782929497077,tectonic-bonsai-conebill,2072347137413714053,288277167,true,
2072382701940953305,1782929513808,determined-summer-firefinch,2072360584478138503,1743404041957261312,true,
2072382791417770059,1782929535141,distinguished-seashore-conebill,2072341823863902310,486773466,true,true
2072382820803129352,1782929542148,neighborly-rhubarb-chickadee,,,,
2072382867670208883,1782929553322,cheery-nutmeg-towhee,2072375785734672476,1277236151343087617,true,
2072382902848090329,1782929561708,adventurous-cloud-hawk,2072375531870261492,22773668,true,
2072382924851126626,1782929566954,distinguished-seashore-conebill,2072345331598242115,,true,
2072383027338948887,1782929591389,great-mountain-brushturkey,2072363038288851195,1953554603926073344,true,
2072383067080331615,1782929600864,distinguished-seashore-conebill,2072349513293943201,1762104127235014656,true,
2072383294860104118,1782929655171,benevolent-winter-tern,2072331405158125741,2920720727,true,
2072383377718600144,1782929674926,cheery-nutmeg-towhee,2072368633750184307,1565840527643262976,true,
2072383504642716053,1782929705187,meticulous-winter-quail,2069974433381630328,,true,
2072383520790487205,1782929709037,diligent-brook-thrasher,2072372604812644430,771606164,true,
2072383604827557928,1782929729073,celebrated-ocean-seagull,,,,
2072383656950173975,1782929741500,methodical-brook-skimmer,2072188107579933097,132944474,true,
2072383880993063337,1782929794916,cheery-nutmeg-towhee,2072017049761550594,3008117295,true,
2072383971971801372,1782929816607,neighborly-rhubarb-chickadee,2072068210858570005,1183158347266064384,true,
2072383978074783949,1782929818063,meticulous-winter-quail,2058801154382037382,1925052527218962432,true,
2072384045632172530,1782929834169,easygoing-island-parrotlet,2071910867491287212,,true,
2072384064091258908,1782929838570,incredible-beach-finfoot,2072362772571004978,1129035177794199552,true,
2072384454811689218,1782930048033,cosmic-root-grackle,2072312921699537285,1720623671364956160,true,
2072384482380829021,1782929938298,diligent-brook-thrasher,,,,
2072384669782323202,1782929982979,cheery-nutmeg-towhee,,,,
2072384694268707252,1782929988816,great-mountain-brushturkey,2072059765241291008,1577742107929968640,true,
2072384747343425762,1782930001471,zappy-winter-thicketbird,,,,false
2072384797209727293,1782930013359,convivial-birch-crow,2072323986554273868,2072284891278876672,true,
2072384933528584387,1782930045860,great-mountain-brushturkey,2072052130609860880,1961028141989892096,true,
2072384957872300093,1782930051664,neighborly-rhubarb-chickadee,2072351920702759300,1546972236170543110,true,true
2072384977984016385,1782930056460,zappy-winter-thicketbird,2072295192565006725,1915220108,true,
2072385147018559532,1782930096760,hardworking-lagoon-skimmer,2071990752389853685,487297085,false,
2072385246746616156,1782930120537,diligent-brook-thrasher,,,,
2072385289998176469,1782930130849,stalwart-beach-emu,2072290916891496843,130557513,false,
2072385331492438203,1782930289013,cosmic-root-grackle,2072343131186430162,3096147528,true,
2072385347535909213,1782930144568,grateful-harvest-cardinal,2072106527171981408,11347122,true,
2072385349750268128,1782930145095,bountiful-acorn-grassbird,2072369325101486365,,true,
2072385432826888562,1782930164902,welcoming-spring-towhee,2072125941195632808,1299776558354366465,true,
2072385456784691541,1782930170615,motivating-sunflower-hummingbird,2072312056020111864,,true,
2072385467379601515,1782930173140,celebrated-ocean-seagull,2072302754698067992,1832951707094896641,true,
2072385480255996349,1782930176210,welcoming-spring-towhee,2071626583635378471,21878458,true,
2072385493229056101,1782930179304,,2072346642292875543,,true,true
2072385503630893234,1782930181783,motivating-sunflower-hummingbird,2072300251176751151,2425571623,true,false
2072385523193434617,1782930186447,interesting-savanna-mallard,2072377826180014253,1641817050254327811,true,
2072385527161008162,1782930187393,marvelous-cherry-peafowl,2071682174542360803,1713101497117061120,true,
2072385551097852162,1782930193101,innovative-persimmon-parrotlet,2072037836711252454,1665136574093205504,true,
2072385562435076145,1782930195803,zappy-winter-thicketbird,2072375351167406374,1024353990379745281,true,
2072385574401425471,1782930198656,motivating-sunflower-hummingbird,2072071127145292094,291229690,true,false
2072385593795805253,1782930203280,neighborly-rhubarb-chickadee,2072357088341144004,945419246,true,
2072385597230944265,1782930204099,marvelous-cherry-peafowl,2071941009395646857,1519736925837479937,true,
2072385611466518655,1782930207493,great-mountain-brushturkey,2072131931903570208,1238778857043394560,true,
2072385616281559315,1782930208641,zappy-winter-thicketbird,,,,
2072385620509434109,1782930209650,motivating-sunflower-hummingbird,2071681138964267446,1597377118421278721,true,
2072385643880075378,1782930215221,welcoming-spring-towhee,2071986054328971574,1500129642,true,
2072385666911031675,1782930220712,balanced-orchard-albatross,2072040341780267194,73672445,true,
2072385689719615900,1782930226150,innovative-persimmon-parrotlet,2072046701888917756,1975415182567571456,true,
2072385694765293653,1782930227354,neighborly-rhubarb-chickadee,2072357859615015019,2943090245,true,true
2072385713161511281,1782930231739,welcoming-spring-towhee,2072062421515002155,1945632283261583360,true,
2072385722170867938,1782930329146,cosmic-root-grackle,2071992367708541067,2328829518,true,
2072385736221790309,1782930237238,balanced-orchard-albatross,2072159672132685835,1452699495670509568,true,
2072385760108400871,1782930242932,motivating-sunflower-hummingbird,2072335000586838414,17469289,true,
2072385760578461727,1782930243044,winged-hillside-eagle,2072130534176919739,91735172,false,false
2072385783286075394,1782930248458,balanced-orchard-albatross,2072347137413714053,288277167,true,
2072385806681981425,1782930254036,balanced-orchard-albatross,2072335289448587477,1413628042698797059,true,
2072385829540962432,1782930259487,balanced-orchard-albatross,2072044956450234620,38349184,true,
2072385833269629227,1782930260375,academic-fjord-nighthawk,2072379028791869649,1253522750125281283,true,
2072385849178698130,1782930264169,cheery-nutmeg-towhee,,,,
2072385852747960420,1782930265020,welcoming-spring-towhee,2071998734498681027,2012588381444714496,true,
2072385963611898268,1782930291451,encouraging-pine-falcon,2072372211063615708,1057314411885539331,true,
2072386070499496382,1782930316935,joyful-desert-ibis,2072383080992543013,1492989564377518085,true,
2072386092356009991,1782930322147,hilarious-papaya-antwren,2072371729058390200,2932374208,true,true
2072386191035441273,1782930345673,transcendent-harvest-songlark,2072321903759372690,374712154,true,false
2072386192901832897,1782930346118,great-mountain-brushturkey,,,,
2072386211511931091,1782930350556,vibrant-mangrove-hawk,2072351920702759300,1546972236170543110,true,true
2072386271775703042,1782930364923,,2072347137413714053,288277167,true,
2072386288024449500,1782930368797,transcendent-harvest-songlark,2072100368465469469,1855390087472893952,true,
2072386344119136573,1782930382171,refreshing-seawater-hawk,2072358680205410329,1678818368869003281,true,
2072386351324897287,1782930383889,zappy-winter-thicketbird,,,,
2072386367938572423,1782930387850,pioneering-citrus-hoopoe,2072343131186430162,3096147528,true,
2072386388050260078,1782930392645,transcendent-harvest-songlark,2071837879920107709,,true,
2072386471579840525,1782930412560,cozy-cherry-condor,2071983981566783526,,true,
2072386658872299700,1782930457214,transcendent-harvest-songlark,2072117220847579470,903223524445257729,true,
2072386688370843909,1782930464247,diligent-brook-thrasher,2072289578690515208,1969165874373246977,true,
2072386724030812566,1782930472749,creative-grapefruit-hummingbird,2072289330287222812,10671602,true,
2072386745774031109,1782930477933,celebrated-ocean-seagull,2072202407132749999,1166275639491485696,true,
2072386753391104425,1782930479749,transcendent-harvest-songlark,2072276948575834364,374752807,true,
2072386777520717899,1782930485502,cheery-nutmeg-towhee,,,,
2072386833544077332,1782930498860,transcendent-harvest-songlark,2072350341253746899,1601768561650941954,true,false
2072386885112975705,1782930511155,great-mountain-brushturkey,,,,
2072386886463864865,1782930511476,brainy-rain-blackbird,2072345000398971104,,false,
2072386898677698631,1782930514389,orderly-ice-pheasant,2072365481328038363,,true,
2072386918734569600,1782930519170,transcendent-harvest-songlark,2072143663115669620,1414410212065357828,true,
2072386928150765882,1782930521416,sensible-chestnut-needletail,2072372504350347742,900662551,true,
2072387007318241530,1782930540290,neighborly-rhubarb-chickadee,2072259416695411048,795188519115358208,true,
2072387032320471545,1782930546251,transcendent-harvest-songlark,2072207360601579940,76356243,true,
2072387037336867073,1782930547448,friendly-sky-parakeet,2072082234996142538,870399540058128384,true,
2072387049152536738,1782930688724,cosmic-root-grackle,2072117304578486632,1261335549215989760,false,
2072387086280261809,1782930559117,,2072320054373572836,,true,
2072387116479271318,1782930566316,diligent-brook-thrasher,2072364417027641444,813824997777149952,true,
2072387125463392766,1782930568458,transcendent-harvest-songlark,2072307447495025087,1953880393649635328,true,
2072387219700994367,1782930590927,transcendent-harvest-songlark,2072263943519617251,612473,true,
2072387380322177025,1782930629221,delightful-mesa-bunting,2072250756908953653,374712154,true,
2072387381576032559,1782930629520,celebrated-ocean-seagull,2072117039339032916,2053531187239440385,true,
2072387410449801350,1782930636404,skillful-wind-gull,2071837076564193372,2009194352418148357,true,
2072387436974604355,1782930642729,valiant-mint-raven,2072372604812644430,771606164,false,
2072387463784345710,1782930649120,delightful-mesa-bunting,2072317723892240535,1691545709160304640,true,
2072387550530916613,1782930669803,delightful-mesa-bunting,2072284865102303712,225875316,true,
2072387634266329108,1782930689766,delightful-mesa-bunting,2072033273908515200,2018827585971433473,true,
2072387638506426845,1782930690778,charitable-grape-skylark,2072328913758384575,1984559648888999936,true,true
2072387696819880119,1782930704681,cheery-nutmeg-towhee,2071953095664255219,40230877,true,
2072387727639584856,1782930712028,delightful-mesa-bunting,2072078104269402233,1176654983225364482,true,
2072387745066987966,1782930716183,joyous-marmalade-emu,2072012653275332654,1062387103462514690,true,
2072387754311209402,1782930718387,great-mountain-brushturkey,,,,
2072387827635999017,1782930735869,delightful-mesa-bunting,2072341328277508104,2044475780042731520,true,false
2072387842752295085,1782930739474,zappy-winter-thicketbird,2072243895216296106,837234433254113281,true,
2072387898033201495,1782930752653,peaceful-mist-condor,2072032863273287737,1629918511614029824,true,
2072387902630236292,1782930753749,magical-rainforest-fantail,2071971609183678544,1831435289341894656,false,
2072387926969794893,1782930759552,delightful-mesa-bunting,2072352126077125032,2898790691,true,false
2072387965272142282,1782930768685,neighborly-rhubarb-chickadee,2072324126140973296,1639701961300664323,true,
2072387998524870702,1782930776613,matchless-sunflower-flameback,2072359745520812147,1063901239,true,
2072388003885183319,1782930777890,yielding-chestnut-flameback,2072362264548553009,2313552080,false,
2072388020632801676,1782930781883,considerate-marmalade-swan,2072347030081425900,,true,
2072388041709121957,1782930786909,shining-seedlings-owl,2071977977319920090,1691015639576563712,true,
2072388102975340597,1782930801516,diligent-brook-thrasher,2072289409831948420,1930292486850916354,true,
2072388132981359047,1782930808669,resplendent-apple-redstart,2072355308064604302,1482656062146859011,true,
2072388197733069128,1782930824108,intentional-almond-wigeon,2071910867491287212,,true,
2072388213344289129,1782930827829,celebrated-ocean-seagull,2072347788872978593,1805622878550843392,true,
2072388221695132055,1782930829820,peachy-field-dove,2072345000398971104,,false,
2072388235901219030,1782930947520,cosmic-root-grackle,2072263943519617251,612473,true,
2072388243153461753,1782931213512,cosmic-root-grackle,2048538659390206253,1845978020206571520,true,
2072388383066730777,1782930868294,cheery-nutmeg-towhee,2072329514634318288,,true,
2072388390700380653,1782930870114,eloquent-mist-friarbird,2072362075855155372,,true,
2072388425484001576,1782930878408,intellectual-avocado-woodpecker,2071989275646681341,372812630,false,
2072388426188390795,1782930878576,great-mountain-brushturkey,,,,
2072388593373294903,1782930918435,zappy-winter-thicketbird,2072345875515416830,1610719275265802253,true,
2072388644569002006,1782930930641,neighborly-rhubarb-chickadee,,,,
2072388710990053743,1782930946478,diligent-brook-thrasher,2072360445646680373,,true,
2072388753780252891,1782931163330,cosmic-root-grackle,2072314813498212550,819994707061248001,false,
2072388807433867438,1782930969472,alpine-rainfall-egret,2072379950938698032,18856867,true,
2072388829814895031,1782930974808,overjoyed-pecan-hoopoe,2072331411889983876,953378142198161409,true,
2072388839692521698,1782930977162,wholesome-raspberry-stilt,2072364417027641444,813824997777149952,true,
2072388865243890096,1782930983254,celebrated-ocean-seagull,2072367067089469470,1677244359845052416,true,true
2072388971871490254,1782931008676,cheery-nutmeg-towhee,2072343154162884723,,true,true
2072388989164691501,1782931012799,great-mountain-brushturkey,2072383619146956978,1235148742631862273,true,
2072389015131525353,1782931018990,zappy-winter-thicketbird,2072081513059889554,1663506035796062210,true,
2072389043657036014,1782931025791,neighborly-rhubarb-chickadee,,,,
2072389068512543169,1782931031717,tropical-moon-hornbill,2072255976879616104,20132853,true,
2072389082773410026,1782931035117,exquisite-clay-albatross,2072338822902247883,143039548,true,
2072389228202533249,1782931069791,altruistic-grove-thrush,2072289330287222812,10671602,false,false
2072389273874247858,1782931080680,peaceful-mist-condor,2071963275177193584,103152996,true,
2072389499410399290,1782931278410,cosmic-root-grackle,2071990443131158913,1849218466705772544,true,
2072389650354786511,1782931170439,neighborly-rhubarb-chickadee,2072314061833056627,2427599888,true,
2072389712484893148,1782931185252,diligent-brook-thrasher,2072183113036313056,,true,true
2072389822145270045,1782931211398,notable-sea-nighthawk,2072305356689027522,1250577332,true,
2072390132620013733,1782931285420,celebrated-ocean-seagull,2072368312374141118,819994707061248001,true,
2072390159585423409,1782931291849,whimsical-ridge-puffin,2072376763259498507,1705032591299284992,true,
2072390222592008396,1782931306871,zappy-winter-thicketbird,2072346642292875543,,true,
2072390241852223814,1782931311464,mellow-harvest-penguin,2072284841005953456,71627462,true,
2072390315898482714,1782931329117,soothing-lime-parakeet,2072297477139505369,1287364196083085312,true,
2072390322584166834,1782931330712,cheery-nutmeg-towhee,2072372700002062577,2021029224551731200,true,
2072390361436107026,1782931339974,great-mountain-brushturkey,2072368874683523317,1856166285542936576,true,
2072390468705419549,1782931365550,neighborly-rhubarb-chickadee,,,,
2072390475441406257,1782931367155,zappy-winter-thicketbird,2072379793598018029,604261155,true,
2072390485528707367,1782931369560,neighborly-rhubarb-chickadee,2072092592796262645,1155577456633569282,true,
2072390617561465176,1782931401039,elegant-rainforest-hummingbird,2072357770947375362,18213483,true,true
2072390729104572815,1782931427633,cheery-nutmeg-towhee,2072377474315366784,7302282,true,
2072390796071043549,1782931443599,enlightened-vine-motmot,2072070726115348877,524618848,true,
2072390835036172531,1782931452889,generous-moonlight-bluebird,2072382439947665894,1538525334781370368,true,
2072390870964342876,1782931461456,diligent-brook-thrasher,2072364283342528668,1409523241694212097,true,
2072390945589412043,1782931479247,celebrated-ocean-seagull,,,,
2072391129186644067,1782931523020,great-mountain-brushturkey,2072348846500306950,31122582,true,
2072391423664746741,1782931593230,lovely-lime-magpie,2072382439947665894,1538525334781370368,false,
2072391443487047851,1782931597956,bright-blossom-eagle,2072379570947236091,3108351,true,
2072391483823440138,1782931607572,zappy-winter-thicketbird,2072368196850758050,1408159133434581003,true,
2072391487468531762,1782931608441,courageous-sand-sandgrouse,2070177180944834972,816408721240821760,true,
2072391537976135868,1782931620483,cheery-nutmeg-towhee,2072209074662371525,,true,
2072391620910092611,1782931640256,memorable-lime-stork,2072329860161126888,326756275,true,true
2072391624932655290,1782931641215,great-moonlight-eagle,2072341530069856523,17446621,true,
2072391628955013557,1782931642174,distinctive-rainforest-ibis,2072095413990023385,1733649144781107201,true,true
2072391664119795941,1782931650558,charismatic-garden-tern,2072001500788732018,1004461917832974336,true,
2072391790846427384,1782931680772,great-mountain-brushturkey,2072278642093088890,985172054,true,
2072391801105748390,1782931683218,neighborly-rhubarb-chickadee,2072327255687155929,2004722276659593216,true,true
2072391955628077366,1782931720060,quick-sunlight-shearwater,2072118443482964375,1261500631887609856,true,true
2072392028743405811,1782931737491,elegant-rainforest-hummingbird,2072375161656148158,1590584970892169216,true,
2072392030039249236,1782931737800,diligent-brook-thrasher,2072382439947665894,1538525334781370368,true,
2072392121294749884,1782931759557,zappy-winter-thicketbird,2072357797807710641,1505851779354972160,true,
2072392220544557159,1782931783221,neighborly-rhubarb-chickadee,,,,
2072392247568375920,1782931789664,diligent-brook-thrasher,2072362229089923124,2506036428,true,
2072392270892908906,1782931795224,celebrated-ocean-seagull,,,,
2072392290040008706,1782931799790,curious-moss-chickadee,2072148944516157864,287743077,true,
2072392311317705176,1782931804862,upstanding-moon-mallard,2072380308012278078,109813243,true,
2072392400157491555,1782931826044,overjoyed-pecan-hoopoe,2072379013641757107,1546972236170543110,true,true
2072392483602854114,1782931845938,celebrated-ocean-seagull,2072236456202883427,1096152222348558341,true,true
2072392597339844863,1782931873055,upstanding-moon-mallard,2072379950938698032,18856867,true,
2072392863485497500,1782931936509,careful-star-bluejay,2072374241584873487,1187033124426919937,false,
2072392956955271432,1782931958794,cheery-nutmeg-towhee,2072307684578369761,,true,
2072392979084443963,1782931964070,cheery-nutmeg-towhee,,,,
2072393041420189741,1782931978933,great-mountain-brushturkey,,,,
2072393148462993896,1782932004453,zappy-winter-thicketbird,2071953970218647685,339275903,true,
2072393151117934965,1782932005087,great-mountain-brushturkey,2071953970218647685,339275903,true,
2072393220244332584,1782932021567,mighty-almond-mousebird,2072353280147988744,1283672799777886208,false,false
2072393312539967923,1782932043572,neighborly-rhubarb-chickadee,2072356828353069317,1981416876183019520,true,
2072393526365794430,1782932094552,lucky-field-quail,2072323986554273868,2072284891278876672,false,
2072393566622486788,1782932104150,diligent-brook-thrasher,2072352507943154143,1285284836702334976,true,
2072393627826037191,1782932118742,futuristic-canopy-hummingbird,2072371729058390200,2932374208,false,false
2072393673732485176,1782932129687,zappy-winter-thicketbird,2072362352402403457,1291651282676178944,true,
2072393779823198275,1782932154982,celebrated-ocean-seagull,2072258108504657951,1759572917375881216,true,
2072393790204060064,1782932157456,energizing-rain-spoonbill,2072364296240042317,2604052974,true,
2072393886643696036,1782932180450,cheery-nutmeg-towhee,2072315183083446620,374752807,true,
2072393887814201532,1782932180729,smiley-sun-raven,2072096361521025241,21612122,true,
2072393971003740426,1782932200562,great-mountain-brushturkey,2072319243698507970,2054178636882939904,true,
2072394001924124960,1782932207935,zappy-winter-thicketbird,2072387122867167601,4627222575,true,true
2072394026737647733,1782932213850,academic-isle-firefinch,2072188107579933097,132944474,false,
2072394159189619087,1782932245429,neighborly-rhubarb-chickadee,2072388850538688970,,true,
2072394201006805489,1782932255399,diligent-brook-thrasher,2072331152145174749,1293155875864141824,true,
2072394278148677992,1782932273791,distinguished-cove-woodpecker,2072119102534017184,55987819,true,
2072394278597247364,1782932273898,celebrated-ocean-seagull,2072168321022083540,1858277122068140032,true,
2072394324323574037,1782932284800,fashionable-garden-sparrow,2072087338789015618,44196397,true,
2072394376739700905,1782932297297,diligent-brook-thrasher,2072052494281105509,1685161292179345408,true,
2072394381634515218,1782932298464,fascinating-acorns-bluejay,2072316028034375997,1610719275265802253,false,
2072394435313246611,1782932311262,cheery-nutmeg-towhee,2072211301674496203,1586689572431622149,true,
2072394478225133876,1782932321494,great-mountain-brushturkey,2072379570947236091,3108351,true,
2072394533833232405,1782932511786,cosmic-root-grackle,2072281483771773156,2965822391,true,
2072394546323784173,1782932337729,zappy-winter-thicketbird,2072367273717764438,1651937403417022466,true,
2072394621045682588,1782932355544,cozy-park-canary,2072097280723751423,819654064912953344,true,
2072394632768499754,1782932358340,celebrated-ocean-seagull,2072379950938698032,18856867,true,
2072394696660320361,1782932373572,neighborly-rhubarb-chickadee,2072312075519414613,,true,
2072394708291092757,1782932376346,diligent-brook-thrasher,2072384153702588842,1746304181655252992,true,
2072394716021199024,1782932378188,celebrated-ocean-seagull,2072365158387626390,1434785676,true,
2072394791065678074,1782932396080,zappy-summer-osprey,2072347137413714053,288277167,true,false
2072394869201346654,1782932414709,cheery-nutmeg-towhee,2072144779253535198,989889607167815680,true,
2072395037862670843,1782932454922,neat-tree-quail,2072368308263801009,1324273819184361472,true,
2072395042572927199,1782932456045,cheery-nutmeg-towhee,2072375178995105885,1642376814088847362,true,
2072395108201165162,1782932471691,great-mountain-brushturkey,2072288436006912307,2012759893867180032,true,
2072395290313646392,1782932515111,zappy-winter-thicketbird,2072390219953754331,896550698543874049,true,
2072395327496401270,1782932523975,sincere-rock-heron,2072045003271225503,4970411,false,
2072395336459468942,1782932526112,great-mountain-brushturkey,2072384756264628648,2024078592825774080,true,
2072395350657380842,1782932529497,authentic-cherry-seabird,2072299882350567603,1663061403232530438,true,
2072395441736692091,1782932551212,dependable-mangrove-cormorant,2070202069202448828,1765697106616999936,true,
2072395502705132014,1782932565748,alpine-citrus-petrel,2072092582474080515,1214934575367020544,true,true
2072395509755470106,1782932567430,neighborly-rhubarb-chickadee,,,,
2072395554722640170,1782932578150,worldly-sunflower-sunbird,2072006461605937305,19785801,false,
2072395681818689890,1782932608453,authentic-cherry-seabird,2071964666843013558,67712170,true,
2072395718858604704,1782932617283,brave-raisin-flatbill,2072350061040742411,26588937,true,
2072395730971742356,1782932620172,goodhearted-river-seabird,2072253621106839619,1736048885619974144,true,
2072395742116036684,1782932622828,curious-winter-grassbird,2072379933226107114,1169664359628509184,true,
2072395755973693567,1782932626132,diligent-brook-thrasher,,,,
2072395829105836145,1782932643568,sensational-seedlings-ibis,2072176528356786199,2057835352925118464,true,true
2072395938669203856,1782932669691,celebrated-ocean-seagull,,,,
2072395979844997357,1782932679507,skillful-lime-dove,2072381675493867623,59150875,true,
2072396160845676965,1782932722662,majestic-pineapple-treepie,2072244911882252291,1762059687795798016,true,
2072396308921339905,1782932757965,blooming-nectarine-parrot,2072377978663661760,1462778861507301386,false,
2072396321143607775,1782932760879,optimistic-moon-bunting,2072040244543726032,4697995590,true,
2072396395823153581,1782932778684,terrific-marble-hummingbird,2072317047103435157,,true,
2072396436289826953,1782932788332,botanical-kiwi-hornbill,2072379617978253657,1508426880860704771,true,
2072396532561891362,1782932811285,mighty-walnut-hoopoe,2072384599611642108,1546972236170543110,true,
2072396571467993402,1782932820561,cheery-nutmeg-towhee,2072362149201002557,964531423,true,
2072396642653733196,1782932837533,great-mountain-brushturkey,2072362575979819429,140668859,true,true
2072396651017224613,1782932839527,ecstatic-sky-bittern,2072292891523694612,2699143866,true,
2072396909575078193,1782932901172,zappy-winter-thicketbird,2072333777292976605,1148009146236772352,true,true
2072397045973881241,1782932933693,neighborly-rhubarb-chickadee,,,,
2072397045986652655,1782932933696,energizing-isle-nighthawk,2072321903759372690,374712154,false,
2072397058149916938,1782932936595,diligent-brook-thrasher,2072213618310156462,1711089010532093952,true,
2072397206133395765,1782932971878,zappy-winter-thicketbird,2072364674943680797,109742849,true,
2072397211120382185,1782932973066,celebrated-ocean-seagull,2072302688599986399,1515638455174316037,true,
2072397230456422616,1782932977677,agreeable-moss-goshawk,2070528743655748054,1176251286968315906,true,
2072397301591503302,1782932994636,cheery-nutmeg-towhee,2072358669996433744,1707808725736587265,true,
2072397440645276073,1782933027790,neighborly-rhubarb-chickadee,2072373346465882515,,true,
2072397442775953862,1782933028297,great-mountain-brushturkey,2072373346465882515,,true,
2072397475902566573,1782933036196,zappy-winter-thicketbird,2072379013641757107,1546972236170543110,true,
2072397515425566955,1782933045618,neighborly-rhubarb-chickadee,2072281558623695058,967150914,true,
2072397608291651666,1782933067759,great-mountain-brushturkey,2072271633729921365,1532790843085570050,true,
2072397710322225240,1782933092086,extraordinary-marmalade-duck,2072239130730270810,1056957124046143495,true,
2072397719973359639,1782933094386,dauntless-kelp-kingfisher,2072310414591799366,1138842105856573445,true,
2072397765401780616,1782933105217,zappy-winter-thicketbird,2072239415305683116,,true,
2072397798671077757,1782933113149,confident-island-thrush,2072098116342571513,822591757682638848,false,
2072397891344220572,1782933135244,neighborly-rhubarb-chickadee,2072355025540595747,1009995730923204608,true,
2072397962513432659,1782933152213,exceptional-flower-hoopoe,2072189767110869263,1666214330,true,
2072398002401014203,1782933161723,adventurous-root-goose,2072324344202826150,1438559190373617667,true,
2072398055794487442,1782933174451,cheery-nutmeg-towhee,2072373904518115799,,true,
2072398074182512832,1782933178836,wholesome-raspberry-stilt,2072390219953754331,896550698543874049,true,
2072398080616337785,1782933180370,great-mountain-brushturkey,,,,
2072398118365073725,1782933189371,amicable-acorns-gull,2072137805304602712,1504970420239413248,true,true
2072398147209281747,1782933196247,zappy-winter-thicketbird,2071959288981987681,1377277816291622915,true,
2072398172761076012,1782933202339,sublime-peach-cormorant,2072347788872978593,1805622878550843392,true,
2072398292546462058,1782933230899,profound-bamboo-partridge,2071880076065718537,19988242,true,
2072398305678528529,1782933234029,goodhearted-spring-anhinga,,,,
2072398316390973563,1782933344454,cosmic-root-grackle,2055277918633562153,44196397,false,
2072398363706773621,1782933247864,great-mountain-brushturkey,2072360834689364252,1536693901230321666,true,
2072398462591885521,1782933271441,flowing-earth-thrush,2072008996307812526,48015025,true,
2072398679495827823,1782933323154,zappy-winter-thicketbird,2072387637357498464,16635277,true,
2072398706330988957,1782934763102,cosmic-root-grackle,2054219180962881561,1797202892668964865,true,
2072398866041729190,1782933367630,spunky-lowland-cardinal,2072289330287222812,10671602,true,
2072398873788645796,1782933369477,neighborly-rhubarb-chickadee,2072387226332230029,,true,
2072399164152107437,1782933563609,cosmic-root-grackle,2072397550204702942,1421125370661806085,false,
2072399248440570053,1782933458802,diligent-brook-thrasher,2072362498531995804,2239870198,true,
2072399323107582257,1782933476603,thriving-pineapple-cardinal,2071873456291860645,1243232728188846082,false,
2072399368091562166,1782933487329,neighborly-rhubarb-chickadee,,,,
2072399376920514825,1782933489434,astonishing-autumn-hawk,2072159407199117749,1074404487446622208,true,
2072399427885576586,1782933501584,celebrated-ocean-seagull,,,,
2072399445107372277,1782933505690,cheery-nutmeg-towhee,,,,
2072399472659685387,1782933664112,cosmic-root-grackle,2066160112398377170,1871906102,false,
2072399476170383689,1782933513097,diligent-brook-thrasher,2072380308012278078,109813243,true,
2072399531359228363,1782933526254,kind-kiwi-jay,2072342127653302542,1800266527247106048,true,
2072399734254289196,1782933574628,cheery-nutmeg-towhee,2072351719149981770,2047989563537211392,true,
2072399836150677584,1782933598923,great-mountain-brushturkey,,,,
2072399893268709638,1782933612540,zappy-winter-thicketbird,2072345999096389670,76766018,true,
2072399908305272895,1782933616126,neighborly-rhubarb-chickadee,,,,
2072400066757681177,1782933653903,diligent-brook-thrasher,2072366084934529134,,true,
2072400086206673164,1782933658540,celebrated-ocean-seagull,2072383409284878673,3324689194,true,true
2072400097430720580,1782933661216,cheery-nutmeg-towhee,,,,
2072400100794466364,1782933662019,great-mountain-brushturkey,2072375458981900800,1800266527247106048,true,
2072400137742127389,1782933670828,diligent-brook-thrasher,2072383619146956978,1235148742631862273,true,
2072400142771352047,1782933672027,peaceful-mist-condor,2072084382127423726,960943470390272006,true,
2072400206893875681,1782933687314,snazzy-dogwood-bittern,2072289330287222812,10671602,false,false
2072400339421008375,1782933718912,great-mountain-brushturkey,2072360584478138503,1743404041957261312,true,
2072400349793587226,1782933721384,zappy-winter-thicketbird,2072369661828644954,224581951,true,
2072400388712435828,1782933730663,neighborly-rhubarb-chickadee,2072171676192678054,1692821304192188416,true,
2072400393544356127,1782933731816,welcoming-honeydew-bluebird,2072381368474996840,878600954815193088,true,
2072400414411309512,1782933736790,alpine-sun-swan,2072203081589113264,2009330392327966725,true,
2072400511685263546,1782933759983,great-mountain-brushturkey,,,,
2072400546758279417,1782933768344,kind-spring-sunbird,,,,
2072400564126699810,1782933772486,celebrated-ocean-seagull,2072359024436109602,2887810797,true,
2072400567096287716,1782933773194,zappy-winter-thicketbird,,,,
2072400586759123157,1782933777881,diligent-brook-thrasher,2072314018568540465,21232782,true,
2072400645257113705,1782933791829,felicitous-grassland-towhee,2072197729325867027,845624365911822337,true,
2072400796633694529,1782933827919,celebrated-ocean-seagull,2072353705085579269,374752807,true,
2072400823691223506,1782933834370,enlightened-jacaranda-cormorant,2072196555969286405,1539899668481679361,true,
2072400825117196719,1782933834711,cheery-nutmeg-towhee,,,,
2072400833094852961,1782933836612,chirpy-melon-lorikeet,2072370979792097471,27220262,true,
2072400945229492401,1782933863347,fabulous-field-scaup,2072347789556629790,918197046871502849,true,true
2072400966167449611,1782933868339,zappy-winter-thicketbird,2072383005268578344,2041901097988554752,true,
2072401119553155144,1782933904909,celebrated-ocean-seagull,2072365590094725157,1371500074753257472,true,
2072401156286955918,1782933913668,cheery-nutmeg-towhee,2072390551815761978,54716387,true,
2072401179804340461,1782933919274,neighborly-rhubarb-chickadee,2072290053133373833,1488607340785926144,true,
2072401244467945792,1782933934692,cheery-nutmeg-towhee,2072008468081598721,1699859864019963904,true,
2072401323950043293,1782933953642,flowing-lime-towhee,2072386332442177681,1702669032141303808,true,
2072401377397997983,1782933966384,relatable-glacier-bluebird,,,,
2072401433442283529,1782933979747,hilarious-horseradish-ibis,2072390102739759528,1471414739880189955,true,
2072401498235982307,1782933995195,neighborly-rhubarb-chickadee,2072358867103559747,1508798910860603405,true,
2072401507828294054,1782933997481,peaceful-mist-condor,2072325206266249246,921918860009361408,true,
2072401530805010661,1782934002959,fabulous-acorn-raven,2072289330287222812,10671602,false,false
2072401752201064857,1782934055744,cheery-nutmeg-towhee,2072386377488998637,784921318651207680,true,
2072401833784389640,1782934075195,cheery-nutmeg-towhee,2072152396684226822,,true,
2072401860195958982,1782934081492,great-mountain-brushturkey,2072291125902360998,855481986290524160,true,
2072402091486724287,1782934261433,cosmic-root-grackle,2072280262092664988,349803020,true,
2072402165658701973,1782934154321,understanding-grapefruit-dipper,2072337195554259251,2022661899062497280,true,
2072402231106617757,1782934169924,cheery-nutmeg-towhee,2072358141765853500,175248269,true,
2072402304502817068,1782935075111,cosmic-root-grackle,2071906307498508725,1691015639576563712,false,
2072402309812752677,1782934188689,thriving-fig-goshawk,2072370187815334109,17290098,false,
2072402422010437786,1782934379536,cosmic-root-grackle,2072321364313231692,298836340,false,
2072402452792672713,1782934222779,contemporary-peppermint-kookaburra,2072334302973432189,4736048116,true,
2072402535697056202,1782934242545,great-mountain-brushturkey,2072342088423801213,2062211788339605504,true,
2072402535961575677,1782934242607,joyous-peach-tinamou,2072362264548553009,2313552080,true,
2072402547139035154,1782934245272,zappy-winter-thicketbird,,,,
2072402698172010601,1782934281281,friendly-mango-lorikeet,2072172207460216964,22273667,false,
2072402768275415157,1782934297994,neighborly-rhubarb-chickadee,2072326222311301593,18602163,true,
2072402819936551361,1782934310313,zesty-star-shearwater,2072071816193912939,2943090245,true,
2072402865520271547,1782934498279,cosmic-root-grackle,2071992367708541067,2328829518,false,
2072402889578840563,1782934326916,,2072377997567594693,326756275,true,
2072402931232670122,1782934336847,dependable-vine-swan,2072328788608946197,,true,
2072403093984067953,1782934375651,diligent-brook-thrasher,,,,
2072403312159199564,1782934427667,great-mountain-brushturkey,,,,
2072403345998799210,1782934623447,cosmic-root-grackle,2072133593812377789,94132483,false,
2072403422431858893,1782934453959,meticulous-winter-quail,2072337253213593601,,true,
2072403521908224384,1782934643188,cosmic-root-grackle,2070237407392244054,,false,
2072403590719668318,1782934494081,celebrated-ocean-seagull,,,,
2072403656008257915,1782934509647,easygoing-island-parrotlet,2072333207601606841,2898790691,true,
2072403703449977197,1782934520958,cheery-nutmeg-towhee,2072377140926902536,1280996306702536718,true,
2072403724325298352,1782934525935,transcendent-wood-lapwing,2072395091868525007,18927441,true,
2072403743622975797,1782934530536,zappy-winter-thicketbird,2072368756274118754,1516839029840523265,true,
2072403902624936017,1782934568445,great-mountain-brushturkey,2072326439681315280,1396586519067045896,true,
2072404064734728405,1782934607096,neighborly-rhubarb-chickadee,2072319500020535646,1227020047748673537,true,
2072404093797065159,1782934614024,goodhearted-spring-anhinga,2072289330287222812,10671602,true,
2072404159848943718,1782934629772,,2072121148050231384,1689672109612818432,true,
2072404232511054042,1782934647096,flying-birch-woodpecker,2072338185825431953,805823950253150208,true,
2072404271480311995,1782934656387,neighborly-rhubarb-chickadee,2072305766917136798,1509428124458565634,true,
2072404344092459052,1782934673699,steady-meadow-ostrich,2072095380695564734,1145137598379282432,true,
2072404387553497548,1782934684061,diligent-brook-thrasher,2072341823863902310,486773466,true,
2072404460723208226,1782934701506,rational-twig-kingbird,2072329860161126888,326756275,false,false
2072404487096975736,1782934707794,,2072299882350567603,1663061403232530438,true,
2072404548946133293,1782934722541,celebrated-ocean-seagull,2072305523395895524,1361748995652149249,true,
2072404577786155052,1782934729417,wise-meadow-albatross,2072395670741189026,2024541115072806913,true,
2072404645096656944,1782934745464,positive-coconut-wren,2072324883913031814,2363961008,true,
2072404676541038965,1782934752962,witty-banana-scaup,2072399969269760414,1712192742166503424,true,
2072404792417177606,1782934780588,,2071964666843013558,67712170,true,
2072404884373324166,1782934802512,wholesome-mesa-falcon,2072381785309138947,1261335549215989760,false,
2072404914622357733,1782934809723,cheery-nutmeg-towhee,2072306315464953973,1108429675322327040,true,
2072405084923928895,1782934850327,positive-wildflower-pigeon,2072166301972275681,,true,
2072405180201759231,1782934873044,contemplative-root-blackbird,2072179246638805202,1519309989000667137,true,
2072405238510649764,1782934886946,,2072255976879616104,20132853,true,
2072405249214550080,1782934889497,great-mountain-brushturkey,2072225866390609942,1212685850095452160,true,
2072405276045508724,1782934895894,zappy-winter-thicketbird,2072349291058737206,16331010,true,true
2072405290197172250,1782934899268,neighborly-rhubarb-chickadee,,,,
2072405425027154170,1782934931415,diligent-brook-thrasher,2072228183370236263,1857007033242804224,true,
2072405431054381079,1782934932851,diligent-brook-thrasher,2072131931903570208,1238778857043394560,true,
2072405433210339614,1782934933365,celebrated-ocean-seagull,2072367365438796030,,true,
2072405435437535351,1782934933896,cheery-nutmeg-towhee,2072367365438796030,,true,
2072405619491885210,1782934977778,great-mountain-brushturkey,2072221649429053449,2473247699,true,
2072405621651968168,1782934978293,cheery-nutmeg-towhee,2072221649429053449,2473247699,true,
2072405675221684514,1782934991065,,2072278642093088890,985172054,true,
2072405723678396593,1782935002618,felicitous-seedling-raven,2072350341253746899,1601768561650941954,false,
2072405763746631724,1782935012171,committed-hill-lapwing,2072387298897916350,,true,
2072405793106804879,1782935019171,zappy-winter-thicketbird,2072374118280724546,1307971720159035397,true,
2072406183348973919,1782935112212,neighborly-rhubarb-chickadee,,,,
2072406228278694307,1782935259315,cosmic-root-grackle,2072062110268338621,1343597700542038017,false,
2072406263112097910,1782935131229,diligent-brook-thrasher,2072340324920287507,,true,
2072406272490500487,1782935133466,easygoing-island-parrotlet,2072320398482424308,,true,
2072406459422523543,1782935178033,wise-tanoak-peacock,2072352707063452128,1231969046171734017,true,
2072406503567294506,1782935188558,celebrated-ocean-seagull,,,,
2072406575147360561,1782935205625,cheery-nutmeg-towhee,2071970595496251868,1282509001926692864,true,
2072406615605518719,1782935215271,great-mountain-brushturkey,2072264042207469726,1563975305433415681,true,
2072406663680688248,1782935226733,celebrated-ocean-seagull,2072381286342439320,1402614825566588933,true,
2072406741942210705,1782935245391,cheery-nutmeg-towhee,2071944064241643914,1523572293498474498,true,
2072406771113529523,1782935252346,,2072253621106839619,1736048885619974144,true,
2072406808581251180,1782935261280,celebrated-ocean-seagull,2072349465868943499,1885660478568796160,true,true
2072406941184499738,1782935292895,bold-meadow-myna,2072162095450198314,573158113,true,
2072406956329906230,1782935296506,happy-grassland-sparrowhawk,2072377997567594693,326756275,false,
2072406970330398986,1782935299844,zappy-winter-thicketbird,2072387122322104814,41646662,true,
2072407044573835392,1782935317544,neighborly-rhubarb-chickadee,2072365618758635805,1043878326811709441,true,
2072407074303082881,1782935324633,motivated-rainforest-crane,2071689004567720056,,true,
2072407096503435430,1782935329926,,2072307447495025087,1953880393649635328,true,
2072407255715115276,1782935367885,genuine-fig-firetail,2071579009066954876,1009792348786692096,true,
2072407261163458659,1782935369183,diligent-brook-thrasher,,,,false
2072407271070384416,1782935371545,celebrated-ocean-seagull,2072399118324863007,,true,
2072407277898989597,1782935373173,lithe-raspberry-stork,2071601849459757412,1121807798826930177,true,
2072407281627476118,1782935374062,fast-mist-owl,2072121148050231384,1689672109612818432,true,
2072407291576324214,1782935376435,thoughtful-autumn-sparrowhawk,2068025950550269957,1362151114813149190,true,
2072407302351770072,1782935379003,trusting-lagoon-goldfinch,2071675206884549101,1780669927541571584,true,false
2072407342906269795,1782935388671,cheery-nutmeg-towhee,2072247255910797680,1616072872832679936,true,
2072407349113794983,1782935390152,easygoing-island-parrotlet,2072335289448587477,1413628042698797059,true,
2072407588013048178,1782935447111,great-mountain-brushturkey,2072169370915070300,945419246,true,true
2072407645512761773,1782935460819,neighborly-rhubarb-chickadee,2072364037132734724,1956006292449058825,true,
2072407707529667057,1782935475605,diligent-brook-thrasher,2072397999326519667,1835346517013540864,true,
2072407732632555723,1782935481590,hopeful-park-sandpiper,2072298198505333127,778328385416105984,true,
2072407737535750561,1782935482759,celebrated-ocean-seagull,2072287637495292088,121385551,true,
2072407747694416015,1782935485181,zesty-star-shearwater,2072327663964860596,,true,true
2072407777025151264,1782935492175,cheery-nutmeg-towhee,2072171488631734683,1893753262857170944,true,
2072407822390669370,1782935502990,dazzling-banana-antwren,2072098116342571513,822591757682638848,false,
2072407826094260352,1782935503874,great-mountain-brushturkey,2072326841512435898,2039098183976910848,true,
2072407833912524800,1782935505737,precious-granite-tailorbird,2071736470491312477,1290800267441532928,true,false
2072407856872088018,1782935511211,cheery-nutmeg-towhee,2072401986620620975,1796509639074332672,true,
2072407857849331978,1782935511445,gracious-melon-tern,2071951390490993022,1631029318305316864,true,
2072407885058023824,1782935517931,meticulous-winter-quail,2071513616361443732,1866072448757825536,true,
2072407935725056436,1782935530011,great-mountain-brushturkey,2072329135360262403,919255486033260549,true,
2072407980000375036,1782935540567,empathetic-desert-chickadee,2072406376547045761,843297178114232321,true,
2072408034626687188,1782935553591,zappy-winter-thicketbird,2072051678409334814,1098433484127956992,true,true
2072408047390011703,1782935556634,neighborly-rhubarb-chickadee,2072348401362932173,1146480176731172866,true,
2072408062565179612,1782935560252,tectonic-rhubarb-nightjar,2072334518426517527,1870959848222773248,true,
2072408079052755162,1782935564183,diligent-brook-thrasher,,,,
2072408092084449647,1782935567290,celebrated-ocean-seagull,2072329850254172640,2042010148147781632,true,
2072408171784593584,1782935586292,zappy-winter-thicketbird,2072292891523694612,2699143866,true,
2072408200284983709,1782935593087,zappy-winter-thicketbird,2072287637495292088,121385551,true,
2072408296674517419,1782935616068,bubbly-cove-egret,2072321739913064637,1953554603926073344,true,
2072408329461084548,1782935623885,neighborly-rhubarb-chickadee,,,,
2072408384490656187,1782936852331,cosmic-root-grackle,2072195390284378230,1889965187043872768,true,
2072408406334324863,1782935642214,diligent-brook-thrasher,2072122713188004320,2046342052183470080,true,
2072408424600547570,1782935646568,diligent-brook-thrasher,2072404748775329890,,true,
2072408519173722326,1782935669116,celebrated-ocean-seagull,2072368789803643062,,true,
2072408627000795498,1782935694824,committed-hill-lapwing,2072358337950187912,,true,
2072408708798132398,1782935714326,cheery-nutmeg-towhee,2072351692532646046,938855229793193984,true,
2072408711201526080,1782935714899,celebrated-ocean-seagull,2072351692532646046,938855229793193984,true,
2072408825722769466,1782935742203,zappy-winter-thicketbird,2072384424528986258,2015492887585120257,true,true
2072408888746316099,1782935757229,neighborly-rhubarb-chickadee,2072404627685839201,28212513,true,
2072408900381352220,1782935760003,bold-mint-grebe,2072302904938000820,1472330905532485643,true,
2072408937861693868,1782935768939,botanical-isle-mousebird,2071587271816421888,1216614331,true,
2072409319962800225,1782935860039,zappy-winter-thicketbird,2072133624636530780,2018827585971433473,true,
2072409332189110677,1782935862954,jazzy-tree-eagle,2072344485099368915,1123637976,false,
2072409355522372080,1782935868517,contemplative-lemon-cotinga,2072261442376729070,42816371,false,
2072409613992108418,1782935930142,exceptional-passionfruit-pelican,2071926737840099717,1150968305219506176,true,
2072409779125805083,1782935969512,cheery-nutmeg-towhee,2072379617978253657,1508426880860704771,true,
2072409876110733711,1782936096974,cosmic-root-grackle,2072117257732542969,,false,
2072409886869373133,1782935995201,smiley-grape-cockatoo,2072377997567594693,326756275,true,
2072409907677028672,1782936000161,neighborly-rhubarb-chickadee,,,,
2072410006604112384,1782936023747,blazing-jacaranda-citril,2072045478837968986,22506165,true,
2072410097461174301,1782936045410,superb-earth-troupial,2072293579486040413,1634917186677485569,true,
2072410164687233504,1782936061438,diligent-brook-thrasher,2072145830182535388,,true,
2072410201311825963,1782936070169,celebrated-ocean-seagull,2072327255687155929,2004722276659593216,true,true
2072410218021920979,1782936074153,cheery-nutmeg-towhee,2072376533696516514,188197115,true,
2072410264956199332,1782936085344,delightful-kiwi-sparrow,2072401039878193375,947376499463720960,true,false
2072410313803112651,1782936096989,gracious-savanna-cacholote,2072136757907505658,2063880239474696192,false,
2072410415368413344,1782936121205,graceful-lychee-treerunner,2072377474315366784,7302282,true,
2072410455235002647,1782936130710,neighborly-rhubarb-chickadee,,,,
2072410472339386397,1782936134787,cordial-reef-swan,2072384864729350616,270353239,false,
2072410501024268477,1782936141627,diligent-brook-thrasher,,,,
2072410565012562406,1782936156882,persistent-oak-eagle,2072172337739550873,1810092986912616448,false,
2072410610831122475,1782936167806,celebrated-ocean-seagull,,,,
2072410643320418305,1782936175553,philosophical-juniper-osprey,2071886305441583536,465706307,true,true
2072410697338650655,1782936188432,great-mountain-brushturkey,,,,
2072410704938938777,1782936190244,beloved-lake-skylark,2072392863938179415,1316995857242378240,true,
2072410918340719067,1782936241122,zappy-winter-thicketbird,,,,
2072410924804104366,1782936242664,neighborly-rhubarb-chickadee,2072407349416034488,16635277,true,
2072411000003788961,1782936260593,transparent-ice-gull,2071867485633060899,1800376273555914752,true,
2072411001442418942,1782936260936,celebrated-ocean-seagull,,,,
2072411023676506245,1782936266237,diligent-brook-thrasher,2072379112585355673,,true,true
2072411088109404416,1782936281598,celebrated-ocean-seagull,2072390801397829841,9722452,true,
2072411100629397830,1782936284583,great-mountain-brushturkey,2072354281605226719,1816067963813859328,true,
2072411166534434860,1782936300296,hysterical-sea-osprey,2072302365009441007,1744230590365257730,true,
2072411186478583947,1782936305051,tectonic-birch-lory,2046640244645081108,3207545212,false,
2072411188382605552,1782936305506,great-mountain-brushturkey,,,,
2072411251808911806,1782936320627,diligent-brook-thrasher,,,,
2072411404452221248,1782936357021,amusing-persimmon-shearwater,2072022133400625263,1989453291298906112,true,
2072411487344193735,1782936376783,delightful-kiwi-sparrow,2072405753143366139,1317486603678420993,true,
2072411571033411810,1782936396737,incredible-peat-eagle,2072409509054865463,1298089546299498498,true,
2072411612351242451,1782936406587,celebrated-ocean-seagull,2072400576604783039,1338186398600482816,true,
2072411696434409778,1782936426634,cheery-nutmeg-towhee,2072406708110958926,4627222575,true,
2072411798335041733,1782936450929,worthy-iceberg-crimsonwing,2072074301969191074,369120654,false,
2072411819826934080,1782936456053,captivating-strawberry-canary,2072379961038491846,,true,
2072411868958794066,1782936467767,zappy-winter-thicketbird,2072328243412410606,2034135069691154433,true,
2072411872347730140,1782936468575,diligent-brook-thrasher,2072396028305662108,1937221801609953281,true,
2072411933295116538,1782936483106,celebrated-ocean-seagull,,,,
2072411973053210993,1782936492585,fascinating-cypress-pelican,2071966416836964440,1706277445366915072,true,
2072412006590861452,1782936500581,mighty-petal-nightingale,2072227483328598503,,true,
2072412028757496219,1782936505866,zappy-winter-thicketbird,,,,
2072412296065024424,1782936569597,delightful-kiwi-sparrow,2072409067197280757,744260935527735296,true,
2072412426817978447,1782936600771,neighborly-rhubarb-chickadee,2072375178995105885,1642376814088847362,true,
2072412488927432801,1782936615579,smart-sequoia-heron,2072175504082296882,130557513,true,
2072412566039699529,1782936735150,cosmic-root-grackle,2072365831355240822,523804354,false,
2072412621832126628,1782936647266,celebrated-ocean-seagull,2072359662574309656,630406045,true,
2072412800887009675,1782936689956,cheery-nutmeg-towhee,2072358569945759879,382490716,true,
2072412879920488827,1782936708799,quick-rain-chickadee,2071675206884549101,1780669927541571584,false,
2072413006680485976,1782936739022,great-mountain-brushturkey,,,,
2072413196485312666,1782936784275,zappy-winter-thicketbird,2072350305031733399,330262748,true,
2072413295600877922,1782936807905,blissful-kelp-magpie,2072297911065723178,1238511837722882048,true,
2072413309920592011,1782936811319,kinetic-boulder-sparrow,2072395426301448283,1795475238806851584,false,
2072413342312915220,1782936819042,neighborly-rhubarb-chickadee,2072110311130476640,,true,
2072413370590916790,1782936825784,great-mountain-brushturkey,2072081376396849173,1032041197643223041,true,
2072413372960661964,1782936826350,zappy-winter-thicketbird,2072081376396849173,1032041197643223041,true,
2072413381684863023,1782936828430,versatile-jacaranda-parakeet,2072334302973432189,4736048116,false,
2072413397883170874,1782936832291,hearty-nutmeg-skimmer,2072407784608702773,815289615640735745,true,
2072413505030942853,1782936857838,diligent-brook-thrasher,2072350843739775051,19628766,true,
2072413642570564015,1782936890629,celebrated-ocean-seagull,2072099159469945319,951302891708583936,true,
2072413671377056119,1782936897497,cheery-nutmeg-towhee,2072312454671962319,,true,
2072413696563818624,1782936903503,zappy-winter-thicketbird,2072405385202258416,1986852813071392769,true,true
2072413707137610203,1782936906024,delightful-kiwi-sparrow,2072403175173423342,848300223105576961,true,
2072413714448257215,1782936907766,neighborly-rhubarb-chickadee,,,,
2072413727723335971,1782936910931,diligent-brook-thrasher,2072302904938000820,1472330905532485643,true,
2072414127759171924,1782937006308,cheery-nutmeg-towhee,2072302930091294879,2032832046842667008,true,
2072414198005740021,1782937023055,botanical-coral-pelican,2072401274193220032,1893311246805671937,true,
2072414258696962271,1782937037525,great-mountain-brushturkey,2072328932901126172,,true,
2072414482081456139,1782937090784,zappy-winter-thicketbird,2072396192839856445,1412491640917331975,true,
2072414609617584582,1782937121191,diligent-brook-thrasher,,,,
2072414620720025713,1782937123838,celebrated-ocean-seagull,2072409996571369537,2043489088347701248,true,
2072414623345570053,1782937124465,zappy-winter-thicketbird,2072409996571369537,2043489088347701248,true,
2072414695042994436,1782937141558,charitable-harvest-sunbird,2072411921270415453,,true,
2072414725258748045,1782937148762,cheery-nutmeg-towhee,2072282517919388047,,true,
2072414791046754536,1782937164447,considerate-trail-parakeet,2072259894690955399,290458797,true,
2072414834952441860,1782937174915,neighborly-rhubarb-chickadee,2072388263042764827,1192805669478576128,true,
2072414839490711676,1782937175998,great-mountain-brushturkey,,,,
2072414898320011589,1782937190024,lovely-magnolia-cuckoo,2072320580024709610,2042232438944837632,true,
2072414963121918397,1782937205473,diligent-brook-thrasher,2072409909207908821,969571031030616071,true,
2072414976422113654,1782937208644,tough-tide-catbird,2072385976165388473,1855996587643744257,true,
2072415093640265935,1782937236591,celebrated-ocean-seagull,2072355197477662853,97841743,true,true
2072415097918574868,1782937237611,celebrated-ocean-seagull,2072358669996433744,1707808725736587265,true,
2072415283759714712,1782937281919,cheery-nutmeg-towhee,2072360227228590498,1957063170671198208,true,
2072415402433352018,1782937310213,diligent-brook-thrasher,,,,
2072415428178268612,1782937316351,funny-poplar-magpie,2072289330287222812,10671602,false,false
2072415542133006734,1782937343520,,2072357770947375362,18213483,true,
2072415553365385662,1782937346199,celebrated-ocean-seagull,2072351543353884931,2533803474,true,
2072415680993894718,1782937376627,great-mountain-brushturkey,2072388962077786447,763632739,true,
2072415696114401434,1782937380232,great-mountain-brushturkey,2072377359345308024,1176026136117166080,true,
2072415925299487092,1782937434875,lucky-iceberg-piculet,2071918738673221635,1517637292877361153,true,true
2072415926717153561,1782937435212,amazing-wildflower-flycatcher,2072193234768384059,177101260,true,
2072416153197064498,1782937489209,zappy-winter-thicketbird,2072412531679965612,14861285,true,
2072416423163641876,1782937553574,inspired-winter-oriole,2072362762169405667,,true,
2072416477802553383,1782937566602,calm-shoreline-warbler,2072086802911858750,,true,
2072416564826055165,1782937587350,distinguished-cove-woodpecker,2072333761870533091,15822295,true,
2072416579891999136,1782937590942,zappy-winter-thicketbird,2072358721821221212,1788243647885987840,true,
2072416601152831801,1782937596011,diligent-brook-thrasher,2072400801855660295,4446194069,true,
2072416657733992734,1782937609500,celebrated-ocean-seagull,2072082652740440290,330262748,true,
2072416662612021364,1782937610663,cheery-nutmeg-towhee,2072251957780120052,1065265726536073216,true,
2072416673794343184,1782937613329,vibrant-banana-albatross,2072341384120738202,,true,
2072416693880516968,1782937618119,neighborly-rhubarb-chickadee,2072357770947375362,18213483,true,true
2072416726575354075,1782937625913,discerning-tigerwood-finfoot,2072384839169253799,,true,
2072416778102132857,1782937638198,,2072330841179443533,2032877151561596928,true,
2072416904795377709,1782937668404,diligent-brook-thrasher,2072400440898326582,1062544835628851200,true,
2072416970473959481,1782937684063,celebrated-ocean-seagull,2072375947433746583,1970191005510180866,true,
2072416996117938230,1782937690177,cheery-nutmeg-towhee,,,,
2072417027076264340,1782937697558,nimble-magnolia-softbill,,,,
2072417094080069786,1782937713534,neighborly-rhubarb-chickadee,,,,
2072417155782443102,1782937728244,diligent-brook-thrasher,2072404187338469879,1766453803954417664,true,
2072417291879276900,1782937760691,celebrated-ocean-seagull,,,,
2072417297491239188,1782937762030,great-mountain-brushturkey,2072300817634250976,1316740789591048192,true,
2072417449824100358,1782938400305,cosmic-root-grackle,2072151729693401155,1487935905721688066,false,
2072417495923753315,1782937809340,,2072399118324863007,,true,
2072417512516640975,1782937813296,festive-persimmon-spoonbill,2071962775606481283,2063149575163219968,true,
2072417666107678918,1782937849916,loyal-roots-whistler,2072342127653302542,1800266527247106048,false,
2072417837495242924,1782937890778,legendary-lagoon-shorebird,2072371682023547299,6135622,true,
2072417856461926896,1782937895300,diligent-brook-thrasher,2072391363224899594,1990335107430068224,true,
2072417860152901833,1782937896178,celebrated-ocean-seagull,,,,
2072417886082101445,1782937902362,neighborly-rhubarb-chickadee,,,,
2072418276173607392,1782937995366,sociable-spring-quail,2072011305561780576,846411464885747712,true,
2072418284998189344,1782937997470,intriguing-rain-hummingbird,2072048444802580798,,true,true
2072418304988246186,1782938002236,cheery-nutmeg-towhee,2072399127971836344,1952376874023124992,true,
2072418306611347496,1782938002623,aquatic-grassland-flycatcher,2072370652099838323,117893369,true,
2072418360583733491,1782938015491,celebrated-ocean-seagull,2072247057885127063,1873148852892528640,true,
2072418361099620785,1782938015614,wholesome-raspberry-stilt,2072373180677726235,14072392,true,
2072418368750018701,1782938017439,wholesome-raspberry-stilt,2072357770947375362,18213483,true,true
2072418577232134465,1782938067144,great-mountain-brushturkey,2072095413990023385,1733649144781107201,true,
2072418649504092628,1782938084375,zappy-winter-thicketbird,2072400029067714599,1104076483469946880,true,
2072418662234161337,1782938087411,exciting-basswood-pitohui,2072388244474597442,1737925711573250048,true,false
2072418683239252463,1782938092419,steady-watermelon-treepie,2072372122534715796,1615926275381813248,true,
2072418685617332703,1782938092985,contemplative-peach-kingfisher,2072341522649841796,1282352242989789185,true,
2072418735147872564,1782938104794,flourishing-beach-warbler,2072409067197280757,744260935527735296,false,
2072418784548413837,1782938116573,melodious-sycamore-kookaburra,2072141266247373061,1226277297986187266,true,
2072418858108145741,1782938283304,cosmic-root-grackle,2072089106071400661,1362445095782465540,true,
2072419054342877253,1782938180897,admirable-rosewood-pigeon,2072082652740440290,330262748,false,
2072419152346677543,1782938204262,celebrated-ocean-seagull,2072331508996608190,1322088049594032129,true,
2072419154653507772,1782938204813,neighborly-rhubarb-chickadee,2072410628120064139,768542424,true,
2072419156973023585,1782938205365,diligent-brook-thrasher,,,,
2072419159833514291,1782938206047,celebrated-ocean-seagull,2072415112024187044,16635277,true,
2072419166347264133,1782938207600,cheery-nutmeg-towhee,2072115743731093791,1356479030082613249,true,
2072419206423781764,1782938217155,careful-ice-curassow,2072346642292875543,,true,
2072419465355022562,1782938278889,friendly-raisin-barbet,2072385470726558163,800707492346925056,true,
2072419483558301850,1782938283230,celebrated-ocean-seagull,2072406130102501545,16635277,true,
2072419586893291634,1782938307865,neighborly-rhubarb-chickadee,2072404199237619801,1957198190,true,
2072419650256720232,1782938322974,diligent-brook-thrasher,2072322847712719357,1874144943385587712,true,
2072419652559397035,1782938323522,neighborly-rhubarb-chickadee,2072322847712719357,1874144943385587712,true,
2072419684507656401,1782938331140,magical-guava-needletail,2072106755488637285,1835084041403408384,true,true
2072419686277333038,1782938331562,great-mountain-brushturkey,2072371694828683732,1839108632283099136,true,
2072419939646832800,1782938391969,zappy-winter-thicketbird,2072362110588252291,278745402,true,
2072420002884370651,1782938407046,generous-cliff-motmot,2070202069202448828,1765697106616999936,true,
2072420050619777316,1782938418427,diligent-brook-thrasher,2072260642866663867,2045413071758200832,true,
2072420084920832335,1782938426606,gentle-autumn-treerunner,2072311296964407652,803291118,false,
2072420196849951214,1782938453290,great-mountain-brushturkey,,,,
2072420203292512542,1782938454828,diligent-brook-thrasher,2072392745260298622,604988212,true,
2072420406720422375,1782938503328,diligent-brook-thrasher,2072141514403160542,1110297408859185152,true,
2072420685910065195,1782938569892,diligent-tree-crow,2070932720281141552,197856312,false,
2072420781829853686,1782938592761,poised-vine-lark,2072332211970330792,,true,true
2072420803665187214,1782938597967,celebrated-ocean-seagull,,,,
2072420844463079703,1782938607694,perceptive-pond-cormorant,2072179680023564392,1984773683857203200,false,
2072420863719485575,1782938612285,magnetic-cherry-bluejay,2072043241755840690,,false,
2072420953695396161,1782938633738,cheery-nutmeg-towhee,2072382467034517772,1441537415085166599,true,
2072421079058891083,1782938663626,great-mountain-brushturkey,2072368829200519219,1247212586069827592,true,
2072421092698800351,1782938666878,majestic-nectarine-mallard,2072389161945071776,80610492,true,true
2072421155340775777,1782938681813,zappy-winter-thicketbird,2072371412958896265,1690565696479002624,true,
2072421163272401005,1782938683704,jolly-summer-murrelet,2072392745260298622,604988212,false,
2072421284483367092,1782938712603,neighborly-rhubarb-chickadee,2072417365858353191,702115496,true,
2072421348886921406,1782938727958,cheery-nutmeg-towhee,2072403170513367189,1153391118773604352,true,
2072421405254099216,1782938741396,celebrated-ocean-seagull,2072399917763408284,1359418375076773888,true,
2072421437252538512,1782938749027,majestic-nectarine-mallard,2072408777094316067,202154433,true,
2072421465421422828,1782938755742,great-mountain-brushturkey,,,,
2072421497574981730,1782938763408,goodhearted-frost-bluejay,2071999569852866799,246939630,true,
2072421535566999735,1782938772467,magical-plum-leaflove,2072370301002809769,,true,
2072421544366649519,1782938774565,zappy-winter-thicketbird,2072251638543196307,18927441,true,
2072421582497038636,1782938783656,neighborly-rhubarb-chickadee,2072295196922908827,1212685850095452160,true,
2072421669134823823,1782938804311,eloquent-lemon-tailorbird,2072388244474597442,1737925711573250048,false,
2072422005199303018,1782938884436,enchanting-ocean-flatbill,2072406130102501545,16635277,true,
2072422141446979679,1782938916919,transcendent-juniper-drongo,2072199211966189703,2023358949529919488,false,
2072422235940540752,1782939037448,cosmic-root-grackle,2072350341253746899,1601768561650941954,true,
2072422242915655830,1782939533314,cosmic-root-grackle,2066685747323691438,3419210573,true,
2072422412600111433,1782938981568,cheery-nutmeg-towhee,2072389161945071776,80610492,true,true
2072422590421794971,1782939023963,great-mountain-brushturkey,2072303697283977611,1091539309,true,
2072422609325904295,1782939028470,flourishing-beach-warbler,2072401039878193375,947376499463720960,false,
2072422633988055198,1782939034351,diligent-brook-thrasher,2072361787920437549,1710957983067152384,true,
2072422635552563420,1782939034724,friendly-raisin-barbet,2072404262533886318,260016002,true,
2072422669216047439,1782939042750,majestic-nectarine-mallard,2072385748733444120,269256179,true,
2072422777324204373,1782939068524,celebrated-ocean-seagull,2072396595266515103,1731010466753765376,true,
2072422834631049673,1782939082188,great-mountain-brushturkey,2072382254454571153,1985585083101954048,true,
2072422878050664863,1782939092540,transparent-prairie-flameback,2072010935590351298,1813303431588630529,true,false
2072422946077888695,1782939108758,zappy-winter-thicketbird,2072288183258075621,20142835,true,
2072423131441234294,1782939152952,witty-sea-kingbird,2072303171343425974,1178286058922004480,true,
2072423170607571451,1782939162291,empowering-sunlight-spoonbill,2072185835714154897,1727509924316602368,true,
2072423216648258033,1782939173268,neighborly-rhubarb-chickadee,2072130497082237144,1603802510493454336,true,
2072423236541837364,1782939178011,entertaining-frost-firefinch,2072415925819605234,,true,
2072423369333686571,1782939209670,alpine-kiwi-bullfinch,2072119677065527559,1367209793686036482,true,
2072423436404539528,1782939225661,diligent-brook-thrasher,2072386948568904022,,true,
2072423504402624631,1782939241874,celebrated-ocean-seagull,2072283009265672193,2012573374715719680,true,
2072423527026688369,1782939247268,zappy-winter-thicketbird,2072385703187497002,816131319033950208,true,
2072423768920563902,1782939304939,neighborly-rhubarb-chickadee,2072196051461881911,1645108208732717059,true,
2072423771315569118,1782939305511,cheery-nutmeg-towhee,2072196051461881911,1645108208732717059,true,
2072423822746157190,1782939317772,witty-dogwood-kingbird,2072175504082296882,130557513,true,
2072423866471731537,1782939328197,great-mountain-brushturkey,2072394808199631170,1262417116558434304,true,
2072423876097630281,1782939330492,zappy-winter-thicketbird,2072400429585985873,1933432006299561987,true,
2072423982733922669,1782939355917,motivational-poplar-frigatebird,2072282635276304522,249603227,true,
2072424006553326082,1782939361596,gracious-kelp-heron,2072195804576743682,910236118540365824,true,
2072424088535015905,1782939381141,neighborly-rhubarb-chickadee,2072376384240992669,2035811399323271168,true,
2072424104439980107,1782939384933,innovative-banana-bushlark,2071978321538114035,1258149995645210629,false,
2072424149491085668,1782939395674,charismatic-garden-tern,2072385981920223466,1577969388338253826,true,
2072424151340429598,1782939396115,diligent-brook-thrasher,,,,
2072424208538435639,1782939409752,focused-evergreen-whistler,2071731900712972774,1539818660189114369,true,
2072424223205740928,1782939413250,amazing-cactus-whistler,2072395901499277400,25617895,true,
2072424226783637599,1782939414102,rational-berry-dove,2072345999096389670,76766018,false,
2072424332823871695,1782939439384,celebrated-ocean-seagull,2072190294360252709,1712190307473776640,true,
2072424385508438517,1782939451945,aquatic-grassland-flycatcher,2072325804340510757,69334913,true,
2072424411173409050,1782939458065,valiant-winter-penguin,2072275941905375601,1993171818983964673,true,
2072424468241428508,1782939471670,poetic-river-curassow,2072396201253572927,1404905703719018505,true,
2072424482799489380,1782939475142,friendly-raisin-barbet,2072363489016902067,252176459,true,
2072424628346143093,1782939509843,cheery-nutmeg-towhee,2072411921270415453,,true,
2072424723569656262,1782939532549,cozy-conifer-hummingbird,2072156908895519221,1527585800980168704,true,
2072424732931342714,1782939534777,adept-sand-thrasher,2072226532752253286,1143139110170873856,true,
2072424734097387979,1782939535055,inspiring-seedlings-kite,2072035662295969825,1898301245804142592,true,
2072424794117853358,1782939549365,cosmic-acorn-firetail,2072085148200235518,,true,
2072424807535427852,1782939552564,fascinating-rain-quail,2072226532752253286,1143139110170873856,false,
2072424958748238006,1782939588617,great-mountain-brushturkey,2072378472987595242,1441537415085166599,true,
2072424962624000349,1782939589540,cozy-creek-flatbill,2072342838679949617,1824987431436689408,true,
2072425006856851737,1782939600086,diligent-brook-thrasher,2072400725200527515,1173505918585180160,true,
2072425052130234666,1782939610880,zappy-winter-thicketbird,,,,
2072425058023203014,1782939612285,neighborly-rhubarb-chickadee,,,,
2072425141833732566,1782939632268,celebrated-ocean-seagull,,,,
2072425261425934382,1782939660781,diligent-brook-thrasher,,,,
2072425264571703349,1782939661530,goodhearted-cliff-penguin,2072024871182242293,17839398,true,
2072425408813838552,1782939695921,celebrated-ocean-seagull,,,,false
2072425440992469347,1782939703593,cheery-nutmeg-towhee,,,,
2072425453055336726,1782939706469,great-mountain-brushturkey,2072349246242672963,1608765849757786112,true,
2072425455576137977,1782939707069,cheery-nutmeg-towhee,,,,
2072425474408513965,1782939711559,zappy-winter-thicketbird,,,,
2072425490007138628,1782939715278,,2072379570947236091,3108351,true,
2072425493266051291,1782939716055,reserved-water-siskin,2072175428740190462,140212408,true,
2072425554859446294,1782939730740,neighborly-rhubarb-chickadee,2072341961227301134,764961945560678405,true,
2072425650304975030,1782939753496,friendly-raisin-barbet,2072090031221612563,260016002,true,
2072425770794819908,1782939782223,,2072086721617875441,1842016083173376002,true,
2072425832648483014,1782939796971,incredible-beach-finfoot,2072386853227974760,1024353990379745281,true,
2072425874335338886,1782939806909,hardy-lake-toucan,2072214369673597149,452540168,true,
2072426125263782064,1782939866736,diligent-brook-thrasher,,,,
2072426130829619437,1782939868062,celebrated-ocean-seagull,2072340006799073733,2016450235355049984,true,true
2072426181928828959,1782939880245,grand-lime-condor,2072404262533886318,260016002,true,true
2072426192192295328,1782939882693,zappy-winter-thicketbird,2072378768568582380,,true,
2072426290414543012,1782939906110,magnificent-root-quail,2071545087507517605,1785862904513699840,true,
2072426371918241860,1782939925543,cheery-nutmeg-towhee,2072395169215959221,909929047626354688,true,
2072426496871075987,1782939955333,kinetic-creek-wren,2072420878156001448,1820921515845558273,true,
2072426630769688927,1782939987258,neighborly-rhubarb-chickadee,2072060394760217014,1377455442956259335,true,
2072426635085660480,1782939988286,great-mountain-brushturkey,,,,
2072426638986403841,1782939989216,diligent-brook-thrasher,2072171488631734683,1893753262857170944,true,
2072426701888409692,1782940004213,,2072357186689204671,16343974,true,
2072426819341664340,1782940032216,optimistic-basswood-stilt,2072196260019228849,2023427014339035138,true,
2072426844616618341,1782940038242,eloquent-rock-toucan,2072119677065527559,1367209793686036482,false,
2072426959276032113,1782940065579,effective-melon-brushturkey,2072018611628122334,43963249,false,
2072427068256657618,1782940091562,neighborly-rhubarb-chickadee,2072400725200527515,1173505918585180160,true,
2072427085486862362,1782940095670,friendly-raisin-barbet,2072321228694519812,109601997,true,true
2072427103635566902,1782940099997,diligent-brook-thrasher,2072379961038491846,,true,
2072427272641077748,1782940810480,cosmic-root-grackle,2072328578990326192,2018827585971433473,false,
2072427315124928936,1782940150420,inspirational-chestnut-crow,2072331517708349593,230698981,true,
2072427338902471014,1782940156089,celebrated-ocean-seagull,2071990185001128172,448123063,true,
2072427494280658963,1782940193134,resilient-mulberry-canary,2071957299170615304,121831470,true,
2072427526740156687,1782940200873,explorative-freshwater-sparrowhawk,2072408840591532391,3315264553,true,
2072427610555011540,1782940220856,celebrated-ocean-seagull,2072406805960155559,604988212,true,
2072427640061939824,1782940227891,agile-olive-toucan,2072425298298089849,,true,
2072427648333049975,1782940229863,superb-evergreen-tailorbird,2071416582899720650,,true,
2072427695648936072,1782940241144,cheery-nutmeg-towhee,2072327917250527447,1559846350358986752,true,
2072427798275494163,1782940265612,superb-evergreen-tailorbird,2071594604609019906,,true,
2072427830223241432,1782940273229,great-mountain-brushturkey,2072096361521025241,21612122,true,
2072427838389522454,1782940275176,cheery-nutmeg-towhee,,,,
2072427883897721060,1782940286026,gregarious-tree-swamphen,2072405940800725254,288277167,true,
2072427976377946455,1782940308075,independent-mint-oriole,2072342085961761176,1807776840083447808,true,
2072427978487689235,1782940308579,incredible-beach-finfoot,2072382467034517772,1441537415085166599,true,
2072427990277878192,1782940311389,zappy-winter-thicketbird,2072328384953156047,1687083754991562752,true,
2072428111245836379,1782940340230,neighborly-rhubarb-chickadee,2072167287977607211,2034874930043789315,true,
2072428441605910626,1782940418994,peachy-grapefruit-pelican,2072376264904581354,189511205,true,true
2072428602935726412,1782940457459,diligent-brook-thrasher,2072419675703570882,,true,
2072428699157168231,1782940480400,celebrated-ocean-seagull,2072186044024582389,,true,
2072428771588673914,1782940497668,great-mountain-brushturkey,,,,
2072428808263630866,1782940506412,alpine-reef-swamphen,2072400244793282688,2065614308571029504,true,
2072429035515445673,1782940560594,diplomatic-park-sandpiper,2072289122664821038,,true,
2072429071099932981,1782940569078,grand-maple-pelican,,,,false
2072429210690302275,1782940602358,cheery-nutmeg-towhee,2072351724258697390,2026237247205543936,true,
2072429323332575557,1782940629214,peppy-river-siskin,2071987416098041976,1782450782270521344,true,
2072429592699150816,1782940693436,celebrated-ocean-seagull,2072361242316915084,1990335107430068224,true,
2072429600966119669,1782940695408,cheery-nutmeg-towhee,2072407631474643272,1375396777348698115,true,
2072429630204596462,1782940702379,zappy-winter-thicketbird,2072409804765855962,,true,
2072429685967859889,1782940715673,great-mountain-brushturkey,2072158589741883838,,true,
2072429704783786419,1782940720160,intellectual-pear-grebe,2072399735600681305,2018799927372009472,true,
2072429792775798951,1782941331145,cosmic-root-grackle,2068700397489856667,216299334,false,
2072429871393861947,1782940759883,spectacular-walnut-albatross,2072429171180011587,1387110045272449029,true,
2072429912317661517,1782940769639,gumptious-shoreline-flycatcher,2072357186689204671,16343974,true,
2072429984464175178,1782940786840,joyous-rainfall-grassbird,2072300251176751151,2425571623,true,
2072430046296391700,1782940801582,astonishing-coast-bushbird,2072331475291132173,1845450730334978051,true,
2072430049215881560,1782940802279,pleasant-foothill-hoopoe,2071930093157425589,,true,
2072430199296156101,1782940838060,zappy-winter-thicketbird,2072241496351178762,117341231,true,
2072430453500338680,1782940898667,lively-tigerwood-egret,2072257188337221697,,true,
2072430455693967474,1782940899190,neighborly-rhubarb-chickadee,2072376906905751877,1113114549174054913,true,
2072430514355773530,1782940913176,outgoing-apple-francolin,2072175504082296882,130557513,false,
2072430564485767362,1782940925128,neighborly-rhubarb-chickadee,2072406033025163302,1571075396250079233,true,
2072430595263852851,1782940932466,masterful-almond-hornbill,2071963881774137392,612473,true,
2072430661760098659,1782940948320,diligent-brook-thrasher,2072408510474715220,1796862135907057664,true,
2072430846586638654,1782940992386,valiant-winter-penguin,2072105341462995340,1825562366047621120,true,
2072430869113872385,1782940997758,celebrated-ocean-seagull,2072399422667841999,1835346517013540864,true,
2072430880941842588,1782941000577,breathtaking-pomegranate-crow,2065041426270822893,812145753338548224,false,
2072430909710610683,1782941007436,nifty-reef-firetail,2072304983727386891,,false,
2072431052438511684,1782941146602,cosmic-root-grackle,2046621598724030722,1986852813071392769,true,
2072431053994868757,1782941616848,cosmic-root-grackle,2072214621373566990,1517523151219044353,false,
2072431116686864713,1782941056784,altruistic-plum-bluebird,2072413157604143233,1208106830385336320,true,
2072431181174317206,1782941072159,serene-aspen-blackbird,2072322267560698265,2008908434280681472,true,
2072431262770340194,1782941091612,cheery-nutmeg-towhee,2072336914393219253,1672304998645108736,true,
2072431393372532890,1782941122750,great-mountain-brushturkey,2072419233804546377,2027843808139087875,true,
2072431426516197450,1782941130652,excellent-lowland-tailorbird,2072339621183430858,2538322138,true,false
2072431472942710797,1782941141721,diplomatic-holly-sunbird,2072389791241347450,523248016,true,
2072431473437651107,1782941141839,zappy-winter-thicketbird,2072403828620636349,120733603,true,
2072431668112019819,1782941188253,neighborly-rhubarb-chickadee,2072213618603556903,2032161722166075392,true,
2072431717198028867,1782941199956,diligent-brook-thrasher,2072326055348604930,1946493695764869120,true,
2072431770025230678,1782941212551,inspiring-park-flycatcher,2060320566205354148,,true,
2072431841961767370,1782941229703,celebrated-ocean-seagull,2072406305365786662,2038388346490392576,true,
2072431938246148541,1782941252658,diligent-brook-thrasher,2072419378159616432,588703829,true,
2072431940620132533,1782941253225,cheery-nutmeg-towhee,2072419378159616432,588703829,true,
2072432008182018466,1782941269332,great-mountain-brushturkey,2072361746421940696,2030646061656903680,true,
2072432083566227783,1782941287305,celebrated-ocean-seagull,,,,
2072432088892989529,1782941288575,neighborly-rhubarb-chickadee,2072394644114002144,1441537415085166599,true,
2072432098472804691,1782941290860,celebrated-ocean-seagull,,,,
2072432106546806980,1782941292784,cheery-nutmeg-towhee,,,,
2072432139359113536,1782941300607,aquatic-grassland-flycatcher,2072393927387156887,1209183944807272448,true,
2072432213073788998,1782941424783,cosmic-root-grackle,2072385703187497002,816131319033950208,true,
2072432257416245611,1782941450980,cosmic-root-grackle,2072423695516123170,2632450275,true,
2072432262327779609,1782941329925,active-samba-puffbird,2072152073391509971,1830821757940355072,true,
2072432278081327182,1782941333681,great-mountain-brushturkey,2072400459566821647,1702643930423021568,true,
2072432308771336373,1782941508881,cosmic-root-grackle,2072191216985510349,1793646713288146944,false,
2072432407471378624,1782941364531,cheery-nutmeg-towhee,2072388962077786447,763632739,true,
2072432416493384059,1782941366682,great-mountain-brushturkey,,,,
2072432424978366748,1782941481890,cosmic-root-grackle,2072423321359011901,1885913706263158784,true,
2072432450098401457,1782941374693,meticulous-elm-redstart,2072324488327303382,1546972236170543110,true,
2072432461783380223,1782941377480,zappy-winter-thicketbird,2072068529646710941,2968007206,true,
2072432470591713548,1782941457979,cosmic-root-grackle,2072386206097182981,4627222575,true,
2072432810904727601,1782941460717,neighborly-rhubarb-chickadee,,,,
2072432919235235869,1782941486543,diligent-brook-thrasher,,,,
2072432940345426149,1782941593316,cosmic-root-grackle,2072422328407904726,1558575045617876992,true,
2072432968258228274,1782941498232,celebrated-ocean-seagull,2072242041317126179,2333857536,true,true
2072432973417243048,1782941499463,cheery-nutmeg-towhee,2072174904150044809,,true,
2072433003775816082,1782941506700,incredible-cashew-nightingale,2072267205547364502,1616372274805805057,true,
2072433023706894690,1782941511452,great-mountain-brushturkey,2072307908176490959,4189824137,true,
2072433026563203134,1782941512134,empowered-moonlight-puffin,2072121418033005038,197722193,false,
2072433079172600251,1782941524676,masterful-frost-hillstar,2072358276990128583,,true,true
2072433114714915302,1782941533150,zappy-winter-thicketbird,2072323401377828946,2027843808139087875,true,true
2072433247418786264,1782941686328,cosmic-root-grackle,2072410245054226454,1481110622079266817,false,
2072433258608894025,1782941567457,flexible-lemon-sparrow,2072222371461705796,1146329871418843136,true,true
2072433367052701715,1782941593312,cherished-avocado-flameback,2071920433838850502,1849601616644546560,true,
2072433401403936914,1782941601502,neighborly-rhubarb-chickadee,2072419590689128841,1816783201152495616,true,
2072433404222611600,1782941724828,cosmic-root-grackle,2072404771034616089,18189515,true,
2072433434673180976,1782941609434,diligent-brook-thrasher,2072428516398997839,245884632,true,
2072433465392353469,1782941616759,celebrated-ocean-seagull,2072394969952686484,1778003249972248576,true,
2072433526767538269,1782941631391,cheery-nutmeg-towhee,,,,
2072433548577955936,1782941636591,great-mountain-brushturkey,2072398549917249860,1597767604998922241,true,
2072433552562471246,1782941637542,zappy-winter-thicketbird,2072427526647939504,1962025114494779392,true,
2072433631717405108,1782941656414,neighborly-rhubarb-chickadee,2072317787440308449,1756264570451271680,true,
2072433646556872853,1782941659952,diligent-brook-thrasher,,,,
2072433727192396127,1782941679176,celebrated-ocean-seagull,2072268804525301939,,true,
2072433770909536266,1782941689600,cheery-nutmeg-towhee,,,,
2072433783253712959,1782941876249,cosmic-root-grackle,2072404768299917512,40132532,true,
2072433925377433990,1782941726427,cheery-nutmeg-towhee,2072360293003395485,2040005288867090432,true,
2072433937733869788,1782941729373,great-mountain-brushturkey,2072330020534485097,1826002596923879424,true,
2072434003014209726,1782941744937,astonishing-riverbank-songbird,2072405780016366036,791344529844699136,true,true
2072434079706853483,1782941763222,zappy-winter-thicketbird,2072362533030334938,1423807877706354688,true,
2072434098623131866,1782941767732,charitable-harvest-sunbird,2072386206097182981,4627222575,true,
2072434127639388500,1782941774650,keen-lemon-towhee,2072308435484573820,1519736925837479937,true,
2072434347605414001,1782941827095,imaginative-peanut-parakeet,2072010935590351298,1813303431588630529,false,
2072434429167902752,1782941846540,neighborly-rhubarb-chickadee,,,,
2072434534625190243,1782941871683,observant-cove-cuckoo,2072404746661495260,908802466581446656,true,
2072434615579549878,1782941890984,diligent-brook-thrasher,,,,
2072434628158222535,1782941893983,celebrated-ocean-seagull,2072404874763837530,1051902349445345280,true,
2072434639390515260,1782941896661,great-mountain-brushturkey,2072400440898326582,1062544835628851200,true,
2072434756579377364,1782941924601,cheery-nutmeg-towhee,,,,
2072434831909159044,1782941942561,zappy-winter-thicketbird,2072362497827389754,1985585083101954048,true,
2072434836799730167,1782942059988,cosmic-root-grackle,2063968087234236867,2012551167562141696,true,
2072434844382974294,1782941945535,celebrated-ocean-seagull,2072411404087566389,1024353990379745281,true,
2072435031964799121,1782941990259,precious-eucalyptus-firetail,2072405940800725254,288277167,true,
2072435061136191508,1782941997214,cheery-nutmeg-towhee,2072361281114505610,1703003209122619393,true,
2072435122348208151,1782942011807,authentic-cherry-seabird,2072385703187497002,816131319033950208,true,
2072435124986163611,1782942012436,,,,,
2072435228765729073,1782942037179,ingenious-bamboo-duck,2072022482152722815,1943469979514421248,true,
2072435254401356038,1782942043291,great-mountain-brushturkey,2072397279487549648,1143870499216396288,true,
2072435259485139429,1782942044503,marvelous-lagoon-skylark,2072426727507132721,381320949,true,
2072435323825717747,1782942176043,cosmic-root-grackle,2072409994595647886,16331010,false,
2072435335204688152,1782942062556,committed-canyon-cockatoo,2072107497167401342,96669079,true,
2072435506827190537,1782942103475,zappy-winter-thicketbird,2072344753199599655,895424037727346688,true,
2072435656937120019,1782942139263,neighborly-rhubarb-chickadee,,,,
2072435758963782132,1782942163589,wholesome-raspberry-stilt,2072196051461881911,1645108208732717059,true,
2072435769277653147,1782942166047,wholesome-raspberry-stilt,2072375507300069391,1660052206840602626,true,
2072435781248209309,1782942168901,wholesome-raspberry-stilt,2072359115310137730,636513296,true,
2072435787463831977,1782942170383,,2072400725200527515,1173505918585180160,true,
2072435819969712422,1782942178134,hypersonic-field-condor,2072363115505758637,348000458,true,
2072435845152330007,1782942184137,lucent-grassland-mockingbird,2072329860161126888,326756275,false,false
2072435885979709915,1782942193871,zappy-winter-thicketbird,,,,
2072436040434933885,1782942230697,felicitous-grapefruit-nightingale,2072429703336521937,629698642,true,
2072436081274810773,1782942240433,diligent-brook-thrasher,2072418428057698770,16635277,true,
2072436081748824571,1782942240546,endearing-passionfruit-osprey,2072399656550879508,1563038096341446662,false,
2072436146672402937,1782942256025,motivational-cave-jacana,2072176936399339709,361359918,true,
2072436219221557667,1782942273322,authentic-cherry-seabird,2072405385202258416,1986852813071392769,true,true
2072436253606523185,1782942281520,fascinating-seashore-nighthawk,2072341041873633558,968455868516839425,true,
2072436320358506640,1782942297435,easygoing-island-parrotlet,2072405385202258416,1986852813071392769,true,true
2072436340860555372,1782942302324,poetic-guava-catbird,2072060042187313401,1990706954998595584,true,
2072436371109683255,1782942309536,celebrated-ocean-seagull,2072405483579646262,268738761,true,
2072436389975589332,1782942314033,cheery-nutmeg-towhee,,,,
2072436406161441041,1782942317892,amazing-moon-chickadee,2072399656550879508,1563038096341446662,false,
2072436421663592586,1782942321589,great-mountain-brushturkey,2072410245054226454,1481110622079266817,true,
2072436437559980150,1782942325379,zappy-winter-thicketbird,2072386206097182981,4627222575,true,
2072436438763982896,1782942513240,cosmic-root-grackle,2072386206097182981,4627222575,true,
2072436458179231902,1782942330294,hypersonic-jacaranda-grebe,2072336154356003029,1036509237042667520,false,
2072436458904850609,1782942330467,neighborly-rhubarb-chickadee,2072381308047610027,1084817523378454529,true,
2072436651586953323,1782942376406,diligent-brook-thrasher,2072404771034616089,18189515,true,
2072436652149010530,1782942567797,cosmic-root-grackle,2072404771034616089,18189515,true,
2072436702065414535,1782942388442,easygoing-island-parrotlet,2072383797190869360,1667904233419440129,true,
2072436723607650674,1782942393577,responsible-sycamore-stilt,2072249754252366176,,true,true
2072436737477935377,1782942396884,extraordinary-lake-wren,2072405940800725254,288277167,true,
2072436830033621398,1782942418951,neighborly-rhubarb-chickadee,2072292428753646006,1436021471671955465,true,
2072436929724129500,1782942442719,masterful-frost-hillstar,1837714314943136104,130557513,true,
2072436954222768586,1782942448560,celebrated-ocean-seagull,,,,
2072437055716536365,1782942472758,quirky-garden-tern,2072349545745252443,965774983527043072,true,
2072437267398865045,1782942523227,,2072359115310137730,636513296,true,
2072437275200192522,1782942525088,cheery-nutmeg-towhee,2072343328947888294,469208746,true,
2072437326001692759,1782942537199,great-mountain-brushturkey,2072404199237619801,1957198190,true,
2072437350207029308,1782942542970,zappy-winter-thicketbird,2072426057588969811,192042477,true,
2072437362177548387,1782942545824,diligent-brook-thrasher,2072115743731093791,1356479030082613249,true,
2072437383149048123,1782942550824,felicitous-grapefruit-nightingale,2072431844247605701,629698642,true,
2072437410575638919,1782942557364,joyful-earth-finfoot,2072402844028739587,749594328062885888,true,
2072437462408822979,1782942569722,neighborly-rhubarb-chickadee,2072425561293734191,2039098183976910848,true,
2072437523456909799,1782942584277,terrific-almond-sunbird,2072406739874410728,3379226657,false,
2072437570798076134,1782942595563,diligent-brook-thrasher,2072404768299917512,40132532,true,
2072437649109905716,1782942614235,,2072367067089469470,1677244359845052416,true,
2072437701752541477,1782942626785,celebrated-ocean-seagull,2072407241303474481,834339647102779392,true,
2072437786271981823,1782942646937,masterful-frost-hillstar,1966590690676052194,1720503439543648256,true,
2072437792609829347,1782942648448,legendary-highland-robin,2071953223741767683,1551266822460162051,false,
2072437826440868136,1782942656514,cheery-nutmeg-towhee,2072301028402225577,1691865605975011338,true,
2072437826877309171,1782942656617,clean-persimmon-kite,2072397300165378476,1173782564,true,false
2072437909500969323,1782942676316,whimsical-hill-petrel,2072327948875489514,1646516211268878339,true,
2072437920372277660,1782942678908,easygoing-island-parrotlet,2072382302168989801,951222365878353922,true,
2072437963451957656,1782942689179,enterprising-willow-sparrowhawk,2072353996426354897,1647125149630574592,true,
2072437997904265442,1782942697393,masterful-frost-hillstar,1969987872200478747,312696314,true,
2072438044381024765,1782942708474,alert-highland-blackbird,2072360577951818075,1472679924578324490,true,
2072438061892325854,1782942712649,miraculous-water-heron,2071963881774137392,612473,true,
2072438126614593592,1782942728080,great-mountain-brushturkey,2072243217517404383,1836018291493789696,true,
2072438187923001383,1782942742697,skillful-oak-bullfinch,,,,
2072438210551292232,1782942748093,effervescent-holly-tern,2072428823799280037,1546972236170543110,true,true
2072438374628028817,1782942787211,hypnotic-mist-sunbird,2072428823799280037,1546972236170543110,true,true
2072438413123260631,1782942796389,intellectual-leaf-kite,2072428823799280037,1546972236170543110,true,true
2072438479158497370,1782942812133,efficient-mango-emu,2072043065762857427,1442907461585981440,true,
2072438498230255875,1782942816680,extraordinary-tomato-eagle,2072397300165378476,1173782564,false,
2072438520438788369,1782942821976,mellow-creek-thrasher,2072438043416387818,1546972236170543110,true,
2072438649350721694,1782942852710,zappy-winter-thicketbird,,,,
2072438667948286461,1782942857145,mighty-pomegranate-thicketbird,2072437903041429652,1546972236170543110,true,
2072438684843209179,1782942861173,whimsical-hill-petrel,2071408104407695773,1646516211268878339,true,
2072438785229439298,1782942885107,meticulous-elm-redstart,2072430128190091367,1546972236170543110,true,
2072438846264836469,1782942899658,sanguine-trail-bulbul,2072217777625055352,1309563274648842241,true,
2072438875348156723,1782942906592,neighborly-rhubarb-chickadee,,,,false
2072438921242513734,1782942917534,fast-sun-firetail,2072385703187497002,816131319033950208,true,
2072438935880352074,1782942921024,daring-rainfall-ostrich,2072430128190091367,1546972236170543110,true,true
2072438942054391897,1782942922496,whimsical-moonlight-finfoot,2072323345199354352,1480177595878576131,true,
2072438973436457136,1782942929978,felicitous-grapefruit-nightingale,2072423779918020927,629698642,true,
2072439161110339718,1782942974723,diligent-brook-thrasher,,,,
2072439173617725812,1782942977705,auspicious-rainforest-francolin,2072438043416387818,1546972236170543110,true,
2072439268958416942,1782943000437,celebrated-ocean-seagull,,,,
2072439388072501741,1782943028836,cheery-nutmeg-towhee,,,,
2072439437347234174,1782943040583,bright-moon-warbler,2072397051942588593,1263884345791504385,true,
2072439439595626668,1782943041119,charitable-walnut-brushturkey,2072438447369850994,,true,
2072439465470247353,1782943047288,genius-cantaloupe-crimsonwing,2072432940571820257,2028685399208660992,true,
2072439576296096223,1782943073712,celebrated-ocean-seagull,,,,
2072439678599340450,1782943098102,winning-lemon-crow,2072372962305442284,4486093643,true,
2072439693929492524,1782943101757,great-mountain-brushturkey,,,,
2072439766188986791,1782943118985,zappy-winter-thicketbird,,,,
2072440047203156159,1782943185984,neighborly-rhubarb-chickadee,2072416216447103307,1746694144829927424,true,
2072440066996150488,1782943190703,legendary-kiwi-petrel,2072392726151069941,1552795969959636992,true,
2072440110197452835,1782943201003,cheery-nutmeg-towhee,2072410495697424678,1167441727977902080,true,
2072440141499494853,1782943208467,cool-sea-penguin,2072073069875855422,1130161200191303681,true,
2072440164798877853,1782943214021,diligent-brook-thrasher,,,,
2072440172302454838,1782943215810,courageous-rain-ibis,2072341433349247132,,true,
2072440177612485086,1782943217076,celebrated-ocean-seagull,2072276090014552260,2067289170834595840,true,true
2072440270671733243,1782943239264,trusty-papaya-whistler,2071986724469641299,4486093643,true,
2072440338950812012,1782943255542,blissful-beach-waterfowl,2072313022035398795,288277167,true,
2072440453358551303,1782943282820,celebrated-honeydew-firetail,2072348716099403815,1329891389430243330,true,
2072440458182275311,1782943283969,authentic-jackfruit-swift,2072226999230484744,,true,
2072440600213737939,1782943317832,cheery-nutmeg-towhee,2072321605154283595,1944149198611603456,true,
2072440745902985513,1782943352567,great-mountain-brushturkey,,,,
2072440750441189871,1782943353650,flourishing-woodland-skimmer,2072395037900419367,4627222575,true,true
2072440777930625209,1782943360204,great-sunlight-thrasher,1915320469630185620,18435258,true,
2072440779734487212,1782943360634,humble-rosewood-cuckoo,2072097207491449096,,true,
2072440926593757391,1782943395647,enjoyable-beech-rooster,2072307280746315875,2319360471,true,
2072440930628710907,1782943530815,cosmic-root-grackle,2072405678216335407,4486093643,true,
2072441012593590446,1782943416151,zappy-winter-thicketbird,2072217777625055352,1309563274648842241,true,
2072441012614476087,1782943416156,wholesome-raspberry-stilt,2072361281114505610,1703003209122619393,true,
2072441018314543532,1782943417515,wholesome-raspberry-stilt,2072386206097182981,4627222575,true,
2072441019568992731,1782943581675,cosmic-root-grackle,2072386206097182981,4627222575,true,
2072441023372922913,1782943418721,wholesome-raspberry-stilt,2072404771034616089,18189515,true,
2072441028305416517,1782943419898,wholesome-raspberry-stilt,2072428197329654089,18856867,true,
2072441108462731603,1782943439009,revered-dune-osprey,2072411032094744938,1557088964938309632,true,
2072441122971148540,1782943540576,cosmic-root-grackle,2072367067089469470,1677244359845052416,true,
2072441215895687538,1782943464622,bookish-rhubarb-mallard,2072428823799280037,1546972236170543110,true,
2072441235504025609,1782943469297,calm-pecan-hillstar,2072396728402153510,1925484166889811968,true,
2072441236036685913,1782943469424,neighborly-rhubarb-chickadee,2072419545311309858,2018827585971433473,true,
2072441251232641411,1782943473047,neighborly-rhubarb-chickadee,2072407795232571877,1823805232003883008,true,true
2072441267909169274,1782943477023,diligent-brook-thrasher,2072376264904581354,189511205,true,
2072441270941647284,1782943477746,celebrated-ocean-seagull,2072304552657690948,1699384451141132288,true,
2072441321894097280,1782943489895,diligent-brook-thrasher,,,,
2072441331226427458,1782943492119,cheery-nutmeg-towhee,2072419652068602303,1467843136378527752,true,
2072441360116801987,1782943499007,great-mountain-brushturkey,2072397051942588593,1263884345791504385,true,
2072441374872670643,1782943502525,authentic-cherry-seabird,2072409994595647886,16331010,true,true
2072441455478534449,1782943521743,motivated-mist-needletail,2072395091868525007,18927441,false,
2072441664547987652,1782943668111,cosmic-root-grackle,2072301854449356886,1701210699676971008,false,
2072441816570298447,1782943607835,celebrated-ocean-seagull,,,,false
2072441872530985087,1782943621177,winning-park-nightjar,2072377359345308024,1176026136117166080,false,
2072441940054851670,1782943637276,zappy-winter-thicketbird,2072389778071269801,31591353,true,true
2072441967099662382,1782943643723,great-mountain-brushturkey,2072372465934979225,1450241520859156483,true,
2072441982396305604,1782943647371,zappy-winter-thicketbird,2072429171180011587,1387110045272449029,true,
2072442050096537876,1782943663511,inspiring-redwood-wader,2072306810954879200,1192801415112081408,true,
2072442052646990287,1782943664119,fast-foothill-ibis,2072424599858397543,2969110905,true,true
2072442354808578475,1782943736160,neighborly-rhubarb-chickadee,2072349610509496453,1322835942596616192,true,
2072442453643391149,1782943759724,great-cashew-penguin,2072389778071269801,31591353,true,true
2072442480356630875,1782943766093,sensible-lemon-hummingbird,2072397300165378476,1173782564,false,
2072442701601972372,1782943818843,diligent-brook-thrasher,2072428215935594572,4568519680,true,
2072442867549946066,1782943858407,quotable-cliff-songbird,2072146451132551418,1931954659947929600,true,true
2072442879566307481,1782943861273,lionhearted-jacaranda-osprey,2072440516969365635,1546972236170543110,true,true
2072442958222414252,1782943880025,majestic-sequoia-redstart,2072358867103559747,1508798910860603405,false,
2072443018943045747,1782943894502,benevolent-iceberg-crake,2072409550351905205,243716422,true,
2072443025952002144,1782944557933,cosmic-root-grackle,2072328578990326192,2018827585971433473,false,
2072443278327193792,1782943956345,energizing-grove-junco,2072431942897697045,1111976778065723393,true,
2072443377350570134,1782943979953,upbeat-highland-hummingbird,2071738490954695069,1368218019961266184,false,
2072443590656352306,1782944030810,exquisite-cedar-turkey,2072385470726558163,800707492346925056,false,
2072443639792300218,1782944218526,cosmic-root-grackle,2072392726151069941,1552795969959636992,false,
2072443651561496648,1782944045330,thoughtful-pine-skylark,2072222371461705796,1146329871418843136,true,
2072443661963690030,1782944047810,vibrant-fern-flowerpecker,2072369688957362262,1593299133292503041,true,
2072443704393015770,1782944057927,cheery-nutmeg-towhee,,,,
2072444015987843165,1782944132217,brave-apricot-antwren,2072437471384572059,1155485812282318848,true,
2072444144614621326,1782944162884,smart-reef-cotinga,2072388770960191968,1344975710759350273,true,false
2072444175656567225,1782944170285,great-mountain-brushturkey,2072420421895688440,745708855481425920,true,
2072444458340344236,1782944237681,calm-oak-flamingo,2072351181137936645,1961007350309064704,false,
2072444548245037283,1782944259116,zappy-winter-thicketbird,,,,
2072444675374330260,1782944289426,neighborly-rhubarb-chickadee,2072409245300003144,,true,
2072444717053231240,1782944299363,diligent-brook-thrasher,,,,
2072444719943012843,1782944300053,celebrated-ocean-seagull,2072385336055882131,2069262483269849088,true,
2072444781125673324,1782944427541,cosmic-root-grackle,2070690028649415076,36033566,true,
2072444824641298592,1782944325015,nice-fern-seagull,2072312728811938255,375369317,true,
2072444870489203077,1782944335946,courageous-rosewood-eagle,2072349884360102243,,true,
2072444900810109204,1782944954614,cosmic-root-grackle,2072355567796981855,1571174195370803201,true,
2072444902580121659,1782944479455,cosmic-root-grackle,2072389443726594137,343041182,false,
2072445085267202303,1782944387152,caring-petal-nightingale,2072392138940404108,1525086211249000449,true,
2072445117127102918,1782944394748,amicable-ice-brushturkey,2072397300165378476,1173782564,false,
2072445171111780718,1782944407619,cheery-nutmeg-towhee,,,,
2072445386866729233,1782944459060,committed-canyon-cockatoo,2072422658474496474,194639692,true,
2072445427006210341,1782944468629,enlivened-walnut-grosbeak,2072444167079248110,1546972236170543110,true,
2072445439555596310,1782945170394,cosmic-root-grackle,2071748551650967977,1353595858948919296,false,
2072445462674854232,1782944477133,caring-petal-nightingale,2072386898027245635,1525086211249000449,true,
2072445581239460136,1782944505402,adept-rock-seabird,2072222371461705796,1146329871418843136,true,false
2072445757433524612,1782944547409,great-mountain-brushturkey,2072383691980972395,97340271,true,
2072445789113118822,1782944554962,zappy-winter-thicketbird,,,,
2072445833480474647,1782944723594,cosmic-root-grackle,2072280262092664988,349803020,false,
2072445833627181447,1782944565575,prodigious-highland-spoonbill,2072010935590351298,1813303431588630529,false,
2072445862798602558,1782944572531,dexterous-prairie-pelican,2072428782233997385,,true,
2072445923905487253,1782944587100,cheery-nutmeg-towhee,2072385861493178584,1833857639475720192,true,true
2072446108731580551,1782944631165,strong-mint-puffin,2072405940800725254,288277167,false,
2072446152499134923,1782944641600,neighborly-rhubarb-chickadee,2072416199225602261,368183883,true,
2072446304903451005,1782944677936,diligent-brook-thrasher,,,,
2072446331692470273,1782944684323,celebrated-ocean-seagull,2072335630512583139,,true,
2072446335400243542,1782944685207,legendary-kiwi-petrel,2072413300198166918,,true,
2072446338168455422,1782944685868,cheery-nutmeg-towhee,2072381811691315308,1573786108323893249,true,
2072446358103970203,1782944690621,great-mountain-brushturkey,,,,false
2072446398625370340,1782944700281,poetic-spring-goose,2072393937373815169,260016002,true,
2072446403167875374,1782944805291,cosmic-root-grackle,2072443504224047493,1261335549215989760,false,
2072446450382811614,1782944712621,zappy-winter-thicketbird,2072400505934852460,1640913701808078851,true,
2072446551335501925,1782944736691,legendary-kiwi-petrel,2072412375416709132,2429615017,true,
2072446565348778148,1782944740032,witty-savanna-wheatear,2072287063030821196,,true,
2072446590615273858,1782944746056,neighborly-rhubarb-chickadee,2072437181977604391,741259764492042240,true,
2072446599238730078,1782944748111,caring-petal-nightingale,2072258386637492429,1470153661112221700,true,
2072446633401340000,1782944756256,,2072372117933326441,,true,
2072446682084602142,1782944767863,diligent-brook-thrasher,2072036567477076128,2162812627,true,
2072446684546617710,1782944768450,celebrated-ocean-seagull,2072392190475501836,2990330674,true,
2072446732068102630,1782944779781,cheery-nutmeg-towhee,2072135743103963236,811132251664744448,true,
2072446753236779422,1782944784827,great-mountain-brushturkey,2072427909860524489,1104076483469946880,true,
2072446761122370000,1782944786707,commendable-star-kingbird,2072443555113468324,178580925,false,
2072446828147007779,1782944802687,zappy-winter-thicketbird,2072361433216503859,1813215317998641154,true,true
2072446837294866625,1782944804869,cool-water-chickadee,2070221020041302272,1467551696909967362,true,
2072446927522951474,1782944826381,flourishing-lemon-seagull,2072443555113468324,178580925,false,
2072446935328281024,1782944828242,neighborly-rhubarb-chickadee,2072338288950534294,2067197599484870656,true,
2072447023962329392,1782944849373,wholesome-raspberry-stilt,2072438673975427110,1178773799287885825,true,
2072447030757326873,1782944850993,bookish-marble-heron,2072443555113468324,178580925,false,
2072447116300242956,1782944871388,challenging-snow-cardinal,2072443555113468324,178580925,false,
2072447123476406541,1782944873100,contemporary-marmalade-canary,2072443555113468324,178580925,false,
2072447167885648338,1782944883688,diligent-brook-thrasher,2072428295837143429,3324689194,true,
2072447210508169246,1782944893849,cordial-field-drongo,2072377359345308024,1176026136117166080,false,
2072447223560868134,1782944896961,caring-petal-nightingale,2036990455486001333,204444440,true,
2072447276099006551,1782944909487,legendary-kiwi-petrel,2072401817686683704,2429615017,true,
2072447276790788348,1782944909653,celebrated-ocean-seagull,2072396023427748255,2353710014,true,
2072447287624708449,1782944912235,kinetic-nutmeg-goldfinch,2072357060818403596,2926713966,true,
2072447358076399796,1782944929032,cheery-nutmeg-towhee,2072410663041802695,1482916057262219267,true,
2072447423247441920,1782944944570,great-mountain-brushturkey,2072323819797106864,1885771608394014720,true,
2072447590772203929,1782944984511,caring-petal-nightingale,2072417274213134706,204444440,true,
2072447636875948152,1782944995503,zappy-winter-thicketbird,2072383542701486337,846899281806082053,true,
2072447653116592324,1782944999375,funny-tomato-songbird,2071878552291581969,754640507821752320,false,
2072447816618651912,1782945038358,ingenious-bamboo-duck,2071989855228133729,1928853547761979392,true,
2072447822020952555,1782945039646,neighborly-rhubarb-chickadee,2072299198679044463,2582953772,true,
2072447842661060763,1782945044567,diligent-brook-thrasher,,,,
2072447853444596067,1782945234745,cosmic-root-grackle,2072443504224047493,1261335549215989760,false,
2072447905105928285,1782945059454,legendary-kiwi-petrel,2072300618325119289,1240324158,true,
2072447949821354052,1782945070116,celebrated-ocean-seagull,2072171752537325985,1707744592895119360,true,
2072447961146208410,1782945072816,cosmic-sandalwood-waxbill,2072175504082296882,130557513,false,
2072448037062840490,1782945090915,legendary-kiwi-petrel,2072300508400791984,2429615017,true,
2072448151932264800,1782945118302,great-mountain-brushturkey,2072428782233997385,,true,
2072448204654756238,1782945130872,caring-petal-nightingale,2072385035903414416,204444440,true,
2072448324859273539,1782945159531,cheery-nutmeg-towhee,,,,
2072448362637377731,1782945168538,great-mountain-brushturkey,2072440120817627225,1217472690786668544,true,
2072448430719529458,1782945184770,caring-petal-nightingale,2033951503816527905,1428911804781056004,true,
2072448797846991044,1782945272301,authentic-jackfruit-swift,2071892447190528308,,true,
2072449022237745315,1782945325799,caring-petal-nightingale,2071775738202898815,1428911804781056004,true,
2072449068693860554,1782945336875,zappy-winter-thicketbird,2072436347252654239,2270741967,true,
2072449188705521927,1782945365488,zappy-winter-thicketbird,2072406587797274681,,true,
2072449412870389961,1782945418933,caring-petal-nightingale,,,,
2072449448173535591,1782945427350,neighborly-rhubarb-chickadee,,,,
2072449494126366860,1782945438306,limber-cashew-antwren,2072431781446348836,954350662892089344,true,
2072449579941831088,1782945458766,diligent-brook-thrasher,,,,false
2072449678206005562,1782945482194,celebrated-ocean-seagull,2072151761255592060,2036784443344523264,true,
2072449717636927797,1782945491595,marvelous-lagoon-skylark,2072439084652331174,1906652192372604928,true,
2072449753044943077,1782945500037,cheery-nutmeg-towhee,2072282380623032400,2013015999214186496,true,
2072449851850154034,1782945523595,neighborly-rhubarb-chickadee,2072151761255592060,2036784443344523264,true,
2072449891519914138,1782945533051,great-mountain-brushturkey,2072363865304646067,1762104127235014656,true,
2072449896037204022,1782945534129,diligent-brook-thrasher,2072424599858397543,2969110905,true,
2072449901871468928,1782945535520,celebrated-ocean-seagull,2072354635050885609,,true,
2072449917226783227,1782945539182,zappy-winter-thicketbird,,,,
2072450045220168160,1782945569697,neighborly-rhubarb-chickadee,2072429563859091860,7302282,true,
2072450113750933792,1782945586036,diligent-brook-thrasher,2072313774443540883,1659764713616441344,true,
2072450130905903590,1782945590126,positive-rhubarb-blackbird,2072030435983671648,57226715,true,
2072450190263418905,1782945604279,celebrated-ocean-seagull,,,,
2072450279061262776,1782945625449,bookish-beach-kookaburra,2071890569018618162,65045121,true,
2072450285318894052,1782945626942,cheery-nutmeg-towhee,2072361746421940696,2030646061656903680,true,
2072450315358716368,1782945634103,inspirational-snow-cockatoo,1952283540034564335,1282509001926692864,true,
2072450361462337715,1782945645095,cheery-nutmeg-towhee,,,,
2072450365728182303,1782945646112,noble-sandalwood-cacholote,2072151053718737208,16200034,true,
2072450379045032228,1782945649287,spunky-leaf-gull,2072104799324291240,2810979570,true,
2072450395389968577,1782945653184,jubilant-honeydew-francolin,2072431020436083067,43775786,true,
2072450409193435261,1782945656476,great-mountain-brushturkey,2072425976634741191,88986363,true,
2072450438335484175,1782945663423,phenomenal-moon-wader,2072428823799280037,1546972236170543110,true,true
2072450469037842881,1782945670743,zappy-winter-thicketbird,2072279094079770668,,true,
2072450517536854512,1782945682306,profound-apricot-thrush,2072335807474442384,87027640,true,
2072450518916493537,1782945682635,witty-coast-crow,2072110434673639580,31047836,false,
2072450663242473766,1782945717045,neighborly-rhubarb-chickadee,2072439159407452237,1845978020206571520,true,
2072450735271223709,1782945734218,diligent-brook-thrasher,2072403105447088321,,true,
2072450927148077436,1782945779965,celebrated-ocean-seagull,2072379713029374451,20517081,true,
2072451015740141799,1782945801087,cheery-nutmeg-towhee,2072414341635465594,760681898314170368,true,
2072451044961919259,1782945808055,determined-willow-wigeon,2072424048672289159,986308542213836800,true,
2072451159462420621,1782945835353,joyful-sand-antwren,2071904660257116187,1667460882438459392,true,
2072451313502167092,1782945872080,great-mountain-brushturkey,2072437819411149194,1262135381207789568,true,
2072451354291765743,1782945881805,zappy-winter-thicketbird,2072430099056443675,,true,
2072451378346107124,1782945887539,prudent-mangrove-macaw,2072451001097900515,1546972236170543110,true,
2072451398894035085,1782945892439,neighborly-rhubarb-chickadee,2072135480712274098,813721113054351360,true,
2072451412944974174,1782945895789,diligent-brook-thrasher,,,,
2072451452916641988,1782945905319,neighborly-pecan-citril,2072451001097900515,1546972236170543110,true,
2072451487557734774,1782945913577,talented-island-ibis,2067588858909462862,1282509001926692864,true,
2072451620919451765,1782945945373,celebrated-ocean-seagull,2072298441535807581,944250505987010560,true,true
2072451634014093680,1782945948496,great-mountain-brushturkey,2072286251378770305,1632402990584954880,true,
2072451652796256661,1782945952972,aquatic-oak-lapwing,2072451001097900515,1546972236170543110,true,
2072451746392113182,1782945975288,magical-persimmon-flamingo,2072451001097900515,1546972236170543110,true,
2072451795037646956,1782945986886,zesty-earth-hillstar,2072410663041802695,1482916057262219267,true,
2072451838461321596,1782945997240,festive-root-murrelet,2072451186301526035,1546972236170543110,true,
2072451969071956156,1782946028379,luminous-avocado-brownbul,2072428823799280037,1546972236170543110,true,
2072452076056309942,1782946677701,cosmic-root-grackle,2071837879920107709,,true,
2072452077624701072,1782946054260,serene-aspen-blackbird,2071991851742076970,,true,
2072452086046793985,1782946056268,effervescent-coconut-finch,2071561137661845565,1475982397829222400,true,
2072452096901709990,1782946058856,balanced-seawater-bushlark,2072405940800725254,288277167,false,
2072452108444389508,1782946061608,magical-persimmon-flamingo,2072451602326110470,1546972236170543110,true,
2072452182545182953,1782946079276,cheery-nutmeg-towhee,2072327549347102970,2070964444042002432,true,
2072452403719274845,1782946132008,great-mountain-brushturkey,2072292221777264809,95368716,true,
2072452676961329449,1782946197153,respectful-conifer-cockatoo,2072428823799280037,1546972236170543110,false,
2072452677100093512,1782946197187,aquatic-oak-lapwing,2072451602326110470,1546972236170543110,true,
2072452705851723959,1782946204041,zappy-winter-thicketbird,2072436423899193485,,true,
2072452708305449276,1782946204627,neighborly-rhubarb-chickadee,2072436423899193485,,true,
2072452817621778848,1782946230689,alpine-wildflower-francolin,2072367199390417198,873724542706962432,true,
2072453059423150147,1782946288339,neighborly-rhubarb-chickadee,2072438083174232330,1548977419,true,
2072453063239958619,1782946289250,diligent-brook-thrasher,2072430710657323108,2057719564603965441,true,
2072453086338035850,1782946294756,celebrated-ocean-seagull,2072380636816363745,1601491909754634240,true,
2072453157834154222,1782946311802,cheery-nutmeg-towhee,2072391528496931025,,true,
2072453191669584071,1782946319870,wholesome-pond-hornbill,2072452275339948144,1546972236170543110,true,
2072453246304592353,1782946332895,great-mountain-brushturkey,,,,
2072453314080297114,1782946349054,wholesome-pond-hornbill,2072452743894048768,1546972236170543110,true,
2072453320162066773,1782946350505,zappy-winter-thicketbird,2072366394444800234,1986852813071392769,true,
2072453431986377148,1782946377165,wholesome-pond-hornbill,2072452880485806404,1546972236170543110,true,
2072453617190097329,1782946421322,aquatic-oak-lapwing,2072452880485806404,1546972236170543110,true,
2072453630100152770,1782946424399,neighborly-rhubarb-chickadee,2072433352066384115,1418602846916853762,true,
2072453668373516666,1782946433524,entrancing-cashew-nighthawk,2072008996307812526,48015025,false,
2072453764435333179,1782946456428,diligent-brook-thrasher,,,,
2072453776737288348,1782946459360,celebrated-ocean-seagull,2072289125198393576,549912548,true,
2072453894169317671,1782946487358,serene-aspen-blackbird,2072133075975262519,1973920037653090304,true,
2072453990189592926,1782946510251,graceful-sequoia-kingbird,2072453363631788395,1546972236170543110,true,true
2072454033546072149,1782946520588,flourishing-peanut-cacholote,2072348991426118003,1422035868395745281,true,
2072454247480729735,1782946571595,diligent-brook-thrasher,2072258988696359185,,true,
2072454348978696230,1782946595794,bright-grass-quail,2069226064426021064,1392575277205700611,false,
2072454356041887900,1782946597477,exquisite-lime-pipit,2072178424420999486,1883889788698189824,true,
2072454453664608736,1782946620752,knowledgeable-cantaloupe-hornbill,2072431443205140716,104105131,true,
2072454516851495103,1782946635817,charitable-valley-ostrich,2072422086455283992,3207545212,true,
2072454549357367531,1782946643567,poetic-winter-shearwater,2072428823799280037,1546972236170543110,false,
2072454587009606105,1782946652544,energetic-hill-albatross,2072433378440188307,1343267077185015813,true,true
2072454616625635574,1782946659605,cheery-nutmeg-towhee,2072319814987637130,1919644382916956160,true,true
2072454632186556807,1782946663315,great-mountain-brushturkey,2072405780016366036,791344529844699136,true,
2072454667607376315,1782946671761,zappy-winter-thicketbird,2072449853142040722,1775606921514418176,true,
2072454727619543203,1782946686068,neighborly-rhubarb-chickadee,,,,
2072454812973650007,1782946706418,diligent-hillside-flowerpecker,2072377997567594693,326756275,false,
2072454819349242188,1782946707938,wholesome-raspberry-stilt,2072411032094744938,1557088964938309632,true,
2072454831651028999,1782946710872,wholesome-raspberry-stilt,2072397300165378476,1173782564,true,false
2072454838840152550,1782946712585,wholesome-raspberry-stilt,2072380636816363745,1601491909754634240,true,
2072454884117389739,1782946723380,diligent-brook-thrasher,2072430622438543776,278454886,true,true
2072454949695295513,1782946739015,celebrated-ocean-seagull,2072350768946950157,1926505021153144832,true,
2072455038115389920,1782946760096,,2072397051942588593,1263884345791504385,true,
2072455056708751531,1782946764530,pioneering-apricot-flatbill,2072454031767699866,1387110045272449029,true,
2072455191056560525,1782946796561,smart-maple-softbill,2072388770960191968,1344975710759350273,false,
2072455251894981002,1782946938287,cosmic-root-grackle,2072079597852889096,1935439450705723392,false,
2072455261768261867,1782946813419,cheery-nutmeg-towhee,2072398885000265856,2026940761330298883,true,
2072455537237606489,1782946879096,neat-conifer-kingbird,2072415925819605234,,false,
2072455542774100471,1782946880416,celebrated-ocean-seagull,2072450257221296390,1990335107430068224,true,
2072455608867885246,1782946896174,cheery-nutmeg-towhee,2072311583846420680,1431630393489362954,true,
2072455622658765012,1782946899462,botanical-mesa-tailorbird,2072397260776669628,474886468,true,
2072455741005299766,1782946927678,,2072411032094744938,1557088964938309632,true,
2072455968449860020,1782946981905,easygoing-island-parrotlet,2071986724469641299,4486093643,true,
2072455968831541645,1782946981997,botanical-mesa-tailorbird,2072375205268259258,,true,
2072456024531857491,1782946995276,celebrated-ocean-seagull,2072223813614416140,375339900,true,
2072456026939392503,1782946995850,great-mountain-brushturkey,2072223813614416140,375339900,true,
2072456046883275163,1782947000605,quiet-buckeye-conebill,2072450065856155693,1546972236170543110,true,
2072456056702214288,1782947002946,zappy-winter-thicketbird,2072431970584543709,423692278,true,
2072456143218094507,1782947023573,ardent-peanut-pigeon,2072425691069726762,1435247966592319501,true,
2072456179188379730,1782947032149,dexterous-prairie-pelican,2072430184372818131,24113137,true,
2072456400962232772,1782947085024,neighborly-rhubarb-chickadee,,,,
2072456453374329025,1782947097520,diligent-brook-thrasher,2072327455445299699,2010249378595016704,true,
2072456495254372645,1782947107505,,2072397300165378476,1173782564,true,false
2072456567031759186,1782947220205,cosmic-root-grackle,2072394584039063581,16331010,false,
2072456585897558027,1782947129117,skillful-rain-conure,2072389796291297333,1546972236170543110,true,true
2072456695444336862,1782947155234,easygoing-island-parrotlet,2072397051942588593,1263884345791504385,true,
2072456719527968992,1782947160976,cheery-nutmeg-towhee,2072423779918020927,629698642,true,
2072456743863644223,1782947166779,receptive-mango-friarbird,2072357770947375362,18213483,false,false
2072456750196986102,1782947168288,wonderful-cove-duck,2072439523783368786,1317984259,false,
2072456913095205057,1782947207127,celebrated-ocean-seagull,2072356605245419932,2001989846487982080,true,
2072456966434406745,1782947219844,jazzy-rosewood-thicketbird,2072190667418214759,948549306033852416,true,
2072456994783445394,1782947226602,excellent-dune-jacana,2071952608311271861,,true,
2072457002127925376,1782947228353,lithe-meadow-skylark,2072238036033962222,1977643925478457344,true,
2072457107291402482,1782947253426,curious-rose-softbill,2072430622438543776,278454886,true,
2072457173637173411,1782947450668,cosmic-root-grackle,2072409994595647886,16331010,false,false
2072457194948223057,1782947274325,poised-seashore-starling,2072409604785311873,1350810556819759108,true,
2072457205756936502,1782947276903,cheery-nutmeg-towhee,2072451696840630487,1865172196693344256,true,false
2072457208864878973,1782947277643,great-mountain-brushturkey,2072448082243989640,439434732,true,
2072457211201159278,1782947278200,great-mountain-brushturkey,2072402904237936922,1466518106659033094,true,
2072457213453402333,1782947278737,zappy-winter-thicketbird,2072402904237936922,1466518106659033094,true,
2072457233166737465,1782947283437,neighborly-rhubarb-chickadee,2072284674160746802,1986582867993096192,true,
2072457236262064341,1782947284175,diligent-brook-thrasher,2072372939685507241,16465385,true,
2072457255383892050,1782947288734,magical-sandalwood-cockatoo,2072289125198393576,549912548,true,
2072457501681877302,1782947347456,celebrated-ocean-seagull,2072084817894654316,1958671410660089857,true,
2072457524037448102,1782947352786,cheery-nutmeg-towhee,,,,false
2072457565884108880,1782947362764,great-mountain-brushturkey,2072316736808910995,202833471,true,
2072457571223355398,1782947364037,zappy-winter-thicketbird,,,,
2072457597719134357,1782947370354,lithe-meadow-skylark,2072450267715674402,2912736708,true,
2072457642518217045,1782947381034,modern-beech-raven,,,,
2072457660062990408,1782947385218,neighborly-rhubarb-chickadee,2072382347157426323,627607867,true,
2072457680266903589,1782947390034,enterprising-mist-firetail,2072389026925953221,2054305500603281408,true,true
2072457733660344770,1782947402764,diligent-brook-thrasher,2072432609351598312,1870136689752182784,true,
2072457798646927710,1782947418258,merry-freshwater-drongo,2072430505866182767,1487448171596898307,true,
2072457902317609099,1782947442976,zappy-winter-thicketbird,,,,
2072457919287685425,1782947447021,neighborly-rhubarb-chickadee,2072440157027119389,1845978020206571520,true,true
2072457921732960682,1782947447604,celebrated-ocean-seagull,2072440157027119389,1845978020206571520,true,
2072457922312073318,1782947447742,genius-elm-towhee,2072452880485806404,1546972236170543110,true,
2072457947418919369,1782947453728,diligent-brook-thrasher,2072445140078374968,,true,
2072458066340278644,1782947482081,kinetic-wildflower-robin,2072112543137505511,29501253,true,
2072458173579927884,1782947507649,celebrated-ocean-seagull,2072450833732575571,1645386177271197698,true,
2072458175958122900,1782947508216,neighborly-rhubarb-chickadee,2072450833732575571,1645386177271197698,true,
2072458212444397782,1782947516915,gentle-tanoak-raven,2072346601000202516,762936258,true,
2072458373962813724,1782947555424,diligent-brook-thrasher,2072340712503337038,2003821220186451968,true,
2072458433518096723,1782947569623,lithe-meadow-skylark,2072285069528764683,227624800,true,
2072458454547997066,1782947574638,celebrated-ocean-seagull,2072429136467959873,1766473347666149376,true,
2072458473065820461,1782947579052,cheery-nutmeg-towhee,,,,
2072458512219972040,1782947588387,welcoming-lemon-flamingo,2072404648636326343,745531639,true,
2072458657212842054,1782947622956,wonderful-marble-flamingo,2072405940800725254,288277167,true,
2072458723310584122,1782947638715,great-mountain-brushturkey,,,,
2072458887538860250,1782947677871,lithe-meadow-skylark,2072288698075636002,863749589119008768,true,
2072459025581482234,1782947710782,active-buckeye-friarbird,2072430622438543776,278454886,false,false
2072459070997426368,1782947849121,cosmic-root-grackle,2071720308508115354,1682808154793336834,false,
2072459119613956535,1782947733202,lithe-meadow-skylark,2072282896753385920,442943237,true,
2072459130086760556,1782947735699,zappy-winter-thicketbird,2072455208261628312,,true,
2072459144552984796,1782947739148,neighborly-rhubarb-chickadee,2072356449838158134,1415509406561734656,true,
2072459218670530711,1782947756818,diligent-brook-thrasher,2072349207445258733,1562371663991164930,true,
2072459253843914974,1782947765204,cheery-nutmeg-towhee,2072221743268450770,,true,
2072459488808894487,1782947821224,incredible-chestnut-treepie,2072257296722284782,1270171916393906177,true,
2072459498866835783,1782947823622,celebrated-ocean-seagull,2072383820247036348,1304248746524528640,true,true
2072459501333098841,1782947824211,great-mountain-brushturkey,2072383820247036348,1304248746524528640,true,true
2072459504680079791,1782947825009,cheery-nutmeg-towhee,2072080982987964919,739326540,true,true
2072459565833085284,1782947839588,wholesome-dogwood-tern,2072321414284411205,1331979673828548609,false,
2072459605645353033,1782947849080,great-mountain-brushturkey,2072439660035420322,1845978020206571520,true,
2072459839410774525,1782947904814,dexterous-prairie-pelican,2072175866570809395,,true,
2072459919421489611,1782947923890,dexterous-prairie-pelican,2072176369279127807,2021653558836572162,true,
2072460016041226461,1782948080754,cosmic-root-grackle,2071986724469641299,4486093643,true,
2072460044348616955,1782947953675,zappy-winter-thicketbird,,,,
2072460154969469032,1782947980049,incredible-moon-swamphen,2072397300165378476,1173782564,false,
2072460199017762850,1782947990551,neighborly-rhubarb-chickadee,2072334417809272903,1138842105856573445,true,
2072460236690964878,1782947999533,diligent-brook-thrasher,2072160415920857508,1892454722,true,
2072460284657012899,1782948549548,cosmic-root-grackle,2071975490609352797,1873137261740498944,false,
2072460293091848335,1782948012980,peaceful-horseradish-shearwater,2072048204556730651,2056165963075096576,true,
2072460377544159453,1782948033115,celebrated-ocean-seagull,2072272944479269298,,true,
2072460542405423576,1782948072422,cheery-nutmeg-towhee,,,,
2072460729240682583,1782948116966,great-mountain-brushturkey,2072182931712594389,1583645140899762176,true,
2072460759552991309,1782948124194,zappy-winter-thicketbird,,,,
2072460849159999888,1782948145557,goodhearted-spring-anhinga,,,,
2072460915929211336,1782948161476,futuristic-prairie-hummingbird,2072439084652331174,1906652192372604928,false,
2072461039451455519,1782948190927,enterprising-birch-conebill,2072212961322471821,1977778649009942528,true,
2072461089854357773,1782948202943,zappy-winter-thicketbird,2072312315538489605,1650187659015274497,true,
2072461089879810173,1782948202949,nestling-maple-hummingbird,2072355956269478189,1200123105370198017,true,
2072461186235355456,1782948225922,empathetic-almond-hawk,2072232246757687665,1497451765054066695,false,
2072461205629718780,1782948230546,authentic-grassland-mousebird,2072451704151585073,260016002,true,
2072461249904849199,1782948241102,comforting-rhubarb-sparrowhawk,2072121148050231384,1689672109612818432,true,
2072461254149427213,1782948242114,neighborly-rhubarb-chickadee,2072395961536524464,,true,
2072461256712171809,1782948242726,diligent-brook-thrasher,2072395961536524464,,true,
2072461258154967227,1782948243069,jubilant-kiwi-puffbird,2072069129486643235,97190495,true,
2072461276274422123,1782948351119,cosmic-root-grackle,2063301390743502931,3324689194,true,
2072461282662346915,1782948248912,celebrated-ocean-seagull,2072437234482254237,83856637,true,
2072461303940096343,1782948253985,caring-petal-nightingale,2072312300082499813,99961254,true,
2072461359128658311,1782948267143,cheery-nutmeg-towhee,,,,
2072461601307832624,1782948324883,early-magnolia-woodpecker,2072302215457276297,16287152,false,
2072461770782859632,1782948365289,great-mountain-brushturkey,,,,
2072461891599761724,1782948394094,lucky-almond-kite,2072268965984837669,1820117456029196288,true,
2072461997606687228,1782948419368,dauntless-jacaranda-brushturkey,2072433573928296730,,true,
2072462033979642251,1782948428040,zappy-winter-thicketbird,,,,
2072462131438453171,1782948451276,neighborly-rhubarb-chickadee,,,,
2072462304038310176,1782948982530,cosmic-root-grackle,2071394040340185545,72882689,false,
2072462340327436550,1782948501079,thorough-watermelon-parakeet,2072159034963103934,1820693137020354560,true,
2072462369653989473,1782948508071,majestic-ocean-cacholote,2072452765809254808,854342210,true,true
2072462479964148027,1782948534371,diligent-brook-thrasher,,,,
2072462499299934661,1782948538982,stunning-coral-sparrow,2072237247865229712,,true,
2072462540479602723,1782948664046,cosmic-root-grackle,2072320309533770095,1437085261490446348,true,
2072462710537855478,1782948715102,cosmic-root-grackle,2072430622438543776,278454886,true,
2072462789839393028,1782948608252,hilarious-moonlight-peacock,2072340324920287507,,false,false
2072462874145112151,1782948628351,lithe-moonlight-grassbird,2072456479651643794,1827147624484335616,false,
2072462923180462172,1782948640042,diligent-brook-thrasher,2072449767976702148,1752733094937808896,true,
2072463131729871239,1782948689764,wholesome-raspberry-stilt,2072370711868420607,1951281927018725377,true,
2072463139413909698,1782948691597,wholesome-raspberry-stilt,2072423779918020927,629698642,true,
2072463141313638870,1782948692050,celebrated-ocean-seagull,2072410490018652274,1913600473170624512,true,true
2072463143960252855,1782948692681,cheery-nutmeg-towhee,,,,
2072463146359366036,1782948693253,great-mountain-brushturkey,2072396112062034217,1034166571932045313,true,
2072463148934734278,1782948693867,zappy-winter-thicketbird,2072389026925953221,2054305500603281408,true,true
2072463153133232159,1782948694867,diligent-brook-thrasher,2072426871783031143,1457884439586144256,true,
2072463205025144979,1782948707239,celebrated-ocean-seagull,2072418806148784195,1367209793686036482,true,
2072463315402461509,1782948733556,majestic-ocean-cacholote,2072452916871381050,854342210,true,
2072463493132071361,1782948775929,auspicious-grape-parakeet,2072442411901694112,1182478907401850880,true,
2072463770564313496,1782948842075,dedicated-mesa-goose,2050733212914024805,1731773353915039744,false,
2072463791330152584,1782948847025,cheery-nutmeg-towhee,2072451052981584353,1024016842032078849,true,
2072463792491889150,1782948847302,lithe-grass-woodpecker,2071975490609352797,1873137261740498944,true,
2072463793645629816,1782949394023,cosmic-root-grackle,2071975490609352797,1873137261740498944,false,
2072463803321626938,1782948975571,cosmic-root-grackle,2067464540929876299,1424259086950993921,true,
2072463803569365502,1782948967316,cosmic-root-grackle,2071532332121788540,2041030314131357696,true,
2072463819490685053,1782948853739,celebrated-ocean-seagull,2072398430782022042,2062571532744835072,true,
2072463855070978115,1782948862223,great-mountain-brushturkey,2072325804340510757,69334913,true,
2072464033060466873,1782948904658,calm-winter-egret,2072452059337547967,1355721251180961792,true,
2072464216137548241,1782948948307,zappy-winter-thicketbird,2072427239111606461,1149355281123553285,true,
2072464282176893390,1782948964052,cheery-nutmeg-towhee,,,,
2072464298530717826,1782948967951,knowledgeable-cove-crake,2072169998387200085,1112077071071805442,false,
2072464446044143885,1782949003121,neighborly-rhubarb-chickadee,2072409960781107230,1363858510002466820,true,true
2072464621663899899,1782949044992,diligent-brook-thrasher,2072329938926010829,1210362447703552000,true,
2072464663023862242,1782949054854,celebrated-ocean-seagull,2072296085251318214,1594014554761076739,true,
2072464707491930176,1782949065455,cheery-nutmeg-towhee,2072452765809254808,854342210,true,true
2072464727150563642,1782949070142,challenging-samba-tanager,2072074301969191074,369120654,true,
2072464888929140859,1782949108713,great-mountain-brushturkey,2072455458565079356,1570680858717159424,true,
2072464891194015783,1782949109253,zappy-winter-thicketbird,2072455458565079356,1570680858717159424,true,
2072464974484521153,1782949129112,blooming-nutmeg-logrunner,2072393097162662164,842362162525941760,true,
2072465006172557597,1782949136666,neighborly-rhubarb-chickadee,2072362896319770867,158162342,true,
2072465023751033253,1782949140857,fantastic-pear-bunting,2072289125198393576,549912548,true,
2072465033750052950,1782949143242,zappy-winter-thicketbird,2072451910737461638,95260821,true,
2072465077773422597,1782949153737,neighborly-rhubarb-chickadee,2072374393062240377,1676330800332013568,true,
2072465095783760229,1782949158031,diligent-brook-thrasher,2072320309533770095,1437085261490446348,true,
2072465158782287956,1782949173051,celebrated-ocean-seagull,,,,
2072465213127889021,1782949186008,commendable-mountain-swan,2072442100600185015,1953494159060357122,true,
2072465359135822253,1782949220820,unique-moonlight-bluebird,2072451696840630487,1865172196693344256,false,
2072465380027629817,1782949225801,diligent-brook-thrasher,2072433427773603950,4828438293,true,
2072465392379830274,1782949228745,blooming-nutmeg-logrunner,2072357653301301482,1710837693683216385,true,
2072465478778266050,1782949249344,easygoing-island-parrotlet,2072077377413525807,967544539010416640,true,
2072465530770915658,1782949261740,blooming-nutmeg-logrunner,2072329614752383417,1886445309016113152,true,
2072465572604850468,1782949271714,cheery-nutmeg-towhee,2072437824532726242,1845978020206571520,true,
2072465573028450775,1782949271816,responsible-birch-hawk,2071995126600388892,2057835352925118464,true,
2072465574676865094,1782949272208,celebrated-ocean-seagull,2072437824532726242,1845978020206571520,true,
2072465593815490838,1782949276771,great-mountain-brushturkey,2072269453681721691,1768856562309722112,true,
2072465606293762470,1782949279746,confident-reef-bulbul,2071578357171405167,39692424,false,
2072465641852780571,1782949288225,zappy-winter-thicketbird,2072454643645383088,1095052024473890822,true,
2072465678695633158,1782949954541,cosmic-root-grackle,2072214621373566990,1517523151219044353,true,
2072465706826805352,1782949303715,neighborly-rhubarb-chickadee,,,,
2072465814721097778,1782949329439,diligent-brook-thrasher,2072291664094503247,1303028160,true,
2072465825693352320,1782949332056,legendary-kiwi-petrel,2072078365591306508,25474332,true,
2072465871587426743,1782949342997,celebrated-ocean-seagull,,,,
2072465969948086763,1782949366449,,2072430622438543776,278454886,true,
2072466002634273248,1782949374241,legendary-kiwi-petrel,2072072566399770923,873724542706962432,true,
2072466054228377922,1782949386542,cheery-nutmeg-towhee,2072418920976322853,,true,
2072466251964985799,1782949433686,responsible-birch-hawk,2071813725124968894,2057835352925118464,true,
2072466283845603448,1782949441287,,2072320309533770095,1437085261490446348,true,
2072466351516450828,1782949457421,great-mountain-brushturkey,2072184449312423963,,true,
2072466392989773824,1782949467309,zappy-winter-thicketbird,2072381914011279667,1161729675930025985,true,
2072466417350234231,1782949473117,neighborly-rhubarb-chickadee,2072431850744930579,3362561752,true,
2072466440142110881,1782949478552,responsible-birch-hawk,2071449743583297825,2057835352925118464,true,
2072466458974863801,1782949483042,legendary-kiwi-petrel,2072451022086160768,25474332,true,
2072466548749738496,1782949504446,fantastic-daylight-lark,2072298198505333127,778328385416105984,false,false
2072466574380859625,1782949510557,diligent-brook-thrasher,,,,
2072466702055432623,1782949540996,celebrated-ocean-seagull,2072399107822391368,2984772021,true,
2072466711626830084,1782949543279,fast-banana-mockingbird,2072431020436083067,43775786,false,
2072466776097505621,1782949558649,legendary-kiwi-petrel,2072446408616022224,2024954227345502208,true,
2072466823283360147,1782949569900,diligent-brook-thrasher,2072351543353884931,2533803474,true,
2072466942909206924,1782949598420,,2072334417809272903,1138842105856573445,true,
2072466974005727690,1782949605834,celebrated-ocean-seagull,2072383691980972395,97340271,true,
2072467088258511260,1782949633074,neighborly-rhubarb-chickadee,2072248047644430450,2069262483269849088,true,
2072467222614671777,1782949665108,diligent-brook-thrasher,2072288044187517126,247882154,true,
2072467229963128885,1782949666860,cheery-nutmeg-towhee,2072247057885127063,1873148852892528640,true,
2072467254000701817,1782949672591,diligent-brook-thrasher,2072185835714154897,1727509924316602368,true,
2072467316382531998,1782949687463,original-coast-crow,2072449871458586997,3324689194,true,
2072467558322610336,1782949745146,cheery-nutmeg-towhee,,,,
2072467590845218996,1782949752900,great-mountain-brushturkey,2072077377413525807,967544539010416640,true,
2072467638958121365,1782949764370,great-mountain-brushturkey,2072420728721588325,1690583977176842240,true,
2072467703839826415,1782949779841,zappy-winter-thicketbird,2072392384420188333,1267067442884481027,true,
2072467708180877545,1782949780876,neighborly-rhubarb-chickadee,2072412329468117305,1906264743440183296,true,
2072467820298862769,1782949807607,giving-rain-mockingbird,2072190898553626768,2018744645694402562,true,
2072467835339657312,1782949811192,diligent-brook-thrasher,,,,
2072467840615981314,1782949812451,philosophical-berry-brushturkey,2072226532752253286,1143139110170873856,true,
2072467852448124964,1782949815271,celebrated-ocean-seagull,2072336712257401239,,true,
2072468008392417356,1782949852451,zappy-winter-thicketbird,2072203917140619565,856590732907433985,true,
2072468062456946762,1782949865341,neighborly-rhubarb-chickadee,2072403378429165774,950078261643575298,true,
2072468188109934740,1782949895299,diligent-brook-thrasher,,,,
2072468193130524995,1782949896496,magical-passionfruit-sandgrouse,2072059215800082767,81202321,true,
2072468299690967177,1782949921902,active-maple-oriole,2072353285143462323,216881337,true,
2072468318498230678,1782949926386,cheery-nutmeg-towhee,2072427329444360323,1425939065870893065,true,
2072468414258618523,1782949949217,involved-papaya-grouse,2072162996441452790,,true,
2072468497028829466,1782949968951,great-mountain-brushturkey,,,,
2072468564607455604,1782949985064,bold-nectarine-barbet,2072408840591532391,3315264553,false,
2072468637617721637,1782950002471,exciting-beach-macaw,2072404463311004110,2060034714832945156,false,
2072468868082147397,1782950057417,zappy-winter-thicketbird,2072447995984113743,14677919,true,
2072468981433155989,1782950084443,neighborly-rhubarb-chickadee,,,,
2072469089361224103,1782950199327,cosmic-root-grackle,2071977731126894719,1500129642,false,
2072469200384503847,1782950136645,cozy-frost-petrel,2072223693867257955,,true,
2072469431507116196,1782950191748,supportive-creek-emu,2072421296562925701,135667968,true,
2072469569961136393,1782950224759,courteous-star-dipper,2072351562865815966,770056772,true,
2072469797871526220,1782950418440,cosmic-root-grackle,2064145404988461187,2557521,true,
2072469823565525413,1782950285222,neighborly-rhubarb-chickadee,,,,
2072470018147672354,1782950331614,diligent-brook-thrasher,2072205806355788107,1902712539659616256,true,
2072470070136369595,1782950344009,fabulous-canopy-junco,2072447199036989738,60071361,true,
2072470332808540171,1782950406635,humorous-coconut-wheatear,2072422874560778714,,true,true
2072470352035275075,1782950411220,inspiring-park-flycatcher,2071827577829032083,,true,
2072470400425165088,1782951094192,cosmic-root-grackle,2072405678216335407,4486093643,false,
2072470464811700294,1782950438108,nice-peach-egret,2072190667418214759,948549306033852416,false,false
2072470548849078626,1782950458143,groovy-pecan-lark,2072461466800939454,10842792,true,
2072470760849850790,1782950508689,celebrated-ocean-seagull,2072351457123119422,895007453074665474,true,
2072470851518116271,1782950530305,cheery-nutmeg-towhee,,,,false
2072470945709650112,1782950552763,scholarly-berry-seabird,2064053209010725167,2064047786207711232,true,
2072470991238844430,1782950563617,diligent-brook-thrasher,2072395823267094771,3222469241,true,
2072470992958742874,1782950564027,zestful-tide-mousebird,2072130534176919739,91735172,true,
2072471118439501860,1782950593944,great-mountain-brushturkey,2072380774758732026,1927088498575577088,true,
2072471198592573575,1782950613055,celebrated-ocean-seagull,2072462040850121008,,true,true
2072471211758555550,1782950616193,zappy-winter-thicketbird,2072365574479327358,1726731338357538817,true,
2072471430453678280,1782950668334,neighborly-rhubarb-chickadee,2072354241373495540,1950688943072002048,true,
2072471582425927849,1782950704567,diligent-brook-thrasher,2072343218604441884,1319287761048723458,true,
2072471666643341511,1782950724646,scholarly-berry-seabird,2071981108233633878,2064047786207711232,true,
2072471795232387428,1782950755305,scholarly-berry-seabird,2071578930033611138,2064047786207711232,true,
2072471854711754808,1782950769486,adaptable-desert-parrotlet,2072375187555946810,2039098183976910848,true,true
2072471856326623563,1782950769870,striking-blueberry-shorebird,2072392726151069941,1552795969959636992,false,
2072471999910142358,1782950804104,virtuous-cloud-wheatear,2072419700768670172,738143559920934912,true,
2072472018872590338,1782950808624,welcoming-almond-dove,2072452059337547967,1355721251180961792,false,
2072472140301979994,1782950837575,celebrated-ocean-seagull,2072446125769167129,1576414362650128385,true,true
2072472146270662763,1782950838998,peppy-berry-firefinch,1534611653903491077,1435732236628803586,true,
2072472200356245668,1782951526686,cosmic-root-grackle,2072438161284694345,,false,
2072472207087784348,1782950853498,cheery-nutmeg-towhee,2072395053717500357,2035024361904906242,true,
2072472264306503797,1782950867141,cheery-nutmeg-towhee,2072452187259556231,2064899164996059136,true,
2072472266466607250,1782950867655,great-mountain-brushturkey,2072452187259556231,2064899164996059136,true,
2072472286536290404,1782950872440,zappy-winter-thicketbird,2072463600736702661,182501483,true,
2072472290608959951,1782950873412,neighborly-rhubarb-chickadee,2072450652786069818,3243547315,true,
2072472305943380241,1782950877067,effective-tree-conebill,2072449434730864988,,true,
2072472406560502075,1782950901057,diligent-brook-thrasher,,,,
2072472480304738740,1782950918638,celebrated-ocean-seagull,2072433523210735930,985172054,true,true
2072472543001301165,1782950933586,supportive-sunlight-crow,2072256979557285920,2036879160061120512,true,
2072472619841159641,1782951172907,cosmic-root-grackle,2072039970957910401,3530404094,true,
2072472694474362964,1782950969701,great-mountain-brushturkey,2072426394089578562,3823128447,true,
2072472869171237265,1782951011351,cheery-nutmeg-towhee,2072451244841423077,,true,
2072472894018355377,1782951017276,great-mountain-brushturkey,2072334527096320072,1583816196218318848,true,
2072472942844285308,1782951028916,mighty-grapefruit-goldfinch,2072297239737676236,,true,
2072472972812751275,1782951036061,radiant-lime-jay,2071179343037120789,1808310821870882816,true,
2072473046254866844,1782951053571,approachable-riverbank-softbill,2072404648636326343,745531639,true,
2072473185627320446,1782951086800,zappy-winter-thicketbird,,,,
2072473813493612698,1782951236496,sunny-mangrove-canary,2072404463311004110,2060034714832945156,true,
2072473876760866976,1782951251579,frank-dune-flatbill,2071977731126894719,1500129642,true,
2072474023498330295,1782951286564,zappy-winter-thicketbird,2072452065792528436,1657617480,true,
2072474095380246881,1782951303701,blazing-jacaranda-citril,2072295563089813903,907929868071038976,true,
2072474373705912796,1782951370060,flying-walnut-auklet,2072182358795583592,1761502314097946625,true,
2072474584993952136,1782951420436,empowering-slope-woodpecker,2072093521431970053,3258009148,false,false
2072474713721618521,1782951594468,cosmic-root-grackle,2072341530069856523,17446621,false,
2072474954713427979,1782951508584,neighborly-rhubarb-chickadee,,,,
2072474974812541109,1782951513375,blazing-jacaranda-citril,2072438543595577367,1251249987230609409,true,
2072475000016101386,1782951519384,diligent-brook-thrasher,2072356605245419932,2001989846487982080,true,
2072475052247834749,1782951531837,celebrated-ocean-seagull,,,,
2072475133394944326,1782951630620,cosmic-root-grackle,2072405385202258416,1986852813071392769,true,
2072475141800690105,1782951553188,lionhearted-papaya-cotinga,2072335807474442384,87027640,true,
2072475294057771101,1782951589489,radiant-daylight-nightingale,2072389796291297333,1546972236170543110,false,
2072475306917601581,1782951592555,cheery-nutmeg-towhee,2072438161284694345,,true,
2072475308956201405,1782951796149,cosmic-root-grackle,2072438161284694345,,false,
2072475332859281533,1782951598741,great-mountain-brushturkey,2072445161364218350,1489975206487724036,true,
2072475541177819158,1782951648408,zappy-winter-thicketbird,2072395701955309775,1651445735970275328,true,
2072475549021135283,1782951650277,neighborly-rhubarb-chickadee,2072408359257374965,417262550,true,
2072475564607181256,1782951653993,involved-woodland-brownbul,2072173169339973741,1568930042398535680,true,
2072475567660597336,1782951654722,calm-pineapple-friarbird,2072230579295363088,1824184084236734465,true,
2072475571553017890,1782951655649,goodhearted-spring-anhinga,2072349653786333453,3599238389,true,
2072475660665401766,1782951676895,meticulous-winter-quail,2072136874991468680,1856247659910328320,true,
2072475758761766932,1782951700283,stalwart-seawater-brushturkey,2072113002514419884,15754281,false,false
2072475777174491307,1782951704673,diligent-brook-thrasher,2072242251363729550,,true,
2072475857784893864,1782951723893,botanical-sun-treerunner,2072419700768670172,738143559920934912,false,
2072476045031149760,1782951768536,celebrated-ocean-seagull,,,,
2072476049829437542,1782951769680,neighborly-rhubarb-chickadee,,,,
2072476244042473808,1782951815984,easygoing-marble-swift,2072314549705818464,640893,true,
2072476327886684367,1782951835973,cheery-nutmeg-towhee,,,,false
2072476381791879318,1782951848826,easygoing-island-parrotlet,2072400029067714599,1104076483469946880,true,
2072476462540582926,1782951868077,zappy-winter-thicketbird,2072461394696691965,1450241520859156483,true,
2072476549715263864,1782951888861,whimsical-savanna-scaup,2071986054328971574,1500129642,true,
2072476601212666175,1782951901140,alpine-sky-towhee,2072425013555171761,1495728970574225415,true,true
2072476704832901564,1782951925844,neighborly-rhubarb-chickadee,2072473003015774411,1395859200006311939,true,
2072476735774380356,1782951933221,congenial-mist-sparrow,2072289838485704979,,true,
2072476785728528868,1782951945131,easygoing-island-parrotlet,2072280262092664988,349803020,true,
2072476787284861215,1782952142396,cosmic-root-grackle,2072280262092664988,349803020,true,
2072477011264573844,1782951998904,blazing-jacaranda-citril,2072408358888579095,22506165,true,
2072477037017649565,1782952005043,diligent-brook-thrasher,2072360471219552306,1726448306346225664,true,
2072477062158258352,1782952011037,contemporary-valley-stork,2072373211820413241,2015436249595518976,true,true
2072477101131698607,1782952020330,,2072455711288959261,23395456,true,
2072477138784006218,1782952029307,celebrated-ocean-seagull,2072443939970228521,1753516744159756288,true,
2072477174662324511,1782952037860,majestic-water-bushlark,2072002159798046978,1580627119847182352,true,
2072477229259337762,1782952050877,celebrated-ocean-seagull,2072160415920857508,1892454722,true,
2072477281797144961,1782952063403,cheery-nutmeg-towhee,2072459006438670599,1568266131034480647,true,
2072477286306111883,1782952064479,great-mountain-brushturkey,2072423011341222136,1323673671978885127,true,
2072477325241819351,1782952073761,hopeful-raspberry-catbird,2072401111667864030,2004620483367763970,true,
2072477444993331657,1782952102313,zappy-winter-thicketbird,,,,
2072477495924781263,1782952114455,neighborly-rhubarb-chickadee,,,,
2072477597884403792,1782952138764,great-seedlings-shorebird,2072334215342076323,2025986249408806912,true,true
2072477685192999164,1782952159581,joyous-peachtree-rooster,2071954576031256815,,true,true
2072477909223170328,1782952212994,neighborly-rhubarb-chickadee,2072457416508403941,1450241520859156483,true,
2072477917649436843,1782952215002,diligent-brook-thrasher,2072389387522801838,1726415284699856896,true,
2072477919771873296,1782952215508,cheery-nutmeg-towhee,2072389387522801838,1726415284699856896,true,
2072478171933339924,1782952275629,elated-granite-macaw,2071146127022588158,93592998,true,
2072478233694466285,1782952290353,,2072438161284694345,,true,
2072478274312179729,1782952300037,vivacious-banana-sparrowhawk,2072404463311004110,2060034714832945156,true,
2072478535411749169,1782952362289,supreme-elm-catbird,2072346642292875543,,true,true
2072478656127959393,1782952391070,,2072433574314131529,763094579491008512,true,
2072478805814567379,1782952426758,discerning-tigerwood-finfoot,2072447936995151993,,true,
2072478819538116691,1782952430028,great-mountain-brushturkey,,,,
2072478931978985701,1782952456837,celebrated-ocean-seagull,2072468753263083592,1503519934734864388,true,
2072478967970382327,1782952465419,cheery-nutmeg-towhee,2072363071679730115,1815282752742408192,true,
2072479461153308940,1782952583002,zappy-winter-thicketbird,2072462354785140883,1660440916451024897,true,
2072479861642555574,1782952678486,profound-reef-rooster,2072141709312426096,1135361633717489664,false,
2072479884513787924,1782952683940,grand-hillside-kingbird,2072175050535715151,1598433131928887304,true,false
2072480266606821563,1782952775037,communicative-canyon-pheasant,2072147845046747606,236328848,false,
2072480706349953183,1782952879880,zestful-mulberry-cotinga,2072175050535715151,1598433131928887304,false,
2072480910440587464,1782952928539,confident-nectarine-kestrel,2071952147743478074,1535750008892321792,true,
2072481018888462695,1782952954395,magnetic-willow-bushlark,2072474607169450063,1725090343606222848,true,
2072481061209018664,1782952964485,notable-grape-parrotlet,2072438025603190889,1546972236170543110,true,
2072481379640615366,1782953040406,balanced-sycamore-puffbird,2072301378819481749,417262550,true,
2072481459042959538,1782953059337,involved-strawberry-cardinal,2072210344030658566,1569409963990351874,false,
2072481585660916052,1782953089525,mindful-mist-eagle,,,,
2072481673032135082,1782953110356,perceptive-coral-blackbird,2072462496875573397,1546972236170543110,true,
2072481741705449921,1782953126729,intellectual-frost-stork,2072265202582921581,1520200877268631552,true,
2072481896215589011,1782953163566,joyful-seashore-swan,2072101356685742385,1805519493873233920,true,
2072482362513084832,1782953274740,quiet-glacier-hillstar,2072184449312423963,,true,
2072482382142218482,1782953279419,diligent-rainforest-partridge,2071949075956572347,349803020,false,
2072482900830740850,1782953403087,reserved-desert-partridge,2072419700768670172,738143559920934912,false,
2072483070955941949,1782953443645,fun-conifer-bushlark,2072411660283748444,1689028315410042880,true,
2072483117789507691,1782953454812,gumptious-apple-thrush,2072462973910884363,18918698,true,
2072483405602623914,1782953523432,electric-desert-pigeon,2072423629061550161,763094579491008512,true,
2072483735912824860,1782953602184,dazzling-sequoia-finch,2072436229816156441,1841988608825466880,true,
2072483820830708143,1782953622431,lionhearted-papaya-cotinga,2072266304594285039,371970373,true,
2072484002951205204,1782953665851,classy-sand-flycatcher,2071959288981987681,1377277816291622915,true,
2072484028112863331,1782953671850,victorious-snow-curassow,2071585076178030675,819654064912953344,true,
2072484072236970318,1782953682371,great-mountain-brushturkey,2072476502730608848,930453075457921029,true,
2072484146572570866,1782953700094,zappy-winter-thicketbird,2072301672286544052,1807690693197918208,true,
2072484290475020711,1782953734402,comical-harvest-lark,2071993598673879345,1526333796555137024,true,
2072484485375922260,1782953780871,neighborly-rhubarb-chickadee,2072365372741767495,1690913374412910592,true,
2072484633384542388,1782953816158,agile-shoreline-dove,2072323345199354352,1480177595878576131,true,
2072484864050221305,1782953871154,alpine-evergreen-hummingbird,2072016068688679097,800707492346925056,true,
2072484929208721915,1782953886688,diligent-brook-thrasher,2072455229522559080,1505851779354972160,true,
2072484949425295700,1782953891510,celebrated-ocean-seagull,2072454031767699866,1387110045272449029,true,
2072485261892526457,1782953966005,cheery-nutmeg-towhee,2072454156863029509,1541411024938876929,true,
2072485321703305349,1782953980266,great-mountain-brushturkey,2072385337549340924,1142636318305869827,true,true
2072485398605963751,1782953998601,valorous-jacaranda-pigeon,2072403423845122367,1569409963990351874,true,
2072485428821688663,1782954005807,affable-rain-wren,2072480372357480827,1169664359628509184,true,
2072485491186835932,1782954020675,zappy-winter-thicketbird,2072199799877636310,1105955191688495104,true,
2072485521499320792,1782954027901,sanguine-orchard-crane,2072357677275971882,974899875874770944,true,
2072486094227071398,1782954164450,neighborly-rhubarb-chickadee,2072383233279377540,1912848090664730624,true,
2072486181963460667,1782954185368,logical-lowland-goldfinch,2072461755494588688,1079776144524754944,true,
2072486264264106000,1782954204991,contemporary-cactus-lovebird,2072480740483244324,1344356576786866176,true,
2072486272044786032,1782954206845,meticulous-winter-quail,2072128673885639036,2061991492324139008,true,
2072486424130027843,1782954243107,confident-dune-stilt,2071640590874292437,1640750525774741504,false,
2072486585585525050,1782954281599,captivating-rain-shearwater,2072192143729340911,138212728,false,
2072486613075317071,1782954288153,serene-star-kingbird,2072357807589044492,1191030472316338176,true,
2072486648495923512,1782954296598,neighborly-rhubarb-chickadee,2072309738209992876,1373840588743843842,true,
2072486822232432947,1782954338020,diligent-brook-thrasher,,,,
2072486826154070348,1782954338955,celebrated-ocean-seagull,,,,
2072486859435827632,1782954346890,discerning-strawberry-hillstar,2071886941948145987,,true,
2072486966482948119,1782954372413,harmonious-sun-wigeon,2072441042637308041,878284831,true,
2072487036162871765,1782954389025,kind-coconut-finfoot,2072256979557285920,2036879160061120512,false,
2072487047491616844,1782954391725,cheery-nutmeg-towhee,2072461466800939454,10842792,true,
2072487128085205054,1782954410942,great-mountain-brushturkey,,,,false
2072487400090046726,1782954475793,zappy-winter-thicketbird,2072279750660276401,139454733,true,
2072487590599487616,1782954521214,,2072429703336521937,629698642,true,true
2072487703887728785,1782954548223,reserved-bonsai-quail,2072244289568960566,1561968071547420674,true,
2072487789573095700,1782954568651,diligent-brook-thrasher,,,,
2072487846816948261,1782954582300,glowing-pistachio-finfoot,2072437990706532564,1965054175458332672,true,false
2072487909635039286,1782954597277,neighborly-rhubarb-chickadee,2072429703336521937,629698642,true,
2072487916870266954,1782954599003,,2071955374341562601,1985422681265881088,true,
2072487952710590723,1782954607548,celebrated-ocean-seagull,2072451020811047163,1990335107430068224,true,
2072487999632298151,1782954618735,cheery-nutmeg-towhee,,,,
2072488028447068229,1782954625604,great-mountain-brushturkey,,,,
2072488097007149488,1782954641950,invigorated-walnut-bushlark,2072455711288959261,23395456,false,
2072488103051207110,1782954643391,tectonic-brook-flameback,2071996810512793836,2415348630,false,
2072488121984270342,1782954647905,celebrated-ocean-seagull,,,,
2072488125427769574,1782954648727,zappy-winter-thicketbird,,,,
2072488286182895804,1782954687054,neighborly-rhubarb-chickadee,2072470310608413102,,true,
2072488290540814646,1782954688093,diligent-brook-thrasher,,,,
2072488369381335318,1782954706889,dedicated-wind-penguin,2072348716099403815,1329891389430243330,false,
2072488509273751965,1782954740243,celebrated-ocean-seagull,,,,
2072488585459126776,1782954758407,,2072440157027119389,1845978020206571520,true,
2072488645861277778,1782954772807,cheery-nutmeg-towhee,2072376542294909049,1934288243932925952,true,
2072488673950531706,1782954779504,great-mountain-brushturkey,2072443987189809468,1393731235999010818,true,
2072488751796814095,1782954798065,zappy-winter-thicketbird,2072446309181649228,2563725636,true,
2072488766858465526,1782954801656,neighborly-rhubarb-chickadee,2072106007439044943,1806705784610582528,true,
2072488804783366487,1782954810697,diligent-brook-thrasher,,,,
2072488907543867769,1782954835198,yielding-juniper-ibis,2072440175204983044,1312430385524023296,false,
2072488931007123907,1782954840792,bold-spring-woodpecker,2072429703336521937,629698642,false,false
2072489058576502925,1782954871207,celebrated-ocean-seagull,2072227571291640318,,true,true
2072489073235914872,1782954874701,helpful-sequoia-hawk,2072477783050101220,1851776810062614528,true,
2072489140529103330,1782954890746,cheery-nutmeg-towhee,2072460946472145239,539317130,true,
2072489148980547610,1782954892761,great-mountain-brushturkey,2072433562486190209,1570721482245918720,true,
2072489214609105349,1782954908407,quiet-willow-puffleg,2072362331045327225,2006956780669251591,true,
2072489229897101393,1782954912052,,2072470310608413102,,true,
2072489260964311175,1782954919460,zappy-winter-thicketbird,2072360362050027823,1863073171076788224,true,
2072489296171323493,1782954927854,neighborly-rhubarb-chickadee,2072150990036337020,1444176018231775233,true,true
2072489345580237026,1782954939634,diligent-brook-thrasher,2071946126299635880,3236040526,true,
2072489384859853067,1782954948999,devoted-water-skylark,2072420018814415105,105896045,true,
2072489397484712208,1782954952009,determined-peach-nightjar,2072455436951781620,175382935,true,
2072489463398154596,1782954967723,celebrated-ocean-seagull,2072477587016740958,415810385,true,
2072489599650165225,1782955000208,stellar-sapling-sandgrouse,2071995939561087438,1728845388390506496,false,
2072489627236102198,1782955006785,philosophical-berry-brushturkey,2072441851437555984,1481110622079266817,true,
2072489855842435478,1782955061289,genuine-moon-ostrich,2072138239758979175,7998482,true,
2072490032611369410,1782955103434,cheery-nutmeg-towhee,2072341756117393802,860208763420250112,true,
2072490099414044859,1782955119362,great-mountain-brushturkey,2072407531675169140,4436793629,true,
2072490221061484964,1782955148363,cheery-nutmeg-towhee,2072459421389619223,1833620863825915905,true,
2072490275927212123,1782955161446,zappy-winter-thicketbird,2072398920215367845,1973154652884496384,true,
2072490346588569884,1782955178292,neighborly-rhubarb-chickadee,,,,
2072490408454594808,1782955193043,,2072380636816363745,1601491909754634240,true,true
2072490420668375526,1782955195955,diligent-brook-thrasher,2072104963912737103,1704897589903011840,true,
2072490422945944001,1782955196498,great-mountain-brushturkey,2072104963912737103,1704897589903011840,true,
2072490511454068752,1782955217599,straightforward-highland-goose,2072201250075296017,1339847350173351936,true,
2072490531486085180,1782955222376,celebrated-ocean-seagull,2072437277830365385,,true,
2072490658917400901,1782955252757,cheery-nutmeg-towhee,2072337473196188109,1433284649061601281,true,
2072490667264135439,1782955254747,great-mountain-brushturkey,2072461629946515487,1393985465364144129,true,
2072490669587751356,1782955255302,diligent-brook-thrasher,2072461629946515487,1393985465364144129,true,
2072490685115015332,1782955259003,enchanting-hill-meadowlark,2072450554345693541,1893030279989854208,true,
2072490718942126154,1782955267069,zappy-winter-thicketbird,,,,
2072490749279522892,1782955274301,tropical-sun-ostrich,2072183113036313056,,true,
2072490788471140778,1782955283646,,2072457958915498202,1841181851538636806,true,
2072490977210622164,1782955328644,neighborly-rhubarb-chickadee,,,,
2072491204369895841,1782955382803,,2072439834149523537,109579534,true,
2072491345843732653,1782955416533,diligent-brook-thrasher,2072233198054986018,1351811063164129280,true,
2072491346577731659,1782955416708,daring-pecan-nighthawk,2072448742356074910,1638575765305344002,true,
2072491353045369054,1782955418250,celebrated-ocean-seagull,2072441042637308041,878284831,true,
2072491400659091847,1782955429604,cheery-nutmeg-towhee,,,,
2072491411295932440,1782955432138,great-mountain-brushturkey,2072477390408691776,,true,
2072491508775719357,1782955455379,zappy-winter-thicketbird,2072468647323279564,,true,
2072491567974060475,1782955469494,neighborly-rhubarb-chickadee,2072306810954879200,1192801415112081408,true,
2072491578262782014,1782955471946,diligent-brook-thrasher,2072461820749562359,2714847813,true,
2072491873403326887,1782955542314,celebrated-ocean-seagull,2072401971622052146,1516229112221818881,true,
2072492020786975120,1782955577452,considerate-pecan-needletail,2072461755494588688,1079776144524754944,true,
2072492021907067081,1782955577719,explorative-mulberry-pipit,2071971496105578778,1964252410567704576,true,
2072492031390400985,1782955579980,enterprising-berry-crake,2071168148213219453,2460961237,true,
2072492281450357216,1782955639599,cheery-nutmeg-towhee,2072489620416114884,1356478848523730945,true,
2072492305550856542,1782955645346,doughty-bamboo-barbet,2072378961678549289,,true,
2072492391819280866,1782955665914,transparent-isle-woodpecker,2072479985600704875,1508464064548290567,true,
2072492430952132624,1782955675244,great-mountain-brushturkey,2072385574410015209,,true,
2072492433351299448,1782955675816,zappy-winter-thicketbird,2072471066094780701,43889466,true,
2072492436136333673,1782955676479,neighborly-rhubarb-chickadee,2072482501969215859,1502831572298436611,true,
2072492560333844534,1782955706091,astounding-oak-sandpiper,2071303650979291319,873724542706962432,false,
2072492712494809117,1782955742368,genial-pecan-troupial,2072361844988100796,847688893293928448,true,
2072492772033167495,1782956648821,cosmic-root-grackle,2069603529342234909,923325871200620544,true,
2072492851468927096,1782955775503,cheery-nutmeg-towhee,2072385685818880206,1766473347666149376,true,
2072492932452532701,1782955794811,grateful-spruce-hummingbird,2072401022287536339,402468053,false,
2072492947015090417,1782955798283,diligent-brook-thrasher,2072265164666323323,,true,
2072493036794200093,1782955819687,lovable-horseradish-nighthawk,2072474452533649461,201712702,true,
2072493047091286149,1782955822143,intelligent-rainfall-francolin,2072321228694519812,109601997,false,false
2072493286678290508,1782955879264,clean-tomato-friarbird,2072441851437555984,1481110622079266817,false,false
2072493412691906874,1782955909309,glowing-pistachio-finfoot,2072404098474004749,1218947359033393153,true,false
2072493593978122290,1782955952530,courteous-shoreline-gull,2072358404031430789,1704815537899933696,true,
2072493615742669120,1782955957720,encouraging-redwood-hoopoe,2072340720556654750,1324580721587974145,true,
2072494042080821529,1782956059366,celebrated-ocean-seagull,2072146121762201820,1444176018231775233,true,true
2072494312441466900,1782956253038,cosmic-root-grackle,2072478711769608495,1694494097879318528,true,
2072494507623600496,1782956170360,musical-tree-mallard,2072363678372954277,1602213672700575744,true,
2072494510777450501,1782956171112,festive-cedar-shorebird,2072409604785311873,1350810556819759108,true,
2072494760669876405,1782956230690,intelligent-sand-magpie,2072462496875573397,1546972236170543110,true,
2072494986717720777,1782956284585,happy-nectarine-seabird,2072302455883551172,1753194321438728192,true,
2072495031852659028,1782956295347,great-mountain-brushturkey,,,,
2072495128887832905,1782956318481,courteous-lagoon-wren,2072036323167281464,4181438428,true,
2072495189759774957,1782956332995,wholesome-raspberry-stilt,2072470310608413102,,true,
2072495196831379534,1782956334680,wholesome-raspberry-stilt,2072395901499277400,25617895,true,
2072495201151516845,1782956335710,wholesome-raspberry-stilt,2072442463352930417,2035092939253456898,true,
2072495578253082970,1782956425619,cheery-nutmeg-towhee,,,,
2072495719143919740,1782956459209,gumptious-acorn-kookaburra,2072352380960563283,527508447,true,
2072495788609982848,1782956475772,great-mountain-brushturkey,2072318663495975114,1286417682494087170,true,
2072496037751640558,1782956535171,diligent-brook-thrasher,2072380774758732026,1927088498575577088,true,
2072496070970470576,1782956543092,studious-olive-cotinga,2072479371554632094,,true,
2072496077987586057,1782956544765,zappy-winter-thicketbird,2072451514615152781,1961363997581873152,true,
2072496293885231601,1782956596238,effervescent-ice-macaw,2072412291052564732,,true,
2072496311752851720,1782956600498,celebrated-honeydew-firetail,2072399887870861366,46239909,true,
2072496353326862525,1782956610412,neighborly-rhubarb-chickadee,2072438094490378624,1261335549215989760,true,
2072496367943958729,1782956613896,diligent-brook-thrasher,2072479824480817385,80192902,true,
2072496376701727157,1782956615984,celebrated-ocean-seagull,2072422024622805447,1823129096601178113,true,
2072496453432365507,1782956634278,celebrated-ocean-seagull,2072453752867475549,1387110045272449029,true,
2072496520927101334,1782956827745,cosmic-root-grackle,2068009643708936371,1429751,false,
2072496689475166653,1782956690554,celebrated-honeydew-firetail,2072413675105735006,1510987492291493902,true,
2072496721452474801,1782956698179,pleasant-dogwood-heron,2072478474107777352,1546972236170543110,true,
2072496908749119549,1782956742833,empowering-grape-flamingo,2072303379280175512,1695144601,true,
2072497003159081366,1782956765342,meticulous-winter-quail,2065286641607127551,2033451994845974528,true,
2072497068686336285,1782956780966,cheery-nutmeg-towhee,2072244340345229752,1982870154800513024,true,
2072497078819832091,1782956783381,great-mountain-brushturkey,2072451326236373415,1606027568150634496,true,
2072497168900903183,1782956804859,cheery-nutmeg-towhee,2072422930018120081,1813338328546385920,true,
2072497171312578891,1782956805434,zappy-winter-thicketbird,2072422930018120081,1813338328546385920,true,
2072497194104680499,1782956810867,clever-tide-friarbird,2072304983471772003,1778386800047751168,true,
2072497199745794318,1782956812212,neighborly-rhubarb-chickadee,,,,
2072497290409804146,1782956833829,celebrated-honeydew-firetail,2072359775438799297,1634986333721559041,true,
2072497501098180628,1782956884061,diligent-brook-thrasher,2072369194302128224,2054227476331581440,true,
2072497697915851202,1782956930986,celebrated-ocean-seagull,,,,
2072497741989888214,1782956941493,terrestrial-lagoon-seedeater,2072364060369187305,1725137521351266304,true,
2072497810704826368,1782957049621,cosmic-root-grackle,2072372962305442284,4486093643,true,
2072497825146163658,1782956961320,celebrated-honeydew-firetail,2072495039566033378,2908170952,true,
2072497920583315843,1782956984073,skillful-blossom-ibis,2072408655702663652,1990574393878327299,true,
2072498075822629004,1782957021085,cheery-nutmeg-towhee,2072491904579821702,627607867,true,
2072498125596447014,1782957032952,celebrated-ocean-seagull,2072493168218567063,1990335107430068224,true,true
2072498214649917805,1782957054184,cheery-nutmeg-towhee,2072443022239838496,,true,
2072498271474376726,1782957067732,fearless-seawater-firefinch,2072466704886599907,,true,
2072498446104145952,1782957109370,dexterous-prairie-pelican,2072458207876845623,1610230835289923584,true,
2072498590690476033,1782957143839,radiant-lime-jay,2069358909668913248,2031285971757740034,true,
2072498633321136572,1782957154003,great-mountain-brushturkey,2072397118476587350,322587111,true,
2072498678770643083,1782957164840,zappy-winter-thicketbird,2072452828325662883,,true,
2072499348894589023,1782957324609,neighborly-rhubarb-chickadee,2072416575890559367,1770907816942817280,true,
2072499424165576769,1782957342555,diligent-brook-thrasher,2072452752739807730,,true,
2072499504054440191,1782957361603,celebrated-ocean-seagull,2072415344019272087,178353631,true,
2072499637987029281,1782957393534,curious-rose-softbill,2072455590367117321,1778003249972248576,true,
2072499652398653680,1782957396970,cheery-nutmeg-towhee,2072075759083221024,2037998774815948800,true,
2072499654617407584,1782957397499,great-mountain-brushturkey,2072075759083221024,2037998774815948800,true,
2072499661416374759,1782957399120,great-mountain-brushturkey,2072343265039577380,,true,
2072499671688155474,1782957401569,efficient-sea-quetzal,2072368090596204965,846899281806082053,true,
2072499870464974893,1782957448961,driven-mango-grosbeak,2072472482037039189,921918860009361408,true,
2072500027113787873,1782957486310,encouraging-orchard-tailorbird,2072012653275332654,1062387103462514690,true,
2072500044750532774,1782957490514,efficient-sea-quetzal,2072398300393705941,960526081521541120,true,
2072500155069219245,1782957516817,zappy-winter-thicketbird,2072411031020970419,528999980,true,
2072500199008723040,1782957527292,neighborly-rhubarb-chickadee,2072481952221765891,,true,
2072500327757033883,1782957557989,elated-lagoon-crimsonwing,2072462496875573397,1546972236170543110,true,
2072500446623871092,1782957586329,aquatic-evergreen-jay,2072314778458927555,95709871,true,
2072500519076307030,1782957603603,matchless-wind-penguin,2072444176638099948,149217919,true,
2072500587883577345,1782957620007,easygoing-island-parrotlet,2072385853985362314,14102215,true,false
2072500879001882865,1782957689415,diligent-brook-thrasher,2072386940444278937,,true,
2072500925793476948,1782957700571,optimistic-banana-bushlark,2072444544646312000,105082141,true,
2072500939647308283,1782957703875,imaginative-kelp-flamingo,2071993362417135777,384435691,true,
2072501047407309056,1782957729567,celebrated-ocean-seagull,2072478711769608495,1694494097879318528,true,
2072501522873643179,1782957842926,cheery-nutmeg-towhee,2072491445169340665,1266076107306151936,true,
2072501547682930873,1782957848841,great-mountain-brushturkey,2072437723726524538,1496156580680712196,true,
2072501578347557323,1782957856152,zappy-winter-thicketbird,,,,
2072501593543684523,1782958652135,cosmic-root-grackle,2064064507467505669,4486093643,false,
2072501792902955342,1782957907306,curious-rose-softbill,2072450323403133424,1926520215237500928,true,
2072501819473842451,1782957913642,neighborly-rhubarb-chickadee,,,,
2072502038836236421,1782957965941,artistic-rose-sandpiper,2072397014990827877,1661168432153518081,false,
2072502235259457612,1782958012772,famous-twig-duck,2072183113036313056,,true,
2072502262585294954,1782958019287,diligent-brook-thrasher,2072496678406668352,1851687881540038656,true,
2072502371079307278,1782958045155,upbeat-rose-cuckoo,2072494014335434880,813220200095117313,true,false
2072502380965376409,1782958047512,awesome-cloud-kestrel,2072446616296903139,1961857461637242880,false,
2072502382949183645,1782958047985,celebrated-ocean-seagull,2072469353153327565,804710469013536768,true,
2072502453799362637,1782958064876,cheery-nutmeg-towhee,2072397074394702042,2039098183976910848,true,
2072502489975337042,1782958073501,hip-rainforest-eagle,2072385853985362314,14102215,false,
2072502491724308507,1782958073919,efficient-sea-quetzal,2072191217002295744,39692424,true,
2072502536301355041,1782958084546,great-mountain-brushturkey,2072385800294351125,1477829461253005312,true,
2072502641410605156,1782958109606,futuristic-plum-recurvebill,2072174904150044809,,false,
2072502731156099291,1782958131003,zappy-winter-thicketbird,,,,
2072502756481421535,1782958137042,neighborly-rhubarb-chickadee,2072469497714299051,1992432840324050944,true,
2072502924735856781,1782958177156,cheery-magnolia-thrush,2072473061010428354,1547232242073849856,true,
2072502973469524401,1782958188775,diligent-brook-thrasher,2072419349848031348,2429615017,true,
2072503146740355370,1782958230086,celebrated-ocean-seagull,2072102269391339641,,true,
2072503226276958406,1782958249050,zappy-winter-thicketbird,2072479048723206609,1363250266821246977,true,
2072503250444575148,1782958254812,neighborly-rhubarb-chickadee,2072267205547364502,1616372274805805057,true,
2072503296636416460,1782958265824,cheery-nutmeg-towhee,2072343932340425064,1973920037653090304,true,true
2072503342496927780,1782958276759,great-mountain-brushturkey,,,,
2072503392258400357,1782958288622,inventive-blueberry-rooster,2072437874541101237,2580684608,true,false
2072503508444880926,1782958316323,dynamic-isle-seagull,2072315107653361846,1842664739555684352,true,
2072503574282801184,1782958332020,serene-bonsai-bunting,2072315851210936476,1675525183,true,
2072503644717736142,1782958466887,cosmic-root-grackle,2071866334150042038,1447821080077512707,false,
2072503645636292936,1782958349033,courageous-riverbank-ostrich,2072044483848396910,,true,
2072503789240627688,1782958383270,zappy-winter-thicketbird,2072263422503166449,3651868936,true,
2072503849563119805,1782958397652,famous-twig-duck,2071819087437864993,1593686496195710976,true,
2072503957792907452,1782958423456,gumptious-grapefruit-bluejay,2072347789556629790,918197046871502849,false,
2072503989640278381,1782958431049,diligent-brook-thrasher,2072348742515130651,1281356403194699776,true,
2072504020904591733,1782958438503,neighborly-rhubarb-chickadee,2072447487940440347,1965320603319369728,true,
2072504396488098059,1782958528050,alpine-peanut-penguin,2062800949274677602,2059097541640441856,true,
2072504471452594635,1782958545922,diligent-brook-thrasher,2072156773256179786,1453811299691884549,true,
2072504825820991545,1782958630410,celebrated-ocean-seagull,,,,
2072504977923170723,1782958666675,zappy-winter-thicketbird,2072473951024861664,1277236151343087617,true,
2072505027663700245,1782958678533,amusing-mango-dipper,2071871836397109358,1522481726546755585,true,
2072505063868715420,1782958687165,neighborly-rhubarb-chickadee,2072322862266871966,16331010,true,true
2072505069589700932,1782958688529,celebrated-ocean-seagull,,,,
2072505077386838129,1782958690388,famous-twig-duck,2071733367025135898,1938739072349896704,true,
2072505105971310748,1782958697204,capable-nectarine-crossbill,2072317749775258068,1367567423528984576,true,
2072505110177993202,1782958928642,cosmic-root-grackle,2072350341253746899,1601768561650941954,true,false
2072505229971505347,1782958726767,diligent-brook-thrasher,2072481817509179819,,true,
2072505255447671259,1782958732842,celebrated-ocean-seagull,2072395161389109522,150678121,true,
2072505307876442467,1782958745341,cheery-nutmeg-towhee,2072463477784891849,1294853192266715136,true,
2072505337962242526,1782958752515,genius-elm-towhee,2072493143035899912,1546972236170543110,true,
2072505386989424847,1782958764203,great-mountain-brushturkey,,,,
2072505547505442881,1782958802474,energizing-lychee-tanager,2072494014335434880,813220200095117313,false,
2072505698403983695,1782958838450,quick-blueberry-nightjar,2072365961252856130,1247504401402642432,true,
2072505752158077049,1782958851266,experienced-blueberry-parrotlet,2072272103412564423,2013548527369191424,true,
2072505762560057612,1782958853747,famous-twig-duck,2072175428740190462,140212408,true,
2072505863823048958,1782958877890,zappy-winter-thicketbird,2072313978244432352,1953939718506524675,true,
2072506066529620260,1782958926218,magnanimous-marmalade-whistler,2072276090014552260,2067289170834595840,false,
2072506119059103925,1782958938742,gregarious-star-shearwater,2071866334150042038,1447821080077512707,true,
2072506119533056235,1782959285900,cosmic-root-grackle,2071866334150042038,1447821080077512707,false,
2072506194808160636,1782958956802,felicitous-seedling-raven,2072457958915498202,1841181851538636806,false,
2072506273950519509,1782958975671,neighborly-rhubarb-chickadee,2072250022385856834,1985346009745260544,true,
2072506279633789102,1782958977026,diligent-brook-thrasher,2072471760306364770,1704897589903011840,true,true
2072506378334171549,1782959000558,great-mountain-brushturkey,2072464771664789801,1291128494,true,
2072506400652079452,1782959005879,felicitous-seedling-raven,2071993362417135777,384435691,false,
2072506446579716567,1782959016829,majestic-pomegranate-puffin,2072336953001804203,222554961,true,
2072506481254224160,1782959025097,felicitous-persimmon-kingfisher,2072457362187669843,,true,
2072506525147701675,1782959035562,nice-meadow-goshawk,2072405107669672378,1551266822460162051,true,
2072506544042713154,1782959040066,cheery-nutmeg-towhee,2072415025633870001,,true,
2072506558391500965,1782959043488,zappy-winter-thicketbird,2072413900063064534,2070968257457111040,true,
2072506626465214899,1782959374084,cosmic-root-grackle,2072361433216503859,1813215317998641154,true,
2072506691283800282,1782959075174,great-mountain-brushturkey,2072257819491856394,2025332022059921408,true,
2072507058755100865,1782959162786,zappy-winter-thicketbird,2072485473222529214,36749572,true,
2072507164233486697,1782959187931,transparent-redwood-mallard,2072499677975515384,1502672912242851842,true,false
2072507321670881633,1782959225470,quirky-grass-cockatoo,2072443022239838496,,true,
2072507411177570624,1782959246808,flexible-pineapple-thrush,2072496408003768790,1526309625267687425,true,true
2072507576474874272,1782959286218,supportive-sea-sparrowhawk,2072315107653361846,1842664739555684352,true,
2072507606128603554,1782959293287,cheery-nutmeg-towhee,2072492827230245036,1450241520859156483,true,
2072507617268957198,1782959528853,cosmic-root-grackle,2061654421201719328,1829300948604260352,true,
2072507651448017247,1782959304095,soothing-willow-ibis,2072468868014968938,89771242,true,true
2072507662055469376,1782959306621,chipper-seawater-ibis,2072341379980914877,1951167739692982272,true,
2072507704556343616,1782959316757,great-mountain-brushturkey,2072360362050027823,1863073171076788224,true,
2072507735820701749,1782959324208,great-mountain-brushturkey,,,,
2072507750911811837,1782959327806,zappy-winter-thicketbird,2072417947679941094,1602770900771753984,true,
2072507842905428386,1782959349740,fashionable-flower-waterfowl,2072457958915498202,1841181851538636806,true,
2072507854230028512,1782959352439,zappy-winter-thicketbird,2072495566605767082,,true,
2072507887755366824,1782960099475,cosmic-root-grackle,2072106952675471865,2039408675505291264,true,
2072507920005083524,1782959368121,neighborly-rhubarb-chickadee,2072481656980840502,,true,
2072507968440988056,1782959379670,diligent-brook-thrasher,2072408128277143928,1872689023698771968,true,true
2072508006294519944,1782959388697,realistic-cloud-songbird,2072405301593026998,1968469607934525440,true,
2072508037802107244,1782959396206,celebrated-ocean-seagull,2072428998202630334,1766473347666149376,true,
2072508037978263621,1782959396249,skilled-jacaranda-cotinga,2071919913346662775,56782939,false,
2072508093687267801,1782959409530,exciting-samba-hawk,2072495579238682869,1679653156391882752,true,
2072508272603435193,1782959452188,cheery-nutmeg-towhee,,,,
2072508276760084819,1782959453178,great-mountain-brushturkey,2072415333701616098,9526412,true,
2072508446843281811,1782959493732,zappy-winter-thicketbird,2072455454085501153,1619705582755233792,true,
2072508470784299215,1782959499439,neighborly-rhubarb-chickadee,2072376185632502233,1513513086484852736,true,
2072508473137340783,1782959499999,diligent-brook-thrasher,2072376185632502233,1513513086484852736,true,
2072508544654434583,1782959517050,energizing-lychee-tanager,2072495210517700883,19709816,false,
2072508596701782212,1782959529459,confident-kiwi-magpie,2072289114741784856,1983507471433162752,true,
2072508669372100639,1782959546785,aquatic-eucalyptus-quail,2072302963280781535,1367531,true,
2072508975128424578,1782959619682,easygoing-island-parrotlet,2072361522739773541,1326229737551912960,true,
2072508988478943493,1782959622866,logical-cedar-nighthawk,2072405509156884772,989819874,true,
2072509031927668789,1782959633225,captivating-seawater-crane,2072330005561196551,1689104235731017728,true,
2072509183367524439,1782959669330,alpine-peanut-penguin,2072325784975626432,319774010,true,
2072509275583218109,1782959691316,diligent-brook-thrasher,2072354442867769679,1562038858988064768,true,
2072509306965238190,1782959698799,humorous-ocean-oriole,2072414164824588479,1206283612737458176,true,
2072509391375655366,1782959718924,humorous-ocean-oriole,2072443980936311110,1815683509563936768,true,
2072509410342052263,1782959723446,lovely-peanut-ibis,2072495210517700883,19709816,true,
2072509415119266152,1782959724584,fashionable-flower-waterfowl,2072461325310042371,1157689921349521410,true,
2072509464893087829,1782959736452,grateful-trail-logrunner,2072487782061056160,112523709,true,
2072509479174979898,1782959739856,humorous-ocean-oriole,2072414202111881628,2040289202785431552,true,
2072509578407784711,1782959763515,celebrated-ocean-seagull,2072201250075296017,1339847350173351936,true,
2072509578529681730,1782959763544,humorous-ocean-oriole,2072415277661175861,1412080300822253570,true,
2072509598225879473,1782959768241,celebrated-ocean-seagull,2072461238047527402,25460715,true,
2072509614462021985,1782959772114,captivating-foothill-brownbul,2072409550351905205,243716422,true,
2072509677024469361,1782959787027,humorous-ocean-oriole,2072444096271265987,1640065975675416576,true,
2072509740945465730,1782959802267,cheery-nutmeg-towhee,2072498848514380153,1869802438259290114,true,
2072509766417682438,1782959808340,humorous-ocean-oriole,2072434145247265076,1808388169198432256,true,
2072509810302750984,1782959818803,famous-poplar-anhinga,2072158569898893494,,true,
2072509846478635014,1782959965159,cosmic-root-grackle,2072406610517909980,1990041855241895936,true,
2072509946269225237,1782959851220,respectful-conifer-cockatoo,2072467215593377886,134976379,true,
2072509946868973590,1782959851364,easygoing-island-parrotlet,2072331152145174749,1293155875864141824,true,
2072509992331034676,1782959862202,great-mountain-brushturkey,2072158569898893494,,true,
2072510151848771755,1782959900234,zappy-winter-thicketbird,2072466321489510770,112426587,true,
2072510220010483913,1782959916486,neighborly-rhubarb-chickadee,,,,
2072510289669447900,1782959933094,,2072226115750703389,1242448062804561920,true,
2072510345663721673,1782959946443,empowered-savanna-piculet,2072361522739773541,1326229737551912960,false,
2072510367293485423,1782959951600,diligent-brook-thrasher,2072336361852449079,723591760262365185,true,
2072510383974478041,1782959955577,mindful-mist-eagle,2071848951074938964,2045499032835887104,true,
2072510423568461997,1782959965018,celebrated-ocean-seagull,2072496408003768790,1526309625267687425,true,
2072510485119787378,1782959979694,cheery-nutmeg-towhee,2072478606048038912,1485068728412913666,true,
2072510804620980459,1782960055867,valorous-jacaranda-pigeon,2072486210426003737,1274191176267071490,true,
2072510831775174806,1782960062342,authentic-cherry-seabird,2072361522739773541,1326229737551912960,true,
2072510832311717964,1782960062469,cheery-nutmeg-towhee,2072468868014968938,89771242,true,
2072510849583825047,1782960066588,great-mountain-brushturkey,2072448837755474153,2349165804,true,
2072510876872060970,1782960073093,zappy-winter-thicketbird,2072477855498518814,1679897831719710720,true,
2072510983701254640,1782960098563,convivial-coast-stilt,2072339669124022743,96785342,true,false
2072511182364135557,1782960145928,neighborly-rhubarb-chickadee,2072255584209145900,1488179954282295298,true,
2072511251054207266,1782960162305,diligent-brook-thrasher,2072465877459419257,1253577882917535745,true,true
2072511330536378449,1782960181255,ecstatic-savanna-francolin,2072382153921294547,25617895,true,
2072511345765867560,1782960184886,celebrated-ocean-seagull,2072147845046747606,236328848,true,
2072511348152377669,1782960185456,cheery-nutmeg-towhee,2072230348553867479,1663544409055715332,true,
2072511397414543638,1782960197200,great-mountain-brushturkey,2072357783111106829,14105788,true,
2072511533238669399,1782960229583,great-mountain-brushturkey,2072420318723907595,1770859148097294336,true,
2072511586267287950,1782960242227,candid-shoreline-seabird,2072415344019272087,178353631,false,false
2072511620039807486,1782960250278,zappy-winter-thicketbird,2072501259920085171,1570680858717159424,true,
2072511625840480664,1782960251662,dauntless-jacaranda-brushturkey,,,,
2072511627837227128,1782960252137,convivial-coast-stilt,2072340626637459648,96785342,true,false
2072511789867114962,1782960290768,zappy-winter-thicketbird,,,,
2072511871307944418,1782960310185,neighborly-rhubarb-chickadee,2072497151603589563,1137885440768450561,true,
2072511884788457596,1782960313400,lively-cactus-whistler,2072209335363723665,,true,
2072511931261284550,1782960324479,flourishing-seawater-eagle,2072495210517700883,19709816,true,
2072512031861911788,1782960348464,authentic-cherry-seabird,2072331152145174749,1293155875864141824,true,
2072512109959897261,1782960367085,agile-snow-goose,2054301467767685271,,true,
2072512229727998242,1782960599264,cosmic-root-grackle,2072474208420929563,1854655406053736465,false,
2072512317791899953,1782960416635,authentic-cherry-seabird,2072226115750703389,1242448062804561920,true,
2072512435563446695,1782960444715,adaptable-rainforest-kingbird,2072377252629930329,1922771683158511616,true,
2072512570506744288,1782960476887,enlivened-walnut-grosbeak,2071685896861077933,1975490586250444800,true,
2072512609165709378,1782960486105,diligent-brook-thrasher,2072505364965400967,2427599888,true,
2072512671518470339,1782960500971,magnetic-plum-robin,2072158020931600409,,true,
2072512689704960379,1782960505306,nestling-bonsai-raven,2072310774073364530,,true,true
2072512741550563550,1782960517667,awesome-pineapple-thrush,2072195039011217853,587841789,false,false
2072512744574599508,1782960518389,giving-willow-quetzal,2072108251332661622,1119365810097672194,true,
2072512796403585185,1782960530745,celebrated-ocean-seagull,2072484068772507735,1978242210488619008,true,
2072512851093135528,1782960543784,cheery-nutmeg-towhee,2072316540259856464,1535856181658255360,true,
2072512870517276988,1782960548415,lionhearted-papaya-cotinga,,,,
2072512871909736762,1782960548747,famous-olive-toucan,2072293433167999433,1628338800362672128,true,
2072512922614383089,1782960560836,great-mountain-brushturkey,,,,
2072512927127486902,1782960561912,neighborly-rhubarb-chickadee,2072358538404413766,,true,
2072513016596250997,1782960583243,diligent-brook-thrasher,2072368469287301612,1423996206762663936,true,
2072513045541081104,1782960590144,zappy-winter-thicketbird,,,,
2072513063635333150,1782960594458,neighborly-rhubarb-chickadee,2072481688576282845,1666846005420085249,true,
2072513192639525121,1782960625215,diligent-brook-thrasher,2072347089493954605,1924188471641645056,true,
2072513329025728977,1782960657732,celebrated-ocean-seagull,2072420680029589643,1231227738540978177,true,
2072513442611712373,1782960684813,lively-cactus-whistler,2072292585297809423,1364505073418719233,true,
2072513587579334919,1782960719377,cheery-nutmeg-towhee,2072361779741569277,1998753043148582915,true,
2072513608525680872,1782960724370,great-mountain-brushturkey,,,,
2072513634354565379,1782961344193,cosmic-root-grackle,2072214621373566990,1517523151219044353,false,
2072513749014184345,1782960757865,active-grape-songbird,2043583133178560847,,true,
2072513783206150637,1782960766017,profound-conifer-sandpiper,2071773386678890908,1820385544817487872,true,
2072513901544214885,1782960794231,encouraging-sandalwood-pipit,2072485681675256200,18927441,true,
2072514366205804705,1782960905015,zappy-winter-thicketbird,2072397502842622155,,true,
2072514408924741697,1782960915201,energizing-maple-sparrowhawk,2072375764108918805,1154105453317677056,true,
2072514430307344754,1782960920298,involved-aspen-flatbill,2072410094495572091,881920184113672193,true,
2072514444412752336,1782960923661,neighborly-rhubarb-chickadee,2072478461218664724,1975803349023756288,true,
2072514528743719093,1782960943767,profound-conifer-sandpiper,2068895782913397181,1442043029691383812,true,
2072514531360653672,1782960944391,celebrated-ocean-seagull,,,,false
2072514608498168222,1782960962782,diligent-brook-thrasher,,,,
2072514821690364071,1782961013612,celebrated-basswood-kingfisher,2072469031559565549,1164862192191193089,true,
2072514858264797381,1782961022331,celebrated-ocean-seagull,2072500170831327391,1990335107430068224,true,
2072514910525739361,1782961034791,contemporary-cactus-lovebird,2072475775362564115,5509762,true,
2072514916477538429,1782961036210,merry-freshwater-drongo,2072461634933579904,971415379103842304,true,
2072514939621679536,1782961041728,cheery-nutmeg-towhee,2072493705236271304,1658172343913512966,true,
2072514964917477748,1782961047759,tranquil-cherry-bushbird,2072400693953003955,1767718487617576960,true,
2072515106806665259,1782961081589,cheery-nutmeg-towhee,2072511298781454813,19709816,true,
2072515158661087481,1782961093951,fast-vine-starling,2072207759127253365,2071513188588253184,true,
2072515162947366971,1782961094973,great-mountain-brushturkey,2072448913026547791,3430807565,true,
2072515272171286839,1782961121015,efficient-hillside-sandpiper,2072370566036701396,1128064357089337344,true,
2072515354182717838,1782961140567,civil-dune-quetzal,2072432831830389227,2011450421756502016,true,
2072515402924442071,1782961152188,zappy-winter-thicketbird,2072510683556585518,1772639965999968256,true,
2072515541227745335,1782961185162,fast-vine-starling,2072426242435895568,2071513188588253184,true,
2072515722689790292,1782961228426,neighborly-rhubarb-chickadee,2072502791482884228,2050269198375337984,true,
2072515790297841850,1782961244545,diligent-brook-thrasher,,,,
2072515841271197893,1782961256698,celebrated-ocean-seagull,,,,
2072515886745882757,1782961267540,cheery-nutmeg-towhee,2072313297127473201,1544712057362485248,true,
2072515900226392525,1782961270754,great-mountain-brushturkey,2072343124064481284,1550152108946575360,true,
2072515939556262191,1782961280131,refreshing-lumber-swamphen,2072404552427462715,780460754910732288,true,
2072515960871788564,1782961285214,zappy-winter-thicketbird,,,,
2072516081252553161,1782961313914,neighborly-rhubarb-chickadee,,,,
2072516135317364998,1782961326804,wholesome-raspberry-stilt,2072496408003768790,1526309625267687425,true,
2072516145979277589,1782961329347,wholesome-raspberry-stilt,2072501481778074002,37034483,true,
2072516153793237136,1782961331209,wholesome-raspberry-stilt,2072477855498518814,1679897831719710720,true,
2072516161070411971,1782961332945,wholesome-raspberry-stilt,2072502787217252529,1423999791860785157,true,
2072516192049217972,1782961340330,diligent-brook-thrasher,2072512321851912496,1230555304670244864,true,
2072516229995081748,1782961349377,celebrated-ocean-seagull,2072450519059103790,1850271744231403520,true,
2072516287188648207,1782961363013,cheery-nutmeg-towhee,2072494880287326373,1302527735424843776,true,
2072516402045411403,1782961390397,great-mountain-brushturkey,2072487542989934677,1345100417403932673,true,
2072516550997770560,1782961425910,zappy-winter-thicketbird,2072395622821384675,1725553455308120064,true,
2072516646389084473,1782961448653,graceful-mangrove-petrel,2072432558550216837,831153838128193536,true,
2072516704928723219,1782961462610,great-mountain-brushturkey,2072152616134385815,54457213,true,
2072517275668693380,1782961598685,zappy-winter-thicketbird,,,,
2072517391557230694,1782961626315,celebrated-basswood-kingfisher,2071631999383814386,1544349150090780674,true,
2072517615159853337,1782961679626,neighborly-rhubarb-chickadee,2072332306388320367,1445398643175997443,true,
2072517749247447129,1782961711595,great-mountain-brushturkey,,,,false
2072517963450642779,1782961886534,cosmic-root-grackle,2068075143738409324,1221462414744596483,true,
2072518062209638580,1782961786212,distinctive-root-curassow,2071995514090823873,2021103446368321538,true,
2072518080412987685,1782961790551,zappy-winter-thicketbird,2072349755355595163,1421417256446218241,true,
2072518124717371678,1782961801115,neighborly-rhubarb-chickadee,2072372176276091193,3324689194,true,
2072518177355948292,1782961813665,distinctive-root-curassow,2072447849728516111,2021103446368321538,true,
2072518196578365927,1782961818247,diligent-brook-thrasher,2072434379016524055,,true,
2072518205759770765,1782961820436,neighborly-rhubarb-chickadee,2072349908028285090,2200075155,true,
2072518248063778816,1782961830522,lionhearted-papaya-cotinga,2072417947679941094,1602770900771753984,true,
2072518281877967184,1782961838585,distinctive-root-curassow,2072324702509396469,2021103446368321538,true,
2072518316183126429,1782961846764,celebrated-ocean-seagull,2072496239132737789,1434974043187392516,true,
2072518327130362246,1782961849374,altruistic-rain-stilt,2072335807474442384,87027640,true,
2072518338937258436,1782961852188,cheery-nutmeg-towhee,2072480473905864874,,true,
2072518555699208265,1782962071228,cosmic-root-grackle,2072409994595647886,16331010,true,
2072518786641440837,1782961958930,great-mountain-brushturkey,2072469141991125091,3108351,true,
2072518789929869347,1782961959714,zappy-winter-thicketbird,2072495350888198426,150678121,true,
2072518790559228408,1782961959863,scholarly-blueberry-swan,2072502132779983274,353255009,true,
2072518911925334017,1782961988799,neighborly-rhubarb-chickadee,2072392111253524956,1856338613694541825,true,
2072519016133058603,1782962013644,scholarly-blueberry-swan,2072503253229601001,700903452,true,
2072519138866610385,1782962042906,scholarly-blueberry-swan,2072495074261549375,,true,
2072519216813457457,1782962315430,cosmic-root-grackle,2062638074043986141,1225234593789423616,true,
2072519336930250960,1782962090129,winged-cactus-lory,2072370566036701396,1128064357089337344,false,
2072519488595951974,1782962126289,diligent-brook-thrasher,2072323345199354352,1480177595878576131,true,
2072519541276467663,1782962138848,celebrated-ocean-seagull,2072511214392070496,111169257,true,
2072519599409578377,1782962152708,scholarly-blueberry-swan,2072509700084764937,345266890,true,false
2072519712341115327,1782962179633,diligent-brook-thrasher,,,,
2072519772835844535,1782962194056,scholarly-blueberry-swan,2072507292981801076,437179266,true,
2072519940838494288,1782962234110,celebrated-ocean-seagull,,,,
2072520015715119504,1782962251964,affable-water-crossbill,2072067809912185083,201957241,false,
2072520058757362141,1782962262226,glowing-spring-finfoot,2072326559713907107,2010697382112206848,true,
2072520084698943688,1782962268410,cheery-nutmeg-towhee,2072226187313832336,1430863911889244167,true,
2072520096459694578,1782962271214,great-mountain-brushturkey,2072498956496445902,,true,
2072520098456199289,1782962271690,cheery-nutmeg-towhee,2072498956496445902,,true,
2072520332800368721,1782962327563,zappy-winter-thicketbird,2072418288240594976,292098947,true,true
2072520463633571859,1782962358755,approachable-valley-flycatcher,2072515604301349199,831153838128193536,true,
2072520554003783977,1782962380302,neighborly-rhubarb-chickadee,2072428039460258216,,true,
2072520597788307459,1782962390741,resilient-jacaranda-quetzal,2061829979261038856,,true,
2072520612111843807,1782962394155,authentic-cherry-seabird,2072400505934852460,1640913701808078851,true,
2072520832220266566,1782962446634,diligent-brook-thrasher,2072495873842430109,1146535225092128768,true,
2072520872858931553,1782962456322,philosophical-berry-brushturkey,2072244289568960566,1561968071547420674,true,
2072520973526487091,1782962480323,celebrated-ocean-seagull,2072479261559230774,2015492887585120257,true,
2072521202128556149,1782962534826,cheery-nutmeg-towhee,,,,
2072521300178788375,1782962558203,great-mountain-brushturkey,,,,
2072521355015184574,1782962571278,zappy-winter-thicketbird,2072360142650151196,1887886132987215872,true,
2072521501048262939,1782962606094,neighborly-rhubarb-chickadee,2072340176832221631,1979259178519793666,true,
2072521610599289018,1782962632213,great-mountain-brushturkey,2072429948933992494,1282769051782193153,true,
2072521624595640763,1782962635550,diligent-brook-thrasher,2072510777152651385,1808120200296124418,true,
2072521629201051775,1782962636648,,2072400505934852460,1640913701808078851,true,
2072521701569470546,1782962653903,celebrated-ocean-seagull,2072430379789693082,2065594690615787520,true,
2072521734612500914,1782962661780,keen-leaf-jay,2072334098375507989,145599783,true,
2072521843840323812,1782962687822,cheery-nutmeg-towhee,2072096153982877715,,true,true
2072521866787320078,1782962693294,great-mountain-brushturkey,2072424761670746258,1766824627987480576,true,
2072521886924157339,1782962698094,zappy-winter-thicketbird,,,,
2072521890074120333,1782962698845,zappy-winter-thicketbird,2072419349848031348,2429615017,true,
2072521898991169689,1782962700972,neighborly-rhubarb-chickadee,2072458734106804434,1655270648078385152,true,
2072521914090717465,1782962704572,neighborly-rhubarb-chickadee,2072348742515130651,1281356403194699776,true,
2072521982906896700,1782962720978,hypnotic-tigerwood-ostrich,2072327958858174918,1273649306952585216,true,
2072522013680279723,1782962728315,diligent-brook-thrasher,2072516420177420626,1231793597457911809,true,
2072522140432138250,1782962758535,celebrated-ocean-seagull,2072323136159109575,3315264553,true,
2072522196895879356,1782962771998,cheery-nutmeg-towhee,2072393738702524926,4636004957,true,
2072522406430699840,1782962821954,diligent-brook-thrasher,2072405992197829091,1345100417403932673,true,true
2072522441339863042,1782962830278,great-mountain-brushturkey,2072500567956414803,1573112872565149699,true,
2072522502169862547,1782962844780,zappy-winter-thicketbird,2072476321947512897,2159260049,true,
2072522581186400732,1782962863619,,2072491603441136002,44488467,true,false
2072522593996030203,1782962866675,genial-moss-leaflove,2072375120379994382,1918336773635375104,true,
2072522678867497055,1782962886908,neighborly-rhubarb-chickadee,2072507367997010163,2064328943008669696,true,
2072523045839782398,1782962974402,diligent-brook-thrasher,2072502787217252529,1423999791860785157,true,
2072523049367183836,1782962975242,celebrated-ocean-seagull,,,,
2072523060544983302,1782962977907,easygoing-island-parrotlet,2072496408003768790,1526309625267687425,true,
2072523069067772312,1782962979940,cheery-nutmeg-towhee,2072467888049443103,1320253619820789765,true,
2072523117029646716,1782962991374,celebrated-ocean-seagull,2072250022385856834,1985346009745260544,true,
2072523229588058311,1782963018210,felicitous-seedling-raven,2072352126077125032,2898790691,true,false
2072523425344524439,1782963064882,great-mountain-brushturkey,2072330005561196551,1689104235731017728,true,
2072523515639517631,1782963086410,cheery-nutmeg-towhee,2072500026429804572,,true,
2072523526423146922,1782963088982,bold-wood-curassow,2072420018814415105,105896045,false,
2072523545310032273,1782963093484,zappy-winter-thicketbird,2072389666871890002,1840208366,true,
2072523640084832706,1782963116081,glowing-grass-cuckoo,2072342838679949617,1824987431436689408,false,
2072523707130507336,1782963132065,neighborly-rhubarb-chickadee,2072343662986399799,1713704737,true,
2072523714176922080,1782963133745,celebrated-ocean-seagull,,,,
2072523784863560093,1782963150598,energetic-foothill-songbird,2072061124007059611,130557513,true,
2072523792728158348,1782963152473,profound-reef-rooster,2072508938369548448,1072826527635656705,true,
2072523877901594973,1782963172780,great-mountain-brushturkey,2072503266097631441,45068868,true,
2072524092436332614,1782963223929,wholesome-raspberry-stilt,2072458734106804434,1655270648078385152,true,
2072524102452326670,1782963226317,wholesome-raspberry-stilt,2072375093607518687,931286316,true,
2072524109511344299,1782963228000,wholesome-raspberry-stilt,2072430379789693082,2065594690615787520,true,
2072524116046057822,1782963229558,wholesome-raspberry-stilt,2072429948933992494,1282769051782193153,true,
2072524123662913884,1782963231375,wholesome-raspberry-stilt,2072500077244121525,1326229737551912960,true,
2072524132177350867,1782963233404,wholesome-raspberry-stilt,2072323136159109575,3315264553,true,
2072524256882360662,1782963411351,cosmic-root-grackle,2072341302427955544,247334603,false,
2072524578870427742,1782963339905,harmonious-samba-dove,2072361522739773541,1326229737551912960,false,
2072524726501568982,1782963375103,hopeful-field-needletail,2072325020152431007,1038952787181285376,true,true
2072524852083528011,1782963405044,inspirational-fjord-petrel,2072510059087839718,2024396919339175937,true,
2072525164089385132,1782963479432,transparent-rhubarb-canary,2072115551489425620,1157689921349521410,false,
2072525474073305499,1782963553337,graceful-sycamore-rooster,2072487670283133115,839116207756279808,false,
2072525636233564284,1782963591999,humble-beach-sparrow,2072441851437555984,1481110622079266817,true,
2072525698460492224,1782964140247,cosmic-root-grackle,2072218389804974369,23499976,false,
2072525797231869984,1782963630384,thoughtful-peppermint-chickadee,2072477562618748962,,true,
2072525852345024774,1782963643524,hardy-apricot-pelican,2072380285623152808,11134252,true,
2072525863904788805,1782963646280,articulate-fjord-bunting,2072390742807650688,1665907429899669504,true,
2072525948529135781,1782963666456,stalwart-strawberry-bushbird,2072435123031597101,2052098183392555013,true,
2072525990220144812,1782963676396,cheery-nutmeg-towhee,2072425013555171761,1495728970574225415,true,
2072526037448106206,1782963687657,blissful-conifer-grosbeak,2072480372357480827,1169664359628509184,false,false
2072526089440698527,1782963700052,great-mountain-brushturkey,2072477864591761826,1522044198396264449,true,false
2072526418198557054,1782963778435,noble-evergreen-sunbird,2072515639210660220,1391715496005824513,true,true
2072526457625010466,1782963787834,dazzling-petal-wader,2072363674388554092,864727525251051520,true,
2072526484066222272,1782963794138,adaptable-riverbank-kingbird,2072474288909656250,1297850558003531780,true,
2072526526692622361,1782963804302,zappy-winter-thicketbird,,,,
2072526574122143839,1782963815609,cosmic-pomegranate-falcon,2072039245594890745,434366392,true,
2072526886647849258,1782963890121,assuring-hillside-lark,2071134000521854976,579741408,true,
2072527040595566937,1782963926825,neighborly-rhubarb-chickadee,2072406064100958543,720472329231462401,true,
2072527042755625359,1782963927341,zappy-winter-thicketbird,2072406064100958543,720472329231462401,true,
2072527189489205675,1782963962324,futuristic-mist-cockatoo,2072508841808248899,67656004,true,
2072527224595513449,1782963970695,focused-beech-curassow,2072397260776669628,474886468,true,
2072527251476746640,1782963977103,merry-citrus-greenbul,2072502204229906563,1326229737551912960,true,
2072527377737887922,1782964007206,determined-pine-triller,2072162467212321221,,true,true
2072527489851633964,1782964033936,quirky-mango-brushturkey,2072252520723087754,1631694892396351488,true,
2072527605102698608,1782964061415,neighborly-rhubarb-chickadee,2072472644977320005,1398659203913469954,true,
2072527789832479039,1782964105457,loyal-pecan-crane,2072495210517700883,19709816,true,false
2072527874050179095,1782964125536,positive-coconut-falcon,2072490887859286342,15328881,true,
2072528037619322947,1782964267466,cosmic-root-grackle,2072319814987637130,1919644382916956160,true,
2072528233828921807,1782964211314,noble-cypress-eagle,2072473061010428354,1547232242073849856,false,
2072528596355129848,1782964297747,diligent-brook-thrasher,2072516324098445674,330262748,true,
2072528692195303675,1782964320597,powerful-banana-lapwing,2072295918796517699,3328588528,true,
2072528707508449438,1782964324248,celebrated-ocean-seagull,,,,
2072528724449165575,1782964328287,precious-seedling-bunting,2072461325310042371,1157689921349521410,false,
2072528733181768005,1782964330369,cheery-nutmeg-towhee,2072470252760252501,1961731165141790720,true,
2072528845123579919,1782964357058,great-mountain-brushturkey,2072505606746124511,2792313354,true,
2072528879227478126,1782964365189,diligent-brook-thrasher,2072498848514380153,1869802438259290114,true,
2072528961154802048,1782964384722,suave-autumn-parrot,2072498648114495730,1545404503373012992,true,
2072528986127876230,1782964390676,positive-coconut-falcon,2072521572741513529,15328881,true,
2072529146731766255,1782964428968,zappy-winter-thicketbird,2072364834369540503,1558653067964325888,true,
2072529167464194430,1782964433910,neighborly-rhubarb-chickadee,,,,
2072529206882304453,1782964443309,kind-prairie-toucan,2072190240895193411,865844491554439169,true,true
2072529358296588305,1782964479408,diligent-brook-thrasher,2072516444697645456,1531600929770057728,true,
2072529391599374521,1782964487349,celebrated-ocean-seagull,2072117162718658693,1894061630763237376,true,
2072529394061508890,1782964487935,cheery-nutmeg-towhee,2072117162718658693,1894061630763237376,true,
2072529434540667138,1782964497586,suave-autumn-parrot,2072524534763122852,588703829,true,
2072529603554390490,1782964537882,suave-autumn-parrot,2072505342341136561,588703829,true,
2072529614585434424,1782964540513,great-mountain-brushturkey,2072516976333971789,2059713746164150272,true,
2072529832148140206,1782964592384,suave-autumn-parrot,2072469733136331058,588703829,true,
2072529842260570382,1782964594794,cheery-nutmeg-towhee,2072506622346407965,1810176064402173952,true,
2072529872266608696,1782964601948,skilled-rose-catbird,2072061851450372416,207603568,true,
2072529989094850650,1782964629803,zappy-winter-thicketbird,2072500286749573141,1772323119111487490,true,
2072530150126747649,1782964668196,neighborly-rhubarb-chickadee,2072334411693957365,1678923194776813569,true,
2072530175087222974,1782964674146,zesty-lumber-bulbul,2069734104774660379,1981254932742492164,true,
2072530177729450052,1782964674776,diligent-brook-thrasher,2072447761866510702,323823795,true,
2072530345711317375,1782964714826,celebrated-ocean-seagull,,,,
2072530351096737864,1782964716111,cheery-nutmeg-towhee,2072505452571566354,1065265726536073216,true,
2072530389256577098,1782964725208,great-mountain-brushturkey,2072216395019088092,1293610467060076546,true,true
2072530413226987982,1782964730924,tropical-park-osprey,2072498610537738472,2455740283,true,
2072530474107289965,1782964745439,energizing-maple-sparrowhawk,2072481793157251548,,true,
2072530491882741890,1782964749677,zappy-winter-thicketbird,2072452190028050529,1505851779354972160,true,
2072530507665961087,1782964753440,neighborly-rhubarb-chickadee,2072500103244378513,,true,
2072530514708144220,1782964755118,diligent-brook-thrasher,2072477402182144112,1340653010263953412,true,
2072530519871402357,1782964756349,celebrated-ocean-seagull,2072464116657332453,1808120200296124418,true,
2072530535734521926,1782964760131,jazzy-sky-woodpecker,2072433239071842309,454232867,true,
2072530559599874435,1782964765821,cheery-nutmeg-towhee,2072522728733642813,1521128820014727168,true,
2072530605108072790,1782964776672,merry-citrus-greenbul,2072517583782178900,23022687,true,true
2072530610229579944,1782964777893,accomplished-apricot-guillemot,2072406130102501545,16635277,true,
2072530628600357215,1782964782274,great-mountain-brushturkey,2072178607934619781,1524154945896951809,true,
2072530695470170344,1782964798216,great-mountain-brushturkey,2072510842856468867,1615639552227704832,true,
2072530716127023362,1782964803140,zappy-winter-thicketbird,2072447487713919217,1945156145993162755,true,
2072530745835356220,1782964810224,neighborly-rhubarb-chickadee,,,,
2072530780388204658,1782964818462,wholesome-raspberry-stilt,2072447761866510702,323823795,true,
2072530947791356155,1782964858373,positive-coconut-falcon,2072464222949163283,15328881,true,
2072531021573107799,1782964875965,peaceful-plum-wader,2072502206411006357,132339474,false,
2072531055794438596,1782964884124,zappy-winter-thicketbird,2072304442397831496,1487649061717123076,true,
2072531111658336313,1782964897442,terrific-conifer-tinamou,2072388841646768355,1251611955145723906,false,
2072531267082436857,1782964934498,neighborly-rhubarb-chickadee,2072496483895517410,1098554366682910721,true,
2072531276133695629,1782964936656,brave-pine-cockatoo,2072435123031597101,2052098183392555013,false,
2072531311294652708,1782964945039,diligent-brook-thrasher,2072489254089798017,1516059175910092803,true,
2072531320094269929,1782964947137,celebrated-ocean-seagull,2072450219694829858,236494184,true,
2072531599522963933,1782965013758,diligent-brook-thrasher,2072190240895193411,865844491554439169,true,true
2072531663041540355,1782965028902,cheery-nutmeg-towhee,2072526682368479254,1885771608394014720,true,
2072531692904956360,1782965036022,celebrated-ocean-seagull,2072513931697061965,,true,
2072531956202340727,1782965098797,great-mountain-brushturkey,,,,
2072532247253574018,1782965168190,hopeful-field-needletail,2072194773692096744,1539985365431353344,true,
2072532354560651329,1782965193773,zappy-winter-thicketbird,2072515363749667295,1361856769622999041,true,
2072532366346604685,1782965196583,neighborly-rhubarb-chickadee,,,,
2072532383862059217,1782965200759,adept-berry-firetail,2071920351114572103,1329234770476347393,true,
2072532440707395941,1782965214313,diligent-brook-thrasher,,,,
2072532463469928541,1782965219739,hypersonic-nutmeg-swan,2072342235186626840,1801226527956459520,true,
2072532567723594082,1782965244595,peaceful-plum-wader,2072498610537738472,2455740283,false,
2072532745625202723,1782965287010,astute-moon-lorikeet,2072380349427118575,1552067520575799298,true,
2072532854362280442,1782965312936,celebrated-ocean-seagull,2072422334854545916,1340361396664619009,true,
2072533053944025529,1782965360520,zappy-winter-thicketbird,2072523156196053439,177101260,true,
2072533622528061705,1782965496080,cheery-nutmeg-towhee,,,,
2072533753419727163,1782965527287,happy-tanoak-albatross,2072503080193499384,1537666074400813057,true,false
2072533886462988382,1782965559006,great-mountain-brushturkey,2072508845050433640,1560419736495607808,true,
2072533966779728236,1782965578157,zappy-winter-thicketbird,2072480251654160488,1718480228845248512,true,
2072533974316941467,1782965579953,neighborly-rhubarb-chickadee,2072467997411725369,1756076736968568833,true,
2072534012388634862,1782965589030,diligent-brook-thrasher,2072477855984890337,1891490382,true,
2072534019003040073,1782965590607,neighborly-rhubarb-chickadee,2072454456503886009,1541579805409304577,true,
2072534030935802061,1782965593452,celebrated-ocean-seagull,2072202959526809676,2021897199660199937,true,
2072534054876880920,1782965599161,cheery-nutmeg-towhee,2072504721638838771,1271631107310534656,true,
2072534103874810320,1782965610843,diligent-brook-thrasher,2072492038566858769,356482519,true,
2072534141195751707,1782965619740,great-mountain-brushturkey,,,,
2072534163727540587,1782965625112,knowledgeable-pine-snowfinch,2072503080193499384,1537666074400813057,false,
2072534181020586311,1782965629235,sensational-harvest-nightjar,2072502976795537653,2849102111,true,
2072534334863557041,1782965778409,cosmic-root-grackle,2072224681705226730,118659073,true,
2072534335236735484,1782965666004,exquisite-peppermint-anhinga,2049110877643698258,1541579805409304577,true,
2072534345475067964,1782965668444,modest-leaf-tinamou,2072461845596872926,,true,true
2072534345806667998,1782965668523,knowledgeable-elm-penguin,2072417947679941094,1602770900771753984,true,
2072534475922145646,1782965699545,magnificent-lake-hillstar,2072364381065851202,810055220,true,
2072534696395739443,1782965752110,zappy-winter-thicketbird,2072526311705420065,245884632,true,
2072534968043966604,1782965816876,curious-beach-seedeater,2072462682721026550,1672657907333181441,false,
2072535302732669341,1782965896672,neighborly-rhubarb-chickadee,2072366422856970595,1597462288809836545,true,
2072535329060360669,1782965902949,diligent-brook-thrasher,2072531893959151758,3295423333,true,
2072535424375861636,1782965925675,intelligent-ocean-cuckoo,2072193587195085036,1882156472072646657,true,
2072535577610600748,1782965962208,celebrated-ocean-seagull,2072375749961560421,1837235161903022080,true,
2072535765985190131,1782966007121,cheery-nutmeg-towhee,,,,
2072535864417407476,1782966030588,,,,,
2072535878497398974,1782966033946,great-mountain-brushturkey,2072526267480682727,3185716686,true,
2072536012144750640,1782966065809,intentional-moon-kestrel,2072394349661270280,105896045,true,
2072536066872234225,1782966078857,methodical-clay-jay,2072046662927667413,65562484,false,
2072536095678513517,1782966085726,merry-citrus-greenbul,2072447850298880333,1552795969959636992,true,
2072536104188682749,1782966087755,dexterous-tigerwood-parakeet,2072511807504179674,373703945,false,
2072536127299273048,1782966093264,zappy-winter-thicketbird,2072532968770568411,1659764713616441344,true,
2072536222476710325,1782966115956,cool-walnut-crake,2072263943519617251,612473,true,
2072536312318435678,1782966137377,sensational-harvest-nightjar,2072373489995055199,1098433484127956992,true,
2072536426441257094,1782966164585,neighborly-rhubarb-chickadee,2072419194088591441,,true,
2072536514433515575,1782966185564,tranquil-cloud-cuckoo,2072465559950938344,727517766807232512,true,
2072536519634456848,1782966186805,sensational-harvest-nightjar,2072371463496052921,1098433484127956992,true,true
2072536547660898439,1782966193487,diligent-brook-thrasher,,,,
2072536555776843934,1782966195422,sincere-moon-myna,2072510717874372971,953378142198161409,true,
2072536596528734524,1782966205137,celebrated-ocean-seagull,2072519888846151873,2012925153592958977,true,
2072536718868140258,1782966234305,celebrated-ocean-seagull,2072447189071351924,1539476834420662274,true,
2072536724555604445,1782966235662,zappy-winter-thicketbird,2072447189071351924,1539476834420662274,true,
2072536779639357498,1782966248795,cheery-nutmeg-towhee,2072496035268825147,1634592538773581826,true,
2072536842952495519,1782966263889,gentle-pistachio-stork,2072431020436083067,43775786,true,
2072536985420374501,1782966297857,great-mountain-brushturkey,2072478997363974225,4277223857,true,
2072537189867462936,1782966346600,zappy-winter-thicketbird,2072470764998009136,1803848273469276160,true,
2072537205554221340,1782966350340,driven-star-drongo,2072286660889338287,18179467,true,
2072537648309105055,1782966455901,poetic-spring-goose,2072520972440047729,12493262,true,
2072537910130221501,1782966518324,neighborly-rhubarb-chickadee,2072382477042413803,1966932338044268555,true,
2072537981664079993,1782966535380,diligent-brook-thrasher,,,,
2072538221007769865,1782966592443,proactive-coral-lory,2072502269791068514,1546972236170543110,true,
2072538271922503872,1782966604583,neighborly-rhubarb-chickadee,2072389664854474899,289428499,true,
2072538411332706777,1782966637821,celebrated-ocean-seagull,2072360885088125128,,true,true
2072538843807453437,1782966740930,cheery-nutmeg-towhee,2072498610537738472,2455740283,true,true
2072538897494553061,1782966753730,diligent-brook-thrasher,2072229962548203598,1663296422815600641,true,
2072538933473538328,1782966762309,wholesome-raspberry-stilt,2072393117341552862,2291497819,true,true
2072538941132357914,1782966764135,wholesome-raspberry-stilt,2072492038566858769,356482519,true,
2072538949877391609,1782966766219,wholesome-raspberry-stilt,2072514236429853180,2013307792770138113,true,
2072538959725654018,1782966768567,wholesome-raspberry-stilt,2043693345302532169,,true,true
2072538961411445116,1782966768970,celebrated-ocean-seagull,2072210300552794592,1958820179326246913,true,
2072539372621004987,1782966964078,cosmic-root-grackle,2072461820749562359,2714847813,true,
2072539380074316078,1782966868786,cheery-nutmeg-towhee,2072514186413051995,,true,
2072539393261248615,1782966871930,great-mountain-brushturkey,2072498091782021417,94205171,true,
2072539414153011347,1782966876912,zappy-winter-thicketbird,,,,
2072539454284468322,1782966886480,inquisitive-seawater-sandgrouse,2072261431584555519,2064483121093869568,true,
2072539483111645452,1782966893352,neighborly-rhubarb-chickadee,2072457723246006568,1169664359628509184,true,
2072539689437831616,1782966942544,diligent-brook-thrasher,2072311762410447292,1288690988307947521,true,
2072539873290940572,1782966986379,celebrated-ocean-seagull,2072532214160699559,1562481396395823104,true,
2072539948771660197,1782967004374,cheery-nutmeg-towhee,2072407515460243854,1593986524172918788,true,
2072540091445047344,1782967038390,motivating-jackfruit-catbird,2072528800844300531,1744876782983979008,true,
2072540098873209057,1782967040161,great-mountain-brushturkey,2072517150842011784,1539985365431353344,true,
2072540101112967502,1782967040695,zappy-winter-thicketbird,2072290119034515568,1748474896420843520,true,
2072540318742831205,1782967092583,neighborly-rhubarb-chickadee,2072479568611447182,14390187,true,
2072540337411658208,1782967097033,worldly-brook-songbird,2072296663763570737,47636428,true,
2072540398296203390,1782967111549,diligent-brook-thrasher,2072341583891243172,2047989563537211392,true,
2072540463073218704,1782967126994,fast-vine-starling,2072490719785169356,,true,
2072540463681130823,1782967127139,great-mountain-brushturkey,2072477663390757320,1992677616978173952,true,true
2072540702999749056,1782967184196,responsible-tide-bushlark,2072404273569137064,1483797647567773696,true,
2072540827696377991,1782967213926,celebrated-ocean-seagull,2072436307389776296,1422492366435389440,true,
2072541009909522476,1782967257370,cheery-nutmeg-towhee,,,,
2072541105229615283,1782967280095,cheerful-pineapple-friarbird,2072499233618272418,173731498,true,
2072541236540371194,1782967311402,great-mountain-brushturkey,2072492360341099004,1511098654739898378,true,
2072541286528139615,1782967323320,blazing-avocado-stork,2071833936393589197,,true,
2072541393042461077,1782967348715,zappy-winter-thicketbird,2072508180819595280,1396816952392396801,true,
2072541401636544654,1782967350764,zappy-winter-thicketbird,2072405992197829091,1345100417403932673,true,
2072541402425348526,1782967350952,cheerful-pineapple-friarbird,2072499645629284820,519670421,true,
2072541623121015189,1782967403571,neighborly-rhubarb-chickadee,2072448607391740050,14865781,true,
2072541724245639329,1782967427681,luminous-twig-hillstar,2072302573697077494,1372614950,true,
2072541783834427569,1782967441887,inspirational-blossom-sparrow,2072344251598274952,3096147528,true,
2072541901384032306,1782967585452,cosmic-root-grackle,2072359115310137730,636513296,false,
2072541939757457754,1782967479062,diligent-brook-thrasher,2072535470253453361,1642538975054159873,true,
2072542182968324392,1782967537048,worldly-brook-songbird,2072336562592031019,1138990839793741824,true,false
2072542319643906551,1782967569635,magnanimous-canyon-swamphen,2072136363860763041,1492677599390322689,true,true
2072542405685858741,1782967590148,celebrated-ocean-seagull,2072534478845804636,1319287761048723458,true,
2072542447205548218,1782967600048,winged-slope-kingfisher,2072313338089050131,,true,
2072542560086872382,1782967626961,insightful-star-songbird,2072305274061246597,1249485439288741888,true,
2072542589161488467,1782967633892,great-mountain-brushturkey,,,,
2072542694891569583,1782967659100,joyous-chestnut-condor,2068247882587619398,1682888253458743297,false,
2072542964899779069,1782967723476,zappy-winter-thicketbird,,,,
2072543078204719591,1782967750489,spunky-lowland-cardinal,2072461634933579904,971415379103842304,true,
2072543146118975945,1782967766681,botanical-island-duck,2072324432824058213,175239079,true,
2072543323856769234,1782967809057,articulate-juniper-bittern,2072408128277143928,1872689023698771968,true,
2072543725259989281,1782967904759,neighborly-rhubarb-chickadee,,,,
2072543992793669838,1782967968544,thriving-field-pratincole,2072490675958960495,1075449928539926534,true,
2072544127321780315,1782968000619,diligent-brook-thrasher,2072517306995880381,1216579273693310977,true,
2072544129507082673,1782968001139,unique-foothill-skylark,2072493806297993248,261534085,true,false
2072544289460977721,1782968039276,celebrated-ocean-seagull,2072480045474689350,1602373567865581568,true,
2072544538678247525,1782968098693,cheery-nutmeg-towhee,2072389355629318477,1305971338746658816,true,true
2072544693796196827,1782968135677,frolicsome-bonsai-chicken,2072429587816907141,115308684,true,
2072544726620803340,1782968143503,great-mountain-brushturkey,2072430330020331756,150678121,true,
2072544799182541060,1782968160802,prodigious-winter-flatbill,2071955203918549127,1321935792416149505,false,
2072544819524637122,1782968165652,happy-frost-emu,2072437874541101237,2580684608,false,
2072544861052424473,1782968175553,determined-pine-triller,2072435082455900531,1382628690,true,
2072545026358325656,1782968214966,zappy-winter-thicketbird,2072439183730229503,108993761,true,
2072545107916501248,1782968234411,wholesome-raspberry-stilt,2072399436697767963,2034638078661545984,true,
2072545115013251429,1782968236103,wholesome-raspberry-stilt,2071961836568604979,1834169743873277953,true,
2072545149805084746,1782968244397,early-melon-whistler,2072336562592031019,1138990839793741824,false,
2072545230356717894,1782968263602,neighborly-rhubarb-chickadee,2072535988539453793,925090976464556033,true,
2072545325521289437,1782968286292,diligent-brook-thrasher,2072399436697767963,2034638078661545984,true,
2072545346954154455,1782968291402,celebrated-ocean-seagull,2072496593543278824,,true,
2072545547567669715,1782968339231,cheery-nutmeg-towhee,2072404648636326343,745531639,true,
2072545622582800825,1782968357116,keen-petal-gull,2072381914011279667,1161729675930025985,false,
2072545791475077295,1782968397384,prudent-daylight-tern,2072336399362076941,1193933463004549121,true,
2072545793181925660,1782968397790,motivating-jackfruit-catbird,2072493837281341563,969256127622983680,true,
2072545813583089745,1782968402654,transcendent-star-starling,2072387133021569400,1638292013308162055,true,
2072545887528886422,1782968420284,prudent-daylight-tern,2071977970340970624,1453726315492700160,true,
2072545954645840116,1782968436286,great-mountain-brushturkey,2072477739051876570,1235346841027440640,true,true
2072546079288000941,1782968466004,zappy-winter-thicketbird,2072502326078964059,1609209611839733761,true,
2072546235429376089,1782968503230,neighborly-rhubarb-chickadee,2072459934826963410,235762545,true,true
2072546236125573178,1782968503396,modern-granite-curassow,2072351181137936645,1961007350309064704,false,
2072546281390539024,1782968514188,diligent-brook-thrasher,2072353482233851905,2018755396278648832,true,
2072546354853826741,1782968531703,luminous-earth-guillemot,2072385337549340924,1142636318305869827,false,false
2072547013871170010,1782968688825,festive-papaya-rooster,2072467215593377886,134976379,false,
2072547111300648984,1782968712054,cheery-nutmeg-towhee,2072500286749573141,1772323119111487490,true,
2072547199112679492,1782968732990,celebrated-ocean-seagull,,,,
2072547215818498338,1782968736974,temperate-apple-duck,2072504681163612559,3379226657,true,
2072547437533700115,1782968789834,graceful-holly-sunbird,2072333966837731365,162901927,true,
2072547446144594266,1782968791887,strategic-peanut-finch,2072353285143462323,216881337,false,
2072547459109196271,1782968794978,glowing-cave-parrot,2072499179495084087,1990335107430068224,false,
2072547575635267759,1782968822760,whimsical-mint-penguin,,,,false
2072547925461201087,1782968906165,peachy-daylight-puffbird,2072433795882508622,1367209793686036482,true,
2072548189954093461,1782968969225,cheery-nutmeg-towhee,2072523403047866612,1622920739354730498,true,
2072548442472153409,1782969029430,great-mountain-brushturkey,2072260222849274240,1750883394303709184,true,
2072548516077896110,1782969046979,zappy-winter-thicketbird,2072458178420474259,1435956819822735365,true,
2072548694948278524,1782969089625,safe-lemon-egret,2072187279691448410,1584241260797124608,true,true
2072548695854219340,1782969089841,charismatic-park-conebill,2072205806355788107,1902712539659616256,false,
2072548711503171854,1782969093573,notable-highland-eagle,2072508970267197446,1228860052636946435,true,
2072548860774298060,1782969129162,neighborly-rhubarb-chickadee,2072539288269393983,1379340494,true,
2072548927560171841,1782969145084,diligent-brook-thrasher,2072523724125810762,2344106450,true,
2072548941149733055,1782969148324,humble-bonsai-spurfowl,2072356449838158134,1415509406561734656,true,
2072549109072818268,1782969188361,skillful-sky-lorikeet,2072480386337444291,1227799690579718144,true,
2072549182804553806,1782969205940,great-mountain-brushturkey,2072420607631786493,1733824221820731394,true,
2072549201485894105,1782969210393,enjoyable-winter-cockatoo,2072455711288959261,23395456,false,
2072549328699510975,1782969240723,lionhearted-raisin-robin,2072302997959213125,1111976778065723393,true,
2072549445363724776,1782969268538,bright-water-falcon,2072175050535715151,1598433131928887304,false,
2072549480524546357,1782969276921,limber-boulder-murrelet,2072501082824061277,2942658194,true,
2072549573004775844,1782969298970,helpful-highland-bluejay,2072291413853864427,2028882981209948160,true,
2072549774734033147,1782969347066,determined-pine-triller,2072464707735171084,1248056175083618311,true,
2072549900785439086,1782969377119,interesting-grassland-flamingo,2072443027591753990,374712154,true,
2072550009631862929,1782969403070,celebrated-ocean-seagull,2072523156196053439,177101260,true,
2072550098832146876,1782969424337,radiant-pistachio-mallard,2072337593480642761,1458868759087632397,true,true
2072550324758286743,1782969775066,cosmic-root-grackle,2072504647106035791,,false,
2072550567348777171,1782969536040,resplendent-pineapple-grosbeak,2072417380798497090,2000859925807833089,true,
2072550590358466808,1782969541526,zappy-winter-thicketbird,2072505071254786203,1804235868015636480,true,
2072550712458805316,1782969971639,cosmic-root-grackle,2072398885000265856,2026940761330298883,true,
2072551117247156249,1782969667146,rollicking-dune-chicken,2072370566036701396,1128064357089337344,false,
2072551376907813165,1782969873907,cosmic-root-grackle,2053145592474259854,42361118,false,
2072551385883938844,1782969731194,sturdy-coast-kestrel,2072405678216335407,4486093643,true,
2072551887597863065,1782969850813,neighborly-rhubarb-chickadee,2072533579448701258,1168284316050157568,true,
2072551913069887512,1782969856885,cheery-nutmeg-towhee,2072293237197262958,1316271347715264513,true,
2072551976986914994,1782969950084,cosmic-root-grackle,2072432600904298639,580967619,true,
2072552144184504602,1782969911987,great-mountain-brushturkey,2072494989439902176,,true,
2072552221707731000,1782969930470,zappy-winter-thicketbird,,,,
2072552443888439404,1782969983442,neighborly-rhubarb-chickadee,2072464467376406987,1671468777764954114,true,
2072552509231505702,1782969999021,diligent-brook-thrasher,2072535038999036154,,true,
2072552529028653481,1782970003741,celebrated-ocean-seagull,,,,false
2072552607948677408,1782970022557,keen-rose-kingfisher,2072526828645077073,1960862751578079232,true,
2072552901185093717,1782970092470,cheery-nutmeg-towhee,,,,
2072553180861485397,1782970159150,lovable-eucalyptus-kestrel,,,,
2072553213493236163,1782970166930,curious-wind-thicketbird,2072477402182144112,1340653010263953412,false,
2072553560974233667,1782970249776,great-mountain-brushturkey,2072244042599903302,1711323599934828544,true,
2072553628397949224,1782970265851,phenomenal-evergreen-emu,2072331721140490729,,false,
2072553772073492666,1782970300107,ambitious-mango-nighthawk,2072459249037312191,260016002,true,
2072553802901663815,1782970307456,admirable-redwood-parrot,2072290023827784000,138037459,true,
2072553907612467436,1782970332422,festive-cashew-tanager,2072524898606670065,,true,
2072553929536098548,1782970337648,benevolent-branch-crake,2071885785029050856,626287930,true,
2072554192170856598,1782970400265,zappy-winter-thicketbird,2072546594889822350,1306082096348164096,true,true
2072554238954164328,1782970411420,neighborly-rhubarb-chickadee,2072537395195490319,1125693852063498241,true,
2072554312534720780,1782970428963,diligent-brook-thrasher,2072533543247335634,1353384573435056128,true,
2072554398908108985,1782970449555,celebrated-ocean-seagull,2072499010217398339,1688861024,true,
2072554473810239532,1782970467413,heroic-fir-stilt,2072429563859091860,7302282,false,
2072554811904373186,1782970548021,determined-pine-triller,2072446971122516393,1768661841662627840,true,false
2072554835610657024,1782970553673,committed-pond-dove,2072395785921011934,,true,false
2072554838668230675,1782970554402,celebrated-ocean-seagull,2072541669619081336,,true,
2072554947061645604,1782970580246,magical-lagoon-falcon,2072278938873708615,25837618,true,
2072555022626205946,1782970598261,great-mountain-brushturkey,2072351295688544606,1985422681265881088,true,
2072555027072246055,1782970599321,committed-pond-dove,2072553597502431330,,true,
2072555125894189294,1782970622882,committed-pond-dove,2072483597940887944,,true,
2072555159767371785,1782970630959,zappy-winter-thicketbird,2072468791204700567,975195434,true,true
2072555285919539598,1782970661035,neighborly-rhubarb-chickadee,2072535844829999427,245884632,true,
2072555442543141165,1782970698377,diligent-brook-thrasher,2072496520981786838,,true,
2072555885306556678,1782970803940,revered-watermelon-kite,2072430184372818131,24113137,false,
2072555917648744577,1782970811651,majestic-blossom-macaw,2072529209239519246,1356801561867993091,true,
2072555933335540030,1782970815391,celebrated-ocean-seagull,2072324497315881123,1491973538374320129,true,
2072556116123205902,1782970858971,encouraging-fir-eagle,2072465559950938344,727517766807232512,false,
2072556207366435077,1782970880726,curious-sun-albatross,2072365553252262034,,true,
2072556230015348875,1782970886125,cheery-nutmeg-towhee,2072122028371362164,595644812,true,
2072556386433540414,1782970923418,great-mountain-brushturkey,2072519837440704928,1275720130434080771,true,
2072556402577453125,1782970927267,zappy-winter-thicketbird,2072515639210660220,1391715496005824513,true,
2072556563437334711,1782970965619,admirable-nutmeg-cacholote,2071994061624426582,44196397,true,
2072556822372987027,1782971027355,driven-berry-sandgrouse,2072492289637969954,116463676,true,
2072556848545149371,1782971033595,agile-cedar-catbird,2072363445073146193,538460162,true,
2072556884993982849,1782971042284,jazzy-peanut-seedeater,2072518125946540463,1651723448799084544,true,
2072556987582231030,1782971066743,vivacious-dune-cacholote,2072351543353884931,2533803474,false,
2072557294299087275,1782971139870,neighborly-rhubarb-chickadee,2072548230336778316,,true,
2072557494468276549,1782971187594,exuberant-savanna-wheatear,2072289130726490359,95588504,true,
2072557495768219665,1782971187904,diligent-brook-thrasher,2072434480543899826,1707333068149997568,true,
2072557776459440208,1782971254826,celebrated-ocean-seagull,2072325744349552690,927103766326796289,true,
2072558061345005742,1782971767427,cosmic-root-grackle,2072468547846992094,2060034714832945156,true,
2072558263988859338,1782971371063,adept-leaf-firefinch,2072537568709923140,1574597368963424256,true,
2072558331118416357,1782971387067,cheery-nutmeg-towhee,,,,
2072558377125675208,1782971398036,great-mountain-brushturkey,2072532119927353367,1575090522691026944,true,true
2072558420880744757,1782971408468,zappy-winter-thicketbird,,,,
2072558456813367655,1782971417035,cheery-nutmeg-towhee,2072553581555929580,1310767622351323137,true,
2072558495719886973,1782971426311,empowered-willow-cuckoo,2072379712513429973,1422660397115576322,false,
2072558946599018928,1782971533810,neighborly-rhubarb-chickadee,,,,
2072558948532523508,1782971764299,cosmic-root-grackle,2072106430610465196,2480268229,false,
2072559030443376674,1782971553800,enlightened-peppermint-softbill,2072485300706947205,1590676028300890114,true,
2072559038701924524,1782971555769,generous-passionfruit-lark,2071760560270741600,2984890003,false,
2072559052106658218,1782971558965,diligent-brook-thrasher,2072522128977752319,1518549402079866881,true,
2072559262891425865,1782971609219,celebrated-ocean-seagull,2072402359549075744,2061051510360780800,true,
2072559456647631066,1782971655414,brainy-grassland-hummingbird,2070476055106986473,1820385544817487872,true,
2072559749917208760,1782971725335,magical-peat-antwren,2072454297602904508,1795419600131346432,true,
2072559758649733127,1782971727417,cheery-nutmeg-towhee,2072360905049014694,1686551250538528769,true,
2072559884651106407,1782971757458,worldly-almond-rooster,2072327455164273065,,true,
2072560111508398293,1782971811546,informative-eucalyptus-flameback,2072474452533649461,201712702,true,
2072560138372989166,1782972319631,cosmic-root-grackle,2072048508186853803,727786862509756416,true,
2072560424176787867,1782971886091,happy-fern-ibis,2072437990706532564,1965054175458332672,false,
2072560436352876563,1782971888993,great-mountain-brushturkey,2072400743152394631,1604687316257210372,true,
2072560920673317194,1782972004465,zappy-winter-thicketbird,2072530983337799913,1322835942596616192,true,
2072560932375441438,1782972007255,neighborly-rhubarb-chickadee,2072517752808767822,1094460247802929152,true,
2072561040961740824,1782972033143,diligent-brook-thrasher,2072551766324035992,56302171,true,
2072561135358709855,1782972055650,civil-beech-puffin,2072522265921822885,725670650342440960,true,
2072561233966858279,1782972079161,celebrated-ocean-seagull,2072504118850224184,,true,
2072561352464343488,1782972107413,cheery-nutmeg-towhee,2072385748733444120,269256179,true,
2072561358000824534,1782972108732,great-mountain-brushturkey,2072529752649523216,3559894949,true,
2072561458139865583,1782972132607,delightful-canyon-spoonbill,2072380636816363745,1601491909754634240,false,false
2072561760238960890,1782972204633,chirpy-daylight-kingfisher,2072290381086208109,58798997,true,
2072561871110996023,1782972231067,great-mountain-brushturkey,,,,
2072562071237996640,1782972278781,sunny-tomato-conebill,2072443022239838496,,true,
2072562308845305856,1782972335431,zappy-winter-thicketbird,,,,
2072562449773928945,1782972369032,sensational-sunlight-songbird,2072312590328295507,1223010161515778056,true,
2072562658294018193,1782972418746,worldly-almond-rooster,2072122834156245207,820816471785750529,true,
2072562683379957864,1782972424727,stunning-rain-duck,2072461325310042371,1157689921349521410,false,
2072562902662254909,1782972477009,diligent-brook-thrasher,2072486160522485902,1570680858717159424,true,
2072562914389635493,1782972479803,diligent-brook-thrasher,2072529752649523216,3559894949,true,
2072563114927681709,1782972527616,passionate-shoreline-junco,2072301749046546503,,true,true
2072563604239298936,1782972644277,wholesome-raspberry-stilt,2072371064357683465,2293697022,true,
2072563614733435310,1782972646780,wholesome-raspberry-stilt,2049843251306442752,1788771841353691136,true,
2072563696510091527,1782972666276,magnanimous-seashore-cockatoo,2072401128512520294,16463030,true,
2072563814164296028,1782972694328,compassionate-sky-needletail,2072349045691990081,1136210071489253377,true,
2072563835173503066,1782972699337,poised-buckeye-mockingbird,2072312590328295507,1223010161515778056,false,
2072563922633134417,1782972720189,celebrated-ocean-seagull,2072195718438076767,236287913,true,
2072563985862348963,1782972735264,cheery-nutmeg-towhee,,,,
2072564074483728822,1782972756392,great-mountain-brushturkey,,,,
2072564089881006399,1782972760064,zappy-winter-thicketbird,2072533534846419366,,true,
2072564093441941822,1782972760912,neighborly-rhubarb-chickadee,2072560824963760134,1299904825723891712,true,
2072564203810910651,1782972787225,celebrated-ocean-seagull,2072344198397952159,1570680858717159424,true,
2072564298262413717,1782972809745,cheery-nutmeg-towhee,,,,
2072564320958021787,1782972815156,philosophical-petal-puffbird,2072343938338627749,42043572,true,
2072564341530890410,1782972820060,alpine-guava-finfoot,2072482647155327078,4837300329,true,false
2072564432425701604,1782972841732,great-mountain-brushturkey,2072423444650532934,842694449062969344,true,
2072564511957995758,1782972860695,celebrated-ocean-seagull,2072491067103207875,1408417279801393158,true,
2072564631189491742,1782972889122,zappy-winter-thicketbird,,,,
2072564634737885405,1782972889966,neighborly-rhubarb-chickadee,2072496183952417058,,true,
2072564660063162598,1782972896006,cheery-nutmeg-towhee,2072500581306962076,1355263947604193283,true,
2072564710973620339,1782972908143,diligent-brook-thrasher,2072545633114661289,2058322638334824448,true,
2072564722277515622,1782972910838,meticulous-meadow-firetail,2072036380763377945,1114871038947598336,true,
2072564846210732098,1782972940386,natural-garden-crow,2072530998785413325,1261816778256265222,false,
2072564920269393980,1782972958043,celebrated-ocean-seagull,2072554168192209272,1293184344,true,
2072565250508087636,1782973036778,tough-rose-songbird,2072530531062006254,,true,
2072565438513312116,1782973081602,cheery-nutmeg-towhee,2072360938250862977,129009730,true,
2072565641115054526,1782973129906,great-mountain-brushturkey,2072533683547095493,170542374,true,
2072565737508520364,1782973152888,zappy-winter-thicketbird,2072355383927095469,754780971023687680,true,
2072565823026418066,1782973587785,cosmic-root-grackle,2072357770947375362,18213483,true,
2072566019949048219,1782973220228,committed-shoreline-raven,2072525323359441061,1336311132278181895,true,
2072566134067363917,1782973247436,kind-ice-flycatcher,2072044443062976846,906957197975998464,true,
2072566235628245138,1782973914815,cosmic-root-grackle,2072151729693401155,1487935905721688066,false,
2072566263277134123,1782973278242,neighborly-rhubarb-chickadee,2072554613329248622,,true,
2072566335725342815,1782973295515,efficient-sea-quetzal,2072298939223589179,135236273,true,
2072566362803749158,1782973301971,diligent-brook-thrasher,2072403421622063266,3568984943,true,
2072566504374014053,1782973335723,celebrated-ocean-seagull,2072356457610190953,754780971023687680,true,
2072566506987065692,1782973336347,cheery-nutmeg-towhee,,,,
2072566602672038303,1782973359159,cozy-wildflower-grassbird,2072315630150390259,,true,
2072566622460535289,1782973363878,great-mountain-brushturkey,,,,
2072566799485301218,1782973406083,efficient-sea-quetzal,2072526719496442335,2051354061387988992,true,
2072566849359814703,1782973417974,zappy-winter-thicketbird,2072507790506213412,1595674603510435840,true,true
2072566959661609139,1782973444272,neighborly-rhubarb-chickadee,2072425942098534657,13049362,true,
2072567151760667117,1782973490072,diligent-brook-thrasher,,,,
2072567249546658034,1782973513386,shrewd-poplar-frigatebird,2072506549415657693,1708813785358618624,true,false
2072567385416987112,1782973545780,bright-mangrove-mallard,2072289330287222812,10671602,false,false
2072567531299369265,1782974068232,cosmic-root-grackle,2072354215280680993,750683331260321792,false,
2072567532658069703,1782973580885,celebrated-ocean-seagull,,,,
2072567574412267843,1782973590840,great-mountain-brushturkey,2072437148842635494,1998753043148582915,true,
2072567689625711019,1782973618310,zappy-winter-thicketbird,2072535350397022214,1603806190152343553,true,
2072567743971315841,1782973631266,zappy-winter-thicketbird,2072480611818721408,1788286131395604480,true,
2072567889828479131,1782973666041,meticulous-winter-quail,2072564415606698078,,true,
2072567895239114948,1782973667331,tectonic-canopy-sandpiper,344283388787707904,10671602,true,
2072567908366967200,1782973670461,neighborly-rhubarb-chickadee,2072368869193167206,,true,
2072568180787056771,1782973735412,daring-jacaranda-jacana,2072383703074971832,1706626036719329280,true,
2072568340904550704,1782974304107,cosmic-root-grackle,2072226115750703389,1242448062804561920,true,
2072568453223903394,1782973800366,wholesome-raspberry-stilt,2072368869193167206,,true,
2072568459922157938,1782973801962,wholesome-raspberry-stilt,2072529752649523216,3559894949,true,
2072568461054857420,1782974301700,cosmic-root-grackle,2072416935342399744,750683331260321792,false,
2072568465894883369,1782973803387,wholesome-raspberry-stilt,2072195718438076767,236287913,true,
2072568686771151121,1782973856047,diligent-brook-thrasher,2072302757952843933,1965320603319369728,true,
2072568744157802802,1782973993116,cosmic-root-grackle,2072366361695666505,750683331260321792,false,
2072568786998219036,1782973879943,cheery-nutmeg-towhee,,,,
2072568868170600455,1782973899296,great-mountain-brushturkey,2072496124317872419,1099811089246760961,true,
2072569042087387592,1782973940761,neighborly-rhubarb-chickadee,2072504505787445301,1719478984889581569,true,
2072569050115575917,1782973942675,harmonious-oak-duck,2072510715668091221,1318263321745907713,true,
2072569126648750291,1782973960923,zappy-winter-thicketbird,2072350251885686960,,true,
2072569220592734676,1782973983321,diligent-brook-thrasher,2072512313643417733,1694095007211249664,true,
2072569244122751169,1782973988930,neighborly-rhubarb-chickadee,2072348246156980299,1408159133434581003,true,true
2072569370442715640,1782974019048,compassionate-sky-needletail,2072320820827885918,1136210071489253377,true,
2072569387853230524,1782974023199,diligent-brook-thrasher,2072315107653361846,1842664739555684352,true,
2072569586478649507,1782974070554,cheery-nutmeg-towhee,2072512149851881862,1646388130931687425,true,true
2072569924187218336,1782974151070,great-mountain-brushturkey,2072458270317367398,3374364357,true,
2072569955065749618,1782974158432,zappy-winter-thicketbird,2072556095306858625,,true,
2072570064021176448,1782974184408,celebrated-ocean-seagull,2072483508786782526,3331751675,true,
2072570626380845491,1782974318487,resplendent-marble-nightingale,2072289330287222812,10671602,false,
2072570869776265267,1782974480413,cosmic-root-grackle,2071963881774137392,612473,false,
2072570900906430667,1782974383939,cheery-nutmeg-towhee,2072546594889822350,1306082096348164096,true,true
2072571111536005431,1782974434156,great-mountain-brushturkey,2072499010217398339,1688861024,true,true
2072571445272592536,1782974513725,extraordinary-clay-ostrich,2072350642916708471,1469154475,true,
2072571496052977668,1782974525832,empowered-meadow-osprey,2072394351271911594,15200788,true,
2072571649895825412,1782974562511,neighborly-rhubarb-chickadee,2072323685617488089,2029278167350034433,true,
2072572058199105987,1782974659858,profound-conifer-sandpiper,2072527970691121658,1988151992078987264,true,
2072572106357817529,1782974671339,beautiful-melon-puffin,2069524133805740189,1411288519214047237,true,
2072572191485378798,1782974691635,diligent-brook-thrasher,2072326429451116659,101884357,true,
2072572195398615381,1782974692569,celebrated-ocean-seagull,2072520591412695230,344913288,true,
2072572362890133708,1782974732503,dauntless-garden-gull,2072226503228825764,152137205,true,
2072572390102438116,1782974738990,cheery-nutmeg-towhee,2072411073475469652,1692362347682078721,true,
2072572424323830098,1782974747150,neighborly-rhubarb-chickadee,2072468791204700567,975195434,true,
2072572518259470453,1782974769545,goodhearted-spring-anhinga,,,,
2072572531459145959,1782974772692,aquatic-sand-warbler,2072456341684408792,1927211005563609088,true,
2072572859596017899,1782974850926,diligent-brook-thrasher,2072557812115186106,1155992339141165057,true,
2072572930622451772,1782974867861,great-mountain-brushturkey,,,,
2072573032799903897,1782974892221,zappy-winter-thicketbird,,,,
2072573093948600474,1782974906801,neighborly-rhubarb-chickadee,2072372215111152114,940596539575152640,true,
2072573107366174861,1782974909999,precious-rainforest-wren,2072405755626443160,1393791482767814660,true,
2072573112688808099,1782974911268,remarkable-hillside-cockatoo,2072505364965400967,2427599888,true,
2072573224345288926,1782974937889,diligent-brook-thrasher,2072414599006106021,2598609445,true,
2072573521511993793,1782975008740,electric-cherry-snowfinch,2072537035911451111,1371650588,true,
2072573566101414248,1782975019370,celebrated-ocean-seagull,,,,
2072573693272719487,1782975049691,beautiful-melon-puffin,2064229716978967041,1447841883275857921,true,
2072573695827034138,1782975050299,cheery-nutmeg-towhee,2072549254090907944,2959109789,true,true
2072573729058501000,1782975058223,stunning-trail-flycatcher,2072364042891428022,1911884666740899840,true,
2072573729129845140,1782975058239,great-mountain-brushturkey,2072507245414273164,1334688905929613312,true,
2072573806435049746,1782975076670,zappy-winter-thicketbird,2072484123881439662,3208678505,true,
2072573924504989877,1782975521246,cosmic-root-grackle,2072416935342399744,750683331260321792,true,
2072574338021376150,1782975388981,cosmic-root-grackle,2072354215280680993,750683331260321792,false,
2072574380777898301,1782975213606,neighborly-rhubarb-chickadee,2072324678404682007,1961657599247732736,true,
2072574478685520037,1782975236947,diligent-brook-thrasher,2072351270925455544,763632739,true,
2072574521161207978,1782975843584,cosmic-root-grackle,2071983542708355539,332332456,true,
2072574710504689842,1782975292217,contemporary-pineapple-puffleg,2072394882295943641,1193109572015329280,false,
2072574718067060858,1782975294020,celebrated-ocean-seagull,2072569228884905993,,true,
2072574722353885198,1782975602704,cosmic-root-grackle,2072574240658715055,138882249,true,
2072574734001189128,1782975297819,groovy-branch-hawk,2071911216826531942,1954222675272114176,true,
2072574921247444998,1782975342463,refreshing-riverbank-nighthawk,2072072566399770923,873724542706962432,false,
2072574927446647063,1782975343940,flourishing-seedlings-seedeater,2072380714486583448,2425571623,true,false
2072575280833544363,1782975428194,neat-canyon-partridge,2072368092642988329,1145488129,true,
2072575294092014057,1782975431355,helpful-cove-canary,2072119677065527559,1367209793686036482,true,
2072575422081155117,1782975461870,wholesome-raspberry-stilt,2072351270925455544,763632739,true,
2072575430776033554,1782975463944,wholesome-raspberry-stilt,2072015823460274404,1892347209653399552,true,
2072575438225031620,1782975465719,wholesome-raspberry-stilt,2072236104883863659,1557663633483628544,true,
2072575445242200358,1782975467392,wholesome-raspberry-stilt,2072495207334203747,454943608,true,
2072575454259912762,1782975469543,wholesome-raspberry-stilt,2072496124317872419,1099811089246760961,true,
2072575482860638383,1782975476362,cheery-nutmeg-towhee,2072543386368872705,,true,
2072575672925524072,1782975521677,celebrated-ocean-seagull,2072288120159244466,1457884439586144256,true,
2072575735017984301,1782975536481,cheery-nutmeg-towhee,2072325744349552690,927103766326796289,true,
2072575765707633149,1782975543797,blissful-river-junco,2072533683547095493,170542374,false,
2072575793687830657,1782975550468,zappy-winter-thicketbird,2072286943061155992,1110297408859185152,true,true
2072575823484272867,1782975557573,neighborly-rhubarb-chickadee,2072551065720107202,245884632,true,
2072575826248233332,1782975558231,dependable-garden-hillstar,2071945134602604684,6959082,true,
2072576069559844917,1782975616241,great-mountain-brushturkey,2072343938338627749,42043572,true,
2072576211113390121,1782975649990,diligent-brook-thrasher,2072478973075030150,,true,
2072576268583817676,1782975663693,committed-grape-kingbird,2072432390438359042,3292982985,true,
2072576310153470010,1782975880338,cosmic-root-grackle,2072106430610465196,2480268229,false,
2072576359176532444,1782975685292,celebrated-ocean-seagull,2072328650813243542,1608967446,true,
2072576370966679761,1782975819488,cosmic-root-grackle,2072391390747881887,1540357529599102977,false,
2072576450494951487,1782975707064,distinguished-pecan-auklet,2072027808755536092,62819582,true,
2072576502282215769,1782975719410,botanical-bamboo-grosbeak,2072281739389747705,1075638465142931457,true,
2072576546972508287,1782976303082,cosmic-root-grackle,2072354215280680993,750683331260321792,true,
2072576641297948696,1782975752555,zappy-winter-thicketbird,2072350642916708471,1469154475,true,
2072576782746681517,1782975786279,neighborly-rhubarb-chickadee,2072571597064720807,1808120200296124418,true,
2072576957590483163,1782975827964,diligent-brook-thrasher,,,,
2072576974627782902,1782976188701,cosmic-root-grackle,2072166002889298268,1515496599774203904,true,
2072577013622186305,1782975841323,zappy-winter-thicketbird,,,,
2072577066206159330,1782975853860,cheery-nutmeg-towhee,2072573046120923183,,true,
2072577260108841132,1782975900091,celebrated-basswood-kingfisher,2072577008723268012,107406892,true,
2072577311463923900,1782975912334,enlightened-summer-turkey,2072317047103435157,,true,
2072577339611926866,1782975919045,meticulous-park-rooster,2072235842295267665,23949317,true,
2072577380967952599,1782975928905,worldly-earth-mockingbird,2072226187313832336,1430863911889244167,true,
2072577572660011379,1782975974608,glowing-hazelnut-quail,2072113002514419884,15754281,true,
2072577575713386954,1782975975336,courteous-snow-cardinal,,,,
2072577706701549739,1782976006567,great-mountain-brushturkey,2072421990439473533,1412491640917331975,true,
2072577800922431640,1782976029030,zappy-winter-thicketbird,2072520811278409831,1592975103645581315,true,
2072577897047466014,1782976051948,neighborly-rhubarb-chickadee,2072504118850224184,,true,true
2072578020250976638,1782976081323,diligent-brook-thrasher,2072568452989018262,3324689194,true,
2072578105328189795,1782976101605,celebrated-ocean-seagull,,,,
2072578242964603349,1782976134421,kind-kiwi-jay,2072334410842567123,1353558783067254784,true,
2072578293010673959,1782976146353,kind-kiwi-jay,2072432104538014066,1319397157913436163,true,
2072578311956394244,1782976150870,neighborly-rhubarb-chickadee,2072420415721349262,1941557992878383104,true,
2072578417132806489,1782976175946,neighborly-rhubarb-chickadee,2072500504953774481,1475923087912845318,true,
2072578465325527527,1782976187436,valorous-rainfall-piculet,2072535807332598246,3269136433,true,
2072578498804199511,1782976195418,diligent-brook-thrasher,2072437042097905889,766276639,true,true
2072578617016521116,1782976223603,cheery-nutmeg-towhee,2072574240658715055,138882249,true,
2072578789700243780,1782976264773,kind-peppermint-seabird,2072321903759372690,374712154,false,
2072578840577081418,1782976276904,great-mountain-brushturkey,2072448473643753964,1153391224147054593,true,
2072578841533358277,1782976277131,winning-dune-hawk,2072289330287222812,10671602,true,
2072579085499338779,1782976335297,ambitious-mango-nighthawk,2072480372357480827,1169664359628509184,true,true
2072579298037534757,1782976385970,perceptive-seedlings-falcon,2072334409869758663,2049614332733063168,true,
2072579497379942845,1782976433498,diligent-brook-thrasher,,,,
2072579956492624175,1782976542958,skilled-tomato-grebe,2072308435484573820,1519736925837479937,true,
2072580018509857210,1782976557744,winged-harvest-flowerpecker,2072377252629930329,1922771683158511616,false,false
2072580079268319521,1782976572230,zappy-winter-thicketbird,2072560389015879804,1794383406341484545,true,
2072580106170540142,1782976578645,neighborly-rhubarb-chickadee,2072522128965149174,3032396754,true,
2072580442839007484,1782976658912,diligent-brook-thrasher,2072254086104191288,2003909081518800896,true,
2072580513601061285,1782976675784,intellectual-shoreline-flamingo,2072120957599142203,1316995857242378240,false,
2072580988371132497,1782976788977,celebrated-ocean-seagull,2072522542271942910,353781773,true,
2072581571702386948,1782976928054,temperate-root-bluejay,2072570968577613977,1403684562715041793,true,
2072581817882849715,1782976986748,celebrated-ocean-seagull,2072425107587211388,1530884183110844416,true,
2072581821238268268,1782976987548,neighborly-rhubarb-chickadee,2072360938250862977,129009730,true,
2072581859330916749,1782976996630,friendly-apricot-fantail,2072435593435287776,1582466002113249282,true,
2072581927152873816,1782977192385,cosmic-root-grackle,2072341328277508104,2044475780042731520,false,
2072581962645049565,1782977021261,tremendous-almond-mallard,2072545808403083350,747012012656340992,true,false
2072582022481002896,1782977035528,neighborly-rhubarb-chickadee,2072235964487917927,1590364691720708096,true,
2072582037253284029,1782977039051,cheery-nutmeg-towhee,2072485407283909094,1032000341078953986,true,
2072582223094521863,1782977083359,punctual-moonlight-macaw,2072508970267197446,1228860052636946435,false,
2072582260029624647,1782977092164,wholesome-raspberry-stilt,2072451095633293437,864011281,true,
2072582267986198838,1782977094061,wholesome-raspberry-stilt,2072357310048182377,1254142319646867456,true,
2072582325880099192,1782977319524,cosmic-root-grackle,2072478711769608495,1694494097879318528,true,
2072582510672843009,1782977151922,pioneering-ice-frigatebird,2072538254872559636,,true,
2072582787765264673,1782977217986,great-mountain-brushturkey,2072520596697842129,2017372846608273408,true,
2072582928010215873,1782977251422,zappy-winter-thicketbird,,,,
2072582941520310345,1782977254644,philosophical-petal-puffbird,2072459062768267420,1846339402013786113,true,
2072583097237848410,1782977291771,neighborly-rhubarb-chickadee,2072432657984561282,1362849016468414468,true,
2072583117521518817,1782977296606,,2072354146825453702,842153470933241858,true,
2072583142494339566,1782977302560,diligent-brook-thrasher,2072531172744159466,2034272341094506497,true,
2072583175801389381,1782977310501,blazing-jacaranda-citril,2072420572273991839,1862582157790838784,true,
2072583391782875426,1782977361995,dependable-beech-crimsonwing,2072436827051397535,3331751675,true,
2072583540680618181,1782977397495,cheery-nutmeg-towhee,2072303318706044968,968284783464894464,true,
2072583590198612103,1782977409302,zappy-winter-thicketbird,2072567866163900879,1722014154322575360,true,
2072583676819362101,1782977429954,great-mountain-brushturkey,2072475477718261918,842102857,true,
2072583781739839563,1782977680054,cosmic-root-grackle,2072039970957910401,3530404094,false,
2072583939298926907,1782977492534,zappy-winter-thicketbird,2072531106046541982,1968716279235112960,true,
2072584088494694405,1782977528105,sparkly-fig-nightingale,2072277891149078608,2024972500661075969,true,
2072584155469168708,1782977544073,intriguing-glacier-nightjar,2072247597356445722,1262155981963833346,true,
2072584180521914439,1782977550046,incomparable-sunlight-turkey,2072545808403083350,747012012656340992,false,
2072584201782608365,1782977555115,neighborly-rhubarb-chickadee,2072364735111049346,1126155870151348226,true,true
2072584428480589900,1782977609164,cheery-nutmeg-towhee,,,,false
2072584585796374583,1782977646671,great-mountain-brushturkey,2072302095487656046,,true,
2072584615391535186,1782977922608,cosmic-root-grackle,2072385703187497002,816131319033950208,false,
2072584771692036242,1782977690991,zappy-winter-thicketbird,2072483466378109268,167704836,true,
2072585015477826021,1782977749114,temperate-lake-duck,2072294436424356129,1213058285038817280,true,
2072585271061700667,1782977810050,charismatic-passionfruit-kookaburra,2072363445073146193,538460162,false,
2072585398581154069,1782977840454,diligent-brook-thrasher,2072437461691887696,1399133612469932036,true,
2072585420743839886,1782977845737,celebrated-ocean-seagull,,,,
2072585459151024277,1782977854894,great-mountain-brushturkey,2072536871582749060,38737371,true,
2072585471318999531,1782977857795,tough-rose-songbird,2072076948357169603,740337495464939520,true,
2072585503728161001,1782977865523,zappy-winter-thicketbird,2072544459380691276,,true,
2072585590810292237,1782977886286,diligent-brook-thrasher,,,,
2072585628705767639,1782977895320,cheery-nutmeg-towhee,,,,
2072585653297058069,1782977901182,committed-wind-skimmer,2072409908096725111,1428911804781056004,false,
2072585716152852496,1782977916168,great-mountain-brushturkey,2072525893256515659,1523471711014125570,true,
2072586347961831870,1782978066804,enchanting-orchard-penguin,2072429965132583130,898559687645208576,true,
2072586425649008748,1782978085325,insightful-brook-sparrowhawk,2071144747809570856,1559978611012018176,true,
2072586874409869736,1782978192318,amazing-winter-lapwing,2072445718745206977,,true,true
2072587016072462470,1782978226094,neighborly-rhubarb-chickadee,2072335353902706989,1455847682488946696,true,
2072587248537579733,1782978281518,versatile-winter-grosbeak,2072581419310690695,60052133,true,
2072587337033216232,1782978302618,overjoyed-park-puffleg,2072545808403083350,747012012656340992,false,
2072587636103946526,1782978373921,exceptional-mangrove-emu,2072452365777588492,1283301645774970880,true,
2072587646077972528,1782978376298,suave-watermelon-piculet,2072462757811896503,1284748221382713344,true,
2072587724817629187,1782978395072,jazzy-beach-goose,2072058857010905144,2044903826574983168,false,
2072587845781352488,1782978423911,zappy-winter-thicketbird,,,,
2072588060588470629,1782978475124,neighborly-rhubarb-chickadee,2072455522771521603,,true,
2072588537497592072,1782978588829,celebrated-ocean-seagull,2072447194863472935,1999174662589415426,true,
2072588607433400550,1782978605504,cheery-nutmeg-towhee,2072508116441473068,1505760305573687297,true,
2072588750840795508,1782978639694,great-mountain-brushturkey,2072317263122743541,,true,
2072589309643772372,1782978902566,cosmic-root-grackle,2072376325046718566,1874046817102684160,true,
2072589343697379707,1782978781041,lovable-plum-condor,2071596808954843480,1134596158398128131,false,
2072589513311015057,1782978821482,contemplative-twig-whistler,2072280191372870127,,true,
2072589530591338809,1782978825602,phenomenal-cedar-goshawk,2072472772459315561,1969027723931852800,false,
2072589604788580645,1782978843291,zappy-winter-thicketbird,2072574561691054465,1333110223163301889,true,
2072589676796416286,1782978860459,neighborly-rhubarb-chickadee,2072563817553244276,185932053,true,
2072589696165629975,1782978865078,cheery-nutmeg-towhee,2072435092819968242,4362709155,true,
2072589954610344240,1782978926694,great-mountain-brushturkey,2072568576838340803,1666838408461688833,true,
2072590094041489425,1782978959939,wholesome-raspberry-stilt,2072499010217398339,1688861024,true,
2072590330881310908,1782979016405,zappy-winter-thicketbird,2072261095004180891,2023431001524072449,true,
2072590386858500498,1782979029751,neighborly-rhubarb-chickadee,2072534478791254352,1536693901230321666,true,
2072590469314277685,1782979049411,fast-island-albatross,2072399422667841999,1835346517013540864,true,
2072590561400221785,1782979071365,fast-island-albatross,2072389686111199717,1288397932874670080,true,
2072590641062690858,1782979090358,fast-island-albatross,2072423703686582549,247565157,true,
2072590666190688313,1782979096349,great-mountain-brushturkey,2072163802846814382,1968592103098957824,true,
2072590844150849717,1782979138778,fast-island-albatross,2072416936701333810,803511335552249856,true,
2072590870973395209,1782979145173,beloved-mesa-kite,2072296125957099764,1023928919102312451,true,
2072590924056576508,1782979157829,fast-island-albatross,2072338061736677507,2495007819,true,
2072590944767988063,1782979162767,contemporary-seedlings-songlark,2072044483848396910,,true,
2072591124456218918,1782979205608,zappy-winter-thicketbird,2072324678404682007,1961657599247732736,true,
2072591312658784483,1782979250480,fast-island-albatross,2072341198254088256,1912017171107999744,true,
2072591333731008883,1782979255503,extraordinary-branch-lapwing,2072445044217241782,18396319,true,
2072591528854204795,1782979302024,fast-island-albatross,2072442236306931907,408547937,true,
2072591608470548857,1782979321006,adaptable-desert-parrotlet,2072490675958960495,1075449928539926534,true,
2072591944270643449,1782979401067,zappy-winter-thicketbird,2072532689953968476,999508587251748864,true,
2072592301528949045,1782979486245,neighborly-rhubarb-chickadee,2072465745884160492,235762545,true,
2072592303613485381,1782979486741,strong-sun-wigeon,2072558215401746522,354250902,true,
2072592318960369811,1782979490400,beautiful-melon-puffin,2071128711487750387,3978393137,true,
2072592384488067128,1782979506024,great-mountain-brushturkey,2072485561688846561,1493355885619552266,true,
2072592652508234075,1782979569924,zappy-winter-thicketbird,2072454491626938742,1474454043888177155,true,
2072592686670835918,1782979578069,diligent-brook-thrasher,2072589505765273698,2032832046842667008,true,
2072592741796622687,1782979591212,celebrated-ocean-seagull,2072573028349702560,851423306,true,
2072592861476839802,1782979619747,cheery-nutmeg-towhee,2072532626599038979,1821291254304452609,true,true
2072592998525722795,1782979652421,great-mountain-brushturkey,2072543777495925095,1364627172032458758,true,
2072593062488928623,1782979667672,zappy-winter-thicketbird,,,,
2072593147285131604,1782979687889,diligent-brook-thrasher,2072533610167722237,1737451413515710464,true,
2072593230907023807,1782979707826,diligent-brook-thrasher,2072448930835755500,1872634831018102784,true,
2072593414739128355,1782979751655,celebrated-ocean-seagull,,,,false
2072593542841795012,1782979782196,compassionate-cove-songbird,2072496213182812515,,true,true
2072593718616445382,1782979824104,cheery-nutmeg-towhee,2072542137191743539,2036154611028074499,true,
2072594140320170201,1782979924646,great-mountain-brushturkey,,,,
2072594260046848351,1782979953191,cozy-wildflower-grassbird,2072577843478106456,,true,
2072594431442665661,1782979994055,zappy-winter-thicketbird,2072213441784541662,698980463227047937,true,
2072594465424835055,1782980002158,temperate-vine-lory,2072461522190606697,942018786,true,
2072594545611554985,1782980021275,neighborly-rhubarb-chickadee,2072457693357285719,1087757588622651397,true,
2072594703661355369,1782980058957,celebrated-ocean-seagull,,,,
2072594756517937482,1782980071559,beautiful-rosewood-petrel,2072316179256086775,1769631568946249728,true,
2072594821705806063,1782980087101,diligent-brook-thrasher,2072451704151585073,260016002,true,
2072594863187546184,1782980096992,tremendous-sunlight-chickadee,2072396593744032035,1518655911404912642,true,
2072595269993304469,1782980193981,carefree-star-murrelet,2072535475848454560,,true,
2072595298870858221,1782980200867,celebrated-ocean-seagull,2072586400101507367,3097356912,true,
2072595322451448299,1782980206488,excellent-mangrove-waxbill,2072183418042110035,1169001702944628739,false,
2072595785414316419,1782980316867,cheery-nutmeg-towhee,2072509224815600022,1454315735669518340,true,
2072595792192209088,1782980318484,effervescent-moon-penguin,2072319438813352301,1518284153661186048,true,
2072595899751043332,1782980344128,captivating-cloud-turkey,2072454491626938742,1474454043888177155,true,false
2072595905652384176,1782980345535,great-mountain-brushturkey,2072534442330169576,,true,
2072595912413593946,1782980347147,zappy-winter-thicketbird,2072510371982918051,1750564848096731136,true,
2072595940318343561,1782980353799,cheerful-peppermint-myna,2059688676523716720,873724542706962432,false,
2072595958567735604,1782980358150,neighborly-rhubarb-chickadee,2072307713363571087,1094344604130922498,true,
2072596143897301439,1782980402337,great-mountain-brushturkey,2072586449669509510,1123277290761281538,true,
2072596652334969180,1782980523557,zappy-winter-thicketbird,2072584170719834385,,true,
2072596705640341837,1782980536266,neighborly-rhubarb-chickadee,,,,
2072596804944773364,1782980559942,jovial-canyon-finfoot,2072252679834001804,1509554996484128769,true,
2072597039125291093,1782980615775,great-mountain-brushturkey,2072580603996729516,1886619520355459073,true,
2072597072315125931,1782980623689,fun-eucalyptus-motmot,2072327446154924060,1469701146294259712,true,
2072597267123765567,1782980670135,cozy-wildflower-grassbird,2072584994241777796,,true,
2072597336342057256,1782980686637,zappy-winter-thicketbird,,,,
2072597353945559111,1782980690834,diligent-brook-thrasher,2072587865801003303,,true,
2072597389404201046,1782980699288,bold-peat-junco,2072281739389747705,1075638465142931457,false,
2072597680119861301,1782980768601,brainy-papaya-shorebird,2072561421380968581,3230914433,true,
2072597709584760969,1782980775625,polite-cloud-cacholote,2072387724552622435,1111976778065723393,true,
2072597718006898988,1782980777634,celebrated-ocean-seagull,2072522334121160762,,true,
2072597853092946293,1782980809840,consistent-mist-catbird,2072398430782022042,2062571532744835072,true,
2072598096366678397,1782980867842,genuine-grove-kookaburra,2072401067107602531,4801605674,true,
2072598176406688151,1782980886925,cheery-nutmeg-towhee,2072535475848454560,,true,
2072598332266967043,1782980924085,early-peach-flamingo,2072519837440704928,1275720130434080771,false,
2072598660815241273,1782981002416,worthy-branch-eagle,2072192753899872363,1989018827066413056,true,
2072598815056572879,1782981176317,cosmic-root-grackle,2072261726779871372,1904527903205011456,true,
2072598912792244499,1782981062492,sunny-eucalyptus-sandgrouse,2072299855121187058,1572071550580301824,true,
2072599049618731384,1782981095115,great-mountain-brushturkey,,,,
2072599248235884774,1782981142469,cheery-nutmeg-towhee,2072558045495005567,1408417279801393158,true,
2072599453458972779,1782981191397,motivated-clay-emu,2072562697015595372,1516779551086555149,true,
2072599483423019054,1782981198542,zappy-winter-thicketbird,2072574540836692346,2293697022,true,
2072599545901355430,1782981213437,neighborly-rhubarb-chickadee,2072535016039436641,1356009556447522819,true,true
2072599614742561127,1782981229850,tremendous-raspberry-cotinga,2072557735682478292,1986115911762518018,true,true
2072599709366018287,1782981252410,entertaining-frost-firefinch,2072541674710905089,2383844606,true,
2072599882263675164,1782981293632,diligent-avocado-canary,2072307077108703586,2020892428220215296,true,
2072599891243602399,1782981295774,nimble-brook-lorikeet,2072583581944234316,18856867,true,
2072599971799372021,1782981314979,beautiful-rosewood-petrel,2072494842329153582,44502620,true,false
2072600066800447658,1782981337629,perceptive-willow-swan,2072405678216335407,4486093643,false,
2072600145162596770,1782981356312,dependable-hazelnut-spurfowl,2072312761502375937,754345572337790976,true,
2072600238607470927,1782981378591,enthralling-wind-magpie,2072368232673992852,1777880148454277120,true,true
2072600354693541955,1782981406268,funny-granite-hummingbird,2072535475848454560,,true,
2072600438889677068,1782981426342,diligent-brook-thrasher,,,,
2072600455151026319,1782981430219,chipper-rose-hummingbird,2072384147851559169,1551261351347109888,true,
2072600465670295577,1782981432727,beautiful-rosewood-petrel,2072549103717003676,1113274786979778560,true,false
2072600594552938671,1782981463455,celebrated-ocean-seagull,2072227986099798031,2295832400,true,true
2072600602798924153,1782981465422,beautiful-rosewood-petrel,2072456019947778177,1466530660357935104,true,false
2072600605298749592,1782981466017,cordial-trail-brownbul,2072532958381015100,2270843666,true,
2072600825524888020,1782981518524,civil-coconut-wader,2071967538359976191,1377491965927899137,true,
2072600827051528500,1782981518887,beautiful-rosewood-petrel,2072267561266499862,95631466,true,
2072600872899457370,1782981529818,cheery-nutmeg-towhee,2072590903894831397,761894313621987328,true,
2072600961898418185,1782981551037,great-mountain-brushturkey,2072510336557617512,1267959180075433985,true,
2072601113795215837,1782981587252,exuberant-pomegranate-grouse,2072543199655084273,848511075935039492,true,
2072601462148878569,1782981670307,endearing-sunlight-peacock,2072328578990326192,2018827585971433473,true,
2072601521133388216,1782981684369,thriving-pomegranate-pelican,2071942431428210720,7348612,true,true
2072601690868527538,1782981724838,great-mountain-brushturkey,2072332370531975264,,true,
2072601715791237411,1782981730779,thoughtful-peppermint-stilt,2072384196010742272,2051606344852025345,false,
2072601796015534291,1782981749906,beautiful-rosewood-petrel,2072448682902086139,862257707755098113,true,false
2072601945156571253,1782981785464,zappy-winter-thicketbird,2072560677928206547,1302559867790479360,true,
2072602346945753491,1782981881258,neighborly-rhubarb-chickadee,2072579165656682760,,true,
2072602538969284788,1782981927040,diligent-brook-thrasher,2072574599250715002,94543804,true,
2072602588789256334,1782981938918,zappy-winter-thicketbird,,,,
2072602598499328106,1782981941234,mindful-mist-eagle,2072094514463027524,1806222513380483072,true,
2072602615578521845,1782981945305,encouraging-redwood-hoopoe,2072534868517695601,1128981340848656384,true,
2072602702018740673,1782981965914,careful-hazelnut-nighthawk,2071485300346364050,770056772,true,
2072603363401924707,1782982123600,diplomatic-rainforest-spoonbill,2072600196509483449,781122152107868166,true,
2072603538136457271,1782982165261,tidy-canopy-auklet,2072301028402225577,1691865605975011338,true,
2072603750792138863,1782982215962,composed-walnut-puffbird,2071758592903204921,2041358582298398720,true,
2072603818441723929,1782982232090,wise-cherry-flatbill,2072286660889338287,18179467,false,
2072603840864469172,1782982237436,celebrated-ocean-seagull,2072584178542231655,,true,
2072603853225169083,1782982240383,neighborly-rhubarb-chickadee,2072470021754794445,,true,
2072603875287478546,1782982245644,genuine-sapling-softbill,2072205806355788107,1902712539659616256,true,
2072603936284913819,1782982260186,cheery-nutmeg-towhee,,,,
2072604145492656196,1782982310065,diligent-brook-thrasher,2072556396961271887,,true,
2072604153499484383,1782982311974,great-mountain-brushturkey,,,,
2072604157580566857,1782982312948,zappy-winter-thicketbird,2072508238235681031,606233074,true,
2072604390834466919,1782982368559,lucky-mint-hoopoe,2072381240292917520,1944413009566392320,true,
2072604661509501022,1782982433093,fearless-canyon-nightingale,2072407241303474481,834339647102779392,false,
2072604921334030776,1782982495041,curious-rose-softbill,2072506549415657693,1708813785358618624,false,
2072605339879714966,1782982594829,great-tide-heron,2072243819139969032,1435410304003833861,true,
2072605732311076966,1782982688392,jolly-slope-canary,2072317157447254030,4077409954,true,
2072605853744607432,1782982717344,endearing-sunflower-jay,2072550008788783499,21866939,true,
2072605869909450786,1782982721198,neighborly-rhubarb-chickadee,2072590199024935152,1325030405028913153,true,
2072605872359117206,1782982721782,mindful-mist-eagle,,,,
2072605884560064531,1782982724692,celebrated-ocean-seagull,2072523178887598584,168816611,true,
2072605983457591787,1782982748270,diligent-brook-thrasher,,,,
2072605995298107467,1782982751093,elegant-rain-grassbird,2072350380566925587,64565898,true,
2072606083785371771,1782982772190,goodhearted-creek-raven,2072251253409694071,1980918162637074432,true,
2072606139192062435,1782982785400,entertaining-frost-firefinch,2072331128564768943,133663801,true,true
2072606382902157704,1782982843506,celebrated-ocean-seagull,2072545076308553884,1989692696970366976,true,
2072606486920876273,1782982868305,cheery-nutmeg-towhee,2072592038567236011,761894313621987328,true,
2072606496056033514,1782982870483,cheery-nutmeg-towhee,2072589151996629479,,true,
2072606580168892546,1782982890537,polite-rose-chickadee,2072498054301880710,1750036576825163776,true,
2072606702747144660,1782982919762,limber-dune-nightjar,2072121148050231384,1689672109612818432,true,
2072606846926344232,1782982954137,great-mountain-brushturkey,2072446230441984496,1061743967392407557,true,
2072606931936485670,1782982974405,zappy-winter-thicketbird,2072590823191904689,,true,
2072607114128728233,1782983017843,wholesome-raspberry-stilt,2072590903894831397,761894313621987328,true,
2072607121129013385,1782983019512,wholesome-raspberry-stilt,2072263028364472486,89307992,true,
2072607181393084901,1782983033880,great-tide-heron,2071938129041461493,1383900030,true,
2072607274028224827,1782983055966,terrestrial-oak-grackle,2072495210517700883,19709816,false,
2072607356681351515,1782983075672,rollicking-shoreline-warbler,2071904921461588197,239390059,true,
2072607588412203445,1782983130921,cherished-wind-sandpiper,2072575495758069768,2576808226,true,
2072607661494067696,1782983148345,great-tide-heron,2071859096991719883,350175356,true,
2072607723552706664,1782983163142,great-tide-heron,2071794135095476228,1731261404,true,
2072608013228154927,1782983232205,neighborly-rhubarb-chickadee,2072566678068588777,1515437951001546758,true,
2072608024204628253,1782983234822,diligent-brook-thrasher,2072447568101937383,,true,true
2072608108442980415,1782983254906,curious-rose-softbill,2072409550351905205,243716422,false,
2072608138591695118,1782983262094,knowledgeable-rose-pipit,2072282220270641552,995751007970889730,true,
2072608162683695123,1782983267838,celebrated-ocean-seagull,,,,
2072608273623040080,1782983294288,dynamic-hazelnut-sandgrouse,2072322882219471020,1535856181658255360,true,
2072608394163237280,1782983323027,cheery-nutmeg-towhee,2072265681739841553,133663801,true,
2072608403235733844,1782983325190,great-tide-heron,2072256230740169179,574468200,true,
2072608440904823087,1782983334171,wonderful-grapefruit-cardinal,2072488055752319025,1850033496343109632,true,
2072608477910851703,1782983342995,great-mountain-brushturkey,2072547062034620753,1918777196761747456,true,
2072608480012222793,1782983343496,zappy-winter-thicketbird,2072547062034620753,1918777196761747456,true,
2072608713391636963,1782983399138,motivated-apricot-mockingbird,2072556812679704722,1921917003415138304,true,true
2072608758531018926,1782983409899,great-tide-heron,2072334415112319376,121105421,true,
2072608877095305270,1782983438167,neighborly-rhubarb-chickadee,2072599696061739271,309587728,true,
2072609213302366579,1782983518326,zappy-winter-thicketbird,,,,
2072609267925037315,1782983531348,great-tide-heron,2072226428087922823,2475453187,true,
2072609296462782532,1782983538152,diligent-brook-thrasher,2072478871031587007,1201620937940058117,true,
2072609299986038977,1782983538992,cheery-nutmeg-towhee,2072236911864041715,1252807459493703683,true,
2072609365488722180,1782983554609,great-tide-heron,2072172196135600206,801666990557380608,true,
2072609603649454083,1782983611391,great-mountain-brushturkey,,,,
2072609731215004142,1782983641805,zappy-winter-thicketbird,2072502015352082767,1548759486491402240,true,
2072609824949362736,1782983664153,great-mountain-brushturkey,2072550761595064738,1379894365728997390,true,
2072609849087521230,1782983669908,diligent-brook-thrasher,,,,
2072609867777397087,1782983674364,zappy-winter-thicketbird,,,,
2072609953529971149,1782983694810,celebrated-ocean-seagull,2072510194685472872,1537225604554031104,true,
2072610004088094969,1782983706864,smiley-sea-owl,2072315929871200758,1393228266,true,
2072610578405933532,1782984331576,cosmic-root-grackle,2072361433216503859,1813215317998641154,true,
2072610726049354058,1782983878992,centered-aspen-cotinga,2072386192419725428,1689693400881414144,true,
2072610923055882586,1782983925962,cheery-nutmeg-towhee,2072299768072794163,,true,
2072611085455118800,1782983964682,gumptious-sun-parrot,2072400561605882313,47737880,true,false
2072611130980061470,1782983975535,great-mountain-brushturkey,2072534880999641595,758155303238176772,true,
2072611176463094174,1782983986380,brainy-coconut-cuckoo,2072335786326807027,2041946282143432705,false,
2072611318360952991,1782984020210,notable-cave-kingbird,,,,false
2072611489626595617,1782984061044,witty-rock-songbird,2072341846072688747,1793280455266992131,true,
2072611532379238842,1782984071235,zappy-winter-thicketbird,2072553581555929580,1310767622351323137,true,
2072611593066598570,1782984085706,winning-tree-cotinga,2071907087492255987,731357828821061633,true,
2072611598925984181,1782984087102,cheery-nutmeg-towhee,2072369691381940341,1729007276776964096,true,
2072611695143383159,1782984110042,cheery-nutmeg-towhee,2072451704151585073,260016002,true,
2072612026082381857,1782984188944,witty-rock-songbird,2068969696141934730,25260412,true,
2072612030259802620,1782984189940,great-mountain-brushturkey,2072388645794054458,1139902523832061952,true,true
2072612116679262394,1782984327263,cosmic-root-grackle,2072442089397465229,15431856,false,
2072612182315982894,1782984226195,neighborly-rhubarb-chickadee,2072595142129979811,3302186298,true,
2072612187739148419,1782984227487,considerate-summer-jay,2072577610152874289,,true,
2072612195263750186,1782984229281,diligent-brook-thrasher,2072592065788092593,958695000010821632,true,
2072612348934619589,1782984265919,celebrated-ocean-seagull,2072595005118488909,1873498999493394433,true,
2072612484700049760,1782984298287,cheery-nutmeg-towhee,2072530956045668757,1231608315685163008,true,
2072612809771188399,1782984375791,great-mountain-brushturkey,2072600051528945926,968189350898003968,true,
2072612936028209317,1782984405893,neighborly-rhubarb-chickadee,2072610118479299036,,true,true
2072612938100212135,1782984406387,great-mountain-brushturkey,2072610118479299036,,true,true
2072612975450472693,1782984415291,celebrated-ocean-seagull,2072194144878080200,,true,
2072613029368254840,1782984428147,resilient-horseradish-grebe,2072336027033747639,903248065397653506,true,
2072613238077108273,1782984477907,informative-moon-wigeon,2072103863956508804,,true,
2072613255168610572,1782984481982,cheery-nutmeg-towhee,2072587475550449807,95588504,true,
2072613424601665696,1782984522377,diligent-brook-thrasher,2072533449462997269,2034329049066283008,true,
2072613468771909926,1782984532908,contemplative-mangrove-leaflove,2072434594339496428,1671035306580099074,true,
2072613500958945399,1782984540581,hearty-coconut-puffin,2072302638431908055,731299223271014400,true,
2072613598313025668,1782984563794,celebrated-ocean-seagull,2072591135281697015,2965849744,true,
2072613701950271891,1782984691602,cosmic-root-grackle,2068690019712147516,1780974623997206528,true,
2072613761689453012,1782984602745,great-mountain-brushturkey,2072435037702611150,170056157,true,
2072614191358247255,1782984705188,neighborly-rhubarb-chickadee,2072381265152516283,2054307749840744448,true,
2072614237696921899,1782984716235,tectonic-lowland-albatross,2072456275019927883,487297085,true,
2072614345071042610,1782984741835,diligent-brook-thrasher,2072402868447952916,1750770515537485824,true,
2072614353937879267,1782984743949,diligent-brook-thrasher,2072594145860894985,1876294606628995072,true,
2072614531746951192,1782984786341,dauntless-berry-magpie,2071631618326802521,18161336,true,
2072614542186631315,1782984788832,genial-willow-chicken,2072281278972363251,216881337,false,
2072614559601537478,1782984792982,cozy-frost-petrel,2072592971741151570,1486305529287032838,true,
2072614566694179225,1782984794674,wholesome-raspberry-stilt,2072388645794054458,1139902523832061952,true,true
2072614574604607706,1782984796559,wholesome-raspberry-stilt,2072510194685472872,1537225604554031104,true,
2072614633349775542,1782984810566,diligent-brook-thrasher,2072434960456425765,315834089,true,
2072614711904948641,1782984829294,nice-kelp-sparrow,2072501678121644176,3361250002,true,
2072614843560177782,1782984860684,tolerant-island-owl,2072462025264136285,2021904373241331712,true,
2072614908793909464,1782984876236,suave-conifer-grackle,2072529368870523161,1249148165112160257,true,
2072614990843183210,1782984895798,philosophical-petal-puffbird,2072564463933575339,95588504,true,true
2072615055233859908,1782984911150,diligent-brook-thrasher,2072230675051057385,,true,
2072615540993212816,1782985174715,cosmic-root-grackle,2072453498260627847,750683331260321792,false,
2072615544084140476,1782985027701,celebrated-ocean-seagull,2072594793301958924,,true,
2072615637193564325,1782985049899,cheery-nutmeg-towhee,2072595114988298484,71370894,true,
2072615661633745328,1782985055729,great-mountain-brushturkey,,,,
2072615737257025678,1782985073758,diligent-brook-thrasher,2072560709905617006,1679405432094457856,true,
2072615767447597162,1782985080956,diligent-brook-thrasher,2072293691352600677,1506307532955996160,true,
2072615778969333863,1782985083703,bubbly-summer-goose,2072403902268424428,217749896,true,true
2072615795453038833,1782985087633,zappy-winter-thicketbird,2072427055157776731,30070288,true,
2072615821789069399,1782985093913,inquisitive-wood-condor,2071979574842339659,17214331,true,
2072615867389538373,1782985104783,neighborly-rhubarb-chickadee,2072340949112414700,260016002,true,
2072616224748351980,1782986250098,cosmic-root-grackle,2071695817338200231,2013500295071047680,true,
2072616227604926612,1782985324818,cosmic-root-grackle,2033708929398845886,819432501982752768,false,
2072616546090746223,1782985266598,ambitious-mango-nighthawk,2072393937373815169,260016002,true,
2072616668971348297,1782985295896,celebrated-ocean-seagull,2072558505165467681,,true,
2072616702244741264,1782985303828,cheery-nutmeg-towhee,,,,
2072616953802309657,1782985363804,dedicated-fig-tern,2072455436951781620,175382935,true,
2072617048023151046,1782985386268,genius-cantaloupe-crimsonwing,2072550747900932120,2028685399208660992,true,
2072617102477803974,1782985399251,great-mountain-brushturkey,2072409813380964424,977620803171762176,true,
2072617115644031085,1782985402390,striking-star-skimmer,2072223331844047307,1629526313508696064,true,
2072617478115688945,1782986240503,cosmic-root-grackle,2072464109283541449,858559003,false,
2072617530137673888,1782985501214,striking-snow-seabird,2072305880893104128,353890966,true,
2072617706113683585,1782985543170,devoted-hill-songbird,2072398012031103368,1677596711177408512,true,
2072617727504638103,1782985548269,zappy-winter-thicketbird,2072530722955362393,76766018,true,
2072617896019148982,1782985588446,neighborly-rhubarb-chickadee,2072590348937826345,1458696267165544457,true,
2072618052621865454,1782985625783,celebrated-ocean-seagull,2072440276145094858,1293538644297474049,true,
2072618059332809051,1782985627383,cheery-nutmeg-towhee,2072403902268424428,217749896,true,
2072618113170817403,1782985640220,zappy-winter-thicketbird,2072605982052516132,1649102638171013140,true,
2072618141939572994,1782985647080,neat-sun-rooster,2072262687799771401,1932690063944818690,true,
2072618303327981949,1782985685556,philosophical-mangrove-swift,2072317047103435157,,true,
2072618727590261102,1782985786710,diligent-brook-thrasher,,,,
2072618729775484931,1782985787230,cheery-nutmeg-towhee,,,,
2072618854191161753,1782985816892,diligent-brook-thrasher,2072301669338034681,,true,
2072618866400760187,1782985819804,diligent-brook-thrasher,,,,
2072618952375607689,1782985840302,neat-island-ibis,2072295918796517699,3328588528,false,
2072618986831761677,1782985848516,cherished-cave-crane,2072607497681096785,1434450096557596680,true,
2072619149432647782,1782985887283,authentic-cherry-seabird,2072409813380964424,977620803171762176,true,
2072619150430568536,1782985887521,diligent-brook-thrasher,2072533052299866219,1318340490304126980,true,
2072619185255960681,1782985895826,diligent-brook-thrasher,2072596118970532171,1523601670080536581,true,
2072619321675874364,1782985928350,authentic-cherry-seabird,2071967426086945041,1552795969959636992,true,
2072619541998256290,1782985980878,diligent-brook-thrasher,2072338822902247883,143039548,true,
2072619954403197002,1782986079203,great-mountain-brushturkey,2072586088208552418,497128903,true,
2072619973965480263,1782986083867,great-mountain-brushturkey,2072431121065750933,309587728,true,
2072620280975913236,1782986157064,cool-wood-condor,2072576642006859982,535707261,true,
2072620339440267308,1782986171004,zappy-winter-thicketbird,2072320897071927587,1720816086260563968,true,
2072620410945065128,1782986188051,authentic-cherry-seabird,2072433523210735930,985172054,true,
2072620531182911808,1782986216719,jolly-raisin-heron,2072410163458285682,819994707061248001,true,
2072620685524963538,1782986253517,neighborly-rhubarb-chickadee,2072301749046546503,,true,
2072620997346476186,1782986327860,famous-olive-toucan,2072601114344837510,1676970857137332231,true,
2072621013339111598,1782986331673,intentional-passionfruit-jay,2072385337549340924,1142636318305869827,true,
2072621118830039453,1782986356824,diligent-brook-thrasher,,,,
2072621195418059080,1782986375084,curious-rose-softbill,2072352380960563283,527508447,true,
2072621261910667504,1782986465531,cosmic-root-grackle,2067714311275885003,28785486,false,
2072621365921018026,1782986415735,striking-star-skimmer,2072002276261036144,1686577188467015680,true,true
2072621628421230681,1782986478320,electric-sunflower-goldfinch,2072399308356194703,789067312552960000,true,
2072621968461803845,1782986559393,celebrated-ocean-seagull,2072506871580086324,903045224267735040,true,
2072622245718163711,1782986625495,steady-meadow-ostrich,2072585860583743761,216299334,true,false
2072622519782191430,1782986690837,genuine-grove-kingbird,2072603656667414988,1554828950097969154,true,
2072622937606127695,1782986790454,attentive-pecan-peafowl,2071977731126894719,1500129642,false,
2072622957910782015,1782986795296,cheery-nutmeg-towhee,2072557008063226168,,true,
2072623347431612628,1782986888165,great-mountain-brushturkey,2072601948541395151,1691228911382712320,true,
2072623677951078454,1782986966966,zappy-winter-thicketbird,,,,
2072623969224601623,1782987036412,cheery-nutmeg-towhee,2072589279725846529,2293697022,true,
2072624196048273492,1782987090490,great-mountain-brushturkey,2072287218408866221,1839724751314456576,true,
2072624415393579510,1782987142786,neighborly-rhubarb-chickadee,,,,
2072624418296066094,1782987143479,diligent-brook-thrasher,2072606224579698770,1722330307892744192,true,
2072624643198927320,1782987197099,animated-pear-guillemot,2072427252038390207,2069472943575289857,true,
2072624775889867257,1782987228736,celebrated-ocean-seagull,2072416199246237812,1570680858717159424,true,
2072624915404960108,1782987261998,cheery-nutmeg-towhee,2072598931507142946,1065265726536073216,true,
2072624918638874760,1782987262769,neighborly-rhubarb-chickadee,2072502518295257326,1961007350309064704,true,
2072624968966312438,1782987274768,diligent-brook-thrasher,2072569548373406023,1361748995652149249,true,
2072625055045923100,1782987295291,celebrated-ocean-seagull,2072526204167737722,808807140,true,
2072625122821750925,1782987437105,cosmic-root-grackle,2072428564977439155,17004618,false,
2072625280682758208,1782987349088,neighborly-rhubarb-chickadee,2072447568101937383,,true,true
2072625347242197026,1782987364956,frank-peanut-fantail,2072486210426003737,1274191176267071490,false,
2072625668949438846,1782987441658,mighty-dune-lorikeet,2072461522190606697,942018786,false,
2072625742060437751,1782987459089,great-mountain-brushturkey,2072583983431639425,,true,
2072625831470383292,1782987480405,industrious-raspberry-needletail,2072358404031430789,1704815537899933696,false,
2072625890131947965,1782987494391,zappy-winter-thicketbird,2072616896256495753,224335355,true,
2072626023351427231,1782987526153,great-mountain-brushturkey,2072427010970829208,2026471033361018880,true,true
2072626273935905023,1782987585897,diligent-brook-thrasher,2072469908743455195,2039408675505291264,true,
2072626301031342541,1782987717607,cosmic-root-grackle,2072340464817045626,,true,
2072626317829259389,1782987596363,spectacular-peachtree-friarbird,2072600197641756878,236994806,true,
2072626423395909956,1782987621531,lionhearted-papaya-cotinga,2072531106046541982,1968716279235112960,false,
2072626581936242795,1782987659330,industrious-raspberry-needletail,2072281892326355179,1387969387823575044,false,
2072626975320031454,1782987753120,diligent-brook-thrasher,2072594022338580714,907975864360501248,true,
2072627056882413794,1782987772567,neighborly-rhubarb-chickadee,,,,
2072627193713434627,1782987805190,transparent-poplar-starling,2072571673560404009,147994804,true,
2072627353780429241,1782987843352,celebrated-ocean-seagull,2072431988905013690,1133510366422392833,true,
2072627651932475699,1782987914437,calm-grape-kingbird,2072583606199857341,919526072,true,
2072627665018761399,1782988464606,cosmic-root-grackle,2072419032171471035,1259862054,true,
2072627814264627608,1782987953140,excellent-samba-nighthawk,2072364737363628328,137413599,true,false
2072627873408487519,1782988085116,cosmic-root-grackle,2072446823759757684,1259862054,true,
2072628054107562007,1782988010323,ingenious-marmalade-parrotlet,2072376315978625522,,true,
2072628131744145529,1782988589147,cosmic-root-grackle,2072487732329279675,1259862054,false,
2072628154515206651,1782988034262,transparent-poplar-starling,2072589814273335305,797673785268715521,true,
2072628303186325660,1782988069708,zappy-winter-thicketbird,2072310656217280585,1646516211268878339,true,
2072628498800267417,1782988116346,cheery-nutmeg-towhee,2072619266826776864,3247652319,true,
2072628512687816830,1782988119657,intellectual-seedling-catbird,2072330216157102211,2475453187,true,
2072628618950304210,1782988144992,splendid-pine-nighthawk,2072607497681096785,1434450096557596680,false,
2072628868674932862,1782988204531,celebrated-ocean-seagull,,,,
2072629168949661797,1782988276122,witty-boulder-lark,2072555378840305764,1072373414029971456,true,
2072629658344915377,1782988392803,sensational-canyon-stilt,2072522369101402337,16343974,true,
2072629750409920708,1782988414753,communicative-coast-penguin,2072624509492805839,4897361049,true,
2072629857167495425,1782988440207,incomparable-cactus-shearwater,2072400693953003955,1767718487617576960,true,
2072629857964400732,1782988440396,swift-frost-skylark,2072616040899514873,1183133300,true,
2072629970208272727,1782988467157,contemporary-cactus-lovebird,2071581081048867278,177101260,true,
2072630078920433727,1782988618291,cosmic-root-grackle,2067927378660118790,754393222563102720,false,
2072630120708506063,1782988503040,mindful-mist-eagle,2072600230336627038,965468965,true,
2072630178484797601,1782988516814,ambitious-sky-flatbill,2072338310651859078,1849601616644546560,true,
2072630285619937454,1782988542358,funny-desert-nighthawk,2072504350820446468,1390321458140778499,true,
2072630427068580164,1782988576082,incomparable-island-hummingbird,2072538423139967086,48670908,true,
2072630481812603014,1782988589132,clean-river-songlark,2072314813498212550,819994707061248001,true,
2072630668031361344,1782988633532,agreeable-hazelnut-magpie,2042345654945509716,,true,
2072630864274452929,1782988680320,neighborly-rhubarb-chickadee,2072627843822145661,1571932891042422784,true,
2072631113965826489,1782988739850,intriguing-spring-raven,2072369254528438644,46745375,true,false
2072631177337241916,1782988754960,versatile-chestnut-goose,2072594830325133534,844179867163856896,true,
2072631304810565943,1782988785352,diligent-brook-thrasher,2072617139845087555,,true,
2072631391980843056,1782988806134,celebrated-ocean-seagull,2072614842582663437,76766018,true,
2072631426877370728,1782988814454,zappy-winter-thicketbird,2072419032171471035,1259862054,true,
2072631713205768360,1782988882720,matchless-pond-finch,2072611821358370819,1881746972320669696,true,
2072631738715549762,1782988888802,empowered-mist-skylark,2072236184185815274,,true,
2072632006085632359,1782988952547,cheery-nutmeg-towhee,,,,
2072632010481209359,1782988953596,great-mountain-brushturkey,2072454486988149161,1729440769784643585,true,
2072632105666752530,1782988976290,cheery-nutmeg-towhee,2072316499834863665,2016450235355049984,true,
2072632270104784985,1782989015495,dynamic-hazelnut-sandgrouse,2072258158035169697,1874651863,true,
2072632289603809483,1782989020144,resplendent-roots-kestrel,2072592221149229367,8077212,true,
2072632444528767348,1782989057081,mellow-plum-dove,2072369254528438644,46745375,false,
2072632598015226276,1782989189801,cosmic-root-grackle,2072477390408691776,,true,
2072632616038355191,1782989097973,splendid-lagoon-crake,2072287214399357356,2038972777022255104,true,
2072632688737952248,1782989115305,phenomenal-rainforest-bushbird,2072577334385733728,60696848,true,
2072632902232560083,1782989166207,colorful-peppermint-emu,2072008441401339958,1074480192,true,
2072632977654186303,1782989184189,great-mountain-brushturkey,2072362257292369945,1985940105434185730,true,
2072633005298872574,1782989190780,celebrated-ocean-seagull,2072335205898109131,1722014154322575360,true,
2072633081689784508,1782989208993,great-mountain-brushturkey,2072495794872254555,1704718821389729792,true,
2072633603029114941,1782989333288,consistent-cedar-finch,2072461634933579904,971415379103842304,true,
2072633784189763722,1782989376481,heroic-strawberry-hillstar,2072560677928206547,1302559867790479360,true,
2072633919434887602,1782989408727,cheery-nutmeg-towhee,2072365125999145108,2047035336455282688,true,
2072634052524327382,1782989440457,talented-shoreline-flowerpecker,2072367353317282091,1693809409682468864,false,
2072634110938353958,1782989454384,diligent-brook-thrasher,2072520105838444724,1863447060596613120,true,
2072634187941625877,1782989472744,appreciative-rainforest-swan,2071995212088410508,1059871261092929537,true,
2072634367076163881,1782989515453,whimsical-hill-petrel,2070683923940884894,1540803508890259456,true,
2072634522538016890,1782989552518,celebrated-ocean-seagull,2072453965866848369,55134760,true,
2072634609376854483,1782989573222,neighborly-rhubarb-chickadee,2072542456542109794,1229204903769362434,true,true
2072634631682220533,1782989578539,diligent-brook-thrasher,2072193251105468899,,true,
2072634684752683350,1782989591194,outstanding-park-kingbird,2072589086812999761,402905179,true,
2072634701408551110,1782989595163,upstanding-acorns-macaw,2072327014313254945,1128981340848656384,true,
2072634775320277029,1782989612786,witty-peachtree-tailorbird,2071956753219231757,,true,
2072634888121901401,1782989639679,zappy-winter-thicketbird,,,,
2072634916659966323,1782989646482,inventive-pond-oriole,2072628989819064736,1596491174554083329,true,
2072635007030452248,1782989668029,neighborly-rhubarb-chickadee,2072434437397098827,1261187841327054850,true,
2072635041356951947,1782989676213,luminous-canopy-jay,2072551889817030673,1040209897340600320,true,
2072635063678718408,1782989681535,zappy-winter-thicketbird,2072583237604434090,1540017697802567680,true,
2072635119844626574,1782989816911,cosmic-root-grackle,2072463369450209497,763094579491008512,false,
2072635433666728232,1782989769747,neighborly-rhubarb-chickadee,,,,
2072635588763685354,1782989806725,motivational-sky-pelican,2072456275019927883,487297085,false,
2072635783828115847,1782989853232,committed-isle-penguin,2072614842582663437,76766018,false,
2072635961662693668,1782989895632,sincere-cliff-motmot,2071993953201914176,,true,
2072636322339004425,1782989981623,wholesome-raspberry-stilt,2072609421310693512,1352997671997304832,true,
2072636327766426078,1782989982918,wholesome-raspberry-stilt,2072487732329279675,1259862054,true,
2072636331453260044,1782989983796,wholesome-raspberry-stilt,2072564537014816873,1547305298360254467,true,
2072636335278477571,1782989984709,wholesome-raspberry-stilt,2072594145860894985,1876294606628995072,true,
2072636341456605309,1782989986181,wholesome-raspberry-stilt,2072419032171471035,1259862054,true,
2072636345781031160,1782989987212,wholesome-raspberry-stilt,2072454486988149161,1729440769784643585,true,
2072636351682388193,1782989988619,wholesome-raspberry-stilt,2072458844391747770,1825288485655228416,true,
2072636561481404809,1782990038640,joyous-garden-tinamou,2072510336557617512,1267959180075433985,false,false
2072636587255505328,1782990044785,noteworthy-strawberry-finch,2072594830325133534,844179867163856896,false,
2072636789559288152,1782990093017,diligent-brook-thrasher,2072291776866693212,,true,
2072636827454910822,1782990102052,great-mountain-brushturkey,2072539720005935379,,true,true
2072636896359149597,1782990118481,meticulous-winter-quail,2072564602886668712,,true,
2072637189486207402,1782990188367,admirable-rock-motmot,2072263940210319386,1462464751263531011,true,
2072637204996726922,1782990192065,neighborly-rhubarb-chickadee,2072627561398718869,1508426880860704771,true,
2072637205344919634,1782990192148,calm-pond-eagle,2072572005522501786,51678300,true,
2072637265222754677,1782990206424,celebrated-ocean-seagull,2072492165381443895,2007648653335543809,true,true
2072637400119906511,1782990238586,zappy-winter-thicketbird,2072612054440026125,1551242821142810625,true,
2072637526418808857,1782990268698,eccentric-passionfruit-brushturkey,2072583618854084954,1259475811,true,
2072637902685716543,1782990358407,great-roots-treerunner,2072373236260847751,,true,
2072638110349853094,1782990407919,neighborly-rhubarb-chickadee,2072395984525517076,,true,
2072638184677134507,1782990425640,contemporary-seedlings-songlark,2072353504807567797,3242390038,true,
2072638205195624557,1782990430531,heroic-snow-troupial,2072331475291132173,1845450730334978051,false,
2072638308451328186,1782990455149,humorous-ocean-oriole,2072615623511908548,1963048434866262016,true,
2072638354013700363,1782990611555,cosmic-root-grackle,2072595512465948936,1328525867501428736,false,
2072638414625690031,1782990480464,contemporary-seedlings-songlark,2072567316949147995,848784339483721728,true,
2072638587531624908,1782990521687,quirky-forest-thrush,2072529368870523161,1249148165112160257,false,
2072638600856879468,1782990524864,contemporary-cactus-lovebird,,,,
2072638627499377006,1782990531216,harmonious-nectarine-puffin,2072450892549484717,1662506187424956416,true,
2072639081930969315,1782990639562,zappy-winter-thicketbird,,,,
2072639388731761106,1782990712709,observant-boulder-skimmer,2072266639567896860,,true,
2072639434227356108,1782990723555,orderly-summer-lory,2072425991733936146,2042960916216475648,true,
2072639589030793266,1782990760463,neighborly-rhubarb-chickadee,,,,
2072639729968054777,1782990794065,sanguine-winter-hummingbird,2072300676567179379,,true,
2072639732056474068,1782990794563,genial-sky-spoonbill,2072634536844800141,1394637195533856770,false,
2072639814554329273,1782990814233,great-mountain-brushturkey,,,,
2072639871181570281,1782990827733,zappy-winter-thicketbird,2072624367922516220,1876294606628995072,true,
2072640039427707016,1782990867846,eager-papaya-greenbul,2072561527903711493,,true,true
2072640124970516481,1782990888241,diligent-brook-thrasher,2072498054301880710,1750036576825163776,true,
2072640152833515730,1782990894884,inspiring-bamboo-motmot,2072631171242938468,1586787421894709249,true,
2072640205719216411,1782990907494,great-mountain-brushturkey,,,,
2072640256550068318,1782990919612,futuristic-ridge-seagull,2072486210426003737,1274191176267071490,false,
2072640306835554613,1782990931601,calm-lagoon-skimmer,2072321270415335425,1540808719822381056,true,
2072640367648801195,1782990946100,fast-maple-dove,2072441113969889699,1380555947542773760,true,
2072640415623487743,1782990957538,motivated-sandalwood-grebe,2072595512465948936,1328525867501428736,true,
2072640438956425219,1782990963102,blazing-sapling-spoonbill,2072325287245922749,931481882377650176,true,
2072640528739393586,1782990984507,diligent-brook-thrasher,2072629100154400796,2063572491440685056,true,
2072640659530596768,1782991015691,heartwarming-seedlings-friarbird,2036831676161048786,1316995857242378240,true,
2072640919749214594,1782991077731,cheery-nutmeg-towhee,2072571135326060662,1957591188091097088,true,
2072641115749003277,1782991124461,glamorous-garden-starling,2072112543137505511,29501253,false,
2072641118739616173,1782991125174,zappy-winter-thicketbird,2072595512465948936,1328525867501428736,true,true
2072641162565779801,1782991135623,great-mountain-brushturkey,2072518566688207164,1811100438449770496,true,
2072641382653563130,1782991188096,neighborly-rhubarb-chickadee,2072515443986952519,1135155766325698561,true,
2072641401804718513,1782991192662,contemporary-cactus-lovebird,2072634536844800141,1394637195533856770,true,
2072641441017233763,1782991202011,zappy-winter-thicketbird,2072621798219255901,1509690906005409795,true,
2072641589478928587,1782991237407,efficient-wood-thrasher,2072105815545172459,1686323288,true,true
2072641633317703760,1782991247860,peaceful-blueberry-kingfisher,2071971496105578778,1964252410567704576,true,
2072641699755495745,1782991263699,neighborly-rhubarb-chickadee,2072523691523809748,101584084,true,
2072641850473640216,1782991299633,prudent-iceberg-pelican,2072226368872448230,2323710210,true,
2072641978068578525,1782991330054,celebrated-ocean-seagull,2072530281312219469,1752936018083516416,true,
2072642142657196034,1782991369295,cheery-nutmeg-towhee,,,,
2072642212421132540,1782991385929,awesome-pistachio-mousebird,2071933644545867806,1372518670941962242,true,
2072642218251243774,1782991387319,celebrated-ocean-seagull,2072393161746641082,1578456800,true,
2072642220667056417,1782991387894,great-mountain-brushturkey,2072393161746641082,1578456800,true,
2072642226015096928,1782991563659,cosmic-root-grackle,2072621934127309300,326981510,false,
2072642284999651567,1782991403233,sincere-peanut-conebill,2072529661427654980,,true,
2072642304330924290,1782991407842,diligent-brook-thrasher,2072523283568734417,3054763455,true,
2072642585080815784,1782991474778,cheery-nutmeg-towhee,,,,
2072642673291247714,1782991921901,cosmic-root-grackle,2072481630724190251,340398500,true,
2072642680375411057,1782991497498,keen-sapling-chickadee,2072455436951781620,175382935,false,false
2072642722725298468,1782991507594,alert-grapefruit-firefinch,2072194058811056490,1778110452335095808,true,true
2072642748356649280,1782991513705,celebrated-ocean-seagull,2072585001686987138,1333110223163301889,true,
2072642813473571269,1782991529231,refreshing-ridge-cuckoo,2072420440065421388,1707503401289080832,true,
2072642850462880144,1782991538049,cheery-nutmeg-towhee,,,,
2072642971065897399,1782991566803,celebrated-ocean-seagull,,,,
2072643235957084438,1782991629959,great-mountain-brushturkey,2072337706433106390,2023052292585648128,true,
2072643479251853588,1782991687965,transparent-cashew-heron,2072477538677297209,40039438,true,
2072643519097745796,1782991697465,zappy-winter-thicketbird,2072579418372108615,1442043029691383812,true,
2072643605752078809,1782991718124,alert-passionfruit-nighthawk,2072318121918996906,211844648,true,
2072643726980034803,1782991747027,cheery-nutmeg-towhee,2072321469770793113,1966508725797359617,true,true
2072643805883375716,1782991765839,neighborly-rhubarb-chickadee,,,,
2072643845796352310,1782991775354,diligent-brook-thrasher,,,,
2072643854906306811,1782991777527,cheery-nutmeg-towhee,,,,
2072643863227826467,1782991779511,celebrated-ocean-seagull,2072526413979423179,1848984891951562752,true,
2072643937731551394,1782991907969,cosmic-root-grackle,2072346642292875543,,true,
2072644379429290241,1782991902584,calm-pond-eagle,2072341839194026473,1366505333523443715,true,
2072644487541641606,1782991928359,zappy-winter-thicketbird,2072523861959311472,1923681424819052544,true,
2072644530315174291,1782991938558,contemporary-cactus-lovebird,2072614821472690332,4478393661,true,
2072644540121407902,1782991940895,cheery-nutmeg-towhee,,,,
2072644741531865209,1782991988916,diligent-brook-thrasher,,,,
2072644831172534404,1782992010287,neighborly-rhubarb-chickadee,,,,
2072644855193346260,1782992016014,celebrated-ocean-seagull,2072550002921267261,1031420690505785349,true,
2072644940015034503,1782992149862,cosmic-root-grackle,2072487049723064668,1986250815720591360,false,
2072645068888977479,1782992066964,placid-autumn-junco,,,,
2072645090422706650,1782992072097,inspired-persimmon-flatbill,2072368091175260592,1067155236068839424,true,
2072645116918190277,1782992078415,straightforward-moonlight-pipit,2072249551055134873,33843763,false,
2072645653138690344,1782992206259,great-mountain-brushturkey,,,,
2072645969401745418,1782992281663,fun-ice-penguin,2072472232366838073,,true,
2072646012997382651,1782992292056,celebrated-ocean-seagull,,,,
2072646053464014878,1782992301704,poetic-coral-seagull,2072376325046718566,1874046817102684160,true,false
2072646178353635580,1782992331480,animated-pear-guillemot,2072564367652970656,302502184,true,
2072646235459092693,1782992345095,cheery-nutmeg-towhee,2072521140959101270,1530151599879753728,true,
2072646314425299383,1782992363922,candid-highland-pitohui,2072497806225428639,,true,
2072646456138473885,1782992493330,cosmic-root-grackle,2071998487021973689,44988185,true,
2072646706286526902,1782992457349,great-mountain-brushturkey,2072576296920519073,1219596533466832901,true,
2072646752810017188,1782992571973,cosmic-root-grackle,2072408128474226970,1188385757322502144,false,
2072646774309765213,1782992473568,,2072419233804546377,2027843808139087875,true,
2072646775698071949,1782992473898,,2072328650813243542,1608967446,true,
2072646777031856393,1782992474217,,2072530722955362393,76766018,true,
2072646778394935739,1782992474541,,2072268994304770452,1972284248888586240,true,
2072646779699364348,1782992474852,,2072473061010428354,1547232242073849856,true,
2072646781091950689,1782992475184,,2072428802991587447,989432708,true,
2072646782324969675,1782992475477,,2072458734106804434,1655270648078385152,true,
2072646784594100496,1782992476019,,2072433523210735930,985172054,true,
2072646786041221136,1782992476365,,2071967426086945041,1552795969959636992,true,
2072646788134109260,1782992476862,,2072357310048182377,1254142319646867456,true,
2072646927552790839,1782992510103,zappy-winter-thicketbird,2072583922626474477,1376884831213268996,true,
2072646975443345516,1782992521522,great-mountain-brushturkey,2072561421380968581,3230914433,true,
2072647233112051849,1782992582954,zappy-winter-thicketbird,2072619266826776864,3247652319,true,
2072647247041601855,1782993202715,cosmic-root-grackle,2072196555969286405,1539899668481679361,false,
2072647335893434558,1782992607459,neighborly-rhubarb-chickadee,,,,
2072647385776591080,1782992619353,precious-island-lapwing,2072373236260847751,,true,
2072647414587002985,1782992626221,likable-guava-nightjar,2072594830325133534,844179867163856896,false,
2072647475802882242,1782992640817,diligent-brook-thrasher,2072556812679704722,1921917003415138304,true,
2072647763549147147,1782992709420,engaging-valley-parakeet,2072295754010406969,1539974218393145344,true,true
2072647957975851098,1782992755775,celebrated-ocean-seagull,,,,
2072648010832420977,1782992768377,practical-melon-grebe,2072513541974733027,27774100,false,
2072648100447952908,1782992789744,cheery-nutmeg-towhee,2072644691930030423,1514543129004761090,true,
2072648141661196611,1782992799570,sturdy-lime-swan,2072591521828770286,805185025,true,
2072648185521041899,1782992810026,ingenious-prairie-hoopoe,2071948995077755389,2013015999214186496,true,
2072648206505132096,1782992815030,awesome-lagoon-brushturkey,2072535650390147104,2021055847808270336,true,
2072648366329053305,1782992853135,intelligent-root-songlark,2072626290335658049,1618046809519304704,true,
2072648503688352085,1782992885883,inspiring-kelp-snowfinch,2072602429959340517,89214789,true,false
2072648510676033810,1782992887549,zappy-winter-thicketbird,2072582838063452488,2785947331,true,
2072648512643231928,1782992888019,neighborly-rhubarb-chickadee,2072598274796646524,1165611198357889024,true,
2072648852465651884,1782992969038,sublime-harvest-parakeet,2072602429959340517,89214789,false,
2072648871658844383,1782992973614,great-mountain-brushturkey,2072561867323580913,828347609974702083,true,
2072648898997268871,1782992980132,majestic-cloud-lovebird,2071959288981987681,1377277816291622915,false,
2072648920467939824,1782992985251,hypersonic-apple-duck,2072571723980124447,1030711922,true,
2072648979024642167,1782993086987,cosmic-root-grackle,2072379940880912423,1611736471739801600,true,
2072649039934615833,1782993013735,observant-hillside-crow,2072336185348034968,1811546410724257793,true,
2072649172604379517,1782993045366,intelligent-peachtree-condor,2071700631635583178,17384585,true,
2072649176408555646,1782993046272,fun-sea-pelican,2072417380798497090,2000859925807833089,false,
2072649202052538671,1782993052386,jubilant-flower-bushlark,2069235005407002945,1650729739877773312,true,
2072649229147730287,1782993058847,neighborly-rhubarb-chickadee,2072340897270759648,357382340,true,
2072649305702158375,1782993077098,diligent-brook-thrasher,2072576321855893757,,true,
2072649384085565561,1782993095786,communicative-hazelnut-swan,2071963499568476308,,true,
2072649545037537485,1782993134160,chirpy-dune-whistler,2072609421310693512,1352997671997304832,false,
2072649557024854079,1782993137018,intentional-mountain-grouse,2072602429959340517,89214789,false,
2072649632887517620,1782993155105,cosmic-acorn-firetail,2072554149556937006,1834004198612238336,true,
2072649726722252931,1782993177478,neighborly-rhubarb-chickadee,2072634930765410365,109610963,true,
2072649728978784739,1782993178015,great-mountain-brushturkey,2072367485446185069,1757828572746563584,true,
2072649908683760038,1782993220860,cozy-moss-snowfinch,2072546594889822350,1306082096348164096,true,
2072649935569191420,1782993227270,celebrated-ocean-seagull,2072581287043571961,744222561047740416,true,
2072649969463349564,1782993235351,cheery-nutmeg-towhee,2072475241532830038,2036606973786071040,true,
2072650041915740499,1782993252625,playful-ocean-swift,,,,
2072650153496826000,1782993279228,adventurous-leaf-nightjar,2072433264716104108,354363617,true,
2072650188552823287,1782993287587,dexterous-prairie-pelican,2072443831434236137,15647676,true,
2072650339111608723,1782993323482,imaginative-acorn-spoonbill,2072627896015860049,19440740,true,
2072650604216791430,1782993386688,zappy-winter-thicketbird,,,,
2072650686446133394,1782993406294,fortuitous-oak-lorikeet,2072253263823380550,882099974,false,
2072650806986236411,1782993435032,celebrated-ocean-seagull,2072591945646362961,1642210572975452160,true,
2072650836862247168,1782993442155,logical-fern-fantail,2072365961252856130,1247504401402642432,false,
2072650852293112301,1782993445835,winged-cantaloupe-puffin,2072558834963333567,95721440,true,
2072650975802978584,1782993475281,enlightened-brook-kingbird,2072503125554946187,1804235868015636480,true,true
2072651028063834571,1782993487741,diligent-brook-thrasher,2072292470503653774,1079732953176047616,true,
2072651139850416261,1782993514393,composed-grove-meadowlark,2072349309513896128,1397757626,true,
2072651266480591055,1782993544584,comforting-eucalyptus-thrush,2072391158110568649,4647137259,true,
2072651433162518873,1782994166158,cosmic-root-grackle,2054219180962881561,1797202892668964865,false,
2072651497267933430,1782993816650,cosmic-root-grackle,2072311889455980665,1179455215,true,
2072651643250758035,1782993634413,informative-marble-starling,2072319201910366395,2049823523258892289,true,
2072651652809605134,1782993636692,artistic-slope-kingfisher,2072141086609584280,1712267009483022336,true,
2072651721164099617,1782993652990,courteous-river-leaflove,2072295918796517699,3328588528,false,
2072651889728987364,1782993693178,melodious-lowland-waterfowl,2072441734617801076,1901447873679802368,true,
2072651902366675305,1782994409316,cosmic-root-grackle,2072419032171471035,1259862054,true,
2072651984021143577,1782993715659,celebrated-ocean-seagull,,,,
2072652357502984440,1782993804704,supreme-nutmeg-bunting,2072462635568660947,1573112872565149699,true,
2072652430399939038,1782993822085,quotable-holly-stilt,2072327952646226057,,true,
2072652498209272265,1782993838251,cool-raspberry-seabird,2072641440526512230,2064741022911938561,true,
2072652551539888443,1782993850967,cheery-nutmeg-towhee,2072514877130678351,1454692327340056584,true,
2072652633501028647,1782993870507,authentic-jackfruit-swift,2072298119694582134,,true,
2072652686130901103,1782993883055,trusty-persimmon-finch,2072113002514419884,15754281,false,false
2072652789658882331,1782993907739,charismatic-ridge-owl,2072589511024869505,46396491,true,
2072653061470756970,1782993972543,cheery-nutmeg-towhee,2072600264758993369,461888257,true,
2072653080001175583,1782993976961,celebrated-ocean-seagull,2072537035911451111,1371650588,true,
2072653088406540371,1782993978966,diligent-brook-thrasher,,,,
2072653135688937594,1782993990239,great-mountain-brushturkey,2072539022719676583,1912061916299542528,true,
2072653256116035772,1782994018950,natural-lychee-fantail,2072454551635103762,1493373113933131777,true,
2072653849496564084,1782994160424,great-mountain-brushturkey,2072514452319080545,1938994097412259840,true,
2072653860850868430,1782994163130,vibrant-banana-albatross,2072534137244877185,1688114811421536256,true,
2072654070003691777,1782994212996,fascinating-ocean-siskin,2072558834963333567,95721440,true,false
2072654110910828946,1782994222749,celebrated-ocean-seagull,2072636815756923038,1937221801609953281,true,
2072654311738237192,1782994270630,melodious-lowland-waterfowl,2072567866163900879,1722014154322575360,true,
2072654346026881534,1782994278805,winged-slope-kingfisher,2072652309100675424,87027640,true,
2072654360035635681,1782994282145,playful-ocean-swift,,,,
2072654384362652117,1782994287945,zappy-winter-thicketbird,2072444948821999875,1263511428486619141,true,
2072654490231030205,1782994313186,neighborly-rhubarb-chickadee,,,,
2072654495926944133,1782994314544,diligent-brook-thrasher,2072615027627171866,2613782138,true,
2072654498326044943,1782994315116,celebrated-ocean-seagull,,,,
2072654517179400203,1782994319612,diligent-raspberry-goshawk,2072088923703238806,1322582829054619648,true,
2072654518727196894,1782994319980,neighborly-rhubarb-chickadee,2072444948821999875,1263511428486619141,true,
2072654614659219712,1782994342852,lucent-sun-bushlark,2072567939618770974,,true,
2072654641196659148,1782994349179,funny-lemon-sparrow,2072602429959340517,89214789,false,
2072654650335998461,1782994351358,cheery-nutmeg-towhee,2072359981412974986,2027843808139087875,true,
2072654713225441745,1782994366353,diligent-brook-thrasher,2072648817238052983,750759915774291969,true,
2072654715741966639,1782994366953,zappy-winter-thicketbird,2072648817238052983,750759915774291969,true,
2072654854053417235,1782994399928,cheery-nutmeg-towhee,2072598780096938418,1523728979445829632,true,
2072654946139275587,1782994421884,tolerant-peanut-goshawk,2072498610537738472,2455740283,false,false
2072655094898631036,1782994457351,neighborly-rhubarb-chickadee,,,,
2072655194249380194,1782994481038,benevolent-acorns-grebe,2072522542271942910,353781773,true,
2072655217338810863,1782994486542,humorous-cliff-towhee,2072354442867769679,1562038858988064768,false,
2072655231708750092,1782994489968,heartwarming-eucalyptus-condor,,,,
2072655350952542517,1782994518399,contemporary-marmalade-canary,2072311214571389383,1731776051230003200,true,
2072655421249126857,1782994535158,melodious-lowland-waterfowl,2072432569686053172,1989453291298906112,true,
2072655547984199980,1782994565375,great-mountain-brushturkey,2072632095462326285,1297651178256257024,true,
2072655588501201216,1782994575035,goodhearted-rainfall-waterfowl,2072406587797274681,,false,
2072655603953004632,1782994578718,radiant-kelp-quail,2071942730738008551,2012120473841373185,true,
2072655738015486331,1782994610681,diligent-brook-thrasher,2072378190656319782,1441455379515330560,true,
2072655772115198044,1782994618812,celebrated-ocean-seagull,2072642695810469888,1325030405028913153,true,
2072655885814690113,1782994645919,revered-root-needletail,2072422371051344298,1387497871751196672,true,
2072655955620168036,1782994662562,great-mountain-brushturkey,2072639998222815331,1036509237042667520,true,
2072655977220915544,1782994667712,zappy-winter-thicketbird,2072501517999861980,1426816618198278151,true,
2072656172466024768,1782994714262,natural-lychee-fantail,2072504829537370121,771195014718251009,true,
2072656182334943233,1782994716615,zappy-winter-thicketbird,2072638175277617495,1336091302593769473,true,true
2072656257706565700,1782994734586,neighborly-rhubarb-chickadee,,,,
2072656317995520269,1782994748959,zappy-winter-thicketbird,2072590879697616898,,true,
2072656459997859941,1782994782816,sensational-ridge-nightjar,2072433404277030942,260016002,true,
2072656513311674621,1782994795526,fashionable-tanoak-cardinal,2072375187555946810,2039098183976910848,true,
2072656570765234460,1782994809224,diligent-brook-thrasher,2072624848140910697,885081261894664192,true,
2072656624397803792,1782995023827,cosmic-root-grackle,2072595512465948936,1328525867501428736,false,
2072656750847627545,1782994852159,cheery-nutmeg-towhee,2072604405883375831,,true,true
2072656968662053193,1782994904091,neighborly-rhubarb-chickadee,,,,
2072657026107211805,1782994917786,great-mountain-brushturkey,2072653287766311268,1909166792825573377,true,
2072657049125556368,1782994923274,phenomenal-tomato-spoonbill,2072300727578583291,1980940060867629056,true,
2072657051788939679,1782994923909,great-mountain-brushturkey,2072563124876787934,1648497870818136065,true,
2072657098379538616,1782994935018,perceptive-riverbank-canary,2072100381690101975,322866759,true,
2072657285575295272,1782994979649,diligent-brook-thrasher,2072473543468544507,,true,
2072657377124315272,1782995001476,cheery-nutmeg-towhee,,,,
2072657424410931289,1782995012749,neighborly-rhubarb-chickadee,2072495347516002689,41317178,true,
2072657535400607745,1782995039211,playful-ocean-swift,2072599364875485549,1637402838530760706,true,
2072657563871514801,1782995045999,compassionate-sandalwood-flamingo,2072487087861854409,1261335549215989760,true,
2072657608373137582,1782995056610,superb-lime-raven,2072599393191035034,1314884166815752192,true,
2072657741324210405,1782995088307,discerning-citrus-jay,2072459934826963410,235762545,false,
2072657763038040497,1782995093485,celebrated-ocean-seagull,,,,
2072657789822833105,1782995212579,cosmic-root-grackle,2072279222224040109,95431448,false,
2072658117653864850,1782995178032,playful-tide-bunting,2072519837440704928,1275720130434080771,true,
2072658169503916203,1782995190394,cheery-nutmeg-towhee,2072625860260266372,,true,
2072658266107105647,1782995213425,exceptional-willow-wigeon,2072362297977077902,2043274299755147264,true,
2072658361653383464,1782995236205,joyful-rock-bluejay,2072341328277508104,2044475780042731520,false,
2072658407979458603,1782995247250,zappy-winter-thicketbird,2072528199221952812,1792162464311955457,true,
2072658533661753471,1782995277216,merry-berry-chickadee,2072544459380691276,,true,
2072658644412330386,1782995303620,masterful-wood-condor,2072247743074951627,2008652536337891329,true,
2072658857755652536,1782995354485,neighborly-rhubarb-chickadee,2072627268036481425,1243165119254683650,true,
2072658910272524422,1782995367007,celebrated-ocean-seagull,2072462635568660947,1573112872565149699,true,
2072658927393894755,1782995371089,nimble-moonlight-woodpecker,2072364381065851202,810055220,false,
2072659012923912313,1782995391480,nice-acorns-songbird,2069511328465641506,14180091,true,
2072659040925024323,1782995398156,zappy-winter-thicketbird,2072400288451874884,1099836232102801410,true,
2072659100841005527,1782995412442,glamorous-raspberry-conure,2071889232520781834,2042156299333644288,true,
2072659203961856091,1782995437028,hardworking-dogwood-guillemot,2072488026798948731,31224675,true,
2072659237780554061,1782995445091,ecstatic-lychee-partridge,2072358440123412766,2003786542498893824,true,
2072659264921882681,1782995451561,compassionate-eucalyptus-woodpecker,2072495207334203747,454943608,false,false
2072659314427199997,1782995463365,great-mountain-brushturkey,2072652256072102281,1644926175586791424,true,
2072659483751293330,1782995503734,fashionable-flower-waterfowl,2071994061624426582,44196397,false,
2072659540567638420,1782996116205,cosmic-root-grackle,2071711958991040814,750683331260321792,false,
2072659897905283317,1782995602476,diligent-brook-thrasher,,,,
2072659924874559735,1782995608907,cheery-nutmeg-towhee,2072570607284191581,,true,true
2072659948748538363,1782995614599,valorous-sea-cacholote,2072071530025009179,1546972236170543110,false,false
2072660012380705213,1782995629769,limber-juniper-friarbird,2072648017854021783,2052570208003633152,true,
2072660130282270730,1782995657879,mighty-orchard-swan,,,,
2072660219109457933,1782995679057,limber-juniper-friarbird,2072648165875167654,2053829270112518144,true,
2072660353364750524,1782995711067,great-mountain-brushturkey,2072549074738286731,39692424,true,
2072660563885273172,1782995761259,celebrated-ocean-seagull,2072654253408067983,,true,
2072660621032595579,1782995774883,neighborly-rhubarb-chickadee,2072592969765400631,2016950500080390145,true,
2072660636505424138,1782995778573,meticulous-lychee-hoopoe,2072503358733082702,522392908,true,
2072660787277988185,1782995814519,consistent-summer-waterfowl,2072425144551690529,1598045525693108248,true,
2072660928202448978,1782995848119,zappy-winter-thicketbird,2072548223395533081,1153082774166761472,true,
2072661075644875229,1782995883272,diligent-brook-thrasher,2072642944075493675,,true,
2072661088563310932,1782995886352,celebrated-ocean-seagull,2072624077538509207,780508364488880128,true,true
2072661126035161508,1782995895285,incomparable-holly-swift,2072624848140910697,885081261894664192,true,
2072661140295811075,1782995898686,determined-leaf-finch,2072313022035398795,288277167,true,
2072661226702696917,1782995919288,cheery-nutmeg-towhee,2072515536047751372,1964366967084912640,true,
2072661263616786511,1782995928088,great-mountain-brushturkey,2072365961252856130,1247504401402642432,true,
2072661272168972573,1782995930127,diligent-brook-thrasher,2072414005042282999,355976043,true,
2072661275167863111,1782995930841,cheery-nutmeg-towhee,,,,
2072661398232981805,1782995960183,thriving-root-puffleg,2072609761221017816,,true,false
2072661452347810240,1782995973084,wise-rhubarb-hawk,2072512321851912496,1230555304670244864,false,
2072661510351130714,1782995986913,noble-evergreen-sunbird,2072269017499488731,3360174258,true,
2072661573198303485,1782996160697,cosmic-root-grackle,2061790922912964713,1370641767830233091,true,
2072661638759510356,1782996017528,motivational-grapefruit-owl,2072351745653838274,416565390,true,
2072661643687858602,1782996018703,zappy-winter-thicketbird,,,,
2072661666865537387,1782996024229,sublime-nutmeg-antwren,2072521409348128899,85068769,true,true
2072661848441376777,1782996067521,fashionable-apple-kingbird,2072341485882691828,1529415887584886784,true,
2072661938560020789,1782996089006,composed-citrus-rooster,2072423265956507834,373731789,true,
2072661988295979276,1782996100864,resplendent-rock-seedeater,2072467621069623694,1005633883201654784,true,
2072662009842110757,1782996106001,consistent-summer-waterfowl,2070209200966263270,1598045525693108248,true,
2072662253375988072,1782996164064,strong-granite-toucan,2072490071245103123,2059546059244818436,true,
2072662348486074815,1782996186740,snazzy-root-crane,2071994047980290269,3407247983,true,
2072662350562300156,1782996187235,playful-ocean-swift,,,,
2072662372267773973,1782996192410,neighborly-rhubarb-chickadee,2072631553818349639,141376289,true,
2072662593576059385,1782996245174,mesmerizing-almond-flycatcher,2072640573127954944,3328588528,true,
2072662644918497621,1782996257415,diligent-brook-thrasher,2072289130726490359,95588504,true,
2072662675939618885,1782996264812,celebrated-ocean-seagull,2072369478524965229,1587472491068674048,true,
2072662778406486332,1782996289242,classy-elm-hornbill,,,,false
2072662802137829827,1782996294900,zappy-winter-thicketbird,2072497806225428639,,true,true
2072662818566938740,1782996298816,uplifting-ridge-lorikeet,2072376325046718566,1874046817102684160,false,
2072663060762779880,1782996356561,keen-marble-bluebird,2072455482397065702,18927441,true,
2072663145789682054,1782996376833,precious-rose-crossbill,2072653354178941155,1247223374717296647,true,
2072663206326084079,1782996391266,neighborly-rhubarb-chickadee,,,,
2072663306901614786,1782996549065,cosmic-root-grackle,2072487049723064668,1986250815720591360,true,
2072663314727932106,1782996417110,terrestrial-lemon-flatbill,2072470787005841867,1431787822910881795,true,
2072663354875707705,1782996426682,powerful-tomato-flatbill,2072338585580155173,1525773383002202112,true,
2072663455052534073,1782996450566,ardent-roots-hawk,2072496183952417058,,true,
2072663506281721856,1782996462781,attentive-cherry-skylark,2072576978444509337,560136700,true,
2072663578113417361,1782996479906,diligent-brook-thrasher,,,,
2072663618483638439,1782996489531,outgoing-bonsai-kookaburra,2072369021639421952,1214934575367020544,true,true
2072663653782810849,1782996497947,knowledgeable-avocado-kookaburra,2072400840808165865,912966566,true,
2072663719893418075,1782996513710,celebrated-ocean-seagull,,,,
2072663781176476017,1782996528320,diligent-brook-thrasher,2072427329444360323,1425939065870893065,true,
2072663843222716778,1782996543113,agile-mangrove-magpie,2072519379175301281,1319287761048723458,true,
2072664181216620580,1782996623697,cheery-nutmeg-towhee,2072485726839877809,148604477,true,
2072664216884924592,1782996632201,great-mountain-brushturkey,,,,
2072664223214108969,1782996633710,zappy-winter-thicketbird,,,,
2072664235641860414,1782996636673,cheery-nutmeg-towhee,,,,
2072664266084364798,1782996643931,cozy-mint-chicken,2055705502311710842,1495445701123538947,true,
2072664407050768480,1782996677540,independent-garden-owl,2072455498272481470,42518865,true,
2072664546993689069,1782996710905,distinguished-glacier-jay,2059688676523716720,873724542706962432,false,
2072664683463467470,1782996743443,easygoing-pear-turkey,2072621320580247633,1243268303566417920,true,
2072664843203613108,1782996781527,amusing-petal-flamingo,2072600197641756878,236994806,true,
2072664885364969560,1782996791579,logical-sunflower-kite,2072531060286697942,,true,
2072665034883272727,1782996827228,cheery-nutmeg-towhee,2072399601819177051,3978393137,true,
2072665042756030958,1782996829104,easygoing-pear-turkey,2072655481097826647,1574821976199380993,true,
2072665048149823983,1782996830390,celebrated-ocean-seagull,2072483858520350887,257250305,true,
2072665090902417656,1782996840584,playful-ocean-swift,2072500085955670240,1903131291375243264,true,false
2072665240286670862,1782996876199,kinetic-ridge-cockatoo,2072633160311980295,1856057795679838208,true,
2072665256707477537,1782996880114,polite-aspen-swift,2072431988905013690,1133510366422392833,true,
2072665314513367178,1782996893896,great-mountain-brushturkey,2072275758744277073,425845268,true,
2072665316937588837,1782996894475,great-mountain-brushturkey,2072535650390147104,2021055847808270336,true,
2072665319663960379,1782996895124,diligent-brook-thrasher,2072534686216151063,1345879784358891521,true,
2072665322209825128,1782996895732,celebrated-ocean-seagull,2072194058811056490,1778110452335095808,true,
2072665372042395898,1782996907613,neighborly-rhubarb-chickadee,2072388343300776206,1375395026134388739,true,
2072665620840059051,1782996966930,cheery-nutmeg-towhee,2072388343300776206,1375395026134388739,true,true
2072665652456722559,1782996974468,intelligent-peachtree-condor,2072116664414716400,281877818,true,
2072665727992201584,1782996992477,thankful-pomegranate-swamphen,2072322862266871966,16331010,true,
2072665787010052315,1782997006548,motivating-freshwater-songlark,2072468712188162198,1666413820217028609,true,
2072665970385334688,1782997050268,lively-pond-flameback,2072251560294293793,1311713776262053897,true,
2072666063767027842,1782997072532,uplifting-ridge-lorikeet,2072542148126191738,1326229737551912960,true,
2072666137314181309,1782997090068,great-mountain-brushturkey,2072599870700245407,1991861304064376833,true,
2072666165986332739,1782997096903,zappy-winter-thicketbird,2072327446154924060,1469701146294259712,true,
2072666223309975586,1782997110570,neighborly-rhubarb-chickadee,2072655118294524020,1859985284714102784,true,
2072666298463441197,1782997128489,great-mountain-brushturkey,2072587879834894707,,true,
2072666305577246931,1782997130184,authentic-jackfruit-swift,2072310865131635053,,true,
2072666338946924847,1782997138141,zappy-winter-thicketbird,,,,
2072666598335230145,1782997199984,neighborly-rhubarb-chickadee,2072586501729210420,1730017283890708480,true,
2072666649480610234,1782997212178,supreme-pond-grouse,2072639100696277130,,true,
2072666861842600138,1782997262808,transcendent-river-goose,2072555454836969835,,true,
2072667062174888158,1782997310571,diligent-brook-thrasher,2072422874560778714,,true,
2072667125530177998,1782997439043,cosmic-root-grackle,2071956295763050654,68964628,false,
2072667367260213447,1782997383309,celebrated-ocean-seagull,2072329236011004127,3809196736,true,
2072667415087927417,1782997394713,exuberant-highland-leaflove,2072478973075030150,,true,
2072667498487390680,1782997414597,kinetic-ridge-cockatoo,2072660223223808484,1736048885619974144,true,
2072667808035393912,1782997488399,congenial-apple-emu,2072408407106044049,204368725,true,
2072667978093494594,1782997528943,talented-park-kingfisher,2072438253311922610,918504113075257344,true,
2072667993272693086,1782997532562,diligent-brook-thrasher,2072644929730302003,1138552015,true,
2072668129256521918,1782997564983,wholesome-raspberry-stilt,2072344014976684257,1543306409571409921,true,
2072668131579851241,1782997565537,peppy-glacier-kingfisher,2072500085955670240,1903131291375243264,false,
2072668182318395697,1782997577634,neighborly-rhubarb-chickadee,2072454701941936422,856009806,true,
2072668408072585670,1782997631458,curious-wildflower-parakeet,2072455046659256606,1562038858988064768,true,
2072668486526996749,1782997650163,mindful-glacier-petrel,2072330841179443533,2032877151561596928,true,
2072668677376192638,1782997695665,cheery-nutmeg-towhee,2072533453611139332,1538525334781370368,true,
2072668689262866637,1782997698499,consistent-mist-catbird,2072650976478232788,154140901,true,
2072668822004236307,1782997730147,celebrated-ocean-seagull,2072395785921011934,,true,true
2072668872155508866,1782997742104,inspiring-kelp-snowfinch,2072650547564339515,8802752,true,false
2072668994776264987,1782997771339,wholesome-blossom-finfoot,2072498610537738472,2455740283,false,
2072669118868947120,1782997912713,cosmic-root-grackle,2072112543137505511,29501253,true,
2072669123423965481,1782997941032,cosmic-root-grackle,2072410919754150037,248633949,false,
2072669135968846251,1782997805002,independent-autumn-swamphen,2072583354948423839,15528561,true,
2072669219301241162,1782997824870,playful-cherry-lovebird,2072292634173870176,18304136,true,
2072669326444773390,1782997850416,great-mountain-brushturkey,2072283609126359529,,true,
2072669431902224590,1782997875558,inspiring-kelp-snowfinch,2072515101148561527,2937814300,true,
2072669453972578741,1782997880820,poetic-aspen-canary,2072500505893343402,1138842105856573445,true,
2072669728519147626,1782997946277,poetic-aspen-canary,2027497017946046919,1485068728412913666,true,
2072669922375635052,1782997992496,zappy-winter-thicketbird,2072659863444898022,2007836390617157632,true,
2072669950221951080,1782997999136,magnetic-cliff-brushturkey,2072369563900002502,1400946991627214848,true,
2072669993964355615,1782998009564,dauntless-garden-gull,2072153720524329283,1993307950346387461,true,
2072670284276981771,1782998078780,poetic-aspen-canary,2032048970672025742,1138842105856573445,true,
2072670301100359749,1782998082791,auspicious-holly-chicken,2071679626728940012,384720924,false,
2072670434609263098,1782998114623,great-mountain-brushturkey,2072508070618333397,156387488,true,
2072670440556826851,1782998116041,neighborly-rhubarb-chickadee,2072593115081322883,1333823429041074181,true,
2072670534983106820,1782998138554,great-mountain-brushturkey,,,,
2072670558920011865,1782998144261,poetic-aspen-canary,2072501558978519326,4470449728,true,
2072670563265396859,1782998145296,diligent-brook-thrasher,,,,
2072670612057657728,1782998156929,supreme-evergreen-cardinal,2072639100696277130,,false,
2072670632999780484,1782998161923,captivating-root-eagle,2072609070716981708,,true,
2072670926747877408,1782998231957,zappy-winter-thicketbird,2072504305362546943,938287181432487937,true,
2072670929629442178,1782998232644,cheery-nutmeg-towhee,2072504305362546943,938287181432487937,true,
2072670958091915572,1782998239430,adventurous-horseradish-sandgrouse,2072433717629632782,,true,
2072671084160114778,1782998269487,neighborly-rhubarb-chickadee,2072650595459125619,812145753338548224,true,
2072671088387981344,1782998270495,neighborly-rhubarb-chickadee,2072636815756923038,1937221801609953281,true,
2072671098790113672,1782998272976,dedicated-coast-grassbird,2071921377851179268,1998017847533170688,true,
2072671167958090148,1782998289466,diligent-brook-thrasher,2072338166372028619,,true,
2072671170290184347,1782998290022,knowledgeable-cliff-warbler,2072480386337444291,1227799690579718144,true,
2072671212417744932,1782998300066,inspiring-kelp-snowfinch,2072033937082220850,35019751,true,
2072671326846718422,1782998327349,alert-fir-sparrowhawk,2072324729415840126,2824425018,true,
2072671514676105599,1782998372131,great-mountain-brushturkey,2072625372064084120,2184489764,true,
2072671556711358581,1782998382152,helpful-grapefruit-crossbill,2072650547564339515,8802752,false,
2072671764484608386,1782998431690,majestic-mist-kookaburra,2072400505934852460,1640913701808078851,true,
2072671975215116626,1782998481931,overjoyed-beach-wheatear,2072550008788783499,21866939,false,
2072671986011005266,1782998484505,diligent-brook-thrasher,,,,false
2072672001823810040,1782998488275,warm-wildflower-bushbird,2071160176938459540,1777670133097676800,true,
2072672037278306627,1782998496729,industrious-canyon-murrelet,2071975015403212955,437179266,false,
2072672148213080475,1782998523177,poetic-aspen-canary,2040738973195092039,1138842105856573445,true,
2072672554544763207,1782998620055,motivated-citrus-greenbul,2072467621069623694,1005633883201654784,true,
2072672559598915782,1782998621259,diligent-earth-nighthawk,2071940096102744183,1222182373867032576,true,
2072672674111770903,1782998648561,zappy-winter-thicketbird,2072614543696556132,2293697022,true,
2072672729795289397,1782998661837,diligent-brook-thrasher,2072666633496396151,1217472690786668544,true,
2072672741770064168,1782998664692,striking-berry-treerunner,2072654460220829775,1176988911337385984,false,
2072672785290158121,1782998675068,cheery-nutmeg-towhee,,,,
2072672857188880431,1782998692210,poised-birch-flatbill,2072404262533886318,260016002,true,
2072672954714816785,1782998715462,hypersonic-rainfall-pigeon,2072630506684837972,1471882560,true,
2072673022838718813,1782998731704,proactive-mint-tailorbird,2072654460220829775,1176988911337385984,false,
2072673282575200390,1782998793631,great-mountain-brushturkey,,,,
2072673320336539677,1782998802633,wholesome-raspberry-stilt,2072624077538509207,780508364488880128,true,true
2072673326405660761,1782998804080,wholesome-raspberry-stilt,2072639125526855809,1844069230494277632,true,
2072673416776212708,1782998825626,lively-mesa-puffleg,2072437903041429652,1546972236170543110,false,
2072673429636198832,1782998828693,enjoyable-apricot-warbler,2067824599560253742,762919054688387072,true,
2072673491652841535,1782998843479,eloquent-strawberry-goshawk,2072647485877535090,,true,
2072673541175246981,1782998855285,spectacular-grape-turkey,2071981863036432685,1500129642,true,
2072673543653884172,1782998855876,doughty-riverbank-peacock,2072613869533446305,3407513523,true,
2072673621969932568,1782998874548,ambitious-field-jacana,2072461325310042371,1157689921349521410,false,
2072673624650321991,1782998875187,enjoyable-apricot-warbler,2063863248882184202,762919054688387072,true,
2072673651116167585,1782998881497,neighborly-rhubarb-chickadee,2072639125526855809,1844069230494277632,true,
2072673705604325435,1782998894488,diligent-brook-thrasher,2072525562699292943,1627912958029471746,true,
2072673792053203030,1782998915099,celebrated-ocean-seagull,2072433717629632782,,true,
2072673996621885920,1782998963872,cheery-nutmeg-towhee,2072624698773618806,45789172,true,
2072673999348277606,1782998964522,great-mountain-brushturkey,2072395401404235826,1760322358198304768,true,
2072674063835627952,1782998979897,zappy-winter-thicketbird,2072652255283626255,1605310254085980161,true,
2072674073209938044,1782998982132,neighborly-rhubarb-chickadee,2072542856020136159,1660628065385324544,true,
2072674163798475049,1782999155819,cosmic-root-grackle,2072370979792097471,27220262,true,
2072674262356513244,1782999027229,mighty-brook-duck,2072547053381857495,,true,
2072674439859483091,1782999069548,curious-blossom-cockatoo,2072657651620892754,1282509001926692864,true,
2072674458544771135,1782999074003,celebrated-ocean-seagull,,,,
2072674464471437594,1782999075416,cheery-nutmeg-towhee,2072667603655422027,1685251013857476608,true,
2072674490593558936,1782999081644,confident-clay-chickadee,2072422371051344298,1387497871751196672,false,
2072674606381514780,1782999109250,inspiring-kelp-snowfinch,2072316958343606684,18973489,true,
2072674628875530666,1782999235446,cosmic-root-grackle,2072661457183949264,1859985284714102784,false,
2072674633535435179,1782999115724,inspiring-clay-gull,2072474452533649461,201712702,false,
2072674715672469792,1782999135308,committed-freshwater-ostrich,2070860197112041610,2410118990,true,
2072674836803891494,1782999164187,celebrated-basswood-kingfisher,2072601491102110040,571637861,true,
2072674846207586311,1782999166429,calm-cloud-thrasher,2072420018814415105,105896045,false,
2072674876758937657,1782999173714,rational-boulder-penguin,2072579961018261551,612473,true,true
2072674923525328936,1782999184864,zappy-winter-thicketbird,2072652212862406741,1298730881708961797,true,
2072674937475567886,1782999188189,diligent-brook-thrasher,2072587927616454953,,true,
2072675061819937142,1782999217835,neighborly-rhubarb-chickadee,2072561406529220792,855481986290524160,true,
2072675103695942055,1782999227820,celebrated-ocean-seagull,2072671189932151136,156563457,true,
2072675105423990824,1782999228232,consistent-mist-catbird,2072650976339886242,255515879,true,
2072675166228824447,1782999242728,cheery-nutmeg-towhee,2072422135738552360,1934340791453073408,true,
2072675168892121376,1782999243363,zappy-winter-thicketbird,2072629570671378594,1627609480111312897,true,true
2072675222495408473,1782999256144,celebrated-ocean-seagull,2072602057257648165,1827799306008485888,true,
2072675224168907156,1782999256542,confident-valley-mallard,2072662827064762502,2311987360,true,
2072675224907055209,1782999256718,neighborly-rhubarb-chickadee,2072384461296013551,1113028896,true,
2072675273082810821,1782999268205,celebrated-ocean-seagull,,,,
2072675282679382097,1782999270492,cheery-nutmeg-towhee,2072405755626443160,1393791482767814660,true,
2072675612540461435,1782999349137,great-mountain-brushturkey,,,,
2072675637807186399,1782999487035,cosmic-root-grackle,2072243446018924551,138108708,false,
2072675760545177680,1782999384424,humorous-ocean-oriole,2072497536204681532,2035794940492730368,true,
2072675761203400828,1782999384581,astonishing-seashore-cacholote,2072550815428960597,2511497527,true,
2072675823123943724,1782999399345,masterful-frost-hillstar,2072395357770723371,1277594966705963009,true,
2072675836369477911,1782999402503,celebrated-ocean-seagull,2072637962588930264,,true,
2072675868275597749,1782999410109,zappy-winter-thicketbird,2072627450186482117,1917428362827476992,true,
2072675962534158716,1782999432582,diligent-brook-thrasher,2072573899678552275,498359592,true,
2072675988639559821,1782999438806,neighborly-rhubarb-chickadee,2072593624693711086,1810176064402173952,true,
2072675995241291984,1782999440380,exceptional-conifer-rooster,2072384748148719644,1248716189079126018,true,
2072676172169715722,1782999482563,celebrated-ocean-seagull,2072598283067728313,2918608078,true,
2072676194277892510,1782999487834,cheery-nutmeg-towhee,2072530706245530026,1920601980638052352,true,
2072676196744094123,1782999488423,neighborly-rhubarb-chickadee,2072530706245530026,1920601980638052352,true,
2072676254315167819,1782999502149,cheery-nutmeg-towhee,2072638175277617495,1336091302593769473,true,
2072676264226304208,1782999504511,zappy-winter-thicketbird,,,,
2072676498964713714,1782999560477,celebrated-ocean-seagull,2072584757280674139,1643507182607147008,true,
2072676567340249211,1782999576779,zappy-winter-thicketbird,2072619403988922817,,true,
2072676596150907281,1782999583648,great-mountain-brushturkey,2072623643863962058,,true,true
2072676601930596457,1782999585027,zappy-winter-thicketbird,,,,
2072676658864136391,1782999598600,diligent-brook-thrasher,2072502873083048056,1112077071071805442,true,
2072676661896622140,1782999599323,intelligent-peachtree-condor,2072192753899872363,1989018827066413056,true,
2072676690900259083,1782999606239,daring-glacier-citril,2072390849472704621,305332545,true,
2072676774387789990,1782999626143,attentive-wood-wigeon,2072561867323580913,828347609974702083,true,
2072676866176036875,1782999648027,neighborly-rhubarb-chickadee,2072666600679821794,1169064471270187008,true,
2072677052986126462,1782999692566,zestful-spruce-anhinga,2072302775619211560,1957793290612252672,true,
2072677196284739599,1782999726732,persistent-ocean-tern,2072577145344282661,1143064297733386240,true,
2072677286428447011,1782999748223,mighty-valley-ostrich,2072661457183949264,1859985284714102784,true,
2072677298449326494,1782999751089,celebrated-ocean-seagull,2072591781762379909,1065265726536073216,true,
2072677583863316558,1782999819137,cheery-nutmeg-towhee,2072646851317166239,1990335107430068224,true,
2072677618374021217,1782999827365,great-mountain-brushturkey,,,,
2072677779590554018,1782999865802,prudent-iceberg-pelican,2072621021429997816,1346060456805470209,true,false
2072677794509705692,1782999869359,notable-cypress-wheatear,2072508056265797901,955234108715790336,true,
2072677807138975812,1782999872370,knowledgeable-pear-hoopoe,2072328578990326192,2018827585971433473,true,
2072677851690655772,1782999882992,neighborly-rhubarb-chickadee,2072661457183949264,1859985284714102784,true,true
2072677857873006765,1782999884466,involved-rock-lark,2072650976478232788,154140901,false,
2072678093475434894,1782999940639,polite-wind-finfoot,2072336310224753059,,true,
2072678256411578596,1782999979486,zappy-winter-thicketbird,2072365961252856130,1247504401402642432,true,
2072678304210145377,1782999990881,felicitous-seashore-osprey,2072294868739645619,1395246245128536066,true,
2072678420987654181,1783000018723,astute-orchard-emu,2072563492796694750,1582252995911229442,true,false
2072678585194738085,1783000057873,diligent-brook-thrasher,2072667111353405673,,true,
2072678748445426167,1783000096796,wise-beach-towhee,2072413646144041234,1188453177684910082,true,
2072678777696485695,1783000103769,masterful-frost-hillstar,2072399196775157859,1196029205626130432,true,
2072678947150520390,1783000144170,celebrated-ocean-seagull,,,,
2072679172686610650,1783000197942,funny-sea-frigatebird,2072458207876845623,1610230835289923584,true,
2072679199643484402,1783000327688,cosmic-root-grackle,2072349419937145234,14573926,false,
2072679200658452747,1783000714051,cosmic-root-grackle,2072372117933326441,,true,
2072679203573817454,1783000343073,cosmic-root-grackle,2067101182074474622,1552795969959636992,true,
2072679443961901243,1783000262619,cozy-wildflower-grassbird,2072669800392974617,1619895239199817729,true,
2072679668684099843,1783000316197,zappy-winter-thicketbird,2072327163315929219,1202403896959913984,true,
2072679963296244151,1783000386438,elegant-flower-lovebird,2072443027591753990,374712154,true,
2072680089515417780,1783000416532,insightful-chestnut-warbler,2072560570050789808,1589836345173606401,true,
2072680100227596773,1783000419085,intelligent-sun-barbet,2072079224026874267,1833930456397451264,true,
2072680139444322363,1783000428435,neighborly-rhubarb-chickadee,,,,
2072680172331917530,1783000436277,great-mountain-brushturkey,2072623569457050110,1323655671468990467,true,
2072680207266304290,1783000444606,cheery-nutmeg-towhee,,,,
2072680208251883590,1783000444840,exquisite-peanut-seagull,2072615166294753618,112103858,true,
2072680254104093118,1783000455772,lucent-highland-nighthawk,2072657421198123478,1711201899255332864,true,
2072680255479832971,1783000456100,great-mountain-brushturkey,,,,
2072680294281326709,1783000465351,peaceful-mist-condor,2072434409156821177,1309921972772655105,true,
2072680356688343419,1783000480231,celebrated-ocean-seagull,2072341485882691828,1529415887584886784,true,
2072680437567164584,1783000499513,gentle-desert-hornbill,2072372646763700530,53029114,true,true
2072680508861862371,1783000516512,charismatic-dogwood-dove,2072593709653246333,1658896750248173572,true,
2072680618517753997,1783000542655,heroic-lumber-mousebird,2072590903894831397,761894313621987328,true,
2072680649970884936,1783000550154,zappy-winter-thicketbird,2072362257292369945,1985940105434185730,true,
2072680676600471691,1783000556503,brave-spruce-blackbird,2072539161274339437,1685161292179345408,true,
2072680726315868654,1783000568357,bright-lagoon-cockatoo,2072455498272481470,42518865,false,
2072680868041081203,1783000602146,wholesome-raspberry-stilt,2072641237308297481,1506268943085887503,true,
2072680875066617891,1783000603821,wholesome-raspberry-stilt,2072633675133395256,1722014154322575360,true,
2072680897422254494,1783000609151,great-mountain-brushturkey,2072643031908421757,1677997905414594560,true,
2072681222187172343,1783000686582,futuristic-beach-nightingale,2072380636816363745,1601491909754634240,true,
2072681236238106797,1783000689932,zappy-winter-thicketbird,,,,
2072681267993116787,1783000697502,dedicated-passionfruit-leaflove,2072631119766344087,14594813,true,
2072681354601349566,1783000718152,considerate-summer-jay,2072607999244304513,8460572,true,
2072681371210834302,1783000722111,diligent-brook-thrasher,2072660223223808484,1736048885619974144,true,
2072681436771938733,1783000737742,cheery-nutmeg-towhee,2072662996422144268,1655880254358003716,true,true
2072681667827810484,1783000792831,hypnotic-sea-crane,2072651513093087340,,true,
2072681712421867953,1783000945160,cosmic-root-grackle,2072349845281526227,29442313,false,
2072681862003101978,1783000839125,neighborly-rhubarb-chickadee,,,,
2072681879891759262,1783000843390,celebrated-ocean-seagull,2072626089696936385,1692523100267524096,true,
2072682048985141410,1783000883706,hypnotic-sand-puffin,2072652291954364607,,true,
2072682255256854938,1783000932885,,,,,
2072682255768539171,1783001008974,cosmic-root-grackle,2072678064044097911,4627222575,false,
2072682260764274939,1783000934197,motivational-aspen-petrel,2071790958577111534,3314928564,true,
2072682302292082972,1783000944098,peaceful-passionfruit-oriole,2072467621069623694,1005633883201654784,true,
2072682360001167368,1783000957857,gentle-peachtree-shearwater,2072590879697616898,,false,
2072682380834304442,1783000962824,exquisite-peanut-seagull,2072588433596272825,1202185740123361280,true,
2072682402736914924,1783000968046,placid-autumn-junco,2072570607284191581,,true,
2072682615002304830,1783001018654,approachable-kiwi-fantail,2072432390438359042,3292982985,false,
2072682725597757872,1783001045022,skillful-evergreen-seedeater,2072642350052970994,587463737,true,
2072682736221917550,1783001047555,cheery-nutmeg-towhee,2072568727066001756,,true,
2072682880212357225,1783001081885,charismatic-sun-cardinal,2072621021429997816,1346060456805470209,false,
2072682885803372954,1783001083219,great-mountain-brushturkey,2072445044217241782,18396319,true,
2072682967600705659,1783001102720,neighborly-rhubarb-chickadee,,,,
2072683095183212651,1783001133138,authentic-cherry-seabird,2072585001686987138,1333110223163301889,true,
2072683204184625345,1783001159127,empowering-bamboo-bushlark,2072355773858906509,915384490796748800,true,
2072683208865669188,1783001160242,academic-fern-shorebird,2072323236101021845,1999841464961179648,true,
2072683277891076218,1783001176699,zappy-winter-thicketbird,2072602030292549969,1051273579,true,
2072683320505151524,1783001186860,celebrated-ocean-seagull,2072581054700142883,1442043029691383812,true,
2072683387077157317,1783001202731,diligent-brook-thrasher,,,,
2072683425207583131,1783001211822,celebrated-ocean-seagull,2072595043643465753,1836888768256589824,true,
2072683740350832661,1783001286958,hilarious-ocean-crane,2072414104082423833,2051769075202744323,false,
2072683761959927946,1783001292110,poised-birch-flatbill,2072480372357480827,1169664359628509184,true,
2072683812858048645,1783001304245,authentic-cherry-seabird,2072629570671378594,1627609480111312897,true,
2072683836173914162,1783001309804,peaceful-mist-condor,2072667648547029179,825074170191032320,true,
2072683890976706917,1783001322870,cheery-nutmeg-towhee,2072300327366459874,,true,
2072683946958008770,1783001336217,great-mountain-brushturkey,2072296018914558433,1267701478522679297,true,
2072684061005685195,1783001363408,authentic-cherry-seabird,2072447568101937383,,true,
2072684069331030436,1783001365393,superb-cypress-snowfinch,2072444105817567450,2932233633,true,
2072684077174444361,1783001367263,cheery-nutmeg-towhee,2072606438388871652,1988883726991020032,true,
2072684131259924629,1783001380158,focused-peppermint-redstart,2072577580041977899,1216436872060207104,true,
2072684132673446003,1783001380496,ardent-hill-firefinch,2072634734320947567,1861142106800009216,false,
2072684378103111742,1783001439010,wise-beech-drongo,2072670065745694903,2435,true,
2072684497338847372,1783001467438,poised-birch-flatbill,2072459249037312191,260016002,true,
2072684497535926701,1783001467485,great-mountain-brushturkey,2072673447461687554,433377362,true,
2072684541299376151,1783001477919,temperate-mango-macaw,2072076948357169603,740337495464939520,false,
2072684553391538212,1783001480802,worldly-peat-puffin,2072415344019272087,178353631,true,true
2072684579522015413,1783001487033,clean-grassland-penguin,2072668488674562524,,true,
2072684684966760656,1783001512172,zappy-winter-thicketbird,2072680405354905640,,true,
2072684691358912876,1783001513697,cheery-nutmeg-towhee,2072620884326515193,1466790608958328839,true,
2072684773139689802,1783001533194,magical-ocean-flamingo,2072444105817567450,2932233633,false,
2072684785340727572,1783001536103,diligent-brook-thrasher,2072679054591844432,1957063170671198208,true,
2072684785604894885,1783001536167,heroic-pomegranate-catbird,2072626433005109285,8330472,true,
2072684800767369295,1783001539781,diplomatic-cashew-motmot,2072416575890559367,1770907816942817280,false,
2072685031802179592,1783001594864,celebrated-ocean-seagull,2072678064044097911,4627222575,true,
2072685033064964608,1783001736098,cosmic-root-grackle,2072678064044097911,4627222575,false,
2072685061405585484,1783001601923,neighborly-rhubarb-chickadee,2072643974565876155,,true,
2072685163469791250,1783001626257,neighborly-rhubarb-chickadee,2072671408451367371,938287181432487937,true,
2072685171342536756,1783001628134,celebrated-ocean-seagull,2072465502375391309,2014411515764334592,true,
2072685321393729573,1783001663908,independent-daylight-meadowlark,2072668488674562524,,true,
2072685454076379641,1783001695542,modern-conifer-pelican,2072663439453921703,618387275,false,
2072685459566637298,1783001696851,poised-birch-flatbill,2072451704151585073,260016002,true,
2072685522590327032,1783001711877,flying-island-emu,,,,
2072685636767850802,1783001739099,quirky-spring-chickadee,2072629570671378594,1627609480111312897,true,
2072685702429409653,1783001754754,peppy-sandalwood-flowerpecker,2072642350052970994,587463737,false,
2072685711522660838,1783001756922,enthusiastic-citrus-lorikeet,2072346642292875543,,true,
2072685719194071417,1783001758752,zappy-winter-thicketbird,,,,
2072685823917436966,1783001783720,motivated-cove-magpie,2054665025860628661,1969898398062190592,true,
2072685884546204046,1783001798174,diligent-brook-thrasher,2072676762895405167,288277167,true,
2072685944679940457,1783001812511,diligent-brook-thrasher,,,,
2072686089886949514,1783001847132,bookish-beach-kookaburra,2072367588177305874,1224185690713460736,true,false
2072686143577919828,1783001859932,gumptious-bonsai-crow,2072580258151137790,1296936708651524097,true,
2072686196858163588,1783001872635,driven-highland-rooster,2072341494405472392,1124044323253825536,true,true
2072686314944692652,1783001900789,zappy-winter-thicketbird,2072646169432379811,1662845940867162113,true,
2072686499175256381,1783001944713,diligent-brook-thrasher,2072624850888167601,34570323,true,
2072686505064030248,1783001946118,magical-harvest-puffleg,2071981959752937861,1234960476171358211,true,
2072686521073713555,1783001949935,responsible-bonsai-grebe,2072684411691176058,2044495786302390272,true,
2072686603894411626,1783001969680,celebrated-ocean-seagull,,,,
2072686606255784149,1783001970243,neighborly-rhubarb-chickadee,,,,
2072686641714524553,1783001978697,alpine-star-pratincole,2072405107669672378,1551266822460162051,false,
2072686679895249243,1783001987800,academic-sunflower-lovebird,2072042147147379100,1053557219025797121,true,
2072686696601210953,1783001991783,flying-island-emu,2072542529296166955,,true,
2072686730684125392,1783001999910,attentive-root-shorebird,2072442980255052248,9317502,true,
2072686760748789954,1783002007077,zappy-winter-thicketbird,2072671830968607167,1263491240336769026,true,
2072687001392873862,1783002064451,diligent-brook-thrasher,,,,
2072687105994539483,1783002089391,worthy-prairie-troupial,2072380636816363745,1601491909754634240,false,
2072687140480110922,1783002097612,mellow-creek-thrasher,,,,
2072687153327521978,1783002100676,perceptive-papaya-crane,2072370885743276243,3194077638,true,
2072687262228173210,1783002126639,great-mountain-brushturkey,2072641389419200740,1109163883082637312,true,
2072687263645868289,1783002126977,valiant-creek-nighthawk,2072344477356699682,255471924,true,
2072687311129636924,1783002138298,academic-cedar-falcon,,,,
2072687322953384288,1783002141117,cheery-nutmeg-towhee,2072574448625197250,1635476041438461952,true,
2072687371586285607,1783002152713,celebrated-ocean-seagull,2072651504679563577,1570680858717159424,true,
2072687490784252386,1783002181131,kinetic-pineapple-falcon,2071925707106566324,1961623767441973248,true,
2072687509436588066,1783002297695,cosmic-root-grackle,2072676475816350016,15411797,false,
2072687601060900876,1783002207423,neat-raspberry-anhinga,1707151469894337016,,true,true
2072687601564201362,1783002207543,zappy-winter-thicketbird,2072454701941936422,856009806,true,
2072687743465910446,1783002241375,neighborly-rhubarb-chickadee,,,,
2072687748239216830,1783002349394,cosmic-root-grackle,2072517375325282524,23022687,false,
2072687876777664927,1783002273159,strategic-berry-emu,2072426709043802522,1703536675626913792,true,
2072687990581645802,1783002300292,cheery-nutmeg-towhee,,,,
2072688039772520835,1783002312020,trusty-beech-lorikeet,2072469482518573098,1385116702090797057,true,
2072688105224577394,1783002327625,great-mountain-brushturkey,2072451974180581484,,true,true
2072688111788671482,1783002329190,zappy-winter-thicketbird,2072581705903288831,1791506886077935622,true,
2072688223499768039,1783002355824,lionhearted-field-magpie,2072678803759878543,13218102,true,
2072688548453470625,1783002433299,celebrated-ocean-seagull,2072613732556083330,2051921116692680715,true,
2072688607962235202,1783002447487,celebrated-ocean-seagull,,,,
2072688640858190044,1783002455330,insightful-sunlight-heron,2072332960418746555,900407308592832513,true,
2072688747586449499,1783002480776,great-mountain-brushturkey,2072390560803963389,304948827,true,
2072688842247753898,1783002503345,neighborly-rhubarb-chickadee,,,,
2072688952004252106,1783002529514,wholesome-raspberry-stilt,2072641389419200740,1109163883082637312,true,
2072688964981735867,1783002532608,distinctive-beech-finch,2072524676866412936,,true,
2072689139154125236,1783002574133,great-mountain-brushturkey,,,,
2072689139758051512,1783002574277,lucent-sunflower-hornbill,2072295918796517699,3328588528,false,
2072689270750347428,1783002605509,celebrated-ocean-seagull,2072622773357179213,1274954759536021506,true,
2072689302501257549,1783002613078,hypersonic-peppermint-kite,2072506620832108751,1002976672218583041,true,
2072689318603243862,1783002616918,cheery-nutmeg-towhee,2072668994016788508,148294973,true,
2072689332515643689,1783002620234,diligent-brook-thrasher,,,,
2072689373305246166,1783002629960,zappy-winter-thicketbird,,,,
2072689387004182909,1783002633225,bookish-pond-hawk,2072662827064762502,2311987360,false,
2072689424694194216,1783002642211,beloved-canopy-raven,2072605303779008622,3402511733,true,
2072689470336618869,1783002653094,nifty-river-falcon,2072673842322190751,1701617261218525184,true,
2072689625076760587,1783002689987,flying-clay-swift,2072405845208354991,568684695,true,
2072689917352641002,1783002759670,diligent-brook-thrasher,2072327359387373598,1992534485326499840,true,
2072690308442124564,1783002852913,cozy-pecan-lapwing,2072389238281085255,748509340479422464,true,
2072690438134264234,1783002883833,driven-mesa-hornbill,2072024809048092828,1518730398062288898,true,
2072690533307187206,1783003074953,cosmic-root-grackle,2072467621069623694,1005633883201654784,true,
2072690621135892845,1783002927466,celebrated-ocean-seagull,2072669543600685326,,true,true
2072690621945463050,1783002927658,efficient-frost-toucan,2072401128512520294,16463030,false,
2072690683010527345,1783002942218,overjoyed-beach-wheatear,2072558834963333567,95721440,false,false
2072690699301171205,1783002946101,wonderful-rainfall-cormorant,2072671908726997219,,true,
2072690723833426295,1783002951950,charitable-harvest-sunbird,2072684216232394978,1319287761048723458,true,
2072690848341364944,1783002981634,great-mountain-brushturkey,,,,
2072690957607109057,1783003007686,shimmering-kiwi-nightingale,2072595043643465753,1836888768256589824,false,
2072691027668820221,1783003024390,authentic-lumber-rooster,2072592204212621717,1546761192403869696,true,
2072691038007792036,1783003026855,zappy-winter-thicketbird,,,,
2072691404904554839,1783003114332,gentle-cloud-pipit,2072676241673462011,109601997,true,
2072691560014041388,1783003151311,stalwart-vine-lapwing,2072624509492805839,4897361049,false,
2072691585867764149,1783003157474,celebrated-ocean-seagull,2072329478685266066,,true,
2072691592838709679,1783003159136,fearless-moon-whistler,2072675833303515363,,true,
2072691657372324282,1783003174522,diligent-brook-thrasher,,,,
2072691790528835915,1783003206271,great-mountain-brushturkey,2072442840823562368,842153470933241858,true,
2072691795884974424,1783003207546,cheery-nutmeg-towhee,,,,
2072691840558494202,1783003218198,neighborly-rhubarb-chickadee,2072674149571391715,1299674729612222466,true,
2072691887400779984,1783003229366,enthralling-mesa-sparrow,2071833936393589197,,true,
2072691924725805184,1783003238267,whimsical-cherry-redstart,2072628338066427913,1895747228,true,
2072691951233609745,1783003244585,experienced-reef-raven,2072401683142037546,2003720680039411712,true,
2072692047597703228,1783003267560,gentle-cloud-pipit,2072440917881954690,109601997,true,
2072692094301315222,1783003278695,cheery-nutmeg-towhee,2072670244779294966,47340859,true,
2072692209552359551,1783003306174,great-mountain-brushturkey,2072682827544453325,1476449188770729984,true,
2072692345867260082,1783003338672,neighborly-rhubarb-chickadee,2072628440516407795,1758737546576625664,true,
2072692441287635295,1783003361423,zappy-winter-thicketbird,2072337299065459047,1987846339196297216,true,
2072692510153912741,1783003377842,diligent-brook-thrasher,,,,
2072692534791320026,1783003383716,academic-cedar-falcon,,,,
2072693015613788226,1783003498352,courteous-cactus-whistler,2072408649461535100,35805725,true,
2072693035813462189,1783003503168,meticulous-marble-penguin,2072631115492282462,839116207756279808,true,
2072693126221742502,1783003524724,smart-moon-seedeater,2072641424588210652,1380172803782086662,true,
2072693152964645126,1783003531100,celebrated-ocean-seagull,2072677824893202493,361235565,true,
2072693172631724444,1783003535790,bold-trail-hoopoe,2072678291635368079,19169664,true,
2072693252893868166,1783003705999,cosmic-root-grackle,2072661457183949264,1859985284714102784,false,
2072693627512303801,1783003644241,cheery-nutmeg-towhee,2072647537740144804,1468146891464470528,true,
2072693796786131412,1783003684600,intellectual-spring-swan,,,,
2072693844684988903,1783003696020,academic-cedar-falcon,2072467621069623694,1005633883201654784,true,true
2072693988004684192,1783003730190,scholarly-blueberry-swan,2072507150992039975,34771939,true,true
2072694008602571052,1783003735101,commendable-lumber-eagle,2072651565299577289,401456947,true,
2072694167105417605,1783003772891,celebrated-ocean-seagull,2072364610783449272,719213965213970432,true,
2072694400673591356,1783003828578,cheery-nutmeg-towhee,2072636766893617656,1969576555950325760,true,
2072694405329256794,1783003829687,neighborly-rhubarb-chickadee,2072636766893617656,1969576555950325760,true,
2072694410307854537,1783003830874,zappy-winter-thicketbird,2072612504723742740,22404768,true,
2072694426372116483,1783003834705,contemplative-root-swan,2072568723320266886,29274211,true,
2072694526649499906,1783003858613,great-mountain-brushturkey,,,,
2072694844078829655,1783003934293,enthusiastic-sunlight-auklet,2072549254090907944,2959109789,false,
2072694895475675460,1783003946548,clean-grassland-penguin,2072674111579390052,2047150924334845952,true,
2072695043698143261,1783003981886,celebrated-ocean-seagull,2072632645750558862,9974322,true,
2072695046906757497,1783003982652,motivational-peppermint-wigeon,2072374783157928212,1414359174243250179,true,
2072695087314710571,1783003992285,famous-twig-duck,2072542456542109794,1229204903769362434,true,
2072695101852143805,1783003995751,great-mountain-brushturkey,2072605527662788787,1140651880634208257,true,
2072695125784789379,1783004001456,zappy-winter-thicketbird,2072667110266867949,1214749428009058305,true,
2072695132156047679,1783004002977,clever-tigerwood-kite,2072430128190091367,1546972236170543110,false,
2072695228117418015,1783004025854,diligent-brook-thrasher,2072680222307086362,1562514740261244929,true,
2072695249730674746,1783004031009,appreciative-wood-osprey,2072443831434236137,15647676,false,
2072695410091520016,1783004069242,zappy-winter-thicketbird,2072671908726997219,,true,
2072695413891650035,1783004070147,neighborly-rhubarb-chickadee,2072408649461535100,35805725,true,
2072695466664345946,1783004194502,cosmic-root-grackle,2072662214704533888,1767869376496107520,false,
2072695602933100768,1783004115218,focused-hill-thicketbird,2072264754807419096,1872398156370939904,true,
2072695659862364633,1783004128790,celebrated-ocean-seagull,2072675771697512820,2936141405,true,
2072695701226615239,1783004138653,diligent-brook-thrasher,2072662047251173723,,true,
2072695834567672171,1783004170443,cheerful-lumber-penguin,2072528692874547628,1031024796778356738,false,
2072696000750215560,1783004210065,cheery-nutmeg-towhee,2072685661535048046,881821981397704704,true,
2072696216568152414,1783004261519,splendid-pine-nighthawk,2072661457183949264,1859985284714102784,true,
2072696335396938169,1783004289851,logical-seawater-francolin,2071745781271265533,1316160790630727681,true,true
2072696481413234858,1783004324663,great-mountain-brushturkey,2072641975032103341,1260565827700633601,true,
2072696486748475791,1783004325937,neighborly-rhubarb-chickadee,,,,
2072696673562677683,1783004370476,zappy-winter-thicketbird,2072676841987682657,,true,
2072696800486510602,1783004400739,neighborly-rhubarb-chickadee,2072566303131373880,1952873988289642498,true,true
2072697049380712812,1783004460080,diligent-brook-thrasher,2072674427179847705,,true,true
2072697273663062339,1783004630262,cosmic-root-grackle,2072404170142101724,61637834,false,
2072697276292530620,1783004514179,celebrated-ocean-seagull,,,,
2072697283225735629,1783004515831,cheery-nutmeg-towhee,2072682219940860330,1745136010848071680,true,
2072697344768844188,1783004530503,welcoming-magnolia-parrotlet,2072396224762679557,354095556,true,
2072697578215666072,1783004586163,congenial-grove-parrotlet,2069397367158394906,2566561668,true,
2072697695622291500,1783004614154,diligent-brook-thrasher,2072641028033548614,385326089,true,false
2072697794557608114,1783004637744,diligent-brook-thrasher,2072675260470591678,1909166792825573377,true,
2072697855635276144,1783004652304,witty-jackfruit-flatbill,2072653471858495499,1235949918486818818,true,
2072697925889589536,1783004669056,great-mountain-brushturkey,2072674678460629197,1568693157415583745,true,
2072697930322935833,1783004670110,knowledgeable-field-kestrel,2072637499617243177,3065788517,true,
2072697939013599651,1783004672185,magnanimous-grass-parrotlet,2071979574842339659,17214331,false,
2072697979329249642,1783004681795,neighborly-rhubarb-chickadee,2072685724734816507,46302096,true,
2072698004696453480,1783004687844,zappy-winter-thicketbird,2072675480176603189,3316376038,true,
2072698282959077598,1783004754186,civil-lemon-bulbul,2072446647552836071,27324793,true,
2072698303997673782,1783004759200,committed-freshwater-ostrich,2072668445947097134,1686551250538528769,true,
2072698343403204957,1783004768597,heroic-rosewood-puffbird,2072557259557601722,2064899164996059136,true,
2072698348016984102,1783004769698,perceptive-iceberg-anhinga,2072648108580679811,1225234593789423616,true,
2072698632969613659,1783004837636,celebrated-ocean-seagull,2072556816354226492,1565939363120582656,true,
2072698644306727274,1783004840339,cheery-cherry-hawk,2072433264716104108,354363617,true,
2072698673998221777,1783004847417,approachable-jacaranda-hummingbird,2072684004579713523,781293,true,
2072698713508622604,1783004856837,matchless-mist-flameback,2072696032861814984,1505683488900628484,true,
2072698756907073914,1783004867185,magnetic-glacier-grebe,2072669185323278345,246939630,true,false
2072698858740596783,1783004891464,diligent-brook-thrasher,2072675407569342467,1891663601779474433,true,
2072699303693287518,1783004997549,nimble-rain-ibis,2072410163458285682,819994707061248001,false,
2072699358106009951,1783005010523,persistent-peach-ostrich,2072567424319197462,,true,
2072699358403801346,1783005010592,polished-samba-kingbird,2072616040899514873,1183133300,false,
2072699377999638950,1783005015264,great-mountain-brushturkey,2072615166294753618,112103858,true,
2072699380214255909,1783005015792,cheery-nutmeg-towhee,2072615166294753618,112103858,true,
2072699710784069913,1783005094606,zappy-winter-thicketbird,2072658339645808792,235762545,true,
2072699770158580170,1783005108763,neighborly-rhubarb-chickadee,2072677806350258213,16170253,true,
2072700010332926415,1783005166024,celebrated-ocean-seagull,2072579637427994879,922884339804672000,true,
2072700215002366169,1783005214822,diligent-brook-thrasher,2072502408924496211,759902743,true,
2072700354018369829,1783005247966,great-mountain-brushturkey,2072353351170179216,1221462414744596483,true,
2072700362385952909,1783005249960,wholesome-eucalyptus-egret,2072684480515469345,1546972236170543110,true,true
2072700403674935669,1783005259804,legendary-eucalyptus-crake,2072672321148694655,2897117454,true,
2072700477326696650,1783005277364,lionhearted-passionfruit-parakeet,2072430345392214480,85726335,true,
2072700490626859146,1783005280535,diligent-brook-thrasher,2072688511879139722,1685980942223937537,true,
2072700555105865930,1783005295908,cheery-nutmeg-towhee,2072694305135706493,1995564878334230528,true,
2072700560394858723,1783005297169,neighborly-rhubarb-chickadee,2072636699314999791,2892773160,true,
2072700800527401130,1783005354421,mindful-mist-eagle,2072511981232554182,1163265445199110144,true,
2072700812678005071,1783005357318,zappy-winter-thicketbird,2072661717734339069,470063712,true,true
2072700834815619273,1783005362597,heroic-citrus-hoopoe,2072674427179847705,,false,false
2072700883100397801,1783005374109,legendary-kiwi-petrel,2072689151682424919,1240324158,true,
2072700967330423052,1783005394191,neighborly-rhubarb-chickadee,2072654016602112255,1319287761048723458,true,
2072700978067832846,1783005396750,warmhearted-sand-antwren,2072503315179384899,1445902150060621824,true,
2072701091817386449,1783005423870,great-mountain-brushturkey,,,,
2072701101036433602,1783005426069,legendary-kiwi-petrel,2072689055490293855,2429615017,true,
2072701268611518805,1783005466021,zappy-winter-thicketbird,2072630926442443222,1491020201768501248,true,
2072701271149072636,1783005466627,diligent-brook-thrasher,2072660277368066507,104646431,true,
2072701301616459953,1783005473891,charming-raspberry-nightingale,2072689623914946937,19017675,true,
2072701318490386757,1783005477913,meticulous-winter-quail,2072629741564350565,,true,
2072701425268711432,1783005503371,zappy-winter-thicketbird,,,,
2072701501571571837,1783005521563,legendary-kiwi-petrel,2072356841590521966,1994299709176074243,true,true
2072701569246896540,1783005537699,meticulous-winter-quail,2072564548801024287,,true,
2072701642911142378,1783005555262,straightforward-ridge-bluebird,2072642350052970994,587463737,false,
2072701701996282023,1783005569348,neighborly-rhubarb-chickadee,2072527625881567742,1979389661840572416,true,
2072701711232471508,1783006101511,cosmic-root-grackle,2072468547846992094,2060034714832945156,false,
2072701862524993792,1783005761532,cosmic-root-grackle,2072457958915498202,1841181851538636806,false,
2072701869927870651,1783006032250,cosmic-root-grackle,2072635425655767382,,false,
2072701938613846447,1783005625762,zappy-winter-thicketbird,2072694294347923857,,true,
2072701995438247973,1783005639310,cheery-nutmeg-towhee,2072627672908202080,,true,
2072702060668047513,1783006192219,cosmic-root-grackle,2072487732329279675,1259862054,false,
2072702216637473163,1783005692049,great-mountain-brushturkey,2072626999592730666,1814839209976606720,true,true
2072702276867686632,1783005706409,genial-autumn-pipit,2072629377683034525,2067489117898764288,true,
2072702358782431733,1783005725939,inclusive-cashew-crimsonwing,2072678803759878543,13218102,false,
2072702501652951057,1783005760002,worldly-cloud-seagull,2072012815490019335,16331010,true,
2072702661606973667,1783005798137,explorative-freshwater-osprey,2072602647652123018,793778228,true,true
2072702679197876441,1783005802331,great-mountain-brushturkey,2072681578694594584,2340821280,true,
2072702780528013596,1783005826490,chipper-seawater-ibis,2072012815490019335,16331010,true,
2072703054671913303,1783005891851,neighborly-rhubarb-chickadee,2072483896457896273,1854531337144950784,true,
2072703163652591962,1783005917835,diligent-brook-thrasher,2072478480605069792,1929562802148245504,true,
2072703271890768360,1783005943641,soothing-mango-spoonbill,2072681271566708832,25073877,true,
2072703319496065089,1783005954991,celebrated-ocean-seagull,2072676027218755610,2984733585,true,
2072703359107133529,1783005964434,cheery-nutmeg-towhee,,,,
2072703413519777980,1783005977407,great-mountain-brushturkey,2072422454786408493,1130844119125770240,true,
2072703523494510683,1783006003626,gleeful-rain-jay,2071529706139025460,804449376,true,
2072703570252628099,1783006014775,zappy-winter-thicketbird,,,,
2072703571032748463,1783006014961,friendly-sunlight-thrush,2072621922651709680,2042258063759966208,true,
2072703604524241150,1783006022946,great-mountain-brushturkey,,,,
2072703703107158056,1783006046450,neighborly-rhubarb-chickadee,2072444916022587598,1468650881214296077,true,true
2072703726133911893,1783006051941,tropical-strawberry-thrasher,2071992082189750717,820669578908987393,false,
2072703820606423118,1783006074466,hypnotic-earth-junco,2072685994671780281,385473825,true,
2072703887576813867,1783006090431,suave-sunflower-ibis,2072681271566708832,25073877,false,
2072703964932444585,1783006108874,intelligent-daylight-cacholote,2072012815490019335,16331010,true,
2072704157996179570,1783006154904,diligent-brook-thrasher,2072673265714131135,1357363561094332416,true,true
2072704270894272947,1783006181823,celebrated-ocean-seagull,,,,
2072704387726606567,1783006209676,cheery-nutmeg-towhee,2072677079531884817,1614626721482870785,true,
2072704480504623616,1783006231796,great-mountain-brushturkey,2072691276135194992,,true,
2072704529183769053,1783006243402,zappy-winter-thicketbird,,,,
2072704577355309112,1783006254886,neighborly-rhubarb-chickadee,2072596135043383332,1834004198612238336,true,
2072704681453748721,1783006279707,celebrated-ocean-seagull,2072344772841230843,1380050390280986655,true,
2072704744137568274,1783006294652,intelligent-sand-ostrich,2072537850390679882,1552795969959636992,true,
2072704789469593901,1783006305460,intelligent-daylight-cacholote,2072123205532233891,,true,
2072704804443300028,1783006309029,fabulous-foothill-ostrich,2072681271566708832,25073877,false,
2072704997532274841,1783006355065,zappy-winter-thicketbird,2072671566211522663,2411038153,true,true
2072705007011459342,1783006357324,mannerly-riverbank-duck,2072681271566708832,25073877,true,false
2072705056957190315,1783006369233,cheery-nutmeg-towhee,2072657716322107682,1682131559900647424,true,
2072705177484771687,1783006397969,cheery-nutmeg-towhee,,,,
2072705203246178796,1783006404110,humorous-mango-swift,2072398091383103629,1864199802587582464,false,
2072705304781815828,1783006428320,punctual-nutmeg-magpie,2072671460913545538,1562038858988064768,true,false
2072705316156748174,1783006431031,great-mountain-brushturkey,2072660573771178031,1555898922396180480,true,
2072705566418333809,1783006490699,warmhearted-sand-antwren,2071753960138969521,1564996338764464128,true,
2072705576363016370,1783006493069,neighborly-rhubarb-chickadee,2072569193141010932,1828496684386594816,true,
2072705667224510689,1783007016412,cosmic-root-grackle,2072481630724190251,340398500,false,
2072705688669728971,1783006519846,remarkable-hillside-guillemot,2072675833303515363,,false,
2072705726972149825,1783006528976,diligent-brook-thrasher,2072340535814009027,1959014639984865281,true,
2072705773163995372,1783006539990,great-mountain-brushturkey,2072700902184534037,1986852813071392769,true,
2072705917498393070,1783006574402,celebrated-ocean-seagull,2072679378819985733,115939113,true,
2072706097098465432,1783006617223,lovely-ice-motmot,2072704318382149779,1766453803954417664,true,
2072706101838029219,1783006618352,cheery-nutmeg-towhee,2072614733342011480,1488873977632198657,true,
2072706147237196284,1783006629176,insightful-coconut-flamingo,2071294684798878104,779003465938984960,true,
2072706357178876286,1783006679230,great-mountain-brushturkey,2072622690079248619,2783586478,true,
2072706409267908885,1783006691649,diligent-brook-thrasher,2072505810203111676,1720813157013217280,true,true
2072706445909307476,1783006700386,neighborly-rhubarb-chickadee,2072689327809683579,158135725,true,
2072706477425381811,1783006707899,celebrated-ocean-seagull,,,,
2072706865859850309,1783006800509,remarkable-grove-murrelet,2072681578694594584,2340821280,true,
2072706869295030451,1783006801327,diligent-brook-thrasher,,,,
2072706892216848679,1783006806794,cheery-nutmeg-towhee,2072678010952577048,58156965,true,
2072706897023562211,1783006807939,transparent-pineapple-gull,2072504024075792869,,false,
2072707158760640555,1783006870343,great-mountain-brushturkey,2072661796679274649,1992211846687043584,true,
2072707217279602886,1783006884295,sincere-jackfruit-piculet,2072594050775998727,115730144,true,
2072707321021522303,1783006909028,celebrated-ocean-seagull,,,,
2072707323210985827,1783006909549,cheery-nutmeg-towhee,2072451852201836676,1233372929955594241,true,
2072707403049504966,1783006928585,helpful-daylight-sunbird,2072535871543488920,2054222438074900481,true,
2072707465599127780,1783006943498,zappy-winter-thicketbird,2072597157169787133,,true,
2072707503566024950,1783006952550,neighborly-rhubarb-chickadee,2072629327104024644,882883689172148225,true,
2072707539855167790,1783006961203,celebrated-ocean-seagull,,,,
2072707653420065212,1783006988279,cheery-nutmeg-towhee,2072693364915364010,745186756958425088,true,
2072707657115316529,1783006989160,enlivened-walnut-grosbeak,2072401741174239263,1072573028,true,
2072707688207720632,1783006996572,great-mountain-brushturkey,2072539091699122547,1863005923,true,
2072707834077200579,1783007031350,cheery-nutmeg-towhee,2072602805416972717,2030597073536495616,true,
2072707856386678923,1783007036669,zappy-winter-thicketbird,2072612137755627808,99780596,true,
2072707926524121355,1783007053391,great-tide-heron,2072419429284192330,1116350257040728064,true,
2072707938599178250,1783007056271,neighborly-rhubarb-chickadee,,,,
2072707985084645785,1783007067353,strong-sand-pelican,2072305880893104128,353890966,false,
2072708350748319965,1783007154534,diligent-brook-thrasher,2072684337015705651,4312783217,true,
2072708484970209606,1783007186536,celebrated-ocean-seagull,,,,
2072708545372373220,1783007200936,ardent-pear-wren,2072691974738419828,1781785182422671360,true,
2072708546672627741,1783007201247,neighborly-rhubarb-chickadee,,,,false
2072708795286134874,1783007260521,great-tide-heron,2072603684576600275,1949747945907302400,true,
2072708808175222815,1783007263594,shining-kiwi-heron,2069667795944784218,1945393933997281280,true,
2072708825791037682,1783007267793,artistic-meadow-pigeon,2072672080261181617,1162995146172063744,true,
2072708929868460457,1783007292608,celebrated-ocean-seagull,,,,
2072709220324016278,1783007361856,famous-beach-dipper,2072686643350233431,29143326,true,
2072709557932163580,1783007624737,cosmic-root-grackle,2072676475816350016,15411797,false,
2072709845627629698,1783007510942,cheery-nutmeg-towhee,2072645393373086009,1983786193574940672,true,
2072709950581706776,1783007535964,motivated-tomato-kestrel,2072413990303465507,989900488291307520,true,
2072709969216991412,1783007540408,charismatic-orchard-nighthawk,2072451704151585073,260016002,true,
2072709990117474487,1783007545390,lucent-poplar-bushbird,2072598149630394784,1462341870,true,
2072710128445309071,1783007578370,great-mountain-brushturkey,,,,
2072710141514846364,1783007581486,sunny-sky-cardinal,2072349510462799907,1753603785711054848,true,
2072710327448338508,1783007625817,frank-daylight-peacock,2072353156584161381,1748492428489703424,true,
2072710328882806793,1783007626158,zappy-winter-thicketbird,2072704318382149779,1766453803954417664,true,
2072710396302016738,1783007642233,neighborly-rhubarb-chickadee,,,,
2072710428912685408,1783007650007,jazzy-guava-songlark,2072576685820502463,1677997905414594560,true,
2072710468540498262,1783007659455,cheery-nutmeg-towhee,2072440680736043133,1427330037456515080,true,
2072710494654460147,1783007665682,positive-tanoak-piculet,2072404170142101724,61637834,true,
2072710531836997999,1783007674546,refreshing-rosewood-canary,2072414528420147260,4486093643,true,
2072710538543370729,1783007676145,diligent-brook-thrasher,2072303730460897649,,true,
2072710764536766753,1783007730026,celebrated-ocean-seagull,2072682139259113500,93723373,true,
2072710776721191091,1783007732932,glowing-brook-woodpecker,2072676241673462011,109601997,true,
2072710780412158259,1783007733811,cheery-nutmeg-towhee,2072596315725316198,1351811063164129280,true,
2072710806567821439,1783007740047,accomplished-almond-puffin,2072419762009702732,1350132168098525185,true,
2072710858585907666,1783007953938,cosmic-root-grackle,2045864998854144317,1679606045461577728,false,
2072710887937376473,1783007759447,great-mountain-brushturkey,,,,
2072710890151981127,1783007759976,zappy-winter-thicketbird,,,,
2072710928588501460,1783007769140,zappy-winter-thicketbird,,,,
2072710978832089487,1783007781118,neighborly-rhubarb-chickadee,,,,
2072711022947848305,1783007791636,diligent-brook-thrasher,2072626672193482833,2036483422785552384,true,
2072711025338548709,1783007792206,neighborly-rhubarb-chickadee,2072626672193482833,2036483422785552384,true,
2072711116560478418,1783007813956,diligent-brook-thrasher,,,,
2072711184222920971,1783007830087,celebrated-ocean-seagull,2072576665935331360,,true,
2072711338770768243,1783007866934,articulate-acorn-wigeon,2072478916523270495,1615639552227704832,true,
2072711374375960878,1783007875423,cheery-nutmeg-towhee,2072464109283541449,858559003,true,
2072711374803792192,1783008097415,cosmic-root-grackle,2072464109283541449,858559003,true,
2072711499961815455,1783007905365,great-mountain-brushturkey,,,,
2072711514755043342,1783007908892,tectonic-beach-curassow,2072503315179384899,1445902150060621824,false,
2072711550096286109,1783007917318,enjoyable-cactus-bluejay,1501739521691590660,1501326263675326465,true,
2072711586171457707,1783007925918,jovial-coast-pipit,2072608038825910546,759581859592282115,true,
2072711700202324111,1783007953106,articulate-acorn-wigeon,2072588007769862315,1615639552227704832,true,
2072711741331431731,1783007962912,friendly-raisin-barbet,2072678368152060260,1879670389057474560,true,
2072711822785052788,1783007982333,lucent-pistachio-swamphen,2072525103888470083,710340419889061888,true,
2072711953068282040,1783008013394,zappy-winter-thicketbird,,,,
2072712080084656278,1783008043677,articulate-acorn-wigeon,2072588088292130884,1615639552227704832,true,
2072712158542967256,1783008062383,neighborly-rhubarb-chickadee,2072638188191916481,1797539875299741696,true,
2072712196401078547,1783008535324,cosmic-root-grackle,2072515222921785800,862718426757779457,false,
2072712261882216523,1783008087021,exquisite-peppermint-anhinga,2072681271566708832,25073877,false,
2072712281574539412,1783008954054,cosmic-root-grackle,2071234664040411332,177101260,false,
2072712333118275752,1783008104005,terrific-marble-hummingbird,2072404513357467917,78085410,true,
2072712348511392213,1783008107675,diligent-brook-thrasher,,,,
2072712584986247457,1783008164055,vivacious-peanut-stork,2072349510462799907,1753603785711054848,false,
2072712606708867197,1783008169234,articulate-acorn-wigeon,2072622748782997658,1765738540745572352,true,
2072712646151794922,1783008178639,lovely-fir-emu,2072555877488291876,1208747420324118528,true,
2072712708362031142,1783008193470,articulate-acorn-wigeon,2072268125312356695,1765738540745572352,true,
2072712890205794567,1783008236825,celebrated-ocean-seagull,2072659364180353524,1810969056612339712,true,
2072712898736992641,1783008238859,striking-vine-wigeon,2072507150992039975,34771939,true,
2072712901803327903,1783008239591,articulate-acorn-wigeon,2072268431106404711,1765738540745572352,true,
2072712999903903959,1783008262979,articulate-acorn-wigeon,2071910195882791024,1765738540745572352,true,
2072713036490567950,1783008271701,celebrated-ocean-seagull,2072631875122925807,1739689285794836480,true,
2072713096880152983,1783008286101,cheery-nutmeg-towhee,2072623691868123563,2068023277461938176,true,
2072713139318091856,1783008296218,cheery-nutmeg-towhee,2072582902810862058,1588724695754481665,true,
2072713286336831616,1783008331270,industrious-seedlings-nighthawk,,,,
2072713304955613615,1783008335709,hip-rainforest-thrush,2072547771266334947,1903970215513440256,true,
2072713311645311474,1783008337305,refreshing-guava-stilt,2072627450186482117,1917428362827476992,true,
2072713331131981825,1783008341951,celebrated-ocean-seagull,2072485726839877809,148604477,true,
2072713847765709112,1783008465125,outstanding-sun-pelican,2072404463311004110,2060034714832945156,false,
2072714114263093324,1783008528663,great-mountain-brushturkey,,,,
2072714120290320767,1783008530100,zappy-winter-thicketbird,2072394053438623805,1956391993426554880,true,
2072714142922809487,1783008535496,neighborly-rhubarb-chickadee,,,,
2072714362347782642,1783008587812,diligent-brook-thrasher,2072568453693603915,1920601980638052352,true,
2072714398276235487,1783008596378,celebrated-ocean-seagull,,,,
2072714434791768169,1783008605083,motivational-sky-sparrowhawk,2072357677275971882,974899875874770944,false,
2072714438755381483,1783008606028,effervescent-oak-hillstar,2072533052299866219,1318340490304126980,false,
2072714517876723743,1783008624892,cheery-nutmeg-towhee,2072707213479850197,1891160754805501953,true,
2072714626387550439,1783008650763,great-mountain-brushturkey,2072429122530275720,1134768698240241664,true,true
2072714680997716318,1783008663784,warm-water-macaw,2072316179256086775,1769631568946249728,true,
2072714769497260220,1783008684883,zappy-winter-thicketbird,2072691064406683711,,true,
2072714777877426565,1783008686881,neighborly-rhubarb-chickadee,2072685860328210835,2790026525,true,
2072714833384923371,1783008700115,comical-boulder-treerunner,2072311050792267881,,true,
2072715080882335801,1783008759123,diligent-brook-thrasher,,,,
2072715228819947683,1783008794394,cosmic-acorn-firetail,2072570389121945607,1975548183712505856,true,
2072715232380583994,1783008795243,scholarly-peat-partridge,2072377317251240051,135951915,true,
2072715569669853261,1783008875659,commendable-reef-flowerpecker,2072386797167124495,1593117032580452353,true,
2072715589953479144,1783008880495,cheery-nutmeg-towhee,2072692741163942136,1683054351647121408,true,
2072715610589475288,1783008885415,grateful-wind-hillstar,2072691686535278990,1610612104586792960,true,
2072715620865527956,1783008887866,celebrated-ocean-seagull,2072695490634772904,2032832046842667008,true,
2072715655233651056,1783008896060,cheery-nutmeg-towhee,,,,
2072715833340526936,1783008938523,great-mountain-brushturkey,2072600560495202680,858559003,true,
2072715893033898183,1783008952755,zappy-winter-thicketbird,2072506048603148559,28785486,true,
2072715951708205321,1783008966744,lithe-peach-peacock,2072615425418928494,20713061,true,
2072715977536770112,1783008972902,fun-sky-sandgrouse,2072666966570262647,564557079,true,
2072715996276896149,1783008977371,creative-raspberry-motmot,2072459522157985913,224437096,true,
2072716040266498456,1783008987858,neighborly-rhubarb-chickadee,2072617419881812379,1593583285380292610,true,
2072716460359590335,1783009088017,fortuitous-oak-eagle,2072369661828644954,224581951,false,
2072716540538237183,1783009107132,colorful-apple-friarbird,2072423026298175732,,true,
2072716568547516619,1783009113811,consistent-rock-seagull,2072630731562463478,115428515,true,
2072716643931721944,1783009131783,diligent-brook-thrasher,2072490072230826013,1811513431922733056,true,
2072716658318143859,1783009135214,cosmic-pond-triller,2072486433542091168,762277482238050304,true,false
2072716771132317726,1783009162110,festive-pine-lapwing,2072442175317504430,1487649061717123076,true,
2072716780540133583,1783009164353,celebrated-ocean-seagull,2072369340016476392,1002295020702130176,true,
2072716864804073570,1783009184443,delightful-reef-dipper,2072648039185928611,1953480106598625280,true,
2072716891756364000,1783009190870,cheery-nutmeg-towhee,,,,
2072717042340229234,1783009226771,great-mountain-brushturkey,2072712272770683350,1261335549215989760,true,
2072717151488639473,1783009252795,zappy-winter-thicketbird,2072703952982860143,,true,
2072717201858048453,1783009264803,great-mountain-brushturkey,,,,
2072717214226980892,1783009267752,imaginative-seawater-kestrel,2072705378480017656,1230555304670244864,true,true
2072717219578949732,1783009269028,neighborly-rhubarb-chickadee,2072506009101435022,1804235868015636480,true,
2072717232434528461,1783009272093,bold-samba-lovebird,2072411660283748444,1689028315410042880,true,true
2072717257696829919,1783009278117,diligent-brook-thrasher,2072699127536992476,1353868545533177857,true,
2072717287312748767,1783009285178,celebrated-ocean-seagull,2072692738026340763,1607800237065748487,true,
2072717365419118982,1783009303799,cheery-nutmeg-towhee,2072674151232626747,1303758301168050179,true,
2072717468599300142,1783009328399,approachable-oak-parakeet,2072308891396772082,1587130893616955393,true,
2072717603420688814,1783009360544,zappy-winter-thicketbird,2072459697290895551,863415707261947904,true,
2072717605618520235,1783009361068,great-mountain-brushturkey,2072459697290895551,863415707261947904,true,
2072717796291547284,1783009406527,zappy-winter-thicketbird,2072473547113734600,1546328123410620417,true,
2072717812779659774,1783009410458,eloquent-olive-grassbird,2072633238862917836,1210702435435655176,true,true
2072717908359221270,1783009433247,neighborly-rhubarb-chickadee,2072649195253649544,1501749399503917057,true,
2072717919629234673,1783009435933,diligent-brook-thrasher,2072700785436082609,354347533,true,
2072718001132933578,1783009455366,understanding-citrus-treerunner,2072285605472464941,887489515501342721,false,
2072718087107834196,1783009475863,celebrated-ocean-seagull,2072578029440884825,1807672242656178177,true,
2072718122822320360,1783009484379,cheery-nutmeg-towhee,,,,false
2072718183530635514,1783009498853,great-mountain-brushturkey,,,,
2072718229470941442,1783009509806,zappy-winter-thicketbird,2072371662310559902,3264318585,true,
2072718256482234407,1783009516246,revered-orchard-mallard,2072696009872826717,59150875,true,
2072718584422269432,1783009594432,neighborly-rhubarb-chickadee,,,,
2072718653032636810,1783009610790,diligent-brook-thrasher,2072709006208975303,,true,
2072718663778554317,1783009613352,matchless-tree-raven,2072681271566708832,25073877,false,
2072718670996914617,1783009615073,neighborly-rhubarb-chickadee,,,,
2072718673370869978,1783009615639,celebrated-ocean-seagull,2072684530419335319,,true,
2072718698058596513,1783009621525,cheery-nutmeg-towhee,2072556535062941728,1872269942642667520,true,
2072718707390906794,1783009623751,sublime-roots-petrel,2072302997959213125,1111976778065723393,false,
2072718731462291748,1783009629489,clean-grassland-penguin,2072681820613697625,1350322746132193282,true,
2072718755688321072,1783009635265,great-mountain-brushturkey,,,,
2072718772490719573,1783009639271,dauntless-foothill-waxbill,2072537850390679882,1552795969959636992,false,
2072718799640367200,1783009645744,zappy-winter-thicketbird,2072674898791534931,158701816,true,
2072718802802864594,1783009646499,neighborly-rhubarb-chickadee,,,,
2072718955005796782,1783009682787,diligent-brook-thrasher,2072637008527200398,1002752469456375808,true,
2072719122136183255,1783009722634,authentic-mango-quail,2072718562507030987,,true,
2072719140977037414,1783009727126,legendary-kiwi-petrel,2072421496446767141,3197063113,true,
2072719152381407403,1783009729845,doughty-sea-swamphen,2072531529297952780,1237947733207482369,false,
2072719168026116357,1783009733575,approachable-kiwi-tailorbird,2072351578514690429,2595400118,true,
2072719302650683855,1783009765673,diligent-brook-thrasher,2072677812092489834,1615158827376349185,true,
2072719314319192332,1783009768453,celebrated-ocean-seagull,2072677029758021849,2719977830,true,
2072719364688621666,1783009780462,cheery-nutmeg-towhee,2072539685826769379,312696314,true,
2072719366349590920,1783009780858,observant-cove-cuckoo,2072443298065613089,1331664706759700487,true,
2072719395395191117,1783009787784,great-mountain-brushturkey,2072636998527918358,2032750510328131586,true,
2072719400768082272,1783009789065,celebrated-ocean-seagull,2072702293166743920,,true,
2072719493541879911,1783009811183,imaginative-snow-friarbird,2072665202206671327,1248382272379785216,true,
2072719496385622226,1783009811861,zappy-winter-thicketbird,2072711056682541548,959151547925041159,true,
2072719500596933061,1783010244097,cosmic-root-grackle,2063967454271873239,2714847813,true,
2072719506468725151,1783009814265,neighborly-rhubarb-chickadee,2072656893529428082,1567893944289185794,true,true
2072719670004650324,1783009853255,diligent-brook-thrasher,,,,
2072719672428863918,1783009853834,cheery-nutmeg-towhee,2072706920234803252,926559943225987074,true,
2072719675130057079,1783009854477,celebrated-ocean-seagull,2072639415634014451,2457495050,true,
2072719692108612011,1783009858525,cheery-nutmeg-towhee,2072660172653089001,1524018543087521800,true,
2072719772563759186,1783009877708,great-mountain-brushturkey,2072645799847116856,1442287186246729728,true,
2072719786203656198,1783009880959,skillful-blossom-ibis,2072282021079212373,33402633,true,
2072719997558825282,1783009931350,zappy-winter-thicketbird,2072583102220632133,1872269942642667520,true,
2072720017251041430,1783009936046,celebrated-ocean-seagull,2072662283713425746,2037264278168760320,true,
2072720194833666154,1783009978385,great-mountain-brushturkey,2072677652096237704,1240089607951319042,true,
2072720200420458732,1783009979717,cheery-nutmeg-towhee,2072696009872826717,59150875,true,
2072720204845473880,1783009980771,great-mountain-brushturkey,2072683276230169040,1998832169633128448,true,
2072720292288323592,1783010001619,zappy-winter-thicketbird,2072712960481386581,3413416811,true,
2072720312026722375,1783010006326,celebrated-ocean-seagull,2072713774352453673,1923484873035218949,true,
2072720391689449620,1783010025318,outstanding-grass-sparrow,2072689623914946937,19017675,true,
2072720423461019962,1783010032894,kinetic-fir-frigatebird,2072644659818488152,398627964,true,
2072720435427295329,1783010035746,cheery-nutmeg-towhee,2072630084893118573,1322088049594032129,true,
2072720479987650609,1783010046371,great-mountain-brushturkey,2072641249996161425,584295012,true,
2072720528821878893,1783010058013,celebrated-ocean-seagull,,,,
2072720582009839880,1783010070694,neighborly-rhubarb-chickadee,,,,
2072720583612149783,1783010071076,effective-forest-lorikeet,2072669185323278345,246939630,false,
2072720618118668437,1783010079303,celebrated-ocean-seagull,,,,
2072720656504947042,1783010088456,fashionable-pistachio-friarbird,2072523068468076714,1448836295153831939,true,
2072720667590508648,1783010091097,virtuous-evergreen-bunting,2072662619626914195,,true,true
2072720871127457908,1783010139626,diligent-brook-thrasher,2072673884793414132,1132002680996597762,true,
2072721007513596042,1783010172143,happy-avocado-skimmer,2072717882962624925,1866641288084205568,true,
2072721032549466217,1783010178111,diligent-brook-thrasher,2072556205377999245,3154901153,true,
2072721040644747349,1783010180041,fascinating-oak-sandgrouse,2071733074925170875,1765697106616999936,true,true
2072721113155612719,1783010197329,neighborly-rhubarb-chickadee,2072675568659894740,1539486638614917120,true,
2072721278973456494,1783010236863,hypersonic-clay-lory,2072595737272361081,1121190563120734208,true,
2072721307595055502,1783010243687,cheery-nutmeg-towhee,2072708452980248803,1468644344458579972,true,
2072721419041997277,1783010270258,great-mountain-brushturkey,2072517419281568032,1855237857683644416,true,
2072721475115655587,1783010283627,neighborly-rhubarb-chickadee,2072442015837487367,1873997068957532160,true,
2072721623463997476,1783010318996,celebrated-ocean-seagull,,,,
2072721719639372132,1783010341926,zappy-winter-thicketbird,2072700550177497427,1351634041070563331,true,
2072721863336190253,1783010376186,chirpy-forest-junco,2072698862402211862,108968018,true,
2072721874413351310,1783010378827,determined-pine-triller,2072507912656658632,1305343517829591040,true,
2072721894738923976,1783010383672,festive-daylight-rooster,2072668025871028723,1795874174059040769,true,false
2072721909339324609,1783010387154,neighborly-rhubarb-chickadee,2072676711834038752,1448316882591883265,true,
2072721970550936021,1783010401748,brilliant-jackfruit-oriole,2072698862402211862,108968018,true,
2072721999822979471,1783010408727,cheery-nutmeg-towhee,2072675407569342467,1891663601779474433,true,
2072722010690490697,1783010411319,diligent-brook-thrasher,2072493511786504301,,true,
2072722061156377075,1783010423350,cheery-nutmeg-towhee,2072557690312688084,2030292565925232640,true,
2072722096027811937,1783010431664,great-mountain-brushturkey,2072655275660578895,1289560213587202049,true,
2072722191594947040,1783010454449,gregarious-star-shearwater,2072399488677765123,1446615421889753089,true,
2072722224532905999,1783010462302,diligent-brook-thrasher,2072377861080506498,1966116983088242688,true,
2072722237501702407,1783010465394,neighborly-rhubarb-chickadee,2072715851271197100,1545318827348590592,true,
2072722246938873980,1783010467644,consistent-rock-seagull,2072680613274849744,432895323,true,
2072722256300540104,1783010469876,cheery-nutmeg-towhee,2072693629538410940,1271698855050936320,true,
2072722320381133080,1783010485154,celebrated-ocean-seagull,2072718636796498313,1514543129004761090,true,
2072722369970401390,1783010496977,magnificent-redwood-robin,2072692738026340763,1607800237065748487,false,
2072722489289867424,1783010525425,cheery-nutmeg-towhee,2072585148512477506,1894523820876185600,true,
2072722534152516100,1783010536121,natural-horseradish-egret,2072519379175301281,1319287761048723458,true,
2072722602389295458,1783010552390,great-mountain-brushturkey,2072707651641708601,,true,true
2072722749533909113,1783010587473,celebrated-ocean-seagull,2072557688081547617,1844399053783867392,true,
2072722756215443841,1783010589065,content-persimmon-songlark,2072719759251321274,1598008034197835776,true,
2072722838872539556,1783010608772,approachable-oak-parakeet,2072445044217241782,18396319,true,
2072722909169143846,1783010625532,modern-kelp-friarbird,2072656607406686363,1915405915085561861,true,true
2072723045077147697,1783010657935,independent-coast-fantail,2072677472999461003,,true,
2072723066820473260,1783010663119,great-mountain-brushturkey,2072649605603619292,1464472169765912577,true,
2072723217110724783,1783010698951,eccentric-valley-thrush,2072353156584161381,1748492428489703424,true,
2072723244822503624,1783010705558,thoughtful-tigerwood-albatross,2072711064861442146,,true,
2072723256142897335,1783010708258,zappy-winter-thicketbird,2072487293428854871,2360591046,true,
2072723293480599682,1783010717160,diligent-brook-thrasher,2072543704103965066,924623072270979072,true,
2072723411583873502,1783010745318,courteous-moon-softbill,2072390976698519984,1092744302923522048,true,
2072723451194786246,1783011184392,cosmic-root-grackle,2072495210517700883,19709816,true,
2072723528575500417,1783010773210,thoughtful-tigerwood-albatross,2072711363101630780,,true,
2072723539908497488,1783010775912,skillful-blossom-ibis,2072691600476766223,39308549,true,
2072723547332784362,1783010777682,grand-coast-thrasher,2072671830968607167,1263491240336769026,false,
2072723580714950796,1783010785642,peaceful-hillside-thrush,2072466089494356078,1721556724660764672,true,
2072723664588374457,1783010966503,cosmic-root-grackle,2072697365908033803,1408882626056892425,true,
2072723688714047730,1783010811390,celebrated-ocean-seagull,2072557494115901900,983812710583291905,true,
2072723721765167397,1783010819270,inventive-beach-osprey,2072711064861442146,,false,
2072723875063095651,1783010855819,dynamic-hazelnut-sandgrouse,2072335807474442384,87027640,true,
2072723896495730794,1783010860929,zappy-winter-thicketbird,2072698834438730046,1651386864316579843,true,
2072723947905249283,1783010873186,neighborly-rhubarb-chickadee,2072707148707246562,2024679536110292994,true,
2072724117296500781,1783010913572,celebrated-ocean-seagull,,,,
2072724119607537943,1783010914123,glowing-seedlings-nightingale,2072662701440967032,728252911675944961,true,
2072724236838359084,1783010942074,responsible-wind-chicken,2072442175317504430,1487649061717123076,false,
2072724391557796325,1783010978961,reliable-holly-spoonbill,2072716956281499885,,true,
2072724395080982669,1783010979802,cheery-nutmeg-towhee,2072713240774074494,,true,
2072724411728232577,1783010983770,eloquent-hazelnut-shorebird,2072473021994971344,,true,
2072724553772499044,1783011017636,zappy-winter-thicketbird,2072549206288384296,1618852582423773185,true,
2072724579013869736,1783011023654,intriguing-evergreen-nightjar,2072614842582663437,76766018,true,
2072724599045750820,1783011028430,steady-sea-flatbill,2072479963400544269,256154569,true,
2072724606914363589,1783011030307,celebrated-ocean-seagull,2072597157169787133,,true,
2072724653504680282,1783011041414,flowing-lime-towhee,2072715837509603669,1702669032141303808,true,
2072724694692675929,1783011051234,great-mountain-brushturkey,2072715704311128288,1391774422747566087,true,
2072724810417791054,1783011078825,chirpy-hillside-pipit,2072534457983054147,1385351121603076101,true,
2072724845415035229,1783011087169,neighborly-rhubarb-chickadee,,,,
2072724914256187802,1783011103583,diligent-brook-thrasher,2072720499428249889,1362908008586637313,true,
2072724921688473739,1783011105355,cheery-nutmeg-towhee,,,,
2072724922472989144,1783011105541,lovely-mango-junco,2072505810203111676,1720813157013217280,true,
2072724965502157162,1783011115801,diligent-brook-thrasher,2072495845946130750,1184637024336265216,true,
2072724967842550170,1783011116359,celebrated-ocean-seagull,,,,
2072725017880658286,1783011128289,grateful-mango-duck,2072715292237578661,1589986640587640834,true,
2072725086524543415,1783011144654,great-mountain-brushturkey,2072675080002302314,1357363561094332416,true,
2072725400417906924,1783011219493,sunny-apricot-goshawk,2072668025871028723,1795874174059040769,false,
2072725407212745197,1783011221112,energizing-watermelon-grosbeak,2072715181441114522,,true,
2072725664881639556,1783011282545,vibrant-apricot-raven,2072684305159954727,115186195,true,
2072725703057883180,1783011291647,mighty-samba-flatbill,2072676686076735928,163928198,true,
2072725795873980653,1783011431412,cosmic-root-grackle,2072490072230826013,1811513431922733056,true,
2072725804648103937,1783011315868,sensational-harvest-nightjar,2072652417720590625,1344750588026900481,true,true
2072725881957548517,1783011334301,cheery-nutmeg-towhee,2072665202206671327,1248382272379785216,true,
2072725887636652390,1783011335654,active-earth-tern,2072316260004581759,835089709,true,
2072725953571062041,1783011351374,zappy-winter-thicketbird,2072716344886198725,1957587245587910656,true,
2072725978422587637,1783011357300,steady-sycamore-songlark,2072671197922271295,1921284159831678976,true,
2072726025859969259,1783011368609,dynamic-birch-nightingale,2072716056678850841,,true,
2072726059376910465,1783011376601,courteous-sycamore-treerunner,2072221743268450770,,true,
2072726087008702716,1783011383188,lithe-apple-towhee,2072034971129123246,2004663382713270272,false,
2072726129362735422,1783011393286,neighborly-rhubarb-chickadee,2072516126580560158,131473904,true,
2072726517692411999,1783011485872,neighborly-rhubarb-chickadee,2072518898981708279,41194235,true,
2072726520007700908,1783011486423,diligent-brook-thrasher,2072521138001830112,324076290,true,true
2072726524055175194,1783011487388,dynamic-coast-dipper,2072626290335658049,1618046809519304704,false,
2072726604216959234,1783011506501,pioneering-pistachio-flatbill,2072708528725217565,1791504138632630272,true,
2072726606846611767,1783011507128,great-mountain-brushturkey,2072639347279478933,1552704429924749313,true,
2072726694675333590,1783011528068,playful-cherry-lovebird,2072708468188799449,28076891,true,
2072727082430255572,1783011620515,zappy-winter-thicketbird,2072717362013278427,1289004775367946247,true,
2072727216140480728,1783011652394,marvelous-glacier-snowfinch,2072568453693603915,1920601980638052352,false,
2072727258096128209,1783011662397,altruistic-frost-auklet,2072523283568734417,3054763455,false,
2072727304443179397,1783011673448,enlivened-walnut-grosbeak,2072429104196878563,1786483151394537472,true,
2072727320817713348,1783011677351,neighborly-rhubarb-chickadee,2072709081622614273,1261335549215989760,true,
2072727335288074566,1783011680802,diligent-brook-thrasher,2072564051712852188,2036203635273768960,true,
2072727389327790195,1783011693685,capable-pineapple-goose,2072052174213759334,1748155041792323584,true,
2072727428376457604,1783011702995,celebrated-ocean-seagull,2072697503137280280,,true,true
2072727485163147758,1783011716534,wholesome-mesa-falcon,2072712272770683350,1261335549215989760,false,
2072727577500750203,1783011738549,temperate-shoreline-hawk,2072722973367447761,914137592987340800,true,
2072727610455691453,1783011746407,outstanding-sun-pelican,2072528186529751515,1464732617786413059,true,
2072727666378056150,1783011759740,diligent-brook-thrasher,,,,
2072727743813276016,1783011778201,cheery-nutmeg-towhee,2072716190191870222,1289004775367946247,true,
2072727751082012919,1783011779934,celebrated-ocean-seagull,2072699096054530506,1856630881315659776,true,
2072727758942155031,1783011781807,celebrated-ocean-seagull,2072655887043543435,,true,
2072727891419213977,1783011813394,zappy-winter-thicketbird,,,,false
2072728031295095146,1783011846742,exceptional-seashore-sandgrouse,2072484478568538547,1267448422237437952,true,
2072728178775269787,1783011881904,heroic-sun-wader,2072615502451818518,901040843817144320,true,
2072728250950848819,1783011899112,neighborly-rhubarb-chickadee,2072557545000984810,1683209601573945347,true,
2072728353220800615,1783011923495,focused-strawberry-sparrow,2072380349427118575,1552067520575799298,false,false
2072728431310311605,1783011942113,profound-conifer-sandpiper,2069036228729803069,1996148024436031489,true,
2072728492886651083,1783011956794,diligent-brook-thrasher,2072681297059746057,,true,
2072728493549670791,1783011956953,compassionate-rosewood-flowerpecker,2072543704372404406,1005535676,true,
2072728562545700902,1783011973403,sensible-creek-kite,2072717753400660131,17525171,false,
2072728562923110516,1783011973492,cheery-nutmeg-towhee,2072390976698519984,1092744302923522048,true,
2072728584133726242,1783011978550,sunny-pecan-francolin,2072460523908821269,45516657,true,
2072728610092257468,1783011984738,diligent-brook-thrasher,2072715960746713245,5402612,true,true
2072728641729929444,1783011992282,great-mountain-brushturkey,2072670646207713432,336145425,true,
2072728708234842176,1783012008138,zappy-winter-thicketbird,,,,
2072728712294875629,1783012009106,confident-grass-parrot,2072652417720590625,1344750588026900481,true,true
2072728756125569168,1783012019555,skillful-blossom-ibis,2071741447423058066,1569400849130049537,true,
2072728934429381048,1783012062066,neighborly-rhubarb-chickadee,2072677007884697983,,true,
2072728940758839588,1783012217639,cosmic-root-grackle,2072661457183949264,1859985284714102784,true,
2072729009125806181,1783012079876,diligent-brook-thrasher,2072624017110872343,1791063102273781760,true,
2072729099374571784,1783012101392,cheery-nutmeg-towhee,2072573223557075432,2220269617,true,
2072729179041472813,1783012120386,civil-dune-quetzal,2072715818253864978,1963048434866262016,true,
2072729352513474657,1783012161746,great-mountain-brushturkey,2072713785832276128,415810385,true,true
2072729512802943220,1783012199961,resourceful-beech-softbill,2072623366154936687,1524339446941945858,true,
2072729523876225301,1783012202601,endearing-vine-osprey,2072466013828874258,461527998,true,
2072729573805203936,1783012361914,cosmic-root-grackle,2071682967408185811,1367531,true,
2072729745918153145,1783012255540,transparent-rosewood-duck,2072372919502516526,891137341,true,
2072729775076983133,1783012262492,inquisitive-wood-condor,2072652043760648216,2380699632,true,
2072729839136551180,1783012277765,placid-mango-shearwater,2072533635551396172,1267461905192493056,true,
2072729845612589254,1783012279309,zappy-winter-thicketbird,,,,
2072729901212323868,1783012292566,strong-plum-bittern,2072302909883064635,2009547872463925248,true,
2072730085161853410,1783012336423,wholesome-mesa-falcon,2072709081622614273,1261335549215989760,false,
2072730205718716599,1783012365166,neighborly-rhubarb-chickadee,2072689466574090624,1947406673242464257,true,
2072730336782401682,1783012396413,celebrated-ocean-seagull,,,,
2072730415815614681,1783012415256,cheery-nutmeg-towhee,,,,
2072730506630733824,1783012436908,legendary-kiwi-petrel,2072541064641101991,929298470,true,true
2072730547730653395,1783012446708,magical-kiwi-pheasant,2072609525497212953,,true,true
2072730616185946151,1783012463029,calm-prairie-bulbul,2072665341063532653,1175126651816091648,true,
2072730644434604375,1783012469764,graceful-sunlight-peacock,2072670713824067876,1129767161063444481,true,
2072730755201974403,1783012496173,great-mountain-brushturkey,2072634162272465246,,true,
2072730757437518164,1783012496705,cheery-nutmeg-towhee,2072634162272465246,,true,
2072730827075850527,1783012598391,cosmic-root-grackle,2072641975032103341,1260565827700633601,true,
2072730849225629875,1783012518589,skillful-blossom-ibis,2071733710962012489,237862972,true,
2072730849477263657,1783012518649,zappy-winter-thicketbird,2072681835486650422,,true,
2072730959217061900,1783012544813,neighborly-rhubarb-chickadee,2072448150594572635,1539476834420662274,true,
2072730961884696782,1783012545450,diligent-brook-thrasher,2072661717486600213,1913600473170624512,true,
2072731018532917612,1783012558955,celebrated-ocean-seagull,,,,
2072731027219329433,1783012561026,cheery-nutmeg-towhee,,,,
2072731084039553179,1783012574573,artistic-sunflower-finfoot,2072668488674562524,,false,
2072731105615397310,1783012579718,cosmic-acorn-firetail,2071887116301398208,346913686,false,
2072731131649175781,1783012585924,diligent-brook-thrasher,2072698470264082762,750683331260321792,true,
2072731137181417571,1783012587244,explorative-mountain-lory,2072288992121311373,,true,
2072731207956042111,1783012604117,original-tide-turkey,2072692544153202749,1659949726618497029,true,
2072731236070523299,1783012610820,civil-river-stilt,2072715597926805683,1546972236170543110,true,
2072731375875064001,1783012644153,cheery-nutmeg-towhee,,,,
2072731390269911079,1783012647584,zappy-winter-thicketbird,2072725481439351174,,true,
2072731393634017552,1783012648387,gumptious-acorn-kookaburra,2072704683446055176,2039466542568464385,false,
2072731440081490340,1783012659461,neighborly-rhubarb-chickadee,2072726998179533000,914815520842616834,true,
2072731454690238549,1783012662943,neighborly-rhubarb-chickadee,,,,
2072731472180449331,1783012667114,celebrated-ocean-seagull,2072456963854606521,1799142876246392832,true,
2072731552417521783,1783012686243,celebrated-ocean-seagull,2072722920749904078,309587728,true,
2072731650476105985,1783012709622,zappy-winter-thicketbird,2072581287043571961,744222561047740416,true,
2072731704142262622,1783012722417,neighborly-rhubarb-chickadee,2072659858898247790,979335888600817665,true,
2072731789567656363,1783012742784,astounding-moss-leaflove,2072575932582289812,1297850558003531780,true,
2072731891141124516,1783012767002,whimsical-moss-magpie,2072716169547485345,17469289,true,
2072731911181463837,1783012771780,great-mountain-brushturkey,2072650491511914712,1269983934940622848,true,
2072732082111946815,1783012812533,zappy-winter-thicketbird,2072728488038027342,2032832046842667008,true,
2072732240774037796,1783012850360,futuristic-willow-crimsonwing,2072647418911342746,1747676247029673984,true,
2072732251251478750,1783012852859,neighborly-rhubarb-chickadee,2072725486560772098,1276825208679043075,true,
2072732338698477822,1783012873707,diligent-brook-thrasher,2072667894278680978,1454341392801488902,true,
2072732355089875015,1783013066823,cosmic-root-grackle,2072376325046718566,1874046817102684160,false,
2072732639480492078,1783012945419,glowing-mulberry-condor,2072316335506198652,1079663979432239105,true,
2072732641128755244,1783012945812,neighborly-rhubarb-chickadee,2072659196445634646,1737235469094559745,true,
2072732680341307523,1783012955161,great-mountain-brushturkey,2072658767758377284,,true,
2072732707851809102,1783012961720,zappy-winter-thicketbird,,,,
2072732710183776383,1783012962276,bold-freshwater-lovebird,2072030302181175691,15986949,false,
2072732721013457240,1783012964858,celebrated-ocean-seagull,,,,
2072732867675713732,1783012999826,cheery-nutmeg-towhee,2072712466543587429,1319287761048723458,true,
2072732992682791286,1783013029629,great-mountain-brushturkey,2072691427449110784,1370641767830233091,true,
2072733048479637598,1783013042933,neighborly-rhubarb-chickadee,,,,
2072733084978381273,1783013051635,zappy-winter-thicketbird,2072712401682649260,2060034714832945156,true,
2072733090795966913,1783013053022,diligent-brook-thrasher,2072545332764754089,963464875065466880,true,
2072733164183662831,1783013070519,hopeful-valley-blackbird,2072484608260628744,1093316583160729600,true,false
2072733208827802016,1783013081163,hip-pond-crossbill,2072261453252325631,31090827,true,
2072733401992384714,1783013127216,intelligent-peachtree-condor,2072658292921315560,,true,
2072733516995940788,1783013154635,skillful-blossom-ibis,2071714059301360063,31801993,true,
2072733614861664509,1783013177968,diligent-brook-thrasher,2072677015266746731,2065043224339574784,true,
2072733968118460893,1783013262191,neighborly-rhubarb-chickadee,2072699009785872730,275618466,true,
2072734199493312881,1783013317356,outstanding-sun-pelican,2072617953766355387,1227570612798992384,true,
2072734251900961249,1783013329850,intentional-grass-pheasant,2072595043643465753,1836888768256589824,true,
2072734309148963025,1783013343499,wise-rhubarb-stork,2072648108580679811,1225234593789423616,false,
2072734324634374532,1783013347191,helpful-willow-cuckoo,2072676999424860352,359314002,true,
2072734554272510093,1783013401941,celebrated-ocean-seagull,2072545805349663225,886491173086523393,true,
2072734608400216306,1783013806397,cosmic-root-grackle,2072682956846469409,27493883,true,
2072734671620669644,1783013429919,early-kelp-tinamou,2072720388585320462,3372295174,true,false
2072734749777449274,1783013448553,cheery-nutmeg-towhee,2072663597566603275,1304036488305233923,true,
2072734826516381945,1783013466849,stellar-coral-condor,2072675583943713040,1909841318026592256,false,
2072734869952643273,1783013477206,great-mountain-brushturkey,2072681975714832710,205192240,true,
2072734884640981320,1783013480708,humble-mangrove-piculet,2072693427934810326,16331010,true,false
2072734977855549841,1783013502931,sensible-pond-finfoot,2072622056319987923,69425704,true,
2072735029772329418,1783013515310,wholesome-raspberry-stilt,2072581287043571961,744222561047740416,true,
2072735037913440394,1783013517251,wholesome-raspberry-stilt,2072691427449110784,1370641767830233091,true,
2072735043374518605,1783013518552,wholesome-raspberry-stilt,2072712272770683350,1261335549215989760,true,
2072735051142291555,1783013520404,wholesome-raspberry-stilt,2072720295148892556,19091173,true,
2072735269925552422,1783013572567,wise-garden-cockatoo,2071936232075002044,1835376844775825408,true,
2072735604048277638,1783013796756,cosmic-root-grackle,2072094817870630912,1892594777075417088,false,
2072735653817892976,1783013664093,sensible-creek-kite,2072697051192713484,1858322876,true,
2072735661124121058,1783013665835,spunky-lowland-cardinal,2072669543600685326,,true,
2072735772197703712,1783013692317,zappy-winter-thicketbird,2072435545154699475,1664294648225857537,true,
2072735802224697667,1783013699476,celebrated-ocean-seagull,2072674151232626747,1303758301168050179,true,
2072735845140820234,1783013709709,neighborly-rhubarb-chickadee,2072679027265962247,1222773302441148416,true,
2072735935549038927,1783013917178,cosmic-root-grackle,2072379940880912423,1611736471739801600,false,
2072735966557618321,1783013738657,neat-canopy-raven,2072658292921315560,,true,
2072736058605785412,1783013760603,chipper-shoreline-lapwing,2072649707575255366,862382233868480512,true,
2072736128629899688,1783013909654,cosmic-root-grackle,2072728290356609371,78523300,false,
2072736185252815345,1783013790797,intelligent-peachtree-condor,2072658313582362665,,true,true
2072736211031245068,1783013796943,fantastic-summer-nightjar,2072716471105401323,889095804312469505,true,
2072736286159577170,1783013814855,great-moonlight-eagle,2072466559612629115,1157689921349521410,true,
2072736352068903120,1783013830569,fantastic-summer-nightjar,2072717407894769941,,true,
2072736511506927657,1783013868583,polite-clay-peacock,2072330706538086485,,false,
2072736524261802433,1783013871623,optimistic-bamboo-mallard,2072694395409735982,1552795969959636992,true,
2072736701022457943,1783013913766,aquatic-canyon-wigeon,2072418474576486578,2031529186360438784,true,
2072736817120739768,1783013941446,respectful-cactus-woodpecker,2072318969055191307,1789429185049497600,true,
2072736926130409868,1783013967436,cheery-nutmeg-towhee,2072549578360975612,1153045459,true,
2072737391509393721,1783014078392,diligent-brook-thrasher,2072702836241281151,,true,
2072737400615530589,1783014464733,cosmic-root-grackle,2072699688864899145,1930672664819236864,false,
2072737530378633400,1783014111500,celebrated-ocean-seagull,,,,
2072737543100019179,1783014114533,cheery-nutmeg-towhee,2072652417720590625,1344750588026900481,true,true
2072737616919707682,1783014132133,great-mountain-brushturkey,2072497531637088508,1742733163401490432,true,
2072737625639915946,1783014134212,daring-peanut-pheasant,2072684264634581474,291740186,true,
2072737662671180142,1783014143041,great-mountain-brushturkey,2072625546832277833,1638214621222825985,true,
2072737700893937725,1783014152155,effervescent-pond-turkey,2072568393291485675,2537840366,true,
2072737843659829736,1783014186192,transcendent-peppermint-skylark,2072659196445634646,1737235469094559745,false,
2072737922525081626,1783014204995,zappy-winter-thicketbird,2072686106609394029,374752807,true,true
2072737922680258623,1783014205033,dynamic-tanoak-scaup,2072387055905030414,702135223371304960,true,
2072737929609285832,1783014206685,neighborly-rhubarb-chickadee,2072473547113734600,1546328123410620417,true,
2072737950027096491,1783014211552,cherished-avocado-stilt,2072732948420337782,3207545212,true,
2072737959804051544,1783014213884,neighborly-rhubarb-chickadee,2072730094733316106,2025332022059921408,true,
2072738019648426087,1783014228151,diligent-brook-thrasher,2072641386424279149,1287364196083085312,true,
2072738023897452867,1783014355526,cosmic-root-grackle,2072708145038889362,1319287761048723458,true,
2072738100774568182,1783014247493,celebrated-ocean-seagull,2072686234946666957,1593299133292503041,true,
2072738103471513714,1783014248137,cheery-nutmeg-towhee,,,,
2072738105996529794,1783014248738,great-mountain-brushturkey,,,,
2072738109138059711,1783014249487,diligent-brook-thrasher,2072674898791534931,158701816,true,
2072738116658401498,1783014251280,zappy-winter-thicketbird,,,,
2072738168005095474,1783014263522,neighborly-rhubarb-chickadee,2072694772326605279,1492320818474500101,true,
2072738293192495128,1783014293369,academic-horseradish-waxbill,2072226115750703389,1242448062804561920,true,
2072738381394821147,1783014314398,efficient-honeydew-treerunner,2072628916536455433,118763308,true,
2072738428190339258,1783014325555,diligent-brook-thrasher,2072726566811959755,1261335549215989760,true,
2072738447752589357,1783014330219,sensible-isle-brushturkey,2072681271566708832,25073877,true,
2072738457034559882,1783014332433,eloquent-wind-spoonbill,2067557316644552743,3222093043,true,
2072738633849753778,1783014374588,celebrated-ocean-seagull,2072732320897937445,1526309625267687425,true,
2072738657023209890,1783014380113,hopeful-tigerwood-peafowl,2072031437511950454,295875160,true,
2072738703500316807,1783014391195,groovy-woodland-sandgrouse,2072668877499101527,1121375429884039175,true,
2072738925790089251,1783014444192,cheery-nutmeg-towhee,2072661812017860875,1629035310,true,
2072739069675602240,1783014478498,great-mountain-brushturkey,,,,
2072739274169151853,1783014527252,efficient-honeydew-treerunner,2072533449462997269,2034329049066283008,false,
2072739372219220448,1783014550629,incredible-moonlight-woodpecker,2072645799847116856,1442287186246729728,false,
2072739473197350946,1783014574704,frank-daylight-peacock,2072638323705712739,1492583727406493699,true,
2072739501688963525,1783014581498,warm-branch-flamingo,2072711363101630780,,false,
2072739634312823112,1783014613117,tectonic-aspen-wigeon,2072534457983054147,1385351121603076101,true,
2072739690760093847,1783014823312,cosmic-root-grackle,2072311889455980665,1179455215,false,
2072739770690576850,1783014645633,zappy-winter-thicketbird,2072416218888200606,1457168841814036485,true,
2072739821760438566,1783014657808,celebrated-ocean-seagull,,,,
2072739844342595758,1783014663193,neighborly-rhubarb-chickadee,2072727352769904707,2239870198,true,
2072739869042884994,1783014669081,diligent-brook-thrasher,2072713157571740114,1787730161388929024,true,
2072739883366359509,1783014672496,celebrated-ocean-seagull,2072607034663473204,159801613,true,
2072739887573348502,1783014673499,cheery-nutmeg-towhee,2072618293584887940,573295531,true,
2072739944586424453,1783014687092,kinetic-branch-turkey,2072462025264136285,2021904373241331712,false,
2072740023330394191,1783014705867,cheery-nutmeg-towhee,,,,
2072740056708591784,1783014713824,great-mountain-brushturkey,,,,
2072740073309647216,1783014717783,electric-poplar-duck,2072456275019927883,487297085,false,
2072740104989192268,1783014725335,great-mountain-brushturkey,,,,
2072740178804744479,1783014742934,splendid-desert-shearwater,2072725151028809734,55007258,true,
2072740198731895112,1783014747685,zappy-winter-thicketbird,2072718420752445476,815942827968495616,true,
2072740200740987003,1783014748165,noble-vine-flatbill,2072731728519598106,,true,
2072740224099144018,1783014753734,neighborly-rhubarb-chickadee,2072563974424719795,,true,
2072740238263288248,1783014757111,benevolent-juniper-goldfinch,2072623643863962058,,true,
2072740299319722182,1783014771667,zappy-winter-thicketbird,2072687352439251397,1339932563771707392,true,true
2072740299437445545,1783014771695,genuine-cloud-grouse,2071963545768771684,8736882,true,
2072740369582674085,1783014788419,diligent-brook-thrasher,2072707203476476004,1754551087926063105,true,
2072740391645003813,1783014793679,authentic-cherry-seabird,2072516337579008501,1666838408461688833,true,
2072740518912733364,1783014824022,worldly-hillside-toucan,2072703504213266469,193500696,true,true
2072740519151603836,1783014824080,celebrated-ocean-seagull,2072727379689009301,2379056251,true,
2072740711003230216,1783014869821,cheery-nutmeg-towhee,,,,
2072740788082004340,1783014888198,great-mountain-brushturkey,2072726092302135520,1644425579498983425,true,
2072740864976433391,1783014906531,loyal-sun-condor,2072589826629472303,1789683992876265472,true,
2072741069343633614,1783014955256,zappy-winter-thicketbird,2072713866103185805,,true,
2072741075505078339,1783014956724,neighborly-rhubarb-chickadee,2072612903078023350,2054125952196866048,true,
2072741182824685911,1783014982311,luminous-rainfall-fantail,2072587353722433924,1678818368869003281,true,
2072741196632359012,1783014985603,diligent-brook-thrasher,2072692325453885802,,true,
2072741214604980429,1783014989889,celebrated-ocean-seagull,,,,
2072741221580099598,1783014991551,cheery-nutmeg-towhee,,,,
2072741303117316135,1783015010992,great-mountain-brushturkey,2072716169547485345,17469289,true,true
2072741310067597474,1783015012648,lovable-ocean-treerunner,2072664182638448716,738837158216114176,true,
2072741460261187896,1783015048457,zappy-winter-thicketbird,2072723244692406330,1660026182392246272,true,
2072741566976827536,1783015073901,authentic-peat-wigeon,2072664134748127446,326756275,true,
2072741630163951858,1783015088966,nice-maple-whistler,2072329860161126888,326756275,true,
2072741661789114748,1783015096505,neighborly-rhubarb-chickadee,2072720499428249889,1362908008586637313,true,
2072741664507195598,1783015662479,cosmic-root-grackle,2072487732329279675,1259862054,false,
2072741710073922039,1783015108017,diligent-brook-thrasher,,,,
2072741731511001412,1783015113128,celebrated-ocean-seagull,2072620799752888357,1850925430959919104,true,
2072741821088710879,1783015134485,splendid-ridge-flycatcher,2072649463647076556,862382233868480512,true,
2072741855381303522,1783015142661,cheery-nutmeg-towhee,2072735151134490683,452540168,true,
2072741872213098621,1783015146674,neighborly-rhubarb-chickadee,2072722556616942043,1140577490295054336,true,
2072741939397472309,1783015162692,great-mountain-brushturkey,2072703477998813329,1381612737726451716,true,
2072741951812645323,1783015165652,ambitious-rose-quail,2072661043533529578,,true,
2072741952823369863,1783015165893,persistent-wind-crake,2072652115491635490,4680351379,true,
2072742020121325904,1783015181939,sensible-field-flamingo,2072700573485539403,216881337,true,
2072742143857410505,1783015211440,enlightened-summer-turkey,2072263324025188740,1943244852516323328,true,
2072742370865459302,1783015265562,frank-daylight-peacock,2072300864870682676,1466149505926156293,true,
2072742373604643257,1783015266215,sociable-trail-snowfinch,2072481630724190251,340398500,true,
2072742605218029997,1783015321436,zappy-winter-thicketbird,2072687304330616924,2031592640639332353,true,
2072742629532422628,1783015327234,neighborly-rhubarb-chickadee,2072677343466831877,1507809240014102534,true,
2072742685320880449,1783015340535,diligent-brook-thrasher,,,,
2072742725158613322,1783015350032,articulate-mango-hummingbird,2072653510873645082,1943761966364770304,true,
2072742728564170981,1783015350844,celebrated-ocean-seagull,,,,
2072743162339270921,1783015454264,magnetic-magnolia-ostrich,2072465500656062898,,true,
2072743231448650167,1783015470742,poetic-redwood-ibis,2072681271566708832,25073877,false,
2072743243792728338,1783015473684,mighty-meadow-pipit,2072735971477533038,,false,
2072743274037629173,1783015480895,explorative-fig-kingfisher,2072652136286941402,1586054864240525315,true,
2072743281046311225,1783015482567,glamorous-pistachio-emu,2072613869533446305,3407513523,false,
2072743359525838868,1783015501277,tropical-spruce-rooster,2072486494825037874,1513854937129795591,true,
2072743371244994901,1783015504071,zesty-lumber-bulbul,2071774162109317421,1996855737247768576,true,
2072743405533474988,1783015512247,celebratory-apricot-rooster,,,,
2072743410809622655,1783015513504,cheery-nutmeg-towhee,2072501096690360671,,true,
2072743423963206027,1783015610983,cosmic-root-grackle,2066605344181088406,1687083754991562752,true,
2072743430938148932,1783015518303,diligent-brook-thrasher,2072697129483812886,1344618918346772481,true,
2072743469345308875,1783015527460,great-mountain-brushturkey,2072726745602752717,2327098700,true,
2072743541269315737,1783015544608,celebrated-ocean-seagull,2072736250855870498,1503098159983206404,true,
2072743551834730584,1783015547127,zappy-winter-thicketbird,2072665947073020316,1057013022483496960,true,
2072743575377314258,1783015552741,nifty-brook-kestrel,2072677731804885155,1316995857242378240,true,
2072743626669732008,1783015564970,zappy-peppermint-kite,2072405419994067272,84200827,true,
2072743631664914831,1783015566160,neighborly-rhubarb-chickadee,2072721093077455075,97239626,true,
2072743757989007634,1783015596278,cheery-rosewood-magpie,2072693427934810326,16331010,false,
2072743878705188873,1783015625060,diligent-brook-thrasher,,,,
2072743928722530408,1783015636984,wholesome-raspberry-stilt,2072680222307086362,1562514740261244929,true,
2072743930274136419,1783015637354,cheery-nutmeg-towhee,2072456360298746342,1793452863781552128,true,
2072743932685914462,1783015637929,celebrated-ocean-seagull,2072456360298746342,1793452863781552128,true,
2072743942999998713,1783015640389,wholesome-raspberry-stilt,2072646851317166239,1990335107430068224,true,
2072743950469984383,1783015642169,wholesome-raspberry-stilt,2072707203476476004,1754551087926063105,true,
2072744048926822643,1783015665644,colorful-desert-grebe,,,,
2072744159077679318,1783015691905,cheery-nutmeg-towhee,2072724297601151111,1586750869483167744,true,
2072744218678730939,1783015706115,great-mountain-brushturkey,2072688857724665880,1388112933406846976,true,
2072744399436493207,1783015749211,jovial-sycamore-greenbul,2072721044159287361,1573399256836309009,false,
2072744423759171794,1783015755010,poetic-moon-catbird,2072483803927380356,1760662487299473408,true,true
2072744442277384392,1783015759426,orderly-branch-barbet,2072227986099798031,2295832400,false,
2072744466230694120,1783015765136,zappy-winter-thicketbird,2072628920193597910,1463777982246445057,true,
2072744468692828461,1783015765723,neighborly-rhubarb-chickadee,,,,
2072744530756121054,1783015948209,cosmic-root-grackle,2072661457183949264,1859985284714102784,false,
2072744576016638064,1783015791311,diligent-brook-thrasher,2072732538490007844,32474693,true,
2072744582912094640,1783015792955,goodhearted-avocado-flameback,2072670065745694903,2435,true,
2072744610687053907,1783015799577,strong-sun-wigeon,2072718651166282232,2274723916,true,
2072744682275422570,1783015816646,joyful-poplar-recurvebill,2072664134748127446,326756275,false,
2072744887540212170,1783015865584,frank-daylight-peacock,2072441365569663256,1604091789992132611,true,
2072744964493336919,1783015883931,great-moonlight-eagle,2072466743499296917,1157689921349521410,true,
2072745324515566068,1783015969768,great-moonlight-eagle,2070940650145447963,1776403684462575616,true,
2072745399991849411,1783015987762,expressive-frost-motmot,2072649463647076556,862382233868480512,true,
2072745449782477081,1783015999633,affable-island-seedeater,2072313718155731166,895813380560355328,true,
2072745530602532935,1783016018903,celebrated-ocean-seagull,2072637499617243177,3065788517,true,
2072745762983674000,1783016074306,cheery-nutmeg-towhee,2072661931748475123,776827842,true,
2072745804096258083,1783016084111,great-mountain-brushturkey,2072736557484626124,726076562,true,
2072745871104508342,1783016100084,zappy-winter-thicketbird,2072719450949009893,,true,
2072746106820190346,1783016156283,joyful-mulberry-kingbird,,,,
2072746471800119582,1783016243302,shrewd-oak-peafowl,2072732320897937445,1526309625267687425,false,
2072746496512991437,1783016249193,neighborly-rhubarb-chickadee,2072661659437400411,1767534391780167680,true,
2072746567791169706,1783016266188,rollicking-grapefruit-bushlark,2072012653275332654,1062387103462514690,false,
2072746658710933973,1783016287865,diligent-brook-thrasher,2072586921021407313,1825757098807803904,true,
2072746868296040644,1783016337833,celebrated-ocean-seagull,,,,
2072746951091626056,1783016357573,cheery-nutmeg-towhee,,,,
2072746981861060703,1783016364909,comical-cantaloupe-whistler,2072410440836018265,548632136,true,
2072747061897031987,1783016383991,dynamic-wind-lory,2072334098375507989,145599783,false,false
2072747132704952655,1783016400873,great-mountain-brushturkey,,,,
2072747135217414219,1783016401472,zappy-winter-thicketbird,,,,
2072747232043151597,1783016424557,marvelous-rock-nightjar,2071301539583697188,770619360062898176,true,
2072747265026916618,1783016432421,spunky-cedar-goshawk,2072732450938097710,1338942488229376009,true,
2072747381586633083,1783016460212,neighborly-rhubarb-chickadee,,,,
2072747515871371484,1783016492227,diligent-brook-thrasher,2072725487156445303,3185716686,true,
2072747569621454986,1783016505042,clever-mist-robin,2072704350908981380,15002138,true,
2072747575845990868,1783016506526,sparkly-strawberry-stork,2072399308356194703,789067312552960000,true,
2072747663607394591,1783016527450,celebrated-ocean-seagull,2072322813462028779,1269778306838204420,true,
2072747821283889539,1783016565043,genuine-blossom-crimsonwing,2072427448059179119,778247771539275776,false,
2072747857786872063,1783016573747,rational-papaya-quail,2072621922651709680,2042258063759966208,false,
2072748015769546807,1783016611412,meticulous-desert-macaw,2072427448059179119,778247771539275776,false,
2072748057653829971,1783016621398,cheery-nutmeg-towhee,,,,
2072748106538434687,1783016633054,great-mountain-brushturkey,2072564411387048228,1810516670265643008,true,
2072748288206376970,1783016676366,enjoyable-autumn-seabird,2072586806927798355,965565622309531648,true,
2072748289670472093,1783016676715,polished-ridge-sparrowhawk,2072680711165804706,192272849,true,
2072748315842596916,1783016682955,botanical-sky-seagull,2072574892478746651,1715524206,true,
2072748322306076797,1783016684496,zappy-winter-thicketbird,2072726562470862934,1059871261092929537,true,
2072748332829511817,1783016947298,cosmic-root-grackle,2072427448059179119,778247771539275776,false,
2072748342832963797,1783016689390,neighborly-rhubarb-chickadee,2072590290032963646,1753432829784883200,true,
2072748434201677880,1783016711174,diligent-brook-thrasher,2072740105085698479,,true,
2072748471379960176,1783017443005,cosmic-root-grackle,2071971609183678544,1831435289341894656,false,
2072748520558485776,1783016731763,joyous-samba-cotinga,2072365631333404909,104281062,true,
2072748640079098136,1783016760258,celebrated-ocean-seagull,2072625903868239981,1837235161903022080,true,
2072748702536782216,1783016775150,sensational-hill-nightingale,2071971123760353579,,true,
2072748716964921719,1783016778590,cheery-nutmeg-towhee,2072405318995210338,764352888898453505,true,
2072748742424342639,1783016784660,zappy-winter-thicketbird,2072711904179495251,1551261351347109888,true,
2072748747579379989,1783016785889,flowing-grove-curassow,2072718451681243533,992966051657756672,true,
2072748767854399746,1783016790723,great-mountain-brushturkey,2072690602798428330,2026385585338986498,true,
2072748898121060651,1783016821781,zappy-winter-thicketbird,2072724124816814236,2021390731777126400,true,
2072748983303254328,1783016842091,precious-peppermint-sparrow,2072622876432171424,236842868,true,false
2072748983462547476,1783016842128,neighborly-rhubarb-chickadee,2072728047682297944,,true,
2072749108608025023,1783016871965,diligent-brook-thrasher,2072666971162702200,,true,
2072749174551199755,1783016887688,lively-pond-flameback,2072447983191474418,1700168250963775488,true,
2072749297985048973,1783016917116,celebrated-ocean-seagull,2072736022975426644,1960862751578079232,true,
2072749482249269750,1783016961049,generous-evergreen-seabird,2072013685178900783,1849134537827037184,true,
2072749577451581501,1783016983747,sensational-hill-nightingale,2072011543609315375,,true,
2072749584619635168,1783016985456,exuberant-moonlight-condor,2072653403537186943,2057183948367695872,true,
2072749635236413522,1783017106766,cosmic-root-grackle,2072517085696057356,3605594008,false,
2072749694644572534,1783017011687,dauntless-jacaranda-brushturkey,2072438885175497210,,true,
2072749701321850902,1783017013279,elegant-guava-mallard,2072564356642943174,1271791252829138944,true,
2072749782787887207,1783017032703,cheery-nutmeg-towhee,,,,
2072749867202646027,1783017052828,dauntless-mangrove-puffleg,2050713193048334447,476199422,true,
2072749868624564317,1783017053167,magnanimous-clay-grackle,2072722920749904078,309587728,true,
2072749880498401719,1783017055998,observant-lagoon-oriole,2072692485755744332,1926520215237500928,true,
2072749896323736019,1783017059771,contemporary-chestnut-bluebird,2072342777686540616,738779772,true,
2072749979446231080,1783017079589,great-mountain-brushturkey,2072389871507800414,843974096392261633,true,
2072749986412970212,1783017081250,zappy-winter-thicketbird,2072546167913595193,1890645290765479936,true,
2072750066511520207,1783017100348,animated-tide-songlark,2072723835716051407,453473029,true,
2072750084224061610,1783017104570,neighborly-rhubarb-chickadee,,,,
2072750099344888315,1783017108175,lively-pond-flameback,2072592430344310874,1222621235152130053,true,
2072750178692448623,1783017127094,dauntless-mangrove-puffleg,2058492315690512787,1438315699810668544,true,
2072750519978754543,1783017208463,neighborly-rhubarb-chickadee,2072633157254262984,1458696267165544457,true,
2072750642800562275,1783017237745,diligent-brook-thrasher,2072736547527434726,1726314583764189184,true,
2072750718419616126,1783017255775,wholesome-raspberry-stilt,2072586921021407313,1825757098807803904,true,
2072750722907591109,1783017256845,wholesome-raspberry-stilt,2072456360298746342,1793452863781552128,true,
2072750741564076257,1783017261292,altruistic-blossom-warbler,2070940650145447963,1776403684462575616,true,
2072750828771827751,1783017282084,supportive-trail-peafowl,2072649234919182428,1982757033347817472,true,
2072750921021346117,1783017304078,cozy-reef-warbler,2072694395409735982,1552795969959636992,false,
2072751070250500264,1783017339657,diligent-brook-thrasher,2072661591397474595,1086640245242777601,true,
2072751090492178480,1783017344483,celebrated-ocean-seagull,,,,
2072751170284605574,1783017363508,cheery-nutmeg-towhee,2072747483420066250,18856867,true,
2072751241252192393,1783017380427,great-mountain-brushturkey,2072688350713033134,,true,
2072751260172726273,1783017384938,zappy-winter-thicketbird,2072747773074817351,1508426880860704771,true,
2072751657310720284,1783017479623,imaginative-wood-lark,2072564463933575339,95588504,true,
2072751711253328204,1783017492485,neighborly-rhubarb-chickadee,,,,
2072751806552359301,1783017515205,insightful-island-catbird,2072506481962856530,80889480,false,
2072751958931181572,1783017551535,diligent-brook-thrasher,2072670725308092921,1590594910691917824,true,
2072751980305621427,1783017556631,cozy-autumn-mousebird,2071453723553849386,,true,
2072752052837429302,1783017573924,celebrated-ocean-seagull,2072733309121990677,1568871671074889728,true,
2072752118465765554,1783017589571,cheery-nutmeg-towhee,2072517085696057356,3605594008,true,
2072752121959666029,1783017590404,great-mountain-brushturkey,,,,
2072752167249719411,1783017601202,enthralling-peanut-blackbird,2072738034311745948,1337029050,true,false
2072752193476686290,1783017607455,zappy-winter-thicketbird,2072604335784022392,1801288593480032260,true,
2072752412218044774,1783017659607,playful-twig-wigeon,2072313061826785718,1316995857242378240,true,
2072752732281221427,1783017735916,neighborly-rhubarb-chickadee,2072623336073363775,1283975679126786054,true,
2072752748668289150,1783017739823,hip-coast-osprey,2072706160969355390,1451259206007328770,false,
2072752837310685521,1783017760957,diligent-brook-thrasher,2072670906967625739,1629128267201478657,true,
2072752909880627215,1783017778260,affable-clay-petrel,2072688447626551417,400618198,true,
2072752912237772866,1783017778821,celebrated-ocean-seagull,2072517530715881544,1429400366819512323,true,
2072752936938086622,1783017784711,innovative-jacaranda-spoonbill,2072738034311745948,1337029050,false,
2072752996547801352,1783017798922,observant-meadow-osprey,2072723835716051407,453473029,false,
2072753182556774686,1783017843270,wise-peppermint-curassow,2072681271566708832,25073877,true,
2072753196343414937,1783017846558,incomparable-riverbank-kestrel,2071837287974113538,1199027328648527873,true,
2072753347673641097,1783017882637,accomplished-citrus-mallard,2072570607284191581,,true,
2072753351926706269,1783017883652,cheery-nutmeg-towhee,,,,
2072753433921122319,1783017903200,great-mountain-brushturkey,2072626836262039917,939362677,true,
2072753566427623586,1783017934792,zappy-winter-thicketbird,2072733191274631451,1985422681265881088,true,
2072753568050807040,1783017935180,meticulous-mangrove-lark,2072649840648220891,2051268726046248961,true,
2072753686493667805,1783017963418,neighborly-rhubarb-chickadee,2072549578360975612,1153045459,true,
2072753756513439848,1783017980112,quick-lime-hornbill,2072634984880300291,1325039985607708672,true,
2072753827699212754,1783017997084,diligent-brook-thrasher,2072704599711187248,1080825534031060992,true,
2072753893780385935,1783018012840,celebrated-ocean-seagull,,,,
2072753905423790285,1783018015615,hypersonic-mist-finfoot,2072449549633815018,1509428124458565634,true,
2072753920770748662,1783018019274,cheery-nutmeg-towhee,2072747633316171803,,true,
2072754054581629108,1783018051178,realistic-earth-ibis,2072323697508048923,,true,
2072754097543942295,1783018061420,great-mountain-brushturkey,2072380769465454669,2215877695,true,
2072754193098506633,1783018084203,zappy-winter-thicketbird,2072421041066926423,3065788517,true,
2072754228896858607,1783018092737,melodious-almond-siskin,2072681271566708832,25073877,false,false
2072754269606850628,1783018102444,neighborly-rhubarb-chickadee,2072684662065893617,14957745,true,
2072754285343895613,1783018106196,diligent-brook-thrasher,2072579961018261551,612473,true,true
2072754297150865537,1783018109010,celebrated-ocean-seagull,2072588761959968931,1468480650139545601,true,
2072754648294064317,1783018192729,challenging-star-tern,2072647271284691196,,true,
2072754842754515219,1783018239093,capable-persimmon-finch,2072388122701148166,856284286810546176,true,
2072754871216849215,1783018245879,lucent-jackfruit-oriole,2072751390007718367,1203845730252836866,true,false
2072754872387309568,1783018246157,transparent-cantaloupe-sparrow,2072735140720066988,846913257860485123,true,
2072755180412760367,1783018319596,legendary-autumn-cardinal,2072515880672502170,18927441,true,false
2072755248683168113,1783018335874,victorious-coral-hawk,2072425262898172210,2023113983243296770,true,
2072755716754931887,1783018447470,celebrated-basswood-kingfisher,2072704552638226854,521356943,true,
2072755751467245683,1783018455747,inventive-apricot-falcon,2072736841178947710,457984599,true,
2072755856827941132,1783018480866,cheery-nutmeg-towhee,,,,false
2072755910879883309,1783018493753,great-mountain-brushturkey,,,,
2072756022725492790,1783018620258,cosmic-root-grackle,2068417451046441338,28785486,false,
2072756027108290759,1783018597819,cosmic-root-grackle,2072448206856761753,428454304,false,
2072756205119000587,1783018563905,astonishing-melon-egret,2072711064861442146,,true,
2072756243014336532,1783018572940,zappy-winter-thicketbird,2072679457966739664,2035661475453476864,true,
2072756348836610385,1783018598171,cheery-nutmeg-towhee,2072517530715881544,1429400366819512323,true,
2072756373763526877,1783018604113,heroic-lemon-nighthawk,2072705738414207444,1665422134221348872,true,
2072756488406278187,1783018631447,neighborly-rhubarb-chickadee,2072720542155612289,2004722276659593216,true,
2072756527794893287,1783018640837,glowing-cave-parrot,2072512321851912496,1230555304670244864,true,
2072756549907517931,1783018646109,doughty-spruce-goose,2071784351952519206,2037264278168760320,true,
2072756618182176824,1783018662387,merry-rock-chicken,2072466559612629115,1157689921349521410,true,
2072756624284959124,1783018663842,diligent-brook-thrasher,2072628935288926381,14562968,true,
2072756637782155307,1783018667060,celebrated-ocean-seagull,,,,
2072756750650839437,1783018693970,cheery-nutmeg-towhee,2072691401360617849,2060173454079574016,true,
2072756760247521729,1783018696259,great-mountain-brushturkey,2072652209901252646,1349438579492139010,true,
2072756770292846992,1783018698653,zappy-winter-thicketbird,2072740542467756239,1918800647257812992,true,true
2072756780816281906,1783018701162,persistent-cloud-firefinch,2072691377717018824,2056374958809321472,true,
2072757133091754110,1783018785151,dauntless-mangrove-puffleg,2072404968947044448,2041321349474299905,true,
2072757161625542960,1783018791955,futuristic-mint-drongo,2072657634944078317,4008009335,true,
2072757273718403164,1783018818680,neighborly-rhubarb-chickadee,,,,
2072757364604699071,1783018840348,diligent-brook-thrasher,,,,
2072757427137601776,1783018855257,celebrated-ocean-seagull,,,,
2072757429939401044,1783018855925,cheery-nutmeg-towhee,2072698862402211862,108968018,true,
2072757511317327985,1783018875327,great-mountain-brushturkey,,,,
2072757523002630368,1783018878114,zappy-winter-thicketbird,2072493988867641826,511976468,true,
2072757586412102093,1783018893231,personable-fern-catbird,2072665701135925592,1222773302441148416,true,false
2072757709879787928,1783018922668,inclusive-pine-turkey,2072743875735703683,1686839713439559680,true,
2072757742549287260,1783018930457,capable-pineapple-goose,2066569646904377348,1331064958793211907,false,
2072758052911010038,1783019004453,great-mountain-brushturkey,2072733464969838691,1642673322184908802,true,
2072758055297499546,1783019005023,neighborly-rhubarb-chickadee,2072733464969838691,1642673322184908802,true,
2072758150810255836,1783019027794,marvelous-cherry-peafowl,2072421021827674358,264361128,true,
2072758153024786834,1783019028322,diligent-brook-thrasher,2072673651183296523,10615232,true,
2072758174302482594,1783019033396,motivating-sunflower-hummingbird,2072399391332184213,1565968779351400449,true,true
2072758197555712254,1783019038939,motivating-sunflower-hummingbird,2072579637427994879,922884339804672000,true,
2072758220901282104,1783019044505,balanced-orchard-albatross,2072659196445634646,1737235469094559745,true,true
2072758243709894842,1783019049944,marvelous-cherry-peafowl,2072639125526855809,1844069230494277632,true,
2072758261632082123,1783019054217,dauntless-mangrove-puffleg,2067237714659791314,1130021685351079938,true,
2072758267676098693,1783019055658,balanced-orchard-albatross,2072542529296166955,,true,
2072758271467741398,1783019056561,celebrated-ocean-seagull,2072729594445062652,1744700657469116416,true,
2072758292607009165,1783019061601,welcoming-spring-towhee,2072556812679704722,1921917003415138304,true,
2072758316854399240,1783019067383,motivating-sunflower-hummingbird,2072475775362564115,5509762,true,
2072758341424579010,1783019073240,innovative-persimmon-parrotlet,2072629570671378594,1627609480111312897,true,
2072758365239820364,1783019078918,welcoming-spring-towhee,2072344014976684257,1543306409571409921,true,
2072758388757274783,1783019084525,balanced-orchard-albatross,2072615425418928494,20713061,true,
2072758402720125045,1783019087855,cheery-mesa-mallard,2072046802485067954,,true,
2072758411930824948,1783019090050,balanced-orchard-albatross,2072338209854337285,1211097175142223873,true,
2072758435515396505,1783019095673,motivating-sunflower-hummingbird,2072673265714131135,1357363561094332416,true,
2072758458709848121,1783019101204,balanced-orchard-albatross,2072514846671970609,3827830753,true,
2072758481463955697,1783019106629,innovative-persimmon-parrotlet,2072301378819481749,417262550,true,
2072758490972533135,1783019108895,cheery-nutmeg-towhee,2072314568718594122,1298572884001148928,true,
2072758504863973499,1783019112207,welcoming-spring-towhee,2072515222921785800,862718426757779457,true,
2072758549269123374,1783019287549,cosmic-root-grackle,2072742446547570892,1518812936793432066,true,
2072758549751451907,1783019273722,cosmic-root-grackle,2072130646168981949,15484198,true,
2072758549986390041,1783019235456,cosmic-root-grackle,2068838733932020205,2233154425,true,
2072758553190789601,1783019123729,motivating-sunflower-hummingbird,2071964540590543020,935942321756966912,true,
2072758557255020556,1783019124698,great-mountain-brushturkey,2072645015134671325,1243770900,true,
2072758576662159500,1783019129325,welcoming-spring-towhee,2072502873083048056,1112077071071805442,true,
2072758655217181095,1783019148054,zappy-winter-thicketbird,,,,
2072758665845850262,1783019150588,sanguine-moon-sparrowhawk,2072694395409735982,1552795969959636992,true,
2072758708057133157,1783019160653,contemporary-star-bluebird,2072636832492171402,104262561,true,
2072758738356732364,1783019167876,transcendent-harvest-songlark,2072487670283133115,839116207756279808,true,
2072758755750490402,1783019172024,brave-mango-bittern,2072633238862917836,1210702435435655176,false,
2072758762717294932,1783019173684,enjoyable-autumn-seabird,2072565644407558378,15687507,true,
2072758774217970002,1783019176426,neighborly-rhubarb-chickadee,2072557735682478292,1986115911762518018,true,
2072758839817150643,1783019192066,transcendent-harvest-songlark,2072086802911858750,,true,
2072758884981456914,1783019202835,smiley-grape-cockatoo,2072684056605773913,326756275,true,
2072758919928103415,1783019211167,diligent-brook-thrasher,2072699916409864210,,true,
2072758939360661809,1783019215800,transcendent-harvest-songlark,2072365961252856130,1247504401402642432,true,
2072759011053879661,1783019232892,exceptional-spruce-waxbill,2072399391332184213,1565968779351400449,true,true
2072759048945164762,1783019241926,transcendent-harvest-songlark,2072652417720590625,1344750588026900481,true,
2072759143094431817,1783019264373,transcendent-harvest-songlark,2072451974180581484,,true,
2072759230130442690,1783019285125,inspirational-cherry-wader,2072738034311745948,1337029050,true,false
2072759231497789585,1783019285451,transcendent-harvest-songlark,2072740542467756239,1918800647257812992,true,
2072759261537403318,1783019292612,precious-lime-lorikeet,2071733074925170875,1765697106616999936,true,
2072759325580284099,1783019307882,transcendent-harvest-songlark,2072507150992039975,34771939,true,
2072759400423731701,1783019325725,authentic-cherry-seabird,2072466089494356078,1721556724660764672,true,
2072759479394025899,1783019344554,delightful-mesa-bunting,2072447568101937383,,true,
2072759481893548038,1783019345149,cozy-woodland-quail,2072052681288355903,,true,
2072759483143430323,1783019345448,celebrated-ocean-seagull,2072585939470475417,1784834890485071872,true,
2072759484712104367,1783019345822,contemporary-marmalade-canary,2072754375458484364,330262748,false,
2072759566073246025,1783019365219,delightful-mesa-bunting,2072517530715881544,1429400366819512323,true,
2072759659098726533,1783019387398,delightful-mesa-bunting,2072390976698519984,1092744302923522048,true,
2072759744297652652,1783019407711,delightful-mesa-bunting,2072421041066926423,3065788517,true,
2072759792775356695,1783019419269,cheery-nutmeg-towhee,2072394850541179243,552393048,true,
2072759811658186788,1783019423772,great-mountain-brushturkey,,,,
2072759846848663662,1783019432161,delightful-mesa-bunting,2072517085696057356,3605594008,true,
2072759942872789090,1783019455056,delightful-mesa-bunting,2072700573485539403,216881337,true,
2072759965391999198,1783019600717,cosmic-root-grackle,2072737685203046563,33813365,false,
2072760015862280391,1783019472457,delightful-mesa-bunting,2072366495204843889,429227921,true,true
2072760031116755118,1783019476094,zappy-winter-thicketbird,2072620796720099830,2002022207535681536,true,
2072760121604862029,1783019497668,authentic-cherry-seabird,2072740542467756239,1918800647257812992,true,
2072760124326711669,1783019498317,delightful-mesa-bunting,2072382526639739294,145390826,true,
2072760145529151651,1783019503373,precious-peppermint-sparrow,2072691577990815797,2016284716496760832,true,
2072760268715938017,1783019532743,shining-seedlings-owl,2072621934127309300,326981510,true,
2072760384646189497,1783019560382,zappy-winter-thicketbird,2072627429340824026,1855237857683644416,true,
2072760560132002126,1783019602221,nestling-mesa-frigatebird,2072610217976533174,,true,
2072760692654903385,1783019633817,neighborly-rhubarb-chickadee,,,,
2072760694978539620,1783019634372,diligent-brook-thrasher,2072479393914466420,1723292176564563968,true,
2072760697289605312,1783019634922,celebrated-ocean-seagull,,,,
2072760708291309904,1783019637545,cheery-nutmeg-towhee,,,,
2072760899945836731,1783019683240,inspiring-clay-gull,2072226115750703389,1242448062804561920,false,
2072761068917522463,1783019723525,great-mountain-brushturkey,,,,
2072761101310103607,1783019731248,zappy-winter-thicketbird,2072752141307978076,1114637270995415043,true,
2072761120822120798,1783019735900,neighborly-rhubarb-chickadee,2072676497681273214,1220727181833314304,true,
2072761161469022706,1783019745592,diligent-brook-thrasher,2072466089494356078,1721556724660764672,true,
2072761213029634353,1783019757884,celebrated-ocean-seagull,2072722295035150724,2070459454265700352,true,
2072761250740576631,1783019766875,neat-jackfruit-puffin,2072727099434029561,2071608179629178880,true,
2072761470861885631,1783019819356,cheery-nutmeg-towhee,2072707128792322455,1507666230102138882,true,
2072761496971493584,1783019825581,great-mountain-brushturkey,2072710034023481771,7157132,true,true
2072761534598578603,1783019834553,neighborly-rhubarb-chickadee,2072729796958683339,94543804,true,
2072761957292064893,1783019935330,overjoyed-pecan-hoopoe,2072709699284107599,1508101517009727488,true,
2072762023721472278,1783019951169,zappy-winter-thicketbird,2072657668309721131,1900945191193714688,true,
2072762058194702788,1783019959387,auspicious-honeydew-quetzal,2072642350052970994,587463737,true,
2072762184354959790,1783019989466,neighborly-rhubarb-chickadee,2072748145151291716,953378142198161409,true,
2072762188645716218,1783019990489,diligent-brook-thrasher,2072710034023481771,7157132,true,true
2072762235919974448,1783020001760,fascinating-eucalyptus-blackbird,2071759589943435418,1387110045272449029,false,
2072762264873062851,1783020008663,legendary-kiwi-petrel,2072700499325862373,2429615017,true,
2072762287048327537,1783020013951,diligent-brook-thrasher,2072461287007887579,796939233185255425,true,
2072762346347413850,1783020028088,eloquent-woodland-lark,2072710905637589454,83074283,false,
2072762390358237516,1783020038581,celebrated-ocean-seagull,,,,
2072762393726230616,1783020039384,celebrated-ocean-seagull,,,,
2072762481110323521,1783020060218,cheery-nutmeg-towhee,2072744454734086189,988433413303603201,true,
2072762521857978527,1783020069934,profound-garden-hawk,2072685847913373747,1620053921673920513,true,
2072762527793185143,1783020071349,skillful-blossom-ibis,2071680791889735863,114756202,true,
2072762594159436021,1783020087171,great-mountain-brushturkey,2072418021860057207,2032877151561596928,true,
2072762626497528017,1783020094881,cheery-nutmeg-towhee,2072553559892140338,28212513,true,
2072762639311065157,1783020097936,zappy-winter-thicketbird,2072702684558426292,1353703253108789249,true,
2072762738191794266,1783020121511,neighborly-rhubarb-chickadee,,,,
2072762773595890029,1783020129952,careful-mangrove-tern,2072727352769904707,2239870198,true,
2072762782106145014,1783020131982,committed-pond-dove,2072743004515778752,,true,
2072762962444795956,1783020174977,charming-basswood-bushlark,2072659634511339566,288277167,true,
2072763049174258136,1783020195655,diligent-brook-thrasher,2072751206439559171,1707808725736587265,true,
2072763238958219763,1783020240903,celebrated-ocean-seagull,,,,false
2072763318876406003,1783020259957,heroic-cove-treepie,2071674067548299546,,true,
2072763439936684505,1783020288820,cheery-nutmeg-towhee,2072732504251929044,354347533,true,
2072763484970881306,1783020299557,noteworthy-jackfruit-mallard,2072744952841314432,80820758,true,
2072763497436364810,1783020302530,great-mountain-brushturkey,2072703592654365094,2012551167562141696,true,
2072763589522571326,1783020967599,cosmic-root-grackle,2068059326753771997,21434408,true,
2072763598393180427,1783020326599,zappy-winter-thicketbird,,,,
2072763703523492021,1783020351664,neighborly-rhubarb-chickadee,,,,
2072763758435348828,1783020364757,diligent-brook-thrasher,2072455590367117321,1778003249972248576,true,
2072763814156869923,1783020378042,inclusive-lumber-thicketbird,2072267561266499862,95631466,true,
2072763883463299218,1783020394566,celebrated-ocean-seagull,2072627269882040767,2047612212941037568,true,
2072763889478152642,1783020395999,strategic-apple-lark,2072684004579713523,781293,true,
2072763988689985734,1783020419653,enjoyable-buckeye-treerunner,2072301378819481749,417262550,true,
2072764028426871149,1783020429127,explorative-mountain-lory,2072674187819233737,2525149488,true,
2072764064741343333,1783020604799,cosmic-root-grackle,2071206761533464839,,true,
2072764075717668986,1783020440402,great-mountain-brushturkey,2072693440887017904,1801576542730076162,true,
2072764080817946805,1783020441618,cheery-nutmeg-towhee,,,,
2072764118927589417,1783020450704,inspiring-clay-gull,2072744952841314432,80820758,false,
2072764151336673552,1783020458431,amazing-rainforest-rooster,2072292428753646006,1436021471671955465,true,
2072764176703910169,1783020464480,zappy-winter-thicketbird,2072724349849649283,300389904,true,
2072764187684544676,1783020467098,great-mountain-brushturkey,2072737383716393226,1389269617420427265,true,
2072764309541949609,1783020496150,dazzling-daylight-nightjar,2072685713393389938,766055297924423684,true,
2072764326448869698,1783020500182,neighborly-rhubarb-chickadee,2072674704024838471,1075449928539926534,true,
2072764437170131430,1783020526579,enterprising-melon-heron,2072656797731602841,1587130893616955393,false,
2072764445248438561,1783020528506,zappy-winter-thicketbird,,,,
2072764471169229017,1783020534685,neighborly-rhubarb-chickadee,2072687725161992602,1515225169094135811,true,
2072764848212267175,1783020747888,cosmic-root-grackle,2057443800327311444,1911096563759190016,true,
2072764871754604962,1783020630192,diligent-brook-thrasher,,,,
2072765066085015712,1783020676525,great-mountain-brushturkey,,,,
2072765095759995317,1783020683599,wholesome-raspberry-stilt,2072749807005757936,2019943974039953408,true,
2072765104295465017,1783020685634,wholesome-raspberry-stilt,2072722276399632684,1176458499955580929,true,
2072765207265304720,1783020710184,polished-moonlight-macaw,2072567488181665851,1827497356268339200,false,
2072765323028099542,1783020737784,celebrated-ocean-seagull,,,,
2072765491202990101,1783020777880,clever-fjord-crimsonwing,2072728316985897056,2691637079,true,
2072765627924672560,1783020810478,cheery-nutmeg-towhee,,,,
2072765638989267392,1783020813115,great-mountain-brushturkey,,,,
2072765789736771883,1783020849056,zappy-winter-thicketbird,2072733858219667775,2013362403107328001,true,
2072765801170432070,1783020851782,ecstatic-frost-skylark,2072681271566708832,25073877,false,false
2072765801656934402,1783020851898,jovial-rose-warbler,2072623285632667898,588703829,true,
2072765897417376011,1783020874729,gregarious-creek-barbet,2072703609007948146,1010858131503624192,true,
2072766030875918665,1783020906548,helpful-samba-goldfinch,2072744952841314432,80820758,false,
2072766062819504341,1783020914165,neighborly-rhubarb-chickadee,2072734039753060561,2617610895,true,
2072766091823108561,1783020921079,flexible-watermelon-puffleg,2072076782811881832,3078078019,true,
2072766094100570542,1783020921623,approachable-sunlight-crane,2072744952841314432,80820758,false,
2072766186660765998,1783020943690,vibrant-sycamore-skylark,2072738034311745948,1337029050,false,
2072766309398708389,1783020972953,punctual-leaf-pigeon,2072688008621703189,1754506788014342144,true,
2072766384375783723,1783020990829,sparkly-conifer-mockingbird,2072711381162278987,177101260,true,false
2072766395545260372,1783020993492,enlivened-walnut-grosbeak,2072693349308322105,1415836922417721350,true,
2072766449899434090,1783021006452,distinctive-field-eagle,2072763835656573295,22286602,true,
2072766497504505970,1783021017801,diligent-brook-thrasher,2072690705634308554,784921318651207680,true,
2072766563875246484,1783021033625,celebrated-ocean-seagull,2072750793623552393,1573112872565149699,true,
2072766565922091178,1783021034113,zappy-winter-thicketbird,2072750793623552393,1573112872565149699,true,true
2072766616299794756,1783021046125,rollicking-maple-bullfinch,2072712766809375039,3005331906,true,
2072766732230697219,1783021073764,personable-melon-logrunner,2072656522220560637,1678061454,true,
2072766764010574045,1783021081341,cheery-nutmeg-towhee,2072734820329832738,1548977419,true,true
2072766790585798944,1783021087677,great-mountain-brushturkey,2072432935760691377,1661284447306612736,true,true
2072766794813624474,1783021088686,rollicking-maple-bullfinch,2072729013752123795,260478229,true,
2072766805307748590,1783021091187,zappy-winter-thicketbird,2072676725494890678,2031379129384529920,true,
2072766861515600078,1783021104588,diligent-brook-thrasher,,,,
2072766866079035586,1783021105677,celebrated-ocean-seagull,2072724502572675195,1686348604804300801,true,
2072766966595559535,1783021129642,cheery-nutmeg-towhee,2072734690834821530,1034070602,true,
2072766997843091657,1783021137092,great-mountain-brushturkey,2072747531038023971,1459194208057798658,true,true
2072767039882616853,1783021147114,radiant-cactus-lory,,,,
2072767137685422444,1783021170433,dauntless-birch-junco,,,,
2072767217247346852,1783021189401,bountiful-meadow-flycatcher,2072724109117604082,834118597417062401,true,
2072767283899105552,1783021205292,artistic-tomato-crake,2072753672975434226,1760662487299473408,true,
2072767361883504850,1783021342637,cosmic-root-grackle,2072736841178947710,457984599,false,
2072767394683257084,1783021231705,valiant-winter-penguin,2072559790161842408,1618384838385434625,true,
2072767425343594519,1783021371059,cosmic-root-grackle,2072743412080504921,1886906824219344896,false,
2072767713139626345,1783021307631,cheery-cave-cardinal,2072738618175602982,1153391118773604352,true,false
2072768215864983589,1783021427490,dauntless-birch-junco,2072752572679565751,,true,
2072768514469851310,1783021498683,humorous-ridge-shorebird,2072421687837298796,1674145390499864576,true,
2072768571080667391,1783021512180,grand-beach-treerunner,2072747613632508176,,true,
2072768594044137743,1783021517655,balanced-pond-pelican,2072717332066005192,62678998,true,
2072768594400747929,1783021517740,zappy-winter-thicketbird,2072706920234803252,926559943225987074,true,
2072769108282835355,1783021640259,realistic-apple-duck,2072383171468165241,1485689970593468416,true,
2072769127840973117,1783021644922,blooming-wildflower-finch,2072726108429254819,19362341,true,
2072769193246597179,1783021660516,neighborly-rhubarb-chickadee,,,,
2072769287308161194,1783021682942,splendid-coral-parrotlet,2072043065762857427,1442907461585981440,false,
2072769353221574881,1783021698658,diligent-brook-thrasher,2072745329867264489,2969110905,true,true
2072769356811895156,1783021699514,celebrated-ocean-seagull,2072599561797787828,1559846350358986752,true,
2072769419680305297,1783021714502,cheery-nutmeg-towhee,,,,
2072769950054244412,1783021840954,peppy-melon-curassow,2072749212962304236,1546972236170543110,true,true
2072770051967525374,1783021865252,daring-jacaranda-towhee,2072751390007718367,1203845730252836866,false,
2072770058179301802,1783021866732,great-mountain-brushturkey,2072681221813882957,816131319033950208,true,
2072770388195459161,1783021945415,cosmic-rock-mockingbird,2072417523782283352,1487649061717123076,true,
2072770430474068236,1783021955494,early-wind-cormorant,2072289330287222812,10671602,true,
2072770535931478398,1783021980637,tropical-meadow-eagle,2072682956846469409,27493883,true,
2072770660573818949,1783022010354,spunky-blueberry-grassbird,2072421021827674358,264361128,false,
2072770769319510363,1783022403310,cosmic-root-grackle,2071909798418030849,1884949166528540672,true,
2072770789204545750,1783022041022,zappy-winter-thicketbird,2072635263298490398,2047788722012422144,true,
2072770819470639610,1783022048238,eccentric-cove-parrot,2072749212962304236,1546972236170543110,true,
2072770833257550033,1783022051525,great-star-puffbird,2072671217589629161,347239236,true,
2072770897509863430,1783022066844,neighborly-rhubarb-chickadee,2072755698115764435,1938262633871822848,true,
2072770899841777879,1783022067400,diligent-brook-thrasher,2072755698115764435,1938262633871822848,true,
2072771192113463407,1783022137083,diligent-brook-thrasher,,,,
2072771199432638797,1783022138829,earnest-mango-toucan,2072327948875489514,1646516211268878339,true,
2072771331205292416,1783022170245,great-star-puffbird,2072619943410237764,2703897714,true,
2072771376826437836,1783022181122,celebrated-ocean-seagull,2072690854280536507,325806410,true,
2072771500331929824,1783022210568,cheery-nutmeg-towhee,2072630753309896778,1833082798262910976,true,
2072771530745057770,1783022217820,motivational-earth-oriole,2072700581416759434,921869977942081536,true,
2072771536436461786,1783022219177,great-mountain-brushturkey,2072670288328724550,1588611764089937920,true,
2072771653013041484,1783022246970,hearty-glacier-robin,2072726454400405830,368950045,true,
2072771693576131028,1783022256641,masterful-frost-hillstar,2072651326136127760,862382233868480512,true,
2072771721170432343,1783022263220,stunning-island-pipit,2072340953566998534,1284790735,true,
2072771736215384139,1783022266808,celebrated-ocean-seagull,2072751229587820679,1087757588622651397,true,
2072771918495682907,1783022310266,lovely-chestnut-pheasant,2072764231661900053,1072789891547832320,true,
2072771987865215065,1783022326805,goodhearted-bonsai-triller,2072744614763626892,,true,true
2072772266606162378,1783022393262,zappy-winter-thicketbird,,,,
2072772343424766367,1783022411577,neighborly-rhubarb-chickadee,2072460484826091830,1345787285179162624,true,
2072772344712458660,1783022411884,wholesome-raspberry-stilt,2072733191274631451,1985422681265881088,true,
2072772351830155417,1783022413582,wholesome-raspberry-stilt,2072764116184219818,1366565625401909249,true,
2072772357505122715,1783022414935,wholesome-raspberry-stilt,2072750527226482897,1545480574659444738,true,
2072772390329663929,1783022422760,diligent-brook-thrasher,2072696481547730992,1529243803206356992,true,
2072772396960948380,1783022424342,celebrated-ocean-seagull,2072754297901617587,1969010035239063552,true,
2072772410768560595,1783022427633,hearty-horseradish-woodpecker,2072630678651277683,85794542,false,
2072772596576227670,1783022471934,nice-snow-grouse,2071909798418030849,1884949166528540672,true,
2072772597839024367,1783022957533,cosmic-root-grackle,2071909798418030849,1884949166528540672,true,
2072772652671050028,1783022485308,charismatic-mist-parrot,2064055164433059988,1064603540956565504,true,
2072772658069221387,1783022486595,chipper-seawater-ibis,2072485555837816922,4429003533,true,
2072772777510084919,1783022515071,cheery-nutmeg-towhee,2072758658346139693,354347533,true,
2072772782576783841,1783022516279,great-mountain-brushturkey,2072396960716222774,,true,
2072772791863033913,1783022518493,zappy-winter-thicketbird,2072767262591705561,851277718368829443,true,
2072772820237451660,1783022525258,tough-buckeye-duck,2072744614763626892,,false,false
2072772946536386800,1783022555370,neighborly-rhubarb-chickadee,2072540595143528793,1418963944279003138,true,
2072773081693929870,1783022587594,nice-moon-whistler,2072723835716051407,453473029,false,
2072773107132096886,1783022593659,eloquent-papaya-duck,2072607605655228463,2025986249408806912,true,true
2072773216834072951,1783022619815,diligent-brook-thrasher,2072750084068893057,1881483335169413120,true,
2072773275575632045,1783022633819,meticulous-prairie-seabird,2072770285221110187,4582937776,true,
2072773282135408703,1783022635383,charitable-harvest-sunbird,2072767262545838229,,true,
2072773291127771344,1783022637527,celebrated-ocean-seagull,2072753421547958766,1570680858717159424,true,
2072773314896883845,1783022643194,cheery-nutmeg-towhee,2072757353171009913,1465438438879019021,true,
2072773341207793682,1783022649468,cheery-nutmeg-towhee,,,,
2072773351857164504,1783022652006,great-mountain-brushturkey,2072640930167808072,1930665151163719680,true,
2072773356533756135,1783022653122,zappy-winter-thicketbird,2072714830251687950,52318951,true,
2072773438695973205,1783022672710,neighborly-rhubarb-chickadee,2072750958531015161,2684060054,true,
2072773660482449807,1783022825834,cosmic-root-grackle,2072517530715881544,1429400366819512323,true,
2072773801259958403,1783022759152,lucky-rosewood-bullfinch,2072443831434236137,15647676,false,
2072773857765703819,1783022772624,diligent-brook-thrasher,2072613993965887862,1679536487451222033,true,
2072774012162249103,1783022809435,magnificent-glacier-tern,2072701258935222305,1826604881924263936,true,
2072774078260183479,1783022825194,celebrated-ocean-seagull,2072747129911546073,1848085006272593920,true,
2072774149387194696,1783022842152,cheery-nutmeg-towhee,,,,
2072774159424221554,1783023313628,cosmic-root-grackle,2072481630724190251,340398500,true,
2072774237165629576,1783022863080,great-mountain-brushturkey,2072651512397124087,1400110491079434242,true,
2072774251984122311,1783022866614,methodical-coast-skimmer,2072009902323613977,1664412395509350402,true,
2072774323870265523,1783022883753,great-mountain-brushturkey,2072721081480139232,24189128,true,
2072774358049734750,1783022891901,zappy-winter-thicketbird,2072672063878295864,24189128,true,
2072774418695074017,1783022906360,neighborly-rhubarb-chickadee,2072730874475385056,,true,
2072774433303900491,1783022909843,zappy-winter-thicketbird,,,,
2072774565822976033,1783022941438,majestic-ice-cotinga,2072456152814674011,,true,
2072774608915435662,1783022951712,mesmerizing-seashore-grouse,2072733147088003441,1499412545949548551,true,
2072774731577639152,1783022980957,neighborly-rhubarb-chickadee,2072721141303595216,1833300397689028608,true,
2072774848716181897,1783023008885,diligent-brook-thrasher,2072738521480094170,925967197775826944,true,
2072774984515322322,1783023245654,cosmic-root-grackle,2072676475816350016,15411797,false,
2072775001116184946,1783023045221,auspicious-granite-flamingo,2072711064861442146,,true,
2072775127532449818,1783023075360,celebrated-ocean-seagull,2072760716595966194,1448727424905142276,true,
2072775225276543199,1783023098665,cheery-nutmeg-towhee,,,,
2072775294063186177,1783023115065,great-mountain-brushturkey,2072585127033721074,612369289,true,
2072775333955486047,1783023124575,lovable-spruce-skylark,2072741919479013691,,true,
2072775547352908231,1783023175453,zappy-winter-thicketbird,2072414664860823759,1488448331260981248,true,
2072775573634756764,1783023181719,friendly-kelp-stork,2071168148213219453,2460961237,false,
2072775646841810982,1783023199173,neighborly-rhubarb-chickadee,2072730895480758622,39080168,true,
2072775653909475355,1783023200858,thankful-harvest-mockingbird,2072198011556376774,1255191384207888389,true,
2072775698389799029,1783023211464,diligent-brook-thrasher,2072742370240499970,,true,true
2072775740459041012,1783023221493,ecstatic-woodland-osprey,2072489540711756213,1393946240279322624,true,true
2072775911758565872,1783023262334,crafty-tigerwood-thicketbird,2072739511193251840,1502672912242851842,true,
2072775947657375979,1783023270893,celebrated-ocean-seagull,2072459062768267420,1846339402013786113,true,
2072775989868839377,1783023280957,cheery-nutmeg-towhee,2072738451368337588,1533855511,true,
2072776015516950576,1783023287072,great-mountain-brushturkey,2072756986286842040,1142054625408892928,true,
2072776088002896028,1783023304354,zappy-winter-thicketbird,2072751818346746190,104281062,true,
2072776112745402398,1783023310253,zesty-earth-hillstar,2072009902323613977,1664412395509350402,true,
2072776181875704058,1783023838436,cosmic-root-grackle,2072448150594572635,1539476834420662274,true,
2072776223504101621,1783023336661,neighborly-rhubarb-chickadee,2072771631819141442,1622398615443357696,true,
2072776367049949229,1783023370884,optimistic-lychee-bulbul,2072686551784448027,177101260,true,
2072776417318752283,1783023382869,diligent-brook-thrasher,2072760943910527241,1164124047426367494,true,
2072776499090874404,1783023402365,diligent-brook-thrasher,2072747979857920464,,true,
2072776555336474874,1783023415776,celebrated-ocean-seagull,2072736923206959366,,true,
2072776605337018439,1783023427696,strong-mesa-drongo,2072686732466589976,,true,
2072776736354586647,1783023458934,nifty-sky-troupial,2072694602591605002,1768361599591481344,false,
2072776774464033262,1783023468019,dexterous-cliff-skylark,,,,
2072776782122463469,1783023469845,celebrated-ocean-seagull,2072770080673317128,3324689194,true,
2072776793765859705,1783023472621,wondrous-trail-stork,2072682719201349911,486834036,true,
2072776795003228596,1783023472916,practical-vine-nighthawk,2072754598956458057,1292242720216489984,true,
2072776811683971400,1783023476894,cheery-nutmeg-towhee,2072733996673339838,1873997068957532160,true,
2072776830868754513,1783023481467,great-mountain-brushturkey,2072585939470475417,1784834890485071872,true,
2072777031138308102,1783023529215,cheery-nutmeg-towhee,2072709699284107599,1508101517009727488,true,
2072777033633960052,1783023529810,zappy-winter-thicketbird,2072709699284107599,1508101517009727488,true,
2072777140194689039,1783023555216,peaceful-berry-penguin,2072071530025009179,1546972236170543110,true,
2072777169965572328,1783023562315,impeccable-sycamore-toucan,2072534457983054147,1385351121603076101,false,false
2072777438405464505,1783023626315,smiley-grape-cockatoo,2072399181071696088,1987890041583181825,true,true
2072777440569557022,1783023626832,great-mountain-brushturkey,,,,
2072777477454180634,1783023635625,zappy-winter-thicketbird,2072690268222996953,1558996520,true,
2072777500887777669,1783023641212,neighborly-rhubarb-chickadee,2072323697508048923,,true,
2072777650674737288,1783023676925,diligent-brook-thrasher,2072421631721689235,2055312401218572288,true,
2072777684682240502,1783023685032,authentic-isle-motmot,2072734690834821530,1034070602,false,
2072777703778865516,1783023689585,celebrated-ocean-seagull,2072738548235563066,1263789597563195394,true,
2072777768249577638,1783023704956,cheery-nutmeg-towhee,2072349884360102243,,true,
2072777890895130901,1783023734197,great-mountain-brushturkey,2072753187975483681,1071484733543079936,true,
2072778021250253260,1783023765276,trusting-sand-tern,2072759278516228434,80233893,true,
2072778040610800051,1783023769892,zappy-winter-thicketbird,2072712859591565543,73245966,true,
2072778098563858511,1783023783709,radiant-passionfruit-meadowlark,2072398373127168489,1640929196,true,
2072778244231991633,1783023818439,nestling-melon-crossbill,2072464542823772406,1432805757573943297,true,
2072778342722351338,1783023841922,neighborly-rhubarb-chickadee,2072567568699646333,1676330800332013568,true,
2072778422359879938,1783023860908,pleasant-twig-kingfisher,2072691093167030596,538350798,true,
2072778449262174271,1783023867322,excellent-pecan-pheasant,2072672099961856285,1174777939096981506,true,
2072778464478785611,1783023870950,diligent-brook-thrasher,2072638841819927035,3384712805,true,
2072778482036117982,1783023875136,celebrated-ocean-seagull,2072692952162328924,1354517757249937414,true,
2072778547421434354,1783023890725,adept-ice-cotinga,2072247840009830453,2370161756,true,
2072778575124574326,1783023897330,cheery-nutmeg-towhee,2072724526899577021,893243739199725568,true,
2072778585241268404,1783023899742,active-tomato-cormorant,2072687465576677548,1006728752,true,
2072778629696602381,1783023910342,great-mountain-brushturkey,,,,
2072779052960649605,1783024011255,zappy-winter-thicketbird,,,,
2072779142521659841,1783024032608,terrific-moon-kingbird,2072712766809375039,3005331906,false,
2072779312982573358,1783024073249,luminous-cashew-hummingbird,2072399181071696088,1987890041583181825,false,false
2072779329742713117,1783024077245,neighborly-rhubarb-chickadee,2072680269555908672,1359418375076773888,true,
2072779358423408789,1783024084083,terrific-moon-kingbird,2072729013752123795,260478229,false,
2072779393361908175,1783024092413,diligent-brook-thrasher,,,,
2072779408352383479,1783024095987,tremendous-berry-raven,2072487999644844468,1818113424133591040,true,
2072779563520733346,1783024132983,peaceful-plum-wader,2072758326501515607,34752774,true,
2072779869457379487,1783024383126,cosmic-root-grackle,2072130646168981949,15484198,false,
2072779961916965344,1783024657535,cosmic-root-grackle,2072424818897543514,781786598,true,
2072779974549836229,1783024230979,celebrated-ocean-seagull,2072691753610785013,1516416937219477509,true,
2072780058813468769,1783024251070,cheery-nutmeg-towhee,2072635219732005002,2065043224339574784,true,
2072780395091763527,1783024331244,great-mountain-brushturkey,2072756292989362415,,true,
2072780594488942871,1783024378784,ecstatic-cave-drongo,2072745219515101373,8721292,true,true
2072780687749640239,1783024401019,masterful-raspberry-cockatoo,2072725949410599414,,true,
2072780761090953515,1783024418505,hip-sequoia-nightingale,2072326998354006388,2065945317082529792,true,
2072781096291303582,1783024498424,zappy-winter-thicketbird,2072456152814674011,,true,
2072781189761421558,1783024520709,neighborly-rhubarb-chickadee,,,,
2072781220795359667,1783024623026,cosmic-root-grackle,2072740542467756239,1918800647257812992,true,
2072781277468426323,1783024541619,diligent-brook-thrasher,2072611375738925214,2357992243,true,
2072781405658952093,1783025126903,cosmic-root-grackle,2072419032171471035,1259862054,false,
2072781547887853926,1783024606093,excellent-maple-sparrow,2072467621069623694,1005633883201654784,false,
2072781573091410226,1783024612102,celebrated-ocean-seagull,2072763356549624015,2052407896692903937,true,
2072781584340574541,1783024614783,cheery-nutmeg-towhee,2072477109759386007,1123922097099681793,true,
2072781746014200266,1783024653329,great-mountain-brushturkey,2072751871006027955,1133417877200146432,true,true
2072781752309874783,1783024654830,zappy-winter-thicketbird,2072778358891430303,1512954451623133189,true,true
2072781824544186387,1783024672052,neighborly-rhubarb-chickadee,2072764754003710229,278454886,true,
2072781998217683277,1783024713459,sensible-creek-kite,2072778358891430303,1512954451623133189,true,true
2072782141600027090,1783024747645,celebrated-ocean-seagull,2072615659469525279,2293697022,true,
2072782201796608371,1783024761997,neighborly-rhubarb-chickadee,2072686892676735159,1579193242234626049,true,
2072782248802177359,1783024773203,delightful-beech-swan,2072331517708349593,230698981,true,
2072782267311955982,1783024777617,invigorated-woodland-flycatcher,2072061124007059611,130557513,true,
2072782284751548616,1783024781774,cheery-nutmeg-towhee,2072432626711879930,1405969291170746371,true,
2072782290585780565,1783024783165,great-mountain-brushturkey,2072718805218754967,97841743,true,
2072782460539080855,1783024823685,eloquent-canyon-crossbill,2072666683915870562,255515879,true,
2072782525630496819,1783024839205,zappy-winter-thicketbird,2072671535320437155,18759465,true,
2072782558836695067,1783024847121,diligent-brook-thrasher,2072674704024838471,1075449928539926534,true,
2072782564603957620,1783024848496,quiet-earth-woodpecker,2072774313132843467,1292242720216489984,true,
2072782633919270986,1783024865022,punctual-passionfruit-owl,2072762885269274910,2072761728656437248,true,
2072782768396792251,1783024897084,celebrated-ocean-seagull,2072477651084738649,,true,true
2072783173902053617,1783024993764,lucky-water-motmot,2072703504213266469,193500696,true,
2072783203426050168,1783025000803,blissful-prairie-finch,2072411465622093916,,true,
2072783209046163543,1783025002144,cheery-nutmeg-towhee,2072757303690842388,4850837842,true,
2072783215522464185,1783025003688,consistent-mountain-stork,2072760397065814501,1535875832282943488,true,
2072783249068237102,1783025011685,stoic-dune-bluebird,2072502227978354784,3515196199,true,
2072783254391013709,1783025012954,diplomatic-almond-treerunner,2072781669573242923,2003154816827293699,true,
2072783337177981313,1783025032692,chipper-seawater-ibis,2072779744634884227,1512954451623133189,true,
2072783396636405860,1783025046868,great-mountain-brushturkey,2072640206881100079,1973154652884496384,true,
2072783529851642079,1783025078629,zappy-winter-thicketbird,2072706444856836261,2027843808139087875,true,
2072783537376567592,1783025080423,eccentric-canyon-swan,2072735724831703219,926432805159972865,true,
2072783622890045846,1783025100812,outstanding-rainfall-condor,2072505074392150484,957991808470016001,true,
2072783708864815328,1783025121309,communicative-coast-quetzal,2072649234919182428,1982757033347817472,false,
2072784019377594859,1783025195341,sensible-creek-kite,2072779744634884227,1512954451623133189,true,true
2072784140152316193,1783025224136,neighborly-rhubarb-chickadee,2072495068766961802,1833330908297904128,true,
2072784369723285976,1783025750845,cosmic-root-grackle,2072575567283495166,1746694144829927424,false,
2072784407648207281,1783025287912,diligent-brook-thrasher,2072744614763626892,,true,
2072784426652643371,1783025292443,charitable-harvest-sunbird,2072774812423123271,1319287761048723458,true,
2072784485611913638,1783025306501,celebrated-ocean-seagull,,,,
2072784493044220237,1783025308272,cheery-nutmeg-towhee,2072458453201617348,1548977419,true,
2072784623193436161,1783025339303,great-mountain-brushturkey,2072738223650955545,1857862811814113280,true,
2072784642244022331,1783025343844,diligent-brook-thrasher,2072750617207218633,1990335107430068224,true,
2072784820766163330,1783025386407,neighborly-rhubarb-chickadee,2072740830905819267,3324689194,true,
2072785020117275025,1783025433936,brave-poplar-anhinga,2072772627140424142,2670726740,true,
2072785077428261329,1783025447600,celebrated-ocean-seagull,2072774812423123271,1319287761048723458,true,
2072785203676795019,1783025477700,cheery-nutmeg-towhee,2072754510934765892,2427599888,true,
2072785207368065144,1783025478580,observant-pineapple-guillemot,2072776336972611704,198227562,true,false
2072785212866445360,1783025479891,celebrated-ocean-seagull,,,,
2072785270752117009,1783025493692,cheery-nutmeg-towhee,2072737354075283607,753434301509750784,true,
2072785272283029900,1783025494058,talented-orchard-puffin,2072545033828684063,1777699332772257792,true,
2072785276326608941,1783025495021,wholesome-pear-penguin,2072779744634884227,1512954451623133189,true,true
2072785437501087774,1783025533449,amazing-cove-snowfinch,2072507150992039975,34771939,false,
2072785460255240583,1783025538874,bold-acorn-scaup,2072512149851881862,1646388130931687425,true,
2072785497684951077,1783025547798,great-mountain-brushturkey,2072424016610996730,2003154816827293699,true,
2072785568807694573,1783025564755,skillful-blossom-ibis,2072376844519608666,1671523483400957953,true,
2072785747766018157,1783025607422,zappy-winter-thicketbird,2072458256862072970,1944003538621018112,true,
2072785798122840371,1783025619428,celebrated-basswood-kingfisher,2072698335459156412,474886468,true,
2072785815491551235,1783025623568,neighborly-rhubarb-chickadee,2072565216571777262,1810516670265643008,true,
2072785828963811760,1783025626781,magnanimous-horseradish-stilt,2072433404277030942,260016002,true,
2072785879345836109,1783025638792,captivating-watermelon-skylark,2072685539531043253,1813198414722588672,true,
2072785884689133910,1783025640066,diligent-brook-thrasher,2072702539368177879,1493355885619552266,true,
2072785910161129885,1783025646140,celebrated-ocean-seagull,2072662079367004561,855300206086168576,true,
2072785993795850251,1783025666079,magnanimous-horseradish-stilt,2072735366130327947,260016002,true,
2072786001026535919,1783025667803,spectacular-grapefruit-lory,2072715673218748631,1899667958437416961,true,
2072786006949142658,1783025669215,precious-island-lapwing,2072352341580517541,1735016664071073793,true,
2072786048023674997,1783025679008,reserved-moss-lark,2072681271566708832,25073877,false,
2072786107880869964,1783025693280,modern-twig-hoopoe,2072707727009145034,1468040975696416768,true,false
2072786118236389886,1783025695748,sincere-grassland-jay,2072753522160902407,1998778644131622915,true,
2072786212327137640,1783025718182,cheery-nutmeg-towhee,2072432935760691377,1661284447306612736,true,
2072786265049833795,1783025730752,witty-tomato-peacock,2072736060098986003,537502692,true,true
2072786270758031669,1783025732112,agile-watermelon-kingfisher,2072744952841314432,80820758,false,
2072786285249311109,1783025735567,skillful-blossom-ibis,2072394978290958810,22642788,true,
2072786357953462736,1783025752901,early-rock-bluebird,2072658313582362665,,true,true
2072786382364295214,1783025758721,compassionate-garden-firetail,2072412553372672296,1123776006752538624,true,
2072786403122098231,1783025763670,magnanimous-horseradish-stilt,2072496925492867102,260016002,true,
2072786425351655580,1783025768971,great-mountain-brushturkey,2072669906038911405,1507019839965052942,true,true
2072786434675606002,1783025771194,zappy-winter-thicketbird,2072755996603126003,1131240732646363136,true,
2072786438815424717,1783025772180,commendable-brook-kingfisher,2072302306805088380,192160758,true,
2072786463113068590,1783025777974,neighborly-rhubarb-chickadee,2072694282067026186,1538217015219224577,true,
2072786548266012890,1783025798275,hardy-kelp-pitohui,2072329860161126888,326756275,false,false
2072786552208470494,1783025799215,diligent-brook-thrasher,2072768243014508998,,true,
2072786596156575831,1783025809693,meticulous-winter-quail,2059910830590922822,2031547083933757441,true,
2072786618914914711,1783025815119,charming-dogwood-nighthawk,2072736060098986003,537502692,true,true
2072786686291898419,1783025831187,celebrated-ocean-seagull,2072761141516706082,,true,
2072786770920456624,1783025851361,cheery-nutmeg-towhee,2072775662000357822,,true,
2072786940894626101,1783025891885,great-mountain-brushturkey,2072667042247778431,1161729675930025985,true,
2072786954739920989,1783025895186,prodigious-aspen-goldfinch,2072260669362110515,1326630409,true,
2072787067545756114,1783025922082,zappy-winter-thicketbird,2072553117259080141,1465903746408321026,true,
2072787118838145442,1783025934311,cosmic-winter-dove,2072346177484226847,1709283431535046659,true,
2072787191487398054,1783025951631,great-mountain-brushturkey,2072771629403218388,1138842105856573445,true,
2072787341123445094,1783025987308,altruistic-plum-bluebird,2072768301491752968,3207545212,true,
2072787345716424973,1783025988402,devoted-apricot-jacana,2072783174841565388,2011397954033385472,true,
2072787488066732219,1783026022342,zappy-winter-thicketbird,2072729613294530580,1759084599995482112,true,
2072787806414422176,1783026098241,wholesome-raspberry-stilt,2072711909183222101,2019402671128473600,true,
2072787977072189802,1783026138929,creative-sea-dove,2072329247952138388,71619135,true,
2072788051974135897,1783026156787,neighborly-rhubarb-chickadee,2072758672711680234,47848627,true,
2072788093971964046,1783026166801,strong-sea-peafowl,2072697979811647917,897838244091621376,true,
2072788320703140297,1783026220857,hilarious-aspen-macaw,2072743487364104259,2032877151561596928,false,
2072788324759073114,1783026221824,diligent-brook-thrasher,2072737342440312832,,true,
2072788333277618394,1783026223855,celebrated-ocean-seagull,2072649463647076556,862382233868480512,true,
2072788457848492416,1783026253555,cheery-nutmeg-towhee,2072736060098986003,537502692,true,true
2072788472134279318,1783026256961,thoughtful-tigerwood-albatross,2072681271566708832,25073877,false,
2072788514886820020,1783026267154,neighborly-rhubarb-chickadee,2072779744634884227,1512954451623133189,true,true
2072788679261905359,1783026306344,splendid-coral-parrotlet,2072697979811647917,897838244091621376,true,
2072788765576471000,1783026326923,winning-seedling-nightjar,2072435872637542702,2581577704,true,
2072788818256863342,1783026339484,empowered-mint-friarbird,2072727212650905781,2469578209,true,
2072788820576145845,1783026340036,great-mountain-brushturkey,,,,
2072788868701544625,1783026351510,bold-river-grebe,2072782918536065415,1169664359628509184,true,
2072789035244752949,1783026391217,zappy-winter-thicketbird,,,,
2072789095911440441,1783026556065,cosmic-root-grackle,2072443474410942537,1897083614170423296,false,
2072789119021801752,1783026411192,neighborly-rhubarb-chickadee,2072611427957850154,1082749086086909952,true,
2072789193529438705,1783026428955,diligent-brook-thrasher,2072719200028696649,1972909663,true,
2072789241038565455,1783026440282,profound-conifer-sandpiper,2062795164599656472,1820385544817487872,true,
2072789305919930536,1783026455752,diligent-brook-thrasher,2072774240496243177,32283528,true,
2072789316212850721,1783026458205,celebrated-ocean-seagull,2072785669911412959,,true,
2072789416448270557,1783026482104,valorous-wind-frigatebird,2072785517624877528,1563747922331803648,true,
2072789470735114343,1783026495047,cheery-nutmeg-towhee,2072779744634884227,1512954451623133189,true,true
2072789473042043058,1783026495596,zesty-plum-sparrow,2072726108429254819,19362341,false,
2072789473830580687,1783026495784,celebrated-ocean-seagull,2072621755470901689,,true,
2072789484270223544,1783026498273,great-mountain-brushturkey,2072786220531269896,1112077071071805442,true,
2072789499818774705,1783026501981,articulate-strawberry-flamingo,2072716930935587231,,true,
2072789502054048178,1783026502514,zappy-winter-thicketbird,2072779492599255470,1104076483469946880,true,
2072789515203211418,1783026505648,beautiful-grove-skylark,2072735772126355945,2013925797757612032,true,false
2072789791284859374,1783026571471,neighborly-rhubarb-chickadee,,,,
2072789811425874119,1783026576273,diligent-brook-thrasher,2072761561345634305,1149494734940966912,true,
2072789833827615106,1783026581614,cheery-nutmeg-towhee,2072599561797787828,1559846350358986752,true,
2072789882846720491,1783026593301,kind-kiwi-jay,2072432935760691377,1661284447306612736,true,
2072789953365344732,1783026610114,great-mountain-brushturkey,2072690404734926959,,true,
2072789961452265892,1783026612042,astonishing-kiwi-lark,2072110864732397907,1589777534476247041,true,
2072790018410922042,1783026625623,kind-kiwi-jay,2072405982475354128,76766018,true,
2072790021896307162,1783026626453,supreme-pineapple-lovebird,2072685639783330118,288277167,true,
2072790028997341384,1783026628146,intellectual-frost-stork,2072411413138809036,1370436157742460931,true,
2072790121028436406,1783026650088,zappy-winter-thicketbird,2072738418296049988,1858921483206107136,true,
2072790133275828491,1783026739835,cosmic-root-grackle,2072666377752543460,43412258,false,
2072790185750716723,1783026665520,neighborly-rhubarb-chickadee,2072669504539148453,98557194,true,
2072790216687984875,1783026672895,cheery-nutmeg-towhee,,,,
2072790268244324476,1783026685187,diligent-brook-thrasher,2072753531224805438,796122441189888001,true,
2072790302234964417,1783026693291,celebrated-ocean-seagull,2072734604176580634,2025427566388195328,true,
2072790350935314664,1783026704903,majestic-sun-bullfinch,2072661928133189703,,true,
2072790507441258606,1783026742216,botanical-mesa-tailorbird,2072698335459156412,474886468,true,
2072790533617996001,1783026748457,cheery-nutmeg-towhee,2072473542797742386,,true,
2072790588705865745,1783026761591,great-mountain-brushturkey,,,,
2072790595605508324,1783026763237,glowing-iceberg-songlark,2072538787071115657,,true,true
2072790680003330203,1783026783358,zappy-winter-thicketbird,2072623241659654609,92564226,true,
2072790817710711063,1783026816190,neighborly-rhubarb-chickadee,2072712107020189848,3413416811,true,
2072790923595882990,1783026841435,noble-fig-falcon,2072782918536065415,1169664359628509184,true,
2072790969657823437,1783026852417,diligent-brook-thrasher,2072779942085972041,1159139751754121218,true,
2072791067380818063,1783026875717,celebrated-ocean-seagull,2072737389454168572,1683294573861142533,true,
2072791114738741754,1783026887007,splendid-lagoon-nighthawk,2072663729825538409,1641066677793181700,true,
2072791142026883508,1783026893513,motivated-earth-dipper,2072778864158490872,1661769131127980033,true,
2072791176030064712,1783026901620,great-mountain-brushturkey,2072783596084171228,,true,
2072791219243991234,1783026911923,felicitous-samba-swift,2072532039891407302,,true,
2072791343924117981,1783026941650,helpful-mangrove-recurvebill,2072699071790264345,1070740412057444352,true,
2072791457463927040,1783026968719,jazzy-peanut-seedeater,2072644330872013151,968809948242063361,true,
2072791486257578174,1783026975584,cheery-nutmeg-towhee,2072751578289938772,1517523151219044353,true,
2072791498832191728,1783026978583,great-mountain-brushturkey,2072786868035293617,1235148742631862273,true,true
2072791545582153929,1783026989728,frank-daylight-peacock,2072772627140424142,2670726740,false,
2072791620437626958,1783027007576,neighborly-rhubarb-chickadee,2072585127033721074,612369289,true,
2072791644353548656,1783027013277,zappy-winter-thicketbird,2072690615716880406,1583064873210101761,true,
2072791727165854134,1783027033021,neighborly-rhubarb-chickadee,2072740379854770376,555575877,true,
2072791764004724844,1783027041804,positive-tanoak-piculet,2072678807769874546,1066859388634304514,true,
2072791779225538970,1783027045434,diligent-brook-thrasher,,,,
2072791810036937118,1783027052780,humble-woodland-kingfisher,2072375093607518687,931286316,false,
2072791845013533095,1783027061118,noteworthy-daylight-jacana,2072791040302694510,1531206995549765634,true,
2072791948629549308,1783027211785,cosmic-root-grackle,2072457958915498202,1841181851538636806,false,
2072792023564755181,1783027103689,committed-rock-puffin,,,,
2072792151206035598,1783027134121,bold-river-grebe,2072706160969355390,1451259206007328770,true,
2072792238061416951,1783027154829,sunny-canopy-chickadee,2072787426725052570,137957360,true,
2072792278851375189,1783027164554,heartwarming-spruce-emu,2072716792104202705,1637125751647670272,false,
2072792336606613728,1783027178324,celebrated-ocean-seagull,,,,
2072792346630955461,1783027180714,calm-clay-flamingo,2072450892549484717,1662506187424956416,false,
2072792398766198907,1783027193143,glamorous-holly-chicken,2072681271566708832,25073877,true,
2072792474162987235,1783027211119,philosophical-spring-flycatcher,2072772627140424142,2670726740,false,
2072792487735742710,1783027214355,committed-rock-puffin,2072772627140424142,2670726740,false,
2072792972182028757,1783027329857,cheery-nutmeg-towhee,2072773498930426261,1986852813071392769,true,
2072793038485590054,1783027345665,great-mountain-brushturkey,2072724960552927259,1341233661438550016,true,
2072793066776432761,1783027352409,joyful-rain-sparrowhawk,2072753492628746388,1664950391266500610,true,
2072793085759660503,1783027356936,zappy-winter-thicketbird,2072755374751436976,1648083036678782977,true,
2072793145553948780,1783027371191,flexible-mango-rooster,2072761507448795238,1484042070566346756,true,
2072793259827687705,1783027398436,excellent-valley-starling,2072692225100612032,1836078160653246464,true,
2072793659003556234,1783027493607,neighborly-rhubarb-chickadee,2072785736042938737,1911096563759190016,true,
2072793694403805665,1783027502048,terrestrial-kelp-fantail,2072632113812181245,150678121,true,
2072793703748383013,1783027504276,diligent-brook-thrasher,2072547062642847940,1983060304826429440,true,
2072793707447775672,1783027505157,celebrated-ocean-seagull,,,,
2072793719682871780,1783027508074,humble-horseradish-catbird,2072684450794648001,882883689172148225,true,
2072793783477977512,1783027523285,resourceful-clay-puffbird,2072711064861442146,,true,
2072793793791668429,1783027525743,cheery-nutmeg-towhee,2072659883460317236,2028555432705601536,true,
2072793873508659281,1783027544749,great-mountain-brushturkey,2072745608981434824,1779583481867124736,true,
2072793926415593619,1783027557363,zappy-winter-thicketbird,,,,
2072794024944054284,1783027580854,diligent-brook-thrasher,2072753522160902407,1998778644131622915,true,
2072794135329673488,1783027607172,orderly-lowland-wren,2072313022035398795,288277167,false,
2072794151897137501,1783027611122,neighborly-rhubarb-chickadee,2072791040302694510,1531206995549765634,true,
2072794456177135681,1783027683669,diligent-brook-thrasher,2072748994124484903,,true,
2072794459603968033,1783027684485,celebrated-ocean-seagull,2072767149379080297,4175110929,true,
2072794541065633836,1783027703907,cheery-nutmeg-towhee,2072727350765097275,1983675334844448768,true,
2072794584527012324,1783027714269,great-mountain-brushturkey,2072784123744096321,1570680858717159424,true,
2072794653166829994,1783027730634,zappy-winter-thicketbird,2072735433562136891,94543804,true,
2072794680706715697,1783027737200,celebrated-ocean-seagull,2072717206715040179,2026297532960096256,true,
2072794744875311169,1783027752499,witty-peachtree-tailorbird,2072629468905230531,,true,
2072794801658077534,1783027766037,shining-kiwi-heron,2072597750005502450,1973356535138095105,true,
2072794882431742383,1783027785296,neighborly-rhubarb-chickadee,2072764865010135332,1796509639074332672,true,
2072794887330693506,1783027786463,diligent-brook-thrasher,2072744276945961220,1569872910831190016,true,
2072794937741971581,1783027798482,resourceful-clay-puffbird,2072743258812207482,,true,
2072794953315438741,1783027802195,methodical-peach-murrelet,2072770273611313311,2025821461676687360,true,
2072794955035377913,1783027802606,safe-prairie-wren,2072766341300535653,19536434,true,
2072795068965278126,1783027940331,cosmic-root-grackle,2072588761959968931,1468480650139545601,true,
2072795175756218373,1783027855230,celebrated-ocean-seagull,,,,
2072795191170191521,1783027858905,cheery-nutmeg-towhee,2072718796641439826,1569872910831190016,true,
2072795232433828175,1783027868742,glamorous-pistachio-swift,2072102246523830558,771606164,true,
2072795258677772680,1783027875000,masterful-frost-hillstar,2072743487364104259,2032877151561596928,true,
2072795329699910017,1783027891932,upbeat-highland-hummingbird,2072459522157985913,224437096,false,
2072795804658446426,1783028005171,great-mountain-brushturkey,2072772045578866739,1281356403194699776,true,
2072795814125027725,1783028007428,chipper-seawater-ibis,2072789822352007584,,true,
2072795868923908533,1783028020493,persistent-root-cormorant,2072787426725052570,137957360,false,
2072795922002595929,1783028033148,zappy-winter-thicketbird,2072781051219312839,1845978020206571520,true,
2072796250391650339,1783028111443,pleasant-sea-nighthawk,2072708359183081786,1511110094163001353,false,
2072796284868771980,1783028119662,breathtaking-raisin-swan,2072677303767679255,772999200896389120,true,
2072796537101365623,1783028179799,zappy-winter-thicketbird,2072631310842052914,1314865182355619844,true,
2072796577756823724,1783028189492,neighborly-rhubarb-chickadee,2072714272698716405,1943802865396723712,true,
2072796611697062354,1783028304307,cosmic-root-grackle,2072739396374151660,69156861,true,
2072796616533086250,1783028198738,diligent-brook-thrasher,2072576162694406613,1709562237864513537,true,
2072796622262587473,1783028200104,persistent-root-cormorant,2072787620556390887,11525172,true,
2072796645326979446,1783028205602,hypersonic-island-mockingbird,2072725121681461735,1379143882009612289,true,
2072796658438459483,1783028208728,neighborly-rhubarb-chickadee,2072577289796116882,1396420862,true,
2072796704240287998,1783028219649,masterful-frost-hillstar,1848860558097060359,1483014205452296193,true,
2072796736406380728,1783028227318,diligent-brook-thrasher,,,,
2072796761429528774,1783028233284,comforting-woodland-mockingbird,2072395357770723371,1277594966705963009,false,
2072796806002454782,1783028243910,knowledgeable-moon-towhee,2072787426725052570,137957360,true,false
2072796807105790186,1783028244174,nestling-forest-oriole,2072682101971837390,1813198414722588672,true,
2072796953189003285,1783028279003,celebrated-ocean-seagull,,,,
2072797351056416867,1783028373861,celebrated-ocean-seagull,2072732949733134483,1520041471554031616,true,
2072797354244358397,1783028374621,hip-pond-crossbill,2072400370177818834,1668229632745693186,true,
2072797357289222293,1783028375347,cheery-nutmeg-towhee,2072792228360073403,1274724562228445184,true,
2072797396590112829,1783028384717,contemplative-ice-treepie,2072460484826091830,1345787285179162624,true,
2072797412347748696,1783028388474,great-mountain-brushturkey,2072455329900626384,1341221036281491456,true,
2072797419041955915,1783028390070,resplendent-avocado-thrasher,2072569039889809665,1961658686763667459,true,
2072797555659038762,1783028422642,smart-desert-needletail,2072448490723319827,1489420555778670592,true,
2072797617298317532,1783028437338,zappy-winter-thicketbird,,,,
2072797619458388254,1783028437853,cheery-nutmeg-towhee,,,,
2072797689046090054,1783028454444,legendary-oak-hillstar,2072356131926614492,1386824262556729346,true,false
2072797704238030914,1783028458067,quiet-earth-woodpecker,2072754598956458057,1292242720216489984,true,
2072797761808826457,1783028471792,neighborly-rhubarb-chickadee,2072727113380331864,26498680,true,
2072797795208110100,1783028479756,diligent-brook-thrasher,2072781685184225306,1845978020206571520,true,
2072797812174250156,1783028483800,wholesome-raspberry-stilt,2072751871006027955,1133417877200146432,true,
2072797821632495676,1783028486055,wholesome-raspberry-stilt,2072719200028696649,1972909663,true,
2072797872383197606,1783028498155,celebrated-ocean-seagull,,,,
2072797918898110655,1783028509245,cheery-nutmeg-towhee,2072790058076115110,456876198,true,
2072797928259752060,1783028511477,great-mountain-brushturkey,,,,
2072797967887577230,1783028520925,great-mountain-brushturkey,2072713359380611370,2153506549,true,
2072797998900494554,1783028528319,flowing-grove-curassow,2072280858946617688,2854166772,true,
2072798053061263478,1783028541233,zappy-winter-thicketbird,2072777436840812929,1412491640917331975,true,
2072798155570037023,1783028565673,neighborly-rhubarb-chickadee,2072776460608176485,1120763276906962944,true,
2072798156694143295,1783028565940,artistic-watermelon-lory,2072785406278382069,371850068,true,
2072798226600599805,1783028582607,exciting-harvest-drongo,2072784076537307300,57535118,true,
2072798277800546443,1783028594814,diligent-brook-thrasher,2072777115528044948,323823795,true,
2072798413205189038,1783028627098,neat-guava-tailorbird,2072772627140424142,2670726740,false,
2072798474287059107,1783028641661,compassionate-bonsai-antwren,2072465256446591148,1480606732225286146,true,
2072798492364333189,1783028645971,enlightened-water-penguin,2072756445280358791,16935292,true,
2072798526342308077,1783029196530,cosmic-root-grackle,2072743279150674140,15431856,false,
2072798793314005162,1783028717723,zappy-winter-thicketbird,2072675437042360475,14377605,true,
2072798798871413007,1783028719047,celebrated-ocean-seagull,2072771988418965907,1447233497731674117,true,
2072798889665609731,1783028740695,cheery-nutmeg-towhee,2072621229044085234,2934830738,true,
2072798958653448373,1783028757142,great-mountain-brushturkey,2072760594252378516,18856867,true,
2072798960398340363,1783028757558,resourceful-grassland-flycatcher,2072481960111587549,,true,
2072799072197447847,1783028784214,blooming-wildflower-finch,2072682101971837390,1813198414722588672,false,
2072799105622118562,1783028792182,cosmic-tanoak-finfoot,,,,
2072799165654966272,1783028806495,genuine-grassland-waxbill,2072331640009863468,2011505129015640065,true,
2072799318629625895,1783028842968,zappy-winter-thicketbird,2072609525497212953,,true,
2072799345913544863,1783028849472,neighborly-rhubarb-chickadee,2072386736207052941,2031523543691964417,true,
2072799515686428970,1783028889949,blazing-mountain-junco,2072685639783330118,288277167,false,
2072799642774049141,1783028920250,straightforward-daylight-hoopoe,2072666134990537055,205614850,true,
2072799654635356265,1783028923077,diligent-brook-thrasher,,,,
2072799767290397113,1783028949936,striking-peppermint-quail,2072762501767278789,1686228946986119168,true,
2072799864581214557,1783028973132,celebrated-ocean-seagull,2072508471841550684,,true,
2072799970214678610,1783028998317,cheery-nutmeg-towhee,2072645426667262300,,true,
2072799974421860629,1783028999321,musical-mulberry-tinamou,2072770862290280556,1179193516175568896,false,
2072799975537283189,1783028999586,neighborly-rhubarb-chickadee,2072626298195706163,1567332567484977152,true,
2072800011377631279,1783029008131,great-mountain-brushturkey,,,,
2072800326470807696,1783029083255,easygoing-fern-cacholote,2072793372243235008,137957360,false,
2072800359160914118,1783029091050,terrific-peach-jacana,2072787620556390887,11525172,false,
2072800478287614297,1783029119451,courteous-summer-kookaburra,2072689336970051679,341858260,false,
2072800483169772007,1783029120615,zappy-winter-thicketbird,2072666134990537055,205614850,true,
2072800513532539235,1783029127854,shrewd-plum-thrasher,2072735772126355945,2013925797757612032,false,
2072800586714468528,1783029145303,diligent-brook-thrasher,2072788113815195860,,true,
2072800597665792044,1783029147913,sensible-pine-kite,2072538563762336167,1586073252484419584,true,
2072800807305564571,1783029197895,neighborly-rhubarb-chickadee,,,,
2072800989904543956,1783029241431,diligent-brook-thrasher,2072791962235920391,1207082477790957568,true,
2072801076957327434,1783029262185,celebrated-ocean-seagull,2072692101851025708,1594702068287160320,true,
2072801140052279430,1783029277228,stellar-garden-crimsonwing,2072799551946428683,,true,
2072801218540323093,1783029295941,cheery-nutmeg-towhee,2072780602395279771,972854301356945408,true,
2072801222235419050,1783029296823,great-mountain-brushturkey,,,,
2072801313956454758,1783029318690,zappy-winter-thicketbird,,,,
2072801356360859841,1783029328801,valiant-brook-murrelet,2072528040563741145,,true,
2072801578579341810,1783029381781,neighborly-rhubarb-chickadee,,,,
2072801617481470422,1783029391056,goodhearted-forest-sparrow,2072777115528044948,323823795,true,
2072801672188043415,1783029404099,fast-apricot-condor,2072787620556390887,11525172,true,
2072801779301875915,1783029429637,diligent-brook-thrasher,2072799256415551962,3324689194,true,
2072801894842720412,1783029457185,entrancing-cashew-nighthawk,2072750355037696037,1527380239105413120,false,
2072801908553888142,1783029460454,worldly-cactus-canary,2072155079785009336,1628978273115070464,true,
2072801916686372926,1783029462392,comical-chestnut-flowerpecker,2072681797683454086,1484531547629883395,true,
2072802012492714341,1783029485235,cosmic-tanoak-finfoot,2072787426725052570,137957360,true,
2072802029605384395,1783029489315,celebrated-ocean-seagull,2072684450794648001,882883689172148225,true,
2072802065345093689,1783029497835,eloquent-cove-crow,2072769961882214507,40053694,true,
2072802076145365433,1783029500410,cheery-nutmeg-towhee,2072771043513549284,,true,
2072802085410623621,1783029502619,zappy-winter-thicketbird,2072799021152849998,1277236151343087617,true,
2072802101000917262,1783029506336,captivating-pomegranate-cockatoo,2072753522160902407,1998778644131622915,true,
2072802103026930031,1783029506819,wholesome-raspberry-stilt,2072771043513549284,,true,
2072802123138433142,1783029511614,loyal-sequoia-dove,2072783803479711953,125822027,true,
2072802198082265530,1783029529483,neighborly-rhubarb-chickadee,,,,
2072802201823526994,1783029714007,cosmic-root-grackle,2072742446547570892,1518812936793432066,true,
2072802330458902808,1783029561043,alpine-lumber-hillstar,2072700467390427515,1272821807658172418,true,
2072802413090598936,1783029580745,diligent-brook-thrasher,2072799312271261803,2427599888,true,
2072802528845070342,1783029608342,electric-spruce-bullfinch,2072788113815195860,,false,
2072802575208857791,1783029619397,celebrated-ocean-seagull,,,,
2072802651222278369,1783029637519,cheery-nutmeg-towhee,2072705772476129595,109981978,true,
2072802717475684850,1783029653315,harmonious-park-whistler,2072667236368531743,1112077071071805442,true,
2072802804444320137,1783029674050,suave-almond-egret,2072037453981229190,1336308696444526592,true,
2072802894420529160,1783029695503,stoic-cove-firetail,2072578890749374562,1060982135375478784,true,
2072802958425620681,1783029710762,great-mountain-brushturkey,2072796279613329587,,true,
2072802972434641325,1783030266690,cosmic-root-grackle,2070558780178538855,1973266282666508288,false,
2072803154698080261,1783029757558,cosmic-tanoak-finfoot,2072801816706768902,137957360,true,
2072803186612564211,1783029765166,zappy-winter-thicketbird,,,,
2072803251540648372,1783029780646,mellow-creek-thrasher,2072787240254591147,1546972236170543110,true,
2072803342561022139,1783029802347,loyal-sequoia-dove,2072789652965105984,,true,
2072803550971785616,1783029852036,neighborly-rhubarb-chickadee,,,,
2072803637105971239,1783029872572,diligent-brook-thrasher,,,,
2072803656013844963,1783029877080,breathtaking-evergreen-waterfowl,2072097988064018595,44196397,true,
2072803726218187237,1783029893818,celebrated-ocean-seagull,2072749403236962516,2848928039,true,
2072803773412757727,1783029905070,authentic-jackfruit-swift,2072353095141695578,279449504,true,
2072803804358316253,1783029912448,chipper-seawater-ibis,2072802729416618154,368183883,true,
2072803835374891332,1783030065710,cosmic-root-grackle,2072683132763922544,14327393,false,
2072803871609733549,1783029928482,loyal-sequoia-dove,2072793429155762365,1484249919972118530,true,
2072803896955752918,1783029934526,genius-berry-oriole,2072699071790264345,1070740412057444352,true,
2072803944577859590,1783029945880,cheery-nutmeg-towhee,2072675462313074743,,true,true
2072803984666923051,1783029955437,celebrated-ocean-seagull,2072787175893012887,624467766,true,
2072803998189392266,1783029958661,cheery-nutmeg-towhee,2072794973456433450,1180533698,true,
2072804018737348770,1783029963560,loyal-sequoia-dove,2072764628032168325,1512954451623133189,true,
2072804043840176455,1783029969545,great-mountain-brushturkey,2072786888734241206,1526309625267687425,true,
2072804067835879867,1783029975266,zappy-winter-thicketbird,2072553490350538869,733017033319849985,true,
2072804126858080570,1783029989339,neighborly-rhubarb-chickadee,2072396663080063141,1611396007111057408,true,
2072804140091048265,1783029992493,loyal-sequoia-dove,2072796997174677778,,true,
2072804237978046808,1783030015831,loyal-sequoia-dove,2072796227935039895,1892574479282286592,true,
2072804320752373831,1783030035566,diligent-brook-thrasher,2072792845669560774,35234227,true,
2072804437291106732,1783030063351,grateful-mango-duck,,,,
2072804546124865637,1783030089299,celebrated-ocean-seagull,,,,
2072804603306090522,1783030102932,elated-rain-mallard,2072599088403792146,1356403954209357824,true,
2072804622608326799,1783030107534,composed-cave-mockingbird,2072737900760842594,,true,
2072804650168782931,1783030114105,marvelous-moonlight-firefinch,2072751059425010116,53069299,true,
2072804806591234348,1783030151400,great-mountain-brushturkey,2072477651084738649,,true,
2072805005732557059,1783030198878,zappy-winter-thicketbird,2072783140670914762,1845978020206571520,true,
2072805047906513144,1783030373286,cosmic-root-grackle,2072683132763922544,14327393,false,
2072805052742324701,1783030210087,celebrated-ocean-seagull,2072651905105347037,1024353990379745281,true,
2072805168744174062,1783030237743,cheery-nutmeg-towhee,,,,
2072805213686145295,1783030248458,great-mountain-brushturkey,2072731074686235134,1554126766645645312,true,
2072805304664760364,1783030270149,quick-slope-curassow,2072681850728812919,619400667,true,
2072805336629617049,1783030277770,neighborly-rhubarb-chickadee,2072798607183388809,3324689194,true,
2072805467005317445,1783030308855,marvelous-moonlight-firefinch,2072062158586986969,137253079,true,
2072805545841496486,1783030327650,diligent-brook-thrasher,2072649707575255366,862382233868480512,true,
2072805574673113201,1783030334524,celebrated-ocean-seagull,2072772547456991733,1266076107306151936,true,
2072805609657802917,1783030342866,cheery-nutmeg-towhee,2072754311726022824,594047637,true,
2072805631434592351,1783030348058,focused-bamboo-jay,2072366610451517690,2013925797757612032,true,
2072805665098305619,1783030356083,celebratory-pineapple-wren,,,,true
2072805969264795729,1783030428603,great-mountain-brushturkey,2072760482474152322,1845079245199925262,true,
2072806124848308380,1783030465696,zappy-winter-thicketbird,,,,
2072806274618802271,1783030501404,creative-avocado-brownbul,2072703118622736412,1282509001926692864,true,
2072806305383772561,1783030508739,aquatic-rose-seedeater,2072764318915956949,,true,
2072806424745316662,1783030537197,neighborly-rhubarb-chickadee,2072699317412917447,3530404094,true,
2072806592089932006,1783030577095,charming-coast-thicketbird,,,,false
2072806763645063537,1783030617997,brainy-prairie-nightjar,2072773541116690609,4277223857,true,
2072806803469951408,1783030627492,zappy-winter-thicketbird,2072557735682478292,1986115911762518018,true,
2072806872089051409,1783030643852,trusty-cave-catbird,2072756995267121453,1963770682430640128,true,
2072806873909104688,1783030644287,neighborly-rhubarb-chickadee,2072785024391516303,4850837842,true,
2072806887695774088,1783030647573,diligent-brook-thrasher,2072710025433301346,782113022244519936,true,
2072807009611608567,1783030676640,celebrated-ocean-seagull,2072744603304792358,1725087342807945216,true,
2072807012224680016,1783030677264,diligent-brook-thrasher,2072750509337808958,1587555812372844544,true,
2072807124992991724,1783030704149,remarkable-iceberg-stork,2072785290511425580,1079769536730140672,true,
2072807145314115979,1783030708994,modern-melon-brownbul,2072801777401958428,1561123663,true,false
2072807166600257617,1783030714070,zesty-grape-ostrich,2072686232442704236,1124857444642041856,true,
2072807258992386051,1783030736097,cheery-nutmeg-towhee,,,,
2072807264436507093,1783030737395,keen-coast-hummingbird,2072743258812207482,,false,
2072807272045216122,1783030739209,orderly-mist-jay,2072791962235920391,1207082477790957568,true,
2072807292630605930,1783030744117,celebrated-ocean-seagull,2072779492599255470,1104076483469946880,true,
2072807296917225609,1783030745140,great-mountain-brushturkey,2072799488037519767,815942827968495616,true,
2072807385538920901,1783030766268,elegant-cove-flameback,2072302909883064635,2009547872463925248,false,
2072807542531485729,1783030803698,hypnotic-marmalade-ostrich,2072694725027549339,,true,
2072807636030951701,1783030825990,zappy-winter-thicketbird,2072593444413813127,1884984937050460160,true,
2072807788464464298,1783030862333,neighborly-rhubarb-chickadee,2072701611705508219,940523137288081408,true,
2072807789093679600,1783030862483,poised-sycamore-curassow,2072786220531269896,1112077071071805442,true,
2072807807800275201,1783030866943,fearless-birch-citril,2072627487213760713,,true,
2072807845909643641,1783030876029,diligent-brook-thrasher,2072786608399454462,,true,
2072807871570473129,1783030882148,,2072747703558087154,1234225966576230401,true,
2072807874909319359,1783030882944,fabulous-cherry-goshawk,2072762501767278789,1686228946986119168,false,
2072807959554556332,1783030903124,bookish-aspen-brownbul,2072806259695161738,154140901,true,
2072807978441560552,1783030907627,assuring-ocean-blackbird,2072700967821160810,1337217241046257671,true,true
2072808007625314487,1783030914586,celebrated-ocean-seagull,2072632910021025867,1382715137400975361,true,
2072808012884873312,1783030915840,cheery-nutmeg-towhee,2072748969898225717,,true,true
2072808186881441885,1783030957323,great-mountain-brushturkey,2072741546814853199,1215336755395690496,true,true
2072808194003407163,1783030959021,zappy-winter-thicketbird,2072778988070576504,1567866916651339779,true,
2072808213011943561,1783030963553,cheery-nutmeg-towhee,2072791259341783234,,true,
2072808263251268071,1783030975531,neighborly-rhubarb-chickadee,2072647924148744303,,true,
2072808280133423166,1783030979556,diligent-brook-thrasher,,,,
2072808344398766355,1783030994878,authentic-cherry-seabird,2072785290511425580,1079769536730140672,true,
2072808364216602690,1783030999603,great-mountain-brushturkey,2072738418296049988,1858921483206107136,true,
2072808415164838215,1783031011750,celebrated-ocean-seagull,2072799739242836127,288277167,true,
2072808473612472581,1783031025685,cheery-nutmeg-towhee,2072582856803537327,,true,
2072808495523475656,1783031030909,great-mountain-brushturkey,2072788067509825785,1746694144829927424,true,
2072808498887360542,1783031031711,zappy-winter-thicketbird,,,,
2072808532987032060,1783031039841,transcendent-peppermint-thrush,2072747703558087154,1234225966576230401,false,
2072808600393674945,1783031055913,neighborly-rhubarb-chickadee,2072804667973632465,252992709,true,
2072808656014389489,1783031069173,diligent-brook-thrasher,2072668588272648564,2044448003906322432,true,
2072808715523092587,1783031083361,,2072712272770683350,1261335549215989760,true,
2072808782032175461,1783031099218,wholesome-raspberry-stilt,2072786888734241206,1526309625267687425,true,
2072808789464564102,1783031100990,wholesome-raspberry-stilt,2072553490350538869,733017033319849985,true,
2072808837141422561,1783031112358,frank-dune-flatbill,2072421021827674358,264361128,true,
2072808905059557496,1783031128550,quick-pond-cockatoo,2072754647803039803,1769720558235635712,false,
2072808931920134372,1783031235888,cosmic-root-grackle,2072738618175602982,1153391118773604352,false,
2072808935762153887,1783031246131,cosmic-root-grackle,2072653036401398073,1713053359899656192,false,
2072808949318135941,1783031139102,authentic-cherry-seabird,2072706444856836261,2027843808139087875,true,
2072808967542095939,1783031143448,celebrated-ocean-seagull,2072701437583245378,1325030405028913153,true,
2072809041563095547,1783031161096,exceptional-mangrove-emu,2072747426977284183,2479008908,true,false
2072809292663558345,1783031220962,cheery-nutmeg-towhee,2072788050166325505,1276267176790499328,true,
2072809350784037196,1783031234819,adaptable-rain-oriole,2072767927070101580,49315012,true,
2072809356219805836,1783031236115,winning-vine-siskin,2072804667973632465,252992709,false,
2072809389778682348,1783031244116,authentic-cherry-seabird,2072396663080063141,1611396007111057408,true,
2072809508296937510,1783031272374,great-mountain-brushturkey,2072803560115368256,1112077071071805442,true,
2072809551372390848,1783031282644,zappy-winter-thicketbird,,,,false
2072809876330557684,1783031360119,smart-desert-needletail,2072623701326213602,1530143663589888002,true,
2072809963978698856,1783031381016,neighborly-rhubarb-chickadee,,,,
2072810039425867978,1783031399004,capable-jacaranda-hummingbird,2072510215497621810,801146792356085760,true,false
2072810230862237772,1783031444647,lionhearted-pine-myna,2072675718928982432,,true,
2072810238944706884,1783031446573,diligent-brook-thrasher,,,,false
2072810309383791093,1783031463368,excellent-wood-crake,2072737088978498033,2374235898,true,
2072810347036074263,1783031472344,zappy-winter-thicketbird,2072697242763366486,1466175851909857287,true,
2072810468146569469,1783031501219,brainy-coconut-cuckoo,2072487293428854871,2360591046,false,
2072810508311503059,1783031510795,relatable-pineapple-lory,2072615926223315349,,true,
2072810530771742780,1783031516150,celebrated-ocean-seagull,2072806020347224213,3324689194,true,
2072810589668397327,1783031530192,optimistic-peachtree-eagle,2072140944460116236,3429075845,false,
2072810591572648078,1783031530647,nifty-leaf-seabird,2072747426977284183,2479008908,false,
2072810616553623694,1783031536602,lucent-peachtree-falcon,2072780408593277192,54317529,true,
2072810643539824968,1783031543036,cheery-nutmeg-towhee,2072558140134989937,1828720505378971648,true,
2072810722933797292,1783031561965,early-forest-whistler,2072370820098248787,296726426,true,
2072810819541209418,1783031584998,great-mountain-brushturkey,2072796064793464835,260016002,true,
2072810835395674510,1783031588779,magnetic-tree-treerunner,2072801799967522906,1849339807073263616,false,
2072810865422639557,1783031595937,zappy-winter-thicketbird,,,,
2072810948226580558,1783031615679,neighborly-rhubarb-chickadee,,,,
2072811052186706273,1783031640465,winning-sky-albatross,2072792560347595161,1286379510,true,
2072811067147751803,1783031644032,diligent-brook-thrasher,2072796364074070420,,true,
2072811171086766364,1783031668815,celebrated-ocean-seagull,,,,
2072811179383164951,1783031670791,celebrated-basswood-kingfisher,2072660773474562323,1341009503857364994,true,
2072811183870992736,1783031671861,resilient-tomato-spurfowl,2072546609527701754,2033292101270810624,true,
2072811290670629205,1783031697325,cheery-nutmeg-towhee,2072648375850180723,110751674,true,
2072811321859702885,1783031704760,hopeful-mulberry-bluebird,2072199018520940582,795188519115358208,true,
2072811335948071360,1783031708119,neighborly-rhubarb-chickadee,2072461499545596385,1257694592,true,true
2072811338510843967,1783031708731,great-mountain-brushturkey,2072461499545596385,1257694592,true,true
2072811405057659311,1783031724597,fantastic-acorns-swan,2072790459647234157,1890097980000047104,true,
2072811456089731152,1783031736763,zappy-winter-thicketbird,2072806269543432588,2327098700,true,
2072811461706186870,1783031876460,cosmic-root-grackle,2066853546100928824,2051394320897359872,true,
2072811749980488181,1783031806833,neighborly-rhubarb-chickadee,2072635425655767382,,true,
2072811879848652991,1783031837795,diligent-brook-thrasher,,,,
2072812102830404016,1783031890958,celebrated-ocean-seagull,2072755182903947756,1942988543976181760,true,
2072812148406042772,1783031901824,insightful-willow-treepie,2072455442249166901,1469055320139968514,true,
2072812210552709175,1783031916641,diligent-brook-thrasher,2072462132747313221,800813018145648640,true,
2072812358133485872,1783031951827,cheery-nutmeg-towhee,2072713000096608438,1574515731135356942,true,
2072812360331313222,1783031952351,celebrated-ocean-seagull,2072713000096608438,1574515731135356942,true,
2072812372369285499,1783031955222,glamorous-star-crane,2072751487433023893,1663654717929709568,true,
2072812413011837124,1783031964912,extraordinary-seedling-mallard,2072455710005486058,914815520842616834,true,
2072812538035605918,1783031994720,cheery-nutmeg-towhee,2072757078674849870,2055014934866489346,true,
2072812554934526351,1783031998748,great-mountain-brushturkey,2072751940631490838,1330270220838170628,true,
2072812633770651838,1783032017544,extraordinary-marmalade-thrush,2072681828981317956,,true,
2072812673784324422,1783032027084,zappy-winter-thicketbird,2072764742138224920,3174317410,true,
2072812759700623764,1783032047569,bright-cloud-hoopoe,2072792792187764922,1859985284714102784,false,
2072812801261977821,1783032057477,explorative-snow-murrelet,,,,
2072812860955078687,1783032071710,neighborly-rhubarb-chickadee,2072700967821160810,1337217241046257671,true,
2072812864977424844,1783032072668,upstanding-kiwi-flamingo,2072608397435027909,,true,
2072812967758827688,1783032097174,diligent-brook-thrasher,2072808152727228799,1774040691770822656,true,
2072812976390668619,1783032099231,celebrated-ocean-seagull,2072620512941883625,1210531085160976384,true,
2072812979381326078,1783032099944,great-mountain-brushturkey,2072620512941883625,1210531085160976384,true,
2072812991741915550,1783032102891,cheery-nutmeg-towhee,2072751283350438032,1742244091700682752,true,
2072812995508400412,1783032103789,insightful-canyon-bittern,2072569039889809665,1961658686763667459,false,
2072813037120061652,1783032113711,cosmic-wildflower-macaw,2072761356810334295,3570663677,true,
2072813156330573989,1783032142132,great-mountain-brushturkey,2072764797716717604,2033222750815604736,true,
2072813208902197337,1783032154667,driven-apricot-hornbill,2072682719201349911,486834036,true,false
2072813236521431087,1783032161252,zappy-winter-thicketbird,,,,
2072813275515953255,1783032170548,neighborly-rhubarb-chickadee,2072628908080459887,2009217142181470209,true,
2072813308726387143,1783032178466,zappy-winter-thicketbird,2072757393297981912,1258387260388540418,true,
2072813370361704854,1783032193162,diligent-brook-thrasher,,,,
2072813390020415766,1783032197848,celebrated-ocean-seagull,,,,
2072813436954685723,1783032209038,warmhearted-sand-antwren,2072811117957493156,,true,
2072813442994454577,1783032210478,neighborly-rhubarb-chickadee,2072666602856915311,889466488117235712,true,
2072813563618509263,1783032239238,cheery-nutmeg-towhee,2072722670505144769,1588069292540583937,true,
2072813690697429305,1783032269535,great-mountain-brushturkey,2072767241938968854,1169867618,true,
2072813697630683555,1783032271189,diligent-brook-thrasher,2072767241938968854,1169867618,true,
2072813722175750166,1783032277040,zappy-winter-thicketbird,2072757308287860866,1918433809919533056,true,
2072813793009426476,1783032293928,vibrant-banana-albatross,2072655618683576712,,true,
2072813885782954379,1783032316048,neighborly-rhubarb-chickadee,2072808276031373572,1849914258768674817,true,
2072813889427816469,1783032316917,diligent-brook-thrasher,,,,
2072813892661653842,1783032317687,celebrated-ocean-seagull,2072802222946025525,1548977419,true,
2072813965416058937,1783032335033,cheery-nutmeg-towhee,2072804847154303403,1087757588622651397,true,
2072813992595124279,1783032341513,funny-winter-pipit,2072783803479711953,125822027,false,
2072814067442483608,1783032359358,great-mountain-brushturkey,,,,
2072814143233757472,1783032377429,vibrant-banana-albatross,2072644115272229016,,true,
2072814189715100003,1783032388510,diligent-pineapple-parakeet,2072677731804885155,1316995857242378240,true,
2072814249487810577,1783032402762,radiant-cactus-lory,2072744952841314432,80820758,true,
2072814257436070092,1783032404657,zappy-winter-thicketbird,2072641134879236607,1732795324194799616,true,
2072814364537569309,1783032430191,neighborly-rhubarb-chickadee,,,,
2072814394069721330,1783032437232,tolerant-sandalwood-pelican,2072772627140424142,2670726740,false,
2072814685116596598,1783032506624,diligent-brook-thrasher,2072788455902642200,2990839299,true,
2072814688790864188,1783032507500,celebrated-ocean-seagull,2072704495411155395,1929977817384792065,true,
2072814761859784766,1783032524920,quick-kelp-bushlark,2072791258586910780,117555064,true,
2072814860971257909,1783032548550,cheery-nutmeg-towhee,2072700296363380845,1612861198571114520,true,
2072815141855400135,1783032615518,great-mountain-brushturkey,2072681025784684712,1888570793715789824,true,
2072815194032439626,1783032627958,warmhearted-sand-antwren,2072808116308086941,1546972236170543110,true,
2072815202970583323,1783032630090,zappy-winter-thicketbird,,,,
2072815210046648427,1783032631777,studious-lime-sandgrouse,2072346081447313706,3599238389,true,
2072815214324556208,1783032632797,neighborly-rhubarb-chickadee,,,,
2072815299229815228,1783032653039,celebrated-ocean-seagull,2072811427165880548,969571031030616071,true,
2072815355555148254,1783032666469,diligent-brook-thrasher,2072731601444692076,1799911069151895552,true,
2072815503840538676,1783032701822,modern-cave-parrot,2072783196308267374,907173236097646592,true,
2072815625714671700,1783032730880,content-moss-flamingo,2072537017225998837,1763932624039628800,true,
2072815662142013509,1783032739564,celebrated-ocean-seagull,,,,
2072815702386299140,1783032749159,cheery-nutmeg-towhee,2072601644836016414,1510624127199195146,true,
2072815709474672702,1783032750849,cheery-nutmeg-towhee,,,,
2072815976236675330,1783032814450,civil-woodland-robin,2072806259695161738,154140901,true,
2072816212237598873,1783032870717,zappy-winter-thicketbird,2072765914387247109,1687083754991562752,true,
2072816350276325871,1783032903628,great-mountain-brushturkey,2072787798579699845,2273746309,true,
2072816357398155651,1783032905327,zappy-winter-thicketbird,2072398685170806841,,true,true
2072816379011502081,1783032910480,neighborly-rhubarb-chickadee,2072693459308232972,320281048,true,
2072816504555622485,1783032940411,artistic-island-stilt,2072668376024207369,1282509001926692864,true,
2072816560436019362,1783032953734,diligent-brook-thrasher,,,,
2072816595164934350,1783032962014,celebrated-ocean-seagull,2072809003483345313,1096436452576047104,true,
2072816601716359649,1783032963576,cheery-nutmeg-towhee,2072804515762352218,959531564341317632,true,
2072816623203803173,1783032968700,neighborly-rhubarb-chickadee,,,,
2072816644519313865,1783032973782,great-mountain-brushturkey,2072654495117463934,1355721251180961792,true,
2072816694137917642,1783032985611,diligent-brook-thrasher,2072482836745990163,1869188571745382400,true,
2072816704439103776,1783032988068,zappy-winter-thicketbird,2072769140188684491,1626451575223746564,true,
2072816718247014530,1783032991360,philosophical-spring-flycatcher,,,,
2072816790900449698,1783033008682,dauntless-jacaranda-brushturkey,,,,
2072816917329346757,1783033038825,neighborly-rhubarb-chickadee,2072808102542385565,,true,
2072816919384662498,1783033039314,celebrated-ocean-seagull,2072808102542385565,,true,
2072816976653681058,1783033052968,noble-creek-pheasant,2072405982475354128,76766018,false,
2072817000359887214,1783033058620,delightful-clay-sparrow,2072690195464392864,1706200000684752896,true,
2072817048602710098,1783033070122,cheery-nutmeg-towhee,2072720766911590440,1784762023961661440,true,
2072817054860906865,1783033071614,wholesome-raspberry-stilt,2072704495411155395,1929977817384792065,true,
2072817063689937397,1783033073719,wholesome-raspberry-stilt,2072654495117463934,1355721251180961792,true,
2072817066919268405,1783033074489,hearty-willow-lovebird,2072681271566708832,25073877,false,
2072817071281545435,1783033075530,wholesome-raspberry-stilt,2072765914387247109,1687083754991562752,true,
2072817090533478590,1783033080119,vibrant-banana-albatross,2072628343292436721,,true,
2072817095461507578,1783033081294,neighborly-rhubarb-chickadee,2072645426667262300,,true,
2072817189602656327,1783033103739,diligent-brook-thrasher,2072714414290317355,1970576231667245058,true,
2072817220804018547,1783033111179,celebrated-ocean-seagull,2072796635269095767,115308684,true,
2072817320523657333,1783033134954,modern-roots-canary,2072756193177522320,1026601820037177344,true,
2072817545825116497,1783033188669,challenging-cove-finch,2072726108429254819,19362341,false,false
2072817783411228968,1783033245316,celebrated-ocean-seagull,2072739396374151660,69156861,true,
2072817806928724001,1783033250922,amazing-sky-albatross,2072706862852542910,730039732684591104,true,
2072818069177565447,1783033313446,bold-grapefruit-magpie,2072761356810334295,3570663677,true,
2072818217605796153,1783033348835,authentic-peat-wigeon,2072718865721606214,73283869,true,true
2072818237683753300,1783033353622,cheery-nutmeg-towhee,2072805697754955942,1274695868793458689,true,
2072818323587272890,1783033374102,great-mountain-brushturkey,2072787760369598667,1929977817384792065,true,
2072818333779468793,1783033376532,amicable-acorns-gull,2072346876268171293,73937639,true,
2072818538578907422,1783033425361,zappy-winter-thicketbird,2072799606899884410,1556896901177409536,true,
2072818541825257885,1783033426134,cheery-nutmeg-towhee,2072780350020079744,1626954211366948864,true,
2072818999805514103,1783033535326,neighborly-rhubarb-chickadee,2072489718101557492,1711383568818081792,true,
2072819015911673938,1783033539166,celebrated-ocean-seagull,2072788113815195860,,true,
2072819130999206070,1783033566604,cheery-nutmeg-towhee,2072798591047848271,2019953112497233920,true,
2072819209059418292,1783033585216,great-mountain-brushturkey,2072773085443297474,1697387633247150081,true,
2072819365884416153,1783033622606,ecstatic-coral-thrasher,2072538257351745882,1545620020952186881,true,
2072819411958845745,1783033633590,zappy-winter-thicketbird,2072777068148859232,1695828568863801346,true,
2072819437695361223,1783033639726,fabulous-water-skylark,2072700296363380845,1612861198571114520,false,
2072819691341393963,1783033700200,great-mountain-brushturkey,2072784595695890727,1668886004,true,
2072819694533230861,1783033700961,neighborly-rhubarb-chickadee,2072800532888994025,1583449959671730176,true,
2072819698064884007,1783033701804,striking-rock-skimmer,2072817623524323607,,true,
2072819897571176836,1783033749370,zappy-winter-thicketbird,2072684450794648001,882883689172148225,true,
2072819904097427616,1783033750926,soulful-reef-peafowl,2072800791337795709,1561297552871460866,true,
2072820075178971291,1783033791715,diligent-brook-thrasher,,,,
2072820114936799628,1783033801193,celebrated-ocean-seagull,,,,
2072820170544795808,1783033814451,neighborly-rhubarb-chickadee,2072703403344670779,627607867,true,
2072820336882598112,1783033854109,cheery-nutmeg-towhee,2072810122087157950,1116471293082124288,true,true
2072820367840710947,1783033861490,botanical-mesa-tailorbird,2072753985422061863,1544349150090780674,true,
2072820525341003937,1783033899042,attentive-creek-cacholote,2072795577981788412,1891546696028413952,false,
2072820577560137865,1783033911491,great-mountain-brushturkey,,,,
2072820580085014951,1783033912093,zappy-winter-thicketbird,2072749403236962516,2848928039,true,
2072820755998634418,1783033954034,adventurous-watermelon-lory,2072487293428854871,2360591046,false,
2072820773497221202,1783033958206,chipper-raisin-piculet,2072638591306788923,,true,
2072820828979556477,1783033971434,quotable-clay-finfoot,2072779548828254417,1453811299691884549,false,
2072820925863457222,1783033994533,neighborly-rhubarb-chickadee,2072813819999699274,,true,
2072820987704336707,1783034009277,distinctive-fir-mousebird,2072794139079409930,1153391118773604352,false,
2072821034122682611,1783034020345,diligent-brook-thrasher,2072765208909803773,1070274094271102977,true,
2072821155333878156,1783034049244,mindful-pecan-waxbill,2072805540296642805,,true,
2072821189584593159,1783034057409,celebrated-ocean-seagull,2072792845669560774,35234227,true,
2072821227136164227,1783034066362,cheery-nutmeg-towhee,2072816302947987754,,true,
2072821239958192136,1783034069420,celebrated-ocean-seagull,2072816073108570262,,true,
2072821381545238745,1783034103177,cheery-nutmeg-towhee,2072779845302366653,764961945560678405,true,
2072821400415465818,1783034107676,great-mountain-brushturkey,,,,
2072821609392386135,1783034157499,zappy-winter-thicketbird,2072454854111293682,246054044,true,
2072821649263697922,1783034167006,adaptable-grassland-tern,2072724556733731070,4882743003,true,
2072821728187678918,1783034185822,adaptable-summer-recurvebill,2072706862852542910,730039732684591104,false,
2072821791811097061,1783034200992,great-mountain-brushturkey,2072689658878722179,476874364,true,
2072822220380831830,1783034303170,noble-branch-canary,2072672810032595024,1922803520019013632,true,
2072822354451816925,1783034335135,neighborly-rhubarb-chickadee,2072752776040394815,1425939065870893065,true,
2072822462820032522,1783034360973,diligent-brook-thrasher,2072714926120952021,855481986290524160,true,
2072822517257880060,1783034373951,celebrated-ocean-seagull,2072678416243912847,82938682,true,
2072822571733819686,1783034386939,gracious-pear-lark,2072713555766632874,1518925988561784832,true,
2072822643707777424,1783034404100,cheery-nutmeg-towhee,,,,
2072822696228827173,1783034416621,majestic-water-bushlark,2072656782321729948,472412809,true,
2072822780014604722,1783034838214,cosmic-root-grackle,2072341522649841796,1282352242989789185,true,
2072822966610485396,1783034481085,great-mountain-brushturkey,,,,
2072823238174847107,1783034545831,gregarious-star-shearwater,2072508938369548448,1072826527635656705,false,
2072823259788140765,1783034550984,zappy-winter-thicketbird,2072781952554582096,1952909495660888064,true,
2072823261419749396,1783034551373,informative-tree-stork,2072722869721661807,1879431409754050560,true,
2072823366860603745,1783034576512,curious-guava-nightjar,2072097988064018595,44196397,false,
2072823394161262616,1783034583021,vivacious-valley-conure,2072789918997516710,828477589828145152,true,
2072823482094657938,1783034603986,zappy-winter-thicketbird,2072785517624877528,1563747922331803648,true,
2072823514898346430,1783034611807,neighborly-rhubarb-chickadee,2072634359929307383,1753526979914252288,true,
2072823599841296736,1783034632059,diligent-brook-thrasher,2072819005774066117,,true,
2072823655898419555,1783034645424,zappy-ocean-puffleg,2072668376024207369,1282509001926692864,true,
2072823861960450481,1783034694553,inspirational-snow-cockatoo,2072657651620892754,1282509001926692864,true,
2072823893098696760,1783034701977,celebrated-ocean-seagull,,,,
2072824027006005400,1783034733904,cheery-nutmeg-towhee,2072818643373531497,,true,
2072824418561118490,1783034827258,neighborly-rhubarb-chickadee,2072710025433301346,782113022244519936,true,
2072824424999321785,1783034828793,great-mountain-brushturkey,2072781952554582096,1952909495660888064,true,
2072824598937121207,1783034870263,thrilled-guava-cardinal,2072623285632667898,588703829,true,
2072824764129796450,1783034909647,mighty-marmalade-nightjar,2072745608981434824,1779583481867124736,false,
2072825059874668569,1783034980158,transcendent-horseradish-stork,2072820110725906472,,true,
2072825251545715168,1783035025856,joyful-mulberry-kingbird,2072783196308267374,907173236097646592,false,false
2072825435659055128,1783035250364,cosmic-root-grackle,2072517085696057356,3605594008,false,
2072825510090903733,1783035087499,zappy-winter-thicketbird,2072814608046260501,,true,
2072825615363764512,1783035112597,respectful-sunflower-troupial,2072822975074640029,,true,
2072825736776343673,1783035141544,neighborly-rhubarb-chickadee,2072792471914889421,,true,
2072825791855911206,1783035154677,diligent-brook-thrasher,,,,
2072825867533717864,1783035172719,celebrated-ocean-seagull,2072566404847693967,2013977309938884608,true,
2072826123763769574,1783035233809,cheery-nutmeg-towhee,2072448490723319827,1489420555778670592,true,
2072826239661081006,1783035261441,wholesome-raspberry-stilt,2072797503221571990,1849500209488752640,true,
2072826241271435636,1783035261826,great-mountain-brushturkey,2072623701326213602,1530143663589888002,true,
2072826250759168205,1783035264087,wholesome-raspberry-stilt,2072771321159626813,28167656,true,
2072826258300518646,1783035265885,wholesome-raspberry-stilt,2072642337818214510,,true,
2072826265191821378,1783035267528,wholesome-raspberry-stilt,2072757168755843508,4906917229,true,
2072826556074906011,1783035336880,diligent-kiwi-pratincole,2072805697754955942,1274695868793458689,false,
2072826559816233411,1783035337773,zappy-winter-thicketbird,,,,
2072826567726653523,1783035339658,neighborly-rhubarb-chickadee,2072814461577199875,,true,
2072826627080274263,1783035353809,diligent-brook-thrasher,,,,
2072826816247804326,1783035398910,excellent-boulder-blackbird,2072751487433023893,1663654717929709568,false,false
2072826855879585930,1783035408360,celebrated-ocean-seagull,,,,
2072826865752981721,1783035410713,cheery-nutmeg-towhee,2072788481546276933,1566066774583435265,true,
2072826922992554387,1783035424360,great-mountain-brushturkey,2072735805530104121,1319287761048723458,true,
2072827012184744170,1783035445625,grand-maple-nighthawk,2072756346890731737,1508426880860704771,false,
2072827026377990508,1783035449010,zappy-winter-thicketbird,2072764353099501904,1661083349589409793,true,
2072827054522056923,1783035455719,cozy-frost-petrel,2072489321375141961,1765214863453016064,true,
2072827061421347167,1783035457364,neighborly-rhubarb-chickadee,2072816618560946368,,true,
2072827099681800441,1783035466486,diligent-brook-thrasher,2072555605714465180,,true,
2072827109798805638,1783035468898,dexterous-peachtree-nightingale,2072761356810334295,3570663677,false,
2072827195895017657,1783035489426,celebrated-ocean-seagull,2072802508985258394,1217472690786668544,true,
2072827258209783900,1783035504283,gregarious-star-shearwater,2072318661105189010,22638140,true,
2072827261615493489,1783035505094,diligent-brook-thrasher,2072752837549756824,1220278446858887168,true,
2072827344306270706,1783035524809,cheery-nutmeg-towhee,,,,
2072827497578701054,1783035561353,skilled-willow-oriole,2072682719201349911,486834036,true,
2072827583360876783,1783035581804,profound-conifer-sandpiper,2072615298994446378,1981254932742492164,true,
2072827927318647275,1783035663810,great-mountain-brushturkey,2072655635661885608,1613951239519178866,true,
2072827931911455103,1783035664905,caring-passionfruit-owl,2072787798579699845,2273746309,false,
2072827933836578825,1783035665365,hopeful-field-needletail,2072723165676028298,376381938,true,
2072828000685502752,1783035681302,celebrated-ocean-seagull,2072804607365951943,1440371920403243008,true,
2072828037461131695,1783035690070,zappy-winter-thicketbird,2072780360346411115,2027843808139087875,true,
2072828041815114218,1783035691108,loyal-leaf-cormorant,2072692225100612032,1836078160653246464,true,
2072828093278961763,1783035703379,neighborly-rhubarb-chickadee,2072469532070002801,1922803520019013632,true,
2072828162266837065,1783035719826,diligent-brook-thrasher,2072763433506972083,1725553455308120064,true,
2072828170764763464,1783035721852,profound-conifer-sandpiper,2072596167792460231,1914231064513679360,true,
2072828334497481191,1783035760890,contemplative-pecan-scaup,2072721619521286396,1988820612932853760,true,
2072828375069004122,1783035770563,hopeful-field-needletail,2072793277384769935,1226879826277126144,true,
2072828419985867152,1783035781271,celebrated-ocean-seagull,2072558680558448691,1575591563178016768,true,
2072828603146899953,1783035824940,cheery-nutmeg-towhee,2072502204229906563,1326229737551912960,true,
2072828690929709122,1783035845869,blazing-fjord-penguin,2072787620556390887,11525172,false,
2072828828041335054,1783035878560,great-mountain-brushturkey,2072728655407837400,1595674603510435840,true,
2072828937559023812,1783035904671,soulful-pomegranate-puffin,2072502227978354784,3515196199,true,
2072828981817036904,1783035915223,zappy-winter-thicketbird,2072822692936286505,,true,
2072829005623923094,1783035920898,neighborly-rhubarb-chickadee,2072806347410673998,1337217241046257671,true,
2072829090877370731,1783035941225,diligent-brook-thrasher,2072809274368024810,1695928612304637952,true,
2072829125731971227,1783035949534,celebrated-ocean-seagull,2072706260063973837,1502672912242851842,true,
2072829135932489874,1783035951966,cheery-nutmeg-towhee,2072783295126118652,2036784443344523264,true,
2072829195139379577,1783035966082,appreciative-cypress-leaflove,2072678230075785468,1092176682125910016,false,
2072829255512170512,1783035980476,great-mountain-brushturkey,2072819801077219593,,true,
2072829346364998072,1783036002138,generous-water-kookaburra,2072486210426003737,1274191176267071490,false,
2072829390166356295,1783036012580,talented-island-ibis,2072731799034507448,1495445701123538947,true,
2072829396549787820,1783036014102,zappy-winter-thicketbird,2072813070091739551,1938262633871822848,true,
2072829566498816145,1783036191668,cosmic-root-grackle,2072570842643415345,1135361633717489664,false,
2072829665853497643,1783036078309,neighborly-rhubarb-chickadee,2072708584593322137,3413416811,true,
2072829761966010645,1783036101224,luminous-willow-hummingbird,2072455710005486058,914815520842616834,true,
2072830022281314810,1783036163288,helpful-pond-frigatebird,2072586806927798355,965565622309531648,false,
2072830135149940936,1783036190202,diligent-brook-thrasher,2072702549304479785,1797809545860837376,true,
2072830221753921634,1783036210846,cheery-nutmeg-towhee,2072500304470515747,1100998693354799104,true,
2072830299671494893,1783036229423,celebrated-ocean-seagull,2072535804338119025,2188509068,true,
2072830432727519240,1783036261147,great-mountain-brushturkey,2072764742138224920,3174317410,true,
2072830536188322192,1783036285813,cheery-nutmeg-towhee,2072799551946428683,,true,
2072830602152218734,1783036301541,intelligent-berry-friarbird,2072618108187967836,1193022502009819137,true,
2072830697627070555,1783036324303,great-mountain-brushturkey,2072732684472725579,1955708967079858177,true,
2072830837951775169,1783036357759,classy-mango-kingbird,2072351074229371148,632654368,true,
2072830875373281387,1783036366681,bold-pistachio-wheatear,2072452000663413009,263576813,true,
2072831075072532695,1783036414293,pioneering-raspberry-bittern,2072820136780689609,,true,
2072831194375295009,1783036442738,zappy-winter-thicketbird,2072744735140200476,1455517450687160320,true,
2072831255670899135,1783036457351,neighborly-rhubarb-chickadee,2072692693633741009,2719977830,true,
2072831314945065353,1783036471483,quick-daylight-tailorbird,2072483597940887944,,true,
2072831541475205461,1783036525493,enchanting-buckeye-thicketbird,2072615502451818518,901040843817144320,false,
2072831632965296360,1783036547305,passionate-winter-puffbird,2072405623447154768,1646516211268878339,true,
2072832037690683618,1783037296897,cosmic-root-grackle,2072611746703950330,1624809498131980289,false,
2072832448254063090,1783036741685,diligent-brook-thrasher,2072775116199764108,745708855481425920,true,
2072832463533982029,1783036840274,cosmic-root-grackle,2072711064861442146,,false,
2072832499529498769,1783036753911,celebrated-ocean-seagull,2072762241280041160,1593299133292503041,true,
2072832508840780162,1783036756130,cheery-nutmeg-towhee,2072596041917210811,261112352,true,
2072832672863322547,1783036795237,zappy-winter-thicketbird,2072404943282012343,,true,
2072832767964893560,1783036817910,great-mountain-brushturkey,2072756573496086576,288277167,true,
2072832784939585631,1783036821957,graceful-meadow-drongo,2072331640009863468,2011505129015640065,false,
2072832804447015197,1783036826608,energizing-sand-needletail,2072798402190958692,947984296224096257,true,
2072832934399099174,1783036857592,zappy-winter-thicketbird,2072722672195105102,1777400045848944640,true,
2072833131992805568,1783036904701,zappy-beach-woodpecker,2072739310093078757,1089670165300723712,true,false
2072833289283424578,1783036942203,majestic-water-bushlark,2072795713000403129,2194243029,true,
2072833360506839133,1783036959182,radiant-riverbank-firetail,2072724556733731070,4882743003,false,
2072833371101634740,1783036961710,wonderful-valley-sunbird,2072057761324519902,1872097975268159488,true,
2072833406833180728,1783036970228,keen-spruce-ibis,,,,
2072833447542849774,1783036979935,neighborly-rhubarb-chickadee,2072524976952066282,1653276984070250496,true,
2072833472549269791,1783036985897,diligent-brook-thrasher,,,,
2072833585740931570,1783037012883,neighborly-rhubarb-chickadee,,,,
2072833747435548841,1783037051434,celebrated-ocean-seagull,2072635727821853095,1440508825220435972,true,
2072833882752233662,1783037083696,cheery-nutmeg-towhee,2072826352894419059,,true,
2072833954428690489,1783037100785,graceful-cove-brownbul,2072819958640251236,,true,
2072833973064028242,1783037105228,inspired-elm-bunting,2072772627140424142,2670726740,true,
2072834059491741758,1783037125834,great-mountain-brushturkey,2072722869721661807,1879431409754050560,true,
2072834179151061151,1783037154364,zappy-winter-thicketbird,2072692290276278718,,true,
2072834183987126750,1783037155515,neighborly-rhubarb-chickadee,2072829677668814971,,true,true
2072834249024278664,1783037171022,warmhearted-flower-peafowl,2071973949034938533,1692922277375967233,true,
2072834437881139318,1783037216050,genuine-plum-flameback,2072194144878080200,,true,
2072834520122880199,1783037235658,diligent-brook-thrasher,2072812725261221896,2891366827,true,
2072834601018343442,1783037254944,celebrated-ocean-seagull,2072772411494199337,4818585910,true,
2072834637194289435,1783037263569,cheery-nutmeg-towhee,2072811689603649585,,true,
2072834849149243704,1783037314103,hopeful-field-needletail,2072808261641023938,323842059,true,
2072835056834376008,1783037363618,composed-forest-macaw,2072767262491115529,1117210361592205312,true,
2072835099628843498,1783037373822,fantastic-guava-bushlark,2072315800354975895,1864914707636682752,true,
2072835268625703216,1783037414114,great-mountain-brushturkey,2072576237000872205,1968895532698628096,true,
2072835270508954044,1783037414564,dazzling-petal-wader,2072742040413024626,577162059,true,
2072835270819332518,1783037414638,diligent-brook-thrasher,2072576237000872205,1968895532698628096,true,
2072835283704291526,1783037417709,zappy-winter-thicketbird,2072680555481636905,28810538,true,
2072835374435447292,1783037439341,hearty-sky-tailorbird,,,,
2072835389232967711,1783037442868,celebrated-ocean-seagull,2072813363474964755,1792979058654851072,true,
2072835459814691034,1783037459698,gregarious-star-shearwater,2072655241481183367,1135361633717489664,true,
2072835479888609395,1783037464484,neighborly-rhubarb-chickadee,2072758748360413246,1676591200696926208,true,
2072835483915153680,1783037465443,diligent-brook-thrasher,2072810631917428868,1409523241694212097,true,
2072835607940706367,1783037495013,celebrated-ocean-seagull,2072727195563298867,1133706159364411392,true,
2072835728032121100,1783037523646,cheery-nutmeg-towhee,2072703479261347895,,true,
2072835814388588605,1783037544235,great-mountain-brushturkey,2072773481851150408,886221064723992576,true,
2072835881577107833,1783037560253,zappy-winter-thicketbird,,,,
2072835945439924285,1783037575479,lovely-grassland-macaw,2072820220587335952,,true,true
2072835981410029932,1783037584055,neighborly-rhubarb-chickadee,2072816812165632008,,true,
2072836020257644689,1783037593317,diligent-brook-thrasher,2072720049518125396,952784547082526723,true,
2072836071277097040,1783037605481,celebrated-ocean-seagull,2072711614164328939,1665822087246651398,true,
2072836082815615064,1783037608232,cheery-nutmeg-towhee,,,,
2072836361208381925,1783037674606,great-mountain-brushturkey,,,,
2072836427298038042,1783037690363,sturdy-kelp-catbird,2068811249362563490,1939826295652892672,false,
2072836487809274012,1783037704790,zappy-winter-thicketbird,2072548506074567049,400107947,true,
2072836628796907749,1783037738404,felicitous-clay-sunbird,2072653966668976484,1004672518886572033,true,
2072836639412351464,1783037740935,neighborly-rhubarb-chickadee,2072821250804887978,,true,false
2072836640985252226,1783037741310,intelligent-peachtree-condor,2072328253470069039,1188640992322347010,true,
2072836698749145488,1783037755082,diligent-brook-thrasher,2072823686818902303,,true,
2072836705724338299,1783037756746,celebrated-ocean-seagull,2072524512231632979,1518679895785697280,true,
2072836741103337793,1783037930230,cosmic-root-grackle,2072487049723064668,1986250815720591360,false,
2072836852315312384,1783037791695,mighty-boulder-ibis,2072673651183296523,10615232,false,
2072836884263301560,1783037799313,cheery-nutmeg-towhee,,,,
2072837048789078412,1783037838538,great-mountain-brushturkey,2072533598570262589,726988839047319552,true,
2072837088123195434,1783037847917,zappy-winter-thicketbird,2072626763767640457,,true,true
2072837159686660238,1783037864979,cordial-meadow-duck,2072184859104346254,,true,
2072837178099397044,1783037869368,neighborly-rhubarb-chickadee,2072617635116667386,70691549,true,
2072837350955090330,1783037910580,diligent-brook-thrasher,2072767548572017120,1573112872565149699,true,
2072837352163266705,1783037910868,active-moon-pheasant,2072817623524323607,,false,
2072837354667049288,1783037911465,wholesome-mesa-falcon,2072829677668814971,,false,
2072837379988095300,1783037917502,zappy-winter-thicketbird,,,,
2072837420320510192,1783037927119,observant-fern-treepie,2072714927614132539,1888736200900440064,true,
2072837432232337476,1783037929959,neighborly-rhubarb-chickadee,2072757201605911009,1685225134909517824,true,
2072837448283918698,1783037933785,articulate-raisin-songbird,2072767927070101580,49315012,false,
2072837474079158635,1783037939935,hip-moss-crake,2072795837349143008,1689796034262933504,true,
2072837533604483164,1783037954128,diligent-brook-thrasher,,,,
2072837621890355277,1783037975177,celebrated-ocean-seagull,2072641864402886737,2008957627867533312,true,
2072837626575335508,1783037976293,prudent-eucalyptus-flamingo,2072718865721606214,73283869,true,
2072837674075820372,1783037987618,cheery-nutmeg-towhee,2072666594061226490,1313562171335487493,true,
2072837692761764057,1783037992073,temperate-shoreline-hawk,2072810631917428868,1409523241694212097,false,
2072837716530663628,1783037997740,sincere-wood-wader,2072595112924791230,,true,
2072837782649667754,1783038013504,celebrated-ocean-seagull,2072533598570262589,726988839047319552,true,
2072837801813389666,1783038018073,astounding-prairie-grosbeak,2072689623914946937,19017675,false,
2072837845341929942,1783038028451,cheery-nutmeg-towhee,2072654433683386859,36546167,true,
2072837848282042804,1783038029152,diligent-brook-thrasher,2072654433683386859,36546167,true,
2072837996919902313,1783038064591,challenging-pear-sandgrouse,2072717975224737926,1356684661381095424,true,
2072838126322724869,1783038095442,enlightened-peppermint-softbill,2072805433715413418,193536462,true,
2072838500722848050,1783038184706,celebrated-ocean-seagull,2072482940802716039,284915481,true,
2072838784882778545,1783038252455,cheery-nutmeg-towhee,2072824731154120973,,true,
2072838832492568791,1783038263806,trusty-avocado-woodpecker,2071851045937197140,1943999982085758976,true,
2072838836661461174,1783038264800,steady-cactus-meadowlark,2072807083720740900,1913742473928536064,true,
2072838860241768651,1783038270422,great-mountain-brushturkey,2072725014479327663,2053220708554268672,true,
2072838873466511798,1783038273575,zappy-winter-thicketbird,2072826956106609100,,true,
2072838979661988322,1783038298895,eloquent-rhubarb-grosbeak,2072658292921315560,,true,true
2072839008481165749,1783038305766,neighborly-rhubarb-chickadee,2072696691468210224,974006381962579968,true,
2072839357543624854,1783038474834,cosmic-root-grackle,2071731439675085125,25617895,false,
2072839509507489875,1783038425220,bright-hillside-crow,2072684056605773913,326756275,false,
2072839720191549742,1783038475451,fabulous-lumber-crossbill,2072839331035668609,,true,
2072839742605910183,1783038480794,diligent-brook-thrasher,2072812817476973011,,true,
2072839748654112872,1783038482237,celebrated-ocean-seagull,2072754620435165284,1670915963359752192,true,
2072839830094905527,1783038501653,hopeful-field-needletail,2072818743877541997,,true,
2072839879835140598,1783038513512,cheery-nutmeg-towhee,2072579459979313450,3397067128,true,
2072839909086466218,1783038520486,wise-rainforest-rooster,2072234917149475207,1646344556370366464,true,
2072839971128451468,1783038535278,great-mountain-brushturkey,2072820697877868583,,true,
2072839989524644247,1783038539664,resilient-pistachio-pelican,2072759278516228434,80233893,true,
2072840031178219988,1783038549596,zappy-winter-thicketbird,2072825144679207009,,true,
2072840134060298452,1783038574124,exquisite-elm-toucan,2072785891853058321,1367209793686036482,true,
2072840242432807052,1783038599963,upstanding-desert-rooster,2072799133295845650,943982552762662913,true,
2072840260187304006,1783038604195,affable-island-seedeater,2072801601061036054,1086495786731491328,true,
2072840305443836149,1783038614986,neighborly-rhubarb-chickadee,2072707526299152702,512538935,true,true
2072840379263816192,1783038632585,dependable-star-lark,2072052174213759334,1748155041792323584,false,
2072840507164594373,1783038663079,diligent-brook-thrasher,2072833662618382490,,true,
2072840594011906483,1783038683785,celebrated-ocean-seagull,,,,
2072840736949596392,1783038717864,goodhearted-hillside-pelican,2072798402190958692,947984296224096257,false,
2072840746349265090,1783038720105,mellow-creek-thrasher,2072838364609528317,,true,true
2072840797376880991,1783038732271,cheery-nutmeg-towhee,,,,
2072840835972968890,1783038741473,great-mountain-brushturkey,2072714926120952021,855481986290524160,true,
2072840848501317963,1783038744460,flying-conifer-friarbird,2072836703094509834,,true,
2072841129230303648,1783038811391,great-mountain-brushturkey,2072646303834689805,158135725,true,
2072841160389706045,1783038818820,zappy-winter-thicketbird,,,,
2072841187115880523,1783038825192,shrewd-tomato-kookaburra,2072513441525625231,1432802456459624450,true,
2072841210624884968,1783038830797,likable-wildflower-thicketbird,2072840380534366537,,true,
2072841249652928830,1783038840102,assuring-ocean-blackbird,2072836703094509834,,true,
2072841275183698278,1783038846189,modern-honeydew-crimsonwing,2072836703094509834,,true,
2072841306129441275,1783038971756,cosmic-root-grackle,1945260821509996867,1354219017721032709,false,
2072841308671012969,1783038854174,neighborly-rhubarb-chickadee,2072799133295845650,943982552762662913,true,
2072841349531832404,1783038863916,skilled-guava-mousebird,2072840380534366537,,true,
2072841426908405780,1783038882363,diligent-brook-thrasher,,,,false
2072841601471205641,1783038923983,celebrated-ocean-seagull,2072818950426296752,,true,
2072841680584056879,1783038942845,cheery-nutmeg-towhee,2072799954976776431,17469289,true,true
2072841725169823923,1783038953475,wondrous-mulberry-mallard,2072753522160902407,1998778644131622915,false,false
2072841815460368750,1783038975002,zappy-winter-thicketbird,2072795994912158058,,true,
2072841957659889982,1783039008904,majestic-ocean-leaflove,2072836203544563963,,true,
2072842035220914385,1783039027397,neighborly-rhubarb-chickadee,2072837001649295385,,true,
2072842194952618346,1783039065480,great-mountain-brushturkey,2072836703094509834,,true,true
2072842250942386193,1783039078828,zappy-winter-thicketbird,2072677834439688428,2245048202,true,
2072842252905263335,1783039079296,diligent-brook-thrasher,2072677834439688428,2245048202,true,
2072842710533206153,1783039188403,neighborly-rhubarb-chickadee,2072838057770754488,,true,
2072842740484780385,1783039195544,observant-cove-cuckoo,2072695683635621991,,true,
2072842755814855033,1783039199199,diligent-brook-thrasher,2072737685693976837,1857370238410502144,true,true
2072843005946482937,1783039258835,celebrated-ocean-seagull,2072800721431675059,3256920204,true,
2072843028264259721,1783039264157,generous-strawberry-pipit,2072714927614132539,1888736200900440064,false,false
2072843320313663626,1783039333786,celebrated-ocean-seagull,2072636931004092905,2034619870567165953,true,
2072843458989969624,1783039366849,cheery-nutmeg-towhee,,,,
2072843474525995406,1783039576658,cosmic-root-grackle,2072314347116802440,1259862054,true,
2072843572554932475,1783039393925,great-mountain-brushturkey,2072543035066564857,341746855,true,
2072843730428613103,1783039431566,elegant-redwood-parrot,2072798402190958692,947984296224096257,false,
2072843785931767969,1783039444798,zappy-winter-thicketbird,2072832359297130541,,true,
2072843923454677276,1783039477587,cheery-nutmeg-towhee,2072840380534366537,,true,
2072843926164136296,1783039478232,neighborly-rhubarb-chickadee,2072840380534366537,,true,
2072844008510914831,1783039497866,diligent-brook-thrasher,2072834475461923280,,true,
2072844018346594498,1783039500210,celebrated-ocean-seagull,2072769056847933502,1412792299222884357,true,
2072844024231153785,1783039501614,cheery-nutmeg-towhee,2072768081399542021,1926696997970460672,true,
2072844055600619718,1783039509092,poised-seawater-hawk,2072838364609528317,,false,
2072844118343012644,1783039524051,great-mountain-brushturkey,2072751659814416893,870422325350596609,true,
2072844213641699801,1783039643179,cosmic-root-grackle,1881408246067744887,1879650942410481666,false,
2072844228007207420,1783039550197,zappy-winter-thicketbird,,,,
2072844269803417834,1783039560162,neighborly-rhubarb-chickadee,2072838625109176717,,true,
2072844333469032767,1783039575342,diligent-clay-shorebird,2072842392873435488,,true,
2072844384899379377,1783039587603,great-mountain-brushturkey,2072627414258352170,2035026093997174784,true,
2072844405753381218,1783039592576,diligent-brook-thrasher,2072840963320340659,,true,
2072844409196999049,1783039593396,zappy-winter-thicketbird,,,,false
2072844618756939855,1783039643359,celebrated-ocean-seagull,,,,
2072844716534628534,1783039666672,nestling-sun-owl,2072788614262497532,15438913,true,
2072844742241439821,1783039672800,cheery-nutmeg-towhee,2072670493270786503,152450163,true,
2072844964841541673,1783039725873,great-mountain-brushturkey,2072787581280923763,1498764837601484801,true,
2072844987658575974,1783039731312,zappy-winter-thicketbird,2072636087030460910,2004663813245992961,true,
2072845055732400372,1783039747542,celebrated-marble-condor,2072075759083221024,2037998774815948800,true,
2072845206194373058,1783039783415,neighborly-rhubarb-chickadee,2072687913943310819,1369715315546939393,true,
2072845216034500969,1783039785761,frank-dune-flatbill,2072106430610465196,2480268229,true,
2072845309030375728,1783039807933,memorable-pine-pigeon,2071375209504858315,714246104955551750,true,
2072845463641014478,1783039844795,lucent-sequoia-swan,2072190240895193411,865844491554439169,true,
2072845643102527556,1783039887582,diligent-brook-thrasher,2072732616227271147,2071009551051075584,true,
2072845655811260499,1783039890613,celebrated-ocean-seagull,2072656531540369455,801666990557380608,true,
2072845809280827514,1783040119878,cosmic-root-grackle,2072697365908033803,1408882626056892425,true,false
2072845845377028101,1783039935809,cheery-nutmeg-towhee,2072782557016654296,2069948812672856065,true,
2072845869418745957,1783039941541,great-mountain-brushturkey,2072833872602001592,,true,
2072846003900748250,1783039973603,zappy-winter-thicketbird,,,,
2072846045516632346,1783039983525,neighborly-rhubarb-chickadee,2072787463278588010,1309803474566090752,true,true
2072846050755252277,1783039984775,frolicsome-jacaranda-catbird,2072704813083595176,,true,
2072846123903918329,1783040002214,diligent-brook-thrasher,,,,
2072846134624559462,1783040190803,cosmic-root-grackle,2072341530069856523,17446621,false,
2072846135644065943,1783040005013,distinguished-valley-mockingbird,2072635907945963657,245791854,true,
2072846156569202752,1783040010003,celebrated-ocean-seagull,2072831709318377952,,true,
2072846189108596839,1783040017760,neighborly-rhubarb-chickadee,2072835800920658073,,true,true
2072846328808321434,1783040051067,cheery-nutmeg-towhee,2072824144731779282,,true,
2072846331161244044,1783040051628,diligent-brook-thrasher,2072824144731779282,,true,
2072846341521186839,1783040054099,great-mountain-brushturkey,,,,
2072846402351145465,1783040068601,zappy-winter-thicketbird,2072815039573000447,,true,
2072846442864038247,1783040078261,neighborly-rhubarb-chickadee,,,,
2072846447842603009,1783040079447,diligent-brook-thrasher,2072801337197158835,1123258543505850368,true,
2072846535012831672,1783040100231,celebrated-ocean-seagull,2072723625908592731,1912055634029350912,true,
2072846598078406686,1783040115266,cheery-nutmeg-towhee,2072802508985258394,1217472690786668544,true,
2072846621419999644,1783040120831,lithe-pine-raven,2072692553569153533,,true,
2072846649601437838,1783040127551,peaceful-rock-jay,2072706160969355390,1451259206007328770,true,
2072846672506323285,1783040133011,great-mountain-brushturkey,2072731169079042180,1627609480111312897,true,
2072846713056895025,1783040142679,zappy-winter-thicketbird,,,,
2072846721374192119,1783040144662,neighborly-rhubarb-chickadee,2072681708240224455,2788596146,true,
2072846745227198642,1783040150349,diligent-brook-thrasher,2072788489033097317,1878072941776420864,true,
2072846766165086266,1783040155342,philosophical-sun-dipper,2072843760216461625,,true,
2072846859769425927,1783040177658,celebrated-ocean-seagull,2072827854375571688,,true,
2072846907571859589,1783040189056,cheery-nutmeg-towhee,2072804298635739302,2398428283,true,
2072847282899136910,1783040278540,resilient-olive-nighthawk,2072843760216461625,,true,true
2072847466316153024,1783040322270,experienced-avocado-chicken,2072829293151863060,,true,
2072847533995327756,1783040338407,cheery-nutmeg-towhee,2072807112401363123,1423717651071840258,true,
2072847707698241945,1783040379820,great-mountain-brushturkey,2072809710416253037,1660675447800098816,true,
2072847772512837917,1783040395273,methodical-chestnut-towhee,2072353285143462323,216881337,false,
2072848133093040624,1783040481243,zappy-winter-thicketbird,2072823516001390852,,true,
2072848203460866331,1783040498020,great-mountain-brushturkey,2072780360346411115,2027843808139087875,true,
2072848255847694810,1783040510509,sensational-harvest-nightjar,2072797984438239364,,true,
2072848256501965037,1783040510667,neighborly-rhubarb-chickadee,,,,
2072848328790823262,1783040527900,diligent-brook-thrasher,2072793852214223321,1970303814147473409,true,
2072848545053614381,1783040579461,wholesome-raspberry-stilt,2072769056847933502,1412792299222884357,true,
2072848555166089387,1783040581872,wholesome-raspberry-stilt,2072677834439688428,2245048202,true,
2072848562124464228,1783040583531,wholesome-raspberry-stilt,2072799133295845650,943982552762662913,true,
2072848570001269071,1783040585410,wholesome-raspberry-stilt,2072840963320340659,,true,
2072849006363881868,1783040689446,warmhearted-sand-antwren,,,,
2072849058897490278,1783040701971,zappy-winter-thicketbird,2072760761831596405,,true,
2072849061871239392,1783040702680,celebrated-ocean-seagull,,,,
2072849091915022361,1783040709844,cheery-nutmeg-towhee,,,,
2072849122927726877,1783040717238,great-mountain-brushturkey,2072675775900266597,1784626667291365376,true,
2072849241253581207,1783040871933,cosmic-root-grackle,2072805636585443658,11347122,false,
2072849433671381081,1783040791324,chirpy-seedling-flamingo,2072817091204223131,,true,
2072849468941025329,1783040799733,assuring-ocean-blackbird,2072848922331021474,,true,
2072849527464243658,1783040813687,incomparable-reef-bluebird,2072769145444454408,1609193678093930501,true,
2072849664957927597,1783041079147,cosmic-root-grackle,2072739396374151660,69156861,true,
2072849858621288711,1783040892640,endearing-ridge-flameback,2072847187759780175,,true,
2072849982894342329,1783040922269,zappy-winter-thicketbird,2072847038207627347,,true,
2072850002028753355,1783040926831,bookish-rhubarb-mallard,2072848715405013040,,true,
2072850077375214043,1783040944795,neighborly-rhubarb-chickadee,2072715673218748631,1899667958437416961,true,
2072850099097518186,1783041101900,cosmic-root-grackle,2072353921205514346,2480268229,false,
2072850418158256227,1783041026045,diligent-brook-thrasher,2072829805012066552,,true,
2072850840507875760,1783041126740,effective-tree-conebill,2072654410614739224,152382594,true,
2072850931113165102,1783041833367,cosmic-root-grackle,2072495210517700883,19709816,false,
2072850987073536098,1783041161685,neighborly-rhubarb-chickadee,2072846572480549028,,true,
2072851005637640277,1783041166110,celebrated-ocean-seagull,2072560570050789808,1589836345173606401,true,
2072851011249778728,1783041167448,winged-rose-cockatoo,2072538257351745882,1545620020952186881,false,
2072851033206722827,1783041172683,cheery-nutmeg-towhee,,,,
2072851093021716892,1783041186945,great-mountain-brushturkey,2072771822152478957,1464339136899428356,true,
2072851100945011065,1783041188833,effective-mesa-brownbul,2072836703094509834,,true,
2072851127167603008,1783041195085,curious-pistachio-antwren,2072843198368473269,,true,
2072851242011799621,1783041222466,zappy-winter-thicketbird,2072714759154082228,1387935140500889601,true,
2072851324392083891,1783041242107,neighborly-rhubarb-chickadee,2072836800414892462,,true,
2072851422543073359,1783041265508,suave-grove-bluebird,2072528318319010217,976662895302881285,true,
2072851465278824943,1783041275697,diligent-brook-thrasher,2072784088277074390,76766018,true,true
2072851494987018552,1783041282780,celebrated-ocean-seagull,2072812899446177999,250434880,true,
2072851644404887615,1783041318405,musical-horseradish-falcon,2072530281312219469,1752936018083516416,false,
2072851898034462774,1783041378875,alert-juniper-shorebird,,,,false
2072852008973779075,1783041532654,cosmic-root-grackle,2072821840544710814,,false,
2072852047934665095,1783041414613,friendly-banana-mallard,2072848922331021474,,false,
2072852149260754950,1783041438771,committed-moon-firetail,2072836703094509834,,true,
2072852219863715979,1783041455604,bold-river-grebe,2072770790852825254,604988212,true,
2072852326558191651,1783041481042,tranquil-glacier-whistler,,,,
2072852413611233585,1783041501797,whimsical-moss-magpie,2072845479788904823,,true,
2072852548877439009,1783041534048,striking-autumn-leaflove,2072730972403937406,1388469096317079552,true,
2072852615495319695,1783041549930,cheery-nutmeg-towhee,2072684083373854920,23301612,true,
2072852634428707166,1783041554444,heroic-sun-skylark,2072791454045397352,876750583037927429,true,
2072852723024703710,1783041575567,tranquil-glacier-whistler,2072691263397060750,862718426757779457,true,
2072852809410572524,1783041596164,great-mountain-brushturkey,2072528320143716417,162959858,true,
2072852904931725322,1783041618937,zappy-winter-thicketbird,2072766723342696611,,true,
2072853007822156184,1783041643468,neighborly-rhubarb-chickadee,2072631454928969806,1583239584728727552,true,
2072853020090487176,1783042140921,cosmic-root-grackle,2072586921021407313,1825757098807803904,true,
2072853034477183311,1783041649824,realistic-autumn-ibis,2072764318915956949,,false,
2072853318695535081,1783041717586,diligent-brook-thrasher,,,,
2072853321019273435,1783041718140,celebrated-ocean-seagull,,,,
2072853346852188618,1783041724300,distinguished-twig-goldfinch,2072824238944456846,,true,
2072853353734816164,1783041725940,strategic-lychee-dove,2072840840813101335,,true,
2072853403667988896,1783041737845,cheery-nutmeg-towhee,,,,
2072853717900992865,1783041812764,great-mountain-brushturkey,,,,
2072853745092694124,1783041819248,celebrated-ocean-seagull,,,,
2072853778848514538,1783041827296,zappy-winter-thicketbird,2072728828385140881,1276825208679043075,true,
2072853785160929419,1783041828800,neighborly-rhubarb-chickadee,2072740251437813771,40950411,true,
2072853884792389644,1783041852554,diligent-brook-thrasher,2072827501781430732,,true,
2072853936810107023,1783041864956,blissful-banana-albatross,2072538257351745882,1545620020952186881,false,
2072853961388998663,1783041870817,dazzling-autumn-robin,2072763532417040821,1405258197426790403,true,
2072854066741305752,1783041895934,celebrated-ocean-seagull,2072525959358472293,1429400366819512323,true,
2072854117291082109,1783041907987,cheery-nutmeg-towhee,2072788614262497532,15438913,true,
2072854133455892516,1783041911841,authentic-tigerwood-wren,,,,false
2072854331922010199,1783041959159,celebrated-ocean-seagull,2072849366864265670,,true,
2072854437555757147,1783041984343,lionhearted-papaya-cotinga,2072821250804887978,,false,
2072854525619097693,1783042005340,rollicking-rosewood-magpie,2072492544450023604,1442907461585981440,true,
2072854596813193264,1783042022314,cheery-nutmeg-towhee,2072687270709309589,770268335783030784,true,
2072854634436198894,1783042031284,great-mountain-brushturkey,2072761528613298229,1704810139,true,
2072854704766255467,1783042048051,polite-clay-peacock,2072755457148457123,1884969409686765568,true,
2072854771006918856,1783042063844,zappy-winter-thicketbird,2072785542702387507,330262748,true,
2072854886262161512,1783042091323,neighborly-rhubarb-chickadee,,,,
2072854920219218144,1783042099419,celebrated-ocean-seagull,2072838440488730642,,true,
2072854952255304142,1783042107057,kinetic-moss-magpie,2072732395074199682,,true,
2072855010459750903,1783042120935,cheery-nutmeg-towhee,2072850881632948369,,true,
2072855023004869037,1783042123925,great-mountain-brushturkey,2072740474499059886,1656400479163744256,true,
2072855026171564448,1783042124680,zappy-winter-thicketbird,2072795551670604112,,true,
2072855110544195745,1783042359359,cosmic-root-grackle,2072697365908033803,1408882626056892425,true,
2072855118135873905,1783042146607,neighborly-rhubarb-chickadee,2072845842873028925,,true,
2072855141833666772,1783042152257,celebrated-ocean-seagull,2072850329872322882,,true,
2072855151757434882,1783042154622,cheery-nutmeg-towhee,2072849422937964550,,true,
2072855196913254495,1783042165388,chirpy-lemon-skimmer,2072492544450023604,1442907461585981440,true,
2072855210897359356,1783042168722,wholesome-raspberry-stilt,2072763433506972083,1725553455308120064,true,
2072855269437055274,1783042182680,easygoing-reef-frigatebird,2072692545507758286,452540168,true,
2072855273648111694,1783042183683,zappy-winter-thicketbird,2072850162771480617,,true,
2072855382024692126,1783042209522,neighborly-rhubarb-chickadee,,,,
2072855440375853072,1783042223434,magnanimous-summer-penguin,2072849542056144903,,true,
2072855483539407282,1783042233726,diligent-brook-thrasher,2072766220445561281,1612844910369030145,true,
2072855546802356636,1783042350348,cosmic-root-grackle,2072415344019272087,178353631,true,
2072855575260434626,1783042255593,celebrated-ocean-seagull,2072835471357485262,,true,
2072855678062915915,1783042280103,cheery-nutmeg-towhee,2072832697899286569,,true,
2072855831855436136,1783042316770,great-mountain-brushturkey,2072850068911104018,,true,
2072855876709367854,1783042327465,neighborly-rhubarb-chickadee,2072849910622265577,,true,
2072855990916051243,1783042354693,diligent-brook-thrasher,2072851564528640028,,true,
2072856278980833731,1783042423373,celebrated-ocean-seagull,,,,
2072856282282000486,1783042424160,sensible-frost-fantail,2071985278760489201,1176617323047768065,true,
2072856292427731324,1783042426579,exceptional-branch-mockingbird,2072840767077568907,,true,
2072856613417898165,1783042503109,cheery-nutmeg-towhee,2072786474219851934,1370641767830233091,true,
2072856625191206939,1783042505917,nimble-acorn-magpie,2072809901194195087,1588605724057370625,true,
2072856646552842590,1783042511010,great-mountain-brushturkey,2072851364921630891,,true,
2072856730090745934,1783042530927,lucky-citrus-hillstar,2072711567871815980,1863326742066180096,false,
2072856771387851246,1783042540772,zappy-winter-thicketbird,2072646531627532425,1078634612,true,
2072856866133066089,1783042563361,cheery-nutmeg-towhee,2072832731860386094,,true,
2072856884487336281,1783042567737,neighborly-rhubarb-chickadee,2072599926303756452,1627609480111312897,true,
2072856889805697529,1783042569006,diligent-brook-thrasher,,,,
2072856892334891203,1783042569608,great-mountain-brushturkey,,,,
2072856938023366886,1783042580502,celebrated-ocean-seagull,,,,
2072856950837067936,1783042583556,cheery-nutmeg-towhee,2072679720718913785,224431376,true,
2072856989319729581,1783042592731,observant-spring-mallard,,,,
2072857158052442382,1783042632961,great-mountain-brushturkey,2072797984438239364,,true,
2072857235139739788,1783042651340,lionhearted-horseradish-stilt,2072850243633225954,,true,
2072857259898527830,1783042657242,zappy-winter-thicketbird,2072842320962019674,,true,
2072857283961487618,1783042662979,astonishing-sycamore-pigeon,2072670374521647487,1689038026423308290,true,
2072857330065211719,1783042673971,admirable-spruce-towhee,2072386192419725428,1689693400881414144,false,
2072857357227528324,1783042680447,informative-twig-needletail,2072801220956164144,1471414739880189955,true,
2072857439142035773,1783042699977,strong-mango-warbler,2072843760216461625,,false,
2072857447711010922,1783042702021,inquisitive-ice-albatross,2072653782954258598,914441381250134016,true,
2072857587880485207,1783042735440,tremendous-marmalade-chickadee,2072370566036701396,1128064357089337344,false,
2072857592682926565,1783042736584,neighborly-rhubarb-chickadee,2072854320081453216,,true,
2072857600551424372,1783042738460,involved-aspen-flatbill,2072842532166205473,,true,
2072857608524857579,1783042740362,legendary-dune-sparrow,2072747510653739498,780460754910732288,true,
2072857791622987853,1783042784016,diligent-brook-thrasher,,,,
2072857832798478790,1783042793832,celebrated-ocean-seagull,,,,false
2072857838804668566,1783042795264,zappy-winter-thicketbird,2072849472502079826,,true,
2072858011962400787,1783042836548,cheery-nutmeg-towhee,2072836433866314064,,true,
2072858076357784062,1783042851902,authentic-cherry-seabird,2072596041917210811,261112352,true,
2072858275310092740,1783042899335,great-mountain-brushturkey,,,,
2072858533066924039,1783042960789,zappy-winter-thicketbird,2072773765008662985,1694927521,true,
2072858594656104717,1783042975473,cozy-lake-kite,2072836703094509834,,false,false
2072858749648220235,1783043012427,neighborly-rhubarb-chickadee,2072557112396329220,94543804,true,
2072858750600577028,1783043012653,amiable-lemon-goldfinch,2072692514642149725,636513296,true,
2072858751707529240,1783043012917,diligent-brook-thrasher,2072557112396329220,94543804,true,
2072858807093363041,1783043026122,celebrated-ocean-seagull,2072852970526351687,,true,
2072858934252093576,1783043056439,cheery-nutmeg-towhee,2072668553820442860,1292669589298520064,true,
2072859099478245628,1783043095833,diligent-brook-thrasher,2072704683446055176,2039466542568464385,true,
2072859233318490352,1783043127742,celebrated-ocean-seagull,2072839359766872097,,true,
2072859233817948343,1783043127861,remarkable-tigerwood-bunting,2072757168755843508,4906917229,true,
2072859308161659343,1783043145587,cheery-nutmeg-towhee,2072716127600320803,1703771092169420800,true,
2072859321646342558,1783043148801,great-mountain-brushturkey,,,,
2072859390135140838,1783043165130,zappy-winter-thicketbird,2072701062956401018,2034638078661545984,true,
2072859450486984784,1783043179519,legendary-kiwi-petrel,2072770283388223675,2429615017,true,
2072859570989310305,1783043208250,flexible-creek-hawk,2072842532166205473,,false,
2072859613435752939,1783043327958,cosmic-root-grackle,2062717841263247639,866907161762254848,true,
2072859616891834491,1783043219193,neighborly-rhubarb-chickadee,2072849028891500842,,true,
2072859617810420077,1783043219413,hysterical-peanut-chicken,2072636022517604620,1459464346300559361,true,
2072859683996434844,1783043235192,diligent-brook-thrasher,2072853986164482133,,true,
2072859686462689702,1783043235781,great-mountain-brushturkey,2072853986164482133,,true,
2072859718419132711,1783043243399,celebrated-ocean-seagull,2072851140002103776,,true,
2072859721871081911,1783043244222,cheery-nutmeg-towhee,2072495100379398160,1268299521219391488,true,
2072859777386848326,1783043257458,zappy-winter-thicketbird,2072772796841656602,1582669016702779398,true,
2072859778397987218,1783043257699,persistent-sky-hoopoe,2072224354574733727,3140679366,true,
2072859785922253130,1783043259493,great-mountain-brushturkey,,,,
2072859820831453334,1783043267817,zappy-winter-thicketbird,,,,
2072859856801870335,1783043276393,winged-wind-bushbird,2072747510653739498,780460754910732288,false,
2072859867115569458,1783043278851,cheery-nutmeg-towhee,2072631423538749929,1264531080385908737,true,
2072859876259479779,1783043281032,knowledgeable-honeydew-bushbird,2071683108496179705,1987941865287737344,true,
2072859970186395682,1783043303425,informative-star-warbler,2072315800354975895,1864914707636682752,true,
2072859996283425239,1783043309647,fancy-sequoia-chicken,2072842532166205473,,false,
2072860031519781186,1783043318049,celebrated-olive-swan,2072788050166325505,1276267176790499328,false,
2072860056085811612,1783043536865,cosmic-root-grackle,2072471917018177886,818282957618216960,false,
2072860163627716713,1783043349545,diligent-brook-thrasher,2072806020347224213,3324689194,true,
2072860218577318134,1783043362646,cheery-nutmeg-towhee,2072851140002103776,,true,
2072860352220467243,1783043394509,great-mountain-brushturkey,2072847355259306036,,true,true
2072860536534950267,1783043438453,unique-spring-nightingale,2072842532166205473,,true,
2072860579086188665,1783043817160,cosmic-root-grackle,2072517591436845122,1479750234939011074,false,
2072860835672736158,1783043509774,neighborly-rhubarb-chickadee,2072703750712565863,1065265726536073216,true,
2072860837316796737,1783043706712,cosmic-root-grackle,2072697365908033803,1408882626056892425,false,
2072860857466581486,1783043514969,zappy-shoreline-hummingbird,2072707642326392984,1738331992629116928,false,
2072860870284091654,1783043518025,great-mountain-brushturkey,2072852855602499791,,true,
2072860881268994097,1783043520644,diligent-brook-thrasher,2072740841198924262,2027843808139087875,true,
2072860961585656100,1783043539793,neighborly-rhubarb-chickadee,2072730348182765905,1990706954998595584,true,
2072860997631521001,1783043548387,celebrated-ocean-seagull,2072794271426752911,2027843808139087875,true,
2072861037456511165,1783043557883,diligent-brook-thrasher,,,,
2072861079160463620,1783043567825,cheery-nutmeg-towhee,2072840529373499423,,true,
2072861164283773310,1783043588121,great-mountain-brushturkey,2072791235668922539,1746694144829927424,true,
2072861280780611994,1783043615896,celebrated-ocean-seagull,2072850253653443050,,true,
2072861335860240691,1783043629027,diligent-brook-thrasher,2072853356347859418,,true,
2072861338007736326,1783043629539,cheery-nutmeg-towhee,2072853356347859418,,true,
2072861396287811931,1783043643435,transcendent-holly-snowfinch,2072618875087434116,1895906808520425472,true,
2072861436439904652,1783043653008,wholesome-raspberry-stilt,2072596041917210811,261112352,true,
2072861447034675494,1783043655533,wholesome-raspberry-stilt,2072851406445281411,,true,
2072861455884410996,1783043657643,celebrated-ocean-seagull,2072851406445281411,,true,
2072861459793494062,1783043658576,cheery-nutmeg-towhee,,,,
2072861607751807357,1783043693852,mellow-wildflower-turkey,2072847799713185845,,true,
2072861658234421618,1783043705888,great-mountain-brushturkey,2072846789867118957,,true,
2072861711749517470,1783043718646,zappy-winter-thicketbird,2072717975224737926,1356684661381095424,true,
2072861754900480018,1783043728934,neighborly-rhubarb-chickadee,2072724672630939655,1191030472316338176,true,
2072861766585815289,1783043731720,diligent-brook-thrasher,2072819997798179175,,true,
2072861836089717210,1783043748292,celebrated-ocean-seagull,2072851196050563483,,true,
2072861897431421078,1783043762916,cheery-nutmeg-towhee,,,,
2072861924170068067,1783043769291,great-mountain-brushturkey,,,,
2072862064222130615,1783043802682,humorous-dune-cotinga,2072792471914889421,,true,
2072862093028553169,1783043809550,neighborly-rhubarb-chickadee,,,,
2072862110665605275,1783043813755,diligent-brook-thrasher,2072644957513638233,562773398,true,
2072862112771182730,1783043814258,great-mountain-brushturkey,2072644957513638233,562773398,true,
2072862114939572712,1783043814774,bright-harvest-whistler,2072692514642149725,636513296,true,
2072862195872907488,1783043834070,celebrated-ocean-seagull,2072840674123407640,,true,
2072862372557918489,1783043876195,neighborly-rhubarb-chickadee,2072826877983514992,,true,
2072862429327786049,1783043889730,cheery-nutmeg-towhee,2072837123921567777,,true,true
2072862463427543219,1783043897860,swift-iceberg-grackle,2072792471914889421,,false,
2072862520981827978,1783043911582,driven-almond-pipit,2072721619521286396,1988820612932853760,false,
2072862709041820135,1783043956419,great-mountain-brushturkey,2072832709878329738,,true,
2072862812175532071,1783043981009,legendary-garden-bluejay,2072722869721661807,1879431409754050560,false,
2072862853409775902,1783043990839,polite-beech-troupial,2072376099405754490,,true,
2072862863123787856,1783043993156,diligent-brook-thrasher,,,,
2072862877619266016,1783043996611,zappy-winter-thicketbird,2072709809032339535,,true,
2072862988860629247,1783044023133,celebrated-ocean-seagull,2072697617759478223,1583816196218318848,true,
2072862992782311846,1783044024068,cheery-nutmeg-towhee,,,,
2072863046826185050,1783044036953,assuring-twig-cardinal,2072774877539430459,1587609797192466434,true,
2072863053075390775,1783044038444,celebrated-ocean-seagull,2072854825713160300,,true,
2072863168477438358,1783044065957,resourceful-mango-sunbird,2072849472502079826,,true,
2072863242603413796,1783044083631,stellar-sapling-sandgrouse,2072421687837298796,1674145390499864576,false,
2072863249888890935,1783044085367,celebrated-ocean-seagull,2072847183808761948,,true,
2072863479711588379,1783044140162,classy-lowland-raven,2072632338391941212,1144976469917163531,true,
2072863539753046205,1783044154476,neighborly-rhubarb-chickadee,2072627970884227412,,true,
2072863780338307280,1783044211836,worthy-branch-eagle,2072718853046436017,1256408312079429634,true,
2072864107254948125,1783044289779,cheery-nutmeg-towhee,2072828190070816885,,true,
2072864186028138717,1783044308561,diligent-brook-thrasher,2072847404156452993,,true,
2072864195561853125,1783044310833,understanding-poplar-bluejay,2072432326898774466,1564838523613626368,false,
2072864255578198270,1783044325142,extraordinary-banana-cuckoo,2072697365908033803,1408882626056892425,true,
2072864256920580241,1783044519008,cosmic-root-grackle,2072697365908033803,1408882626056892425,true,
2072864257633616298,1783044325633,clever-raspberry-penguin,2072708976182247801,1789599773261008898,true,
2072864473392599180,1783044377073,celebrated-ocean-seagull,2072859964381479338,,true,
2072864721313706490,1783044436182,great-mountain-brushturkey,,,,false
2072864771552993338,1783044448160,frank-eucalyptus-lorikeet,2072716474003689495,1435732236628803586,true,
2072864805728157871,1783044456308,committed-rainforest-auklet,2072665444398338438,1324033839530913796,false,
2072864823986073792,1783044460661,resourceful-coast-catbird,2070697956445917366,1432541789030780931,true,
2072864833763197234,1783044462993,trusting-bonsai-thrasher,2072289330287222812,10671602,false,
2072864917426737611,1783044588017,cosmic-root-grackle,2072850759708717264,,true,
2072864939824365587,1783044488280,whimsical-peanut-seedeater,2072775116199764108,745708855481425920,false,
2072864977178735029,1783044497185,zappy-winter-thicketbird,2072845914180317448,,true,
2072865210495332837,1783044552813,neighborly-rhubarb-chickadee,2072816028162134353,,true,
2072865391173337349,1783044595890,diligent-brook-thrasher,2072861131014852642,,true,
2072865496450404560,1783044620989,celebrated-ocean-seagull,2072596702691995952,,true,
2072865529300144233,1783044628822,neighborly-rhubarb-chickadee,2072676999424860352,359314002,true,
2072865546685542763,1783044632967,cheery-nutmeg-towhee,2072813957325128190,,true,
2072865560556089828,1783044636273,great-mountain-brushturkey,,,,false
2072865677631762447,1783044664186,neighborly-rhubarb-chickadee,2072791276009738284,1729647709961773056,true,
2072865937108189574,1783044726051,practical-snow-puffleg,2072759278516228434,80233893,true,
2072866016166654074,1783044744900,cheery-nutmeg-towhee,2072849907124232645,,true,
2072866018456748337,1783044745445,aquatic-acorn-crow,2072851226140799011,,true,
2072866137935593780,1783044773931,celebrated-ocean-seagull,2072699318646260169,4020373452,true,
2072866274221129939,1783044806424,diligent-brook-thrasher,2072851226140799011,,true,
2072866346329624944,1783044823616,diplomatic-melon-kingbird,2071262227974533222,1813882091945234432,true,
2072866375958175914,1783044830681,great-mountain-brushturkey,2072816814975836513,,true,
2072866430953869598,1783044843793,neighborly-rhubarb-chickadee,,,,
2072866481243844829,1783044855782,adaptable-papaya-puffin,2072707642326392984,1738331992629116928,false,
2072866570708156758,1783044877113,zappy-winter-thicketbird,2072809901194195087,1588605724057370625,true,
2072866678023635119,1783044902698,diligent-brook-thrasher,,,,
2072866753432932635,1783044920677,diligent-brook-thrasher,,,,
2072866755974692872,1783044921284,zappy-winter-thicketbird,,,,
2072866762329055562,1783044922798,diligent-brook-thrasher,2072782952245969224,1276825208679043075,true,
2072866869401248204,1783045055204,cosmic-root-grackle,2072722869721661807,1879431409754050560,true,
2072866963181723708,1783044970685,zappy-winter-thicketbird,2072795822102557160,358307761,true,
2072867301141950863,1783045051261,masterful-hillside-penguin,2072837123921567777,,true,
2072867438262137340,1783045202677,cosmic-root-grackle,2072429114892386521,1547929727960199180,true,
2072867507577241811,1783045100480,practical-canopy-toucan,2072645799847116856,1442287186246729728,true,
2072867543333634453,1783045109005,neighborly-rhubarb-chickadee,2072786045918171306,1798158543050199041,true,
2072867571750060488,1783045115779,diligent-brook-thrasher,2072758531942474230,1423448906189443077,true,
2072867671691980965,1783045139608,innovative-fig-lorikeet,2072857990169080058,,true,
2072867720279023935,1783045151191,transcendent-freshwater-myna,2072839925200760959,,true,
2072867779326226671,1783045165269,celebrated-ocean-seagull,,,,
2072867827069903084,1783045176652,cheery-nutmeg-towhee,2072833341884166540,,true,
2072867998625341768,1783045360551,cosmic-root-grackle,2072263943519617251,612473,false,
2072868083778093346,1783045237857,celebrated-ocean-seagull,2072853131629674554,,true,
2072868116481130855,1783045245653,great-mountain-brushturkey,2072800791337795709,1561297552871460866,true,
2072868130737566111,1783045650003,cosmic-root-grackle,2072824144731779282,,true,
2072868136076853651,1783045372698,cosmic-root-grackle,2072730646061912349,1652177576,false,
2072868145983865150,1783045252687,zappy-winter-thicketbird,,,,
2072868149175734586,1783045253448,convivial-wood-duck,2072753492628746388,1664950391266500610,false,
2072868307674300428,1783045291237,celebrated-ocean-seagull,2072840103274197077,,true,
2072868333494353965,1783045297394,zappy-winter-thicketbird,2072855859705544741,,true,
2072868337026060689,1783045298235,diligent-brook-thrasher,2072844145857642889,,true,
2072868343749488702,1783045299838,diligent-brook-thrasher,2072814624672522497,,true,
2072868361478823969,1783045304066,diligent-brook-thrasher,2072786354300506448,1784808244608679936,true,
2072868435105821038,1783045321619,lionhearted-meadow-flowerpecker,,,,
2072868580593696932,1783045356307,blooming-field-magpie,2072560089840726194,1669267915064102913,true,
2072868954666574032,1783045445492,supportive-daylight-siskin,2072847898866286620,,false,
2072869137982923160,1783045489199,cheery-nutmeg-towhee,,,,
2072869233357156422,1783045511938,zappy-winter-thicketbird,2072452580748206142,,true,
2072869436185317710,1783045560296,neighborly-rhubarb-chickadee,2072865422127317318,,true,
2072869506053984560,1783045576954,zappy-winter-thicketbird,2072848998109454826,,true,
2072869582625268087,1783045595209,diligent-brook-thrasher,2072528320143716417,162959858,true,
2072869701969912116,1783045623664,quirky-grassland-jacana,2072686232442704236,1124857444642041856,false,
2072869789236633714,1783045644469,wise-tanoak-peacock,2072724556733731070,4882743003,true,
2072869955649843269,1783045684145,confident-magnolia-hawk,2072382526639739294,145390826,false,
2072870020841955427,1783045699688,lionhearted-meadow-flowerpecker,2072837123921567777,,true,
2072870044162556219,1783045705248,wholesome-raspberry-stilt,2072865422127317318,,true,
2072870162747814339,1783045733521,approachable-vine-skimmer,2072812643681976674,1984141941702021120,true,
2072870195551523061,1783045942533,cosmic-root-grackle,2072314813498212550,819994707061248001,true,
2072870330561974594,1783045773531,neighborly-rhubarb-chickadee,2072701195714531398,14472613,true,
2072870383997358495,1783045786271,encouraging-ice-skylark,2072736609959825823,1506123659441848321,true,
2072870430730301899,1783045797413,celebrated-ocean-seagull,2072609866947121178,949807493487632384,true,
2072870433028714572,1783045797961,diligent-brook-thrasher,2072609866947121178,949807493487632384,true,
2072870643075608962,1783045848040,revered-cedar-bushbird,2072081513059889554,1663506035796062210,true,
2072870659248582891,1783045954083,cosmic-root-grackle,2072402741301780756,1172881890933727234,true,
2072870694224814300,1783045860235,zappy-winter-thicketbird,2072740251437813771,40950411,true,
2072870852152922252,1783045897888,approachable-kiwi-bluebird,2072335786326807027,2041946282143432705,true,
2072870952161911024,1783045921732,neighborly-rhubarb-chickadee,2072847174799442058,,true,
2072871087466033601,1783045953992,zappy-winter-thicketbird,2072862467802206551,,true,
2072871134744482123,1783045965263,valiant-citrus-owl,2072757168755843508,4906917229,false,
2072871412436763080,1783046031471,balanced-forest-recurvebill,2072313338089050131,,true,
2072871471320379731,1783046045509,diligent-brook-thrasher,2072849420232593723,,true,
2072871510235107823,1783046054787,active-highland-eagle,2072847837478436903,,true,
2072871540291440815,1783046061953,zappy-winter-thicketbird,2072855343898542132,,true,
2072871550529789970,1783046064394,great-mountain-brushturkey,2072831101958050282,,true,
2072871587020263532,1783046073094,cheery-nutmeg-towhee,,,,
2072871928327541181,1783046154468,diligent-brook-thrasher,2072429114892386521,1547929727960199180,true,
2072871993939026334,1783046170112,cheery-nutmeg-towhee,,,,
2072872269118902344,1783046235719,effective-mesa-brownbul,2072765437645918310,758264276,true,
2072872679523144033,1783046333567,matchless-mist-kingbird,2070878321856987593,1604558836051869702,true,
2072872685093191971,1783046334895,zappy-winter-thicketbird,2072866668137841134,,true,
2072872734372282858,1783046346644,magnanimous-creek-motmot,2072793645284196742,1232915401270382592,true,
2072872831050809371,1783046369694,great-mountain-brushturkey,2072846976924909824,,true,
2072872833063997702,1783046370174,neighborly-rhubarb-chickadee,2072846976924909824,,true,
2072872860570284196,1783046376733,cheery-nutmeg-towhee,2072834501412077810,,true,
2072872862826832214,1783046377270,great-mountain-brushturkey,2072834501412077810,,true,
2072872899296276821,1783046385965,celebrated-ocean-seagull,2072865173547753557,,true,true
2072872985997066588,1783046890745,cosmic-root-grackle,2072699688864899145,1930672664819236864,true,
2072873170739347508,1783046450682,witty-jackfruit-flatbill,2072870595499643355,,true,
2072873175814451707,1783046646591,cosmic-root-grackle,2056720941787324653,1337029050,false,
2072873290037600543,1783046479125,cheery-nutmeg-towhee,,,,
2072873331561201850,1783046489026,electric-marble-waxbill,2072790161084338663,1070740412057444352,true,
2072873383079911651,1783046501308,great-mountain-brushturkey,,,,
2072873398670078327,1783046505025,great-mountain-brushturkey,2072857693476237720,,true,
2072873529192644794,1783046536145,bubbly-savanna-cacholote,2072680840463851671,1333110223163301889,true,
2072873582833946904,1783046548933,heartwarming-tigerwood-softbill,2072851581741998450,,true,
2072873838614888755,1783046609916,wholesome-dogwood-tern,2072057761324519902,1872097975268159488,false,
2072873877840056738,1783046619269,zappy-winter-thicketbird,,,,
2072873914389221709,1783046627982,gentle-valley-meadowlark,2071702671325581500,382177545,true,
2072874018496028681,1783046652803,astounding-boulder-puffbird,2072783838430826543,1520294317037961217,true,
2072874062141853860,1783046663210,clean-tree-anhinga,2072119677065527559,1367209793686036482,true,
2072874126143058000,1783047158427,cosmic-root-grackle,2072588761959968931,1468480650139545601,true,
2072874130911658270,1783046679605,poised-willow-kingfisher,2072694186550153525,1894061630763237376,false,
2072874285652160981,1783046716498,bountiful-tide-nighthawk,2071733074925170875,1765697106616999936,true,
2072874384730329096,1783046740121,authentic-cherry-seabird,2072847404156452993,,true,
2072874441831244191,1783046753735,neighborly-rhubarb-chickadee,2072828464734908687,,true,
2072874890697519128,1783046860752,breathtaking-pond-starling,2071712330644349243,204245399,true,
2072875027863687662,1783046893455,celebrated-ocean-seagull,2072850551096611304,,true,
2072875162828148877,1783046925633,logical-peat-grackle,2072850800313876869,,true,
2072875231853588513,1783046942090,cheery-nutmeg-towhee,2072782138555224454,1845978020206571520,true,
2072875233821008032,1783046942559,authentic-basswood-parakeet,2072737902610596093,1939611622924066816,true,
2072875380025839781,1783046977418,zappy-winter-thicketbird,2072761875918455122,3075199947,true,
2072875697085800681,1783047053011,great-mountain-brushturkey,2072849507675476040,,true,
2072875776832057733,1783047072024,zappy-winter-thicketbird,2072857856332673476,,true,
2072875879877996950,1783047245185,cosmic-root-grackle,2072341530069856523,17446621,false,
2072876081804181730,1783047144734,neighborly-rhubarb-chickadee,2072855196045377837,,true,
2072876348905799753,1783047208417,neighborly-rhubarb-chickadee,2072862676087124224,,true,
2072876390454608024,1783047218323,hip-passionfruit-skimmer,2072868549291372763,,false,
2072876608671670317,1783047270349,compassionate-eucalyptus-woodpecker,2072834484911645167,,false,
2072876797964820932,1783047315481,diligent-brook-thrasher,2072860396294414844,,true,
2072876892705706182,1783047338068,celebrated-ocean-seagull,2072863298576412811,,true,
2072877177616658478,1783047405996,genial-water-lovebird,2072866821418758516,,true,
2072877255437521161,1783047424550,overjoyed-oak-bittern,2072566536712151045,,true,
2072877282822156367,1783047431079,empowered-leaf-pheasant,2072399181071696088,1987890041583181825,false,false
2072877610816676225,1783048022837,cosmic-root-grackle,2070787044981518543,2033468613529833472,true,
2072877839129411915,1783047563713,cheery-nutmeg-towhee,2072856451132043571,,true,
2072877885162184892,1783047574688,empathetic-star-jay,2072393952179736764,1802822658007994368,true,
2072877994419343824,1783047600738,great-mountain-brushturkey,2072818593985597644,,true,
2072878073461055904,1783047619582,fun-cloud-friarbird,2072859400683798880,,true,
2072878184853275099,1783047646140,valiant-hill-songbird,2072380153670369555,1780797384819183616,true,
2072878186631938479,1783047646564,humorous-ocean-oriole,2072744581029114334,,true,
2072878205652926953,1783047651099,zappy-winter-thicketbird,2072831796799037453,,true,
2072878216172515798,1783048095310,cosmic-root-grackle,2057156233929601070,770373873036500992,true,
2072878282442424375,1783047669407,witty-jackfruit-flatbill,2072696387276554499,1235949918486818818,true,
2072878576832221382,1783047739595,exciting-samba-hawk,2072863298576412811,,false,
2072878726577270984,1783047775297,insightful-star-songbird,2072649463647076556,862382233868480512,false,
2072878768281043258,1783047785240,neighborly-rhubarb-chickadee,2072853129616351343,,true,
2072879175032082892,1783047882217,diligent-brook-thrasher,,,,
2072879471300952310,1783047952853,celebrated-ocean-seagull,2072676744121708983,,true,
2072879621889053166,1783047988756,diligent-brook-thrasher,2072865733176955025,,true,
2072879711911297513,1783048010219,cheery-nutmeg-towhee,2072854329598636340,,true,
2072879826210296033,1783048037471,great-mountain-brushturkey,2072790406404653410,1686459124031045646,true,
2072879941859819856,1783048065043,legendary-kiwi-petrel,2072783679877984462,1516662638066941957,true,true
2072880010961322113,1783048081518,passionate-peanut-dipper,2072307280746315875,2319360471,false,
2072880035464397304,1783048087360,brave-raisin-flatbill,2072691263397060750,862718426757779457,true,
2072880071019319705,1783048095837,zappy-winter-thicketbird,2072700097557561464,441115804,true,
2072880156788572369,1783048116286,neighborly-rhubarb-chickadee,2072632650016378954,2012573374715719680,true,
2072880191207047505,1783048124493,diligent-brook-thrasher,2072778435898769846,,true,
2072880262048817609,1783048141382,celebrated-ocean-seagull,2072760397065814501,1535875832282943488,true,
2072880264766775396,1783048142031,cheery-nutmeg-towhee,2072760397065814501,1535875832282943488,true,
2072880270387060852,1783048143370,great-mountain-brushturkey,,,,false
2072880435516919998,1783048182740,cheery-nutmeg-towhee,2072826517541806398,,true,
2072880455502664076,1783048187506,sensible-lake-parrotlet,2072253262871347492,1937993543169273856,true,
2072880519193514204,1783048202690,superb-marmalade-seagull,2072608717825060982,1568420779133665282,true,
2072880763570127344,1783048260954,powerful-peppermint-eagle,2071419327098593615,1459194208057798658,true,
2072880831631139064,1783048277181,zappy-winter-thicketbird,2072622639903134042,2013226657335984128,true,
2072880941593162215,1783048303398,neighborly-rhubarb-chickadee,,,,
2072881039714685389,1783048326792,great-mountain-brushturkey,2072713171916247450,1322364697216274438,true,
2072881066902269974,1783048333274,diligent-brook-thrasher,2072862931373445561,,true,
2072881160154165469,1783048355508,playful-aspen-auklet,2072705738414207444,1665422134221348872,true,
2072881244967211433,1783048375728,celebrated-ocean-seagull,2072707806701015547,1909774678824304643,true,
2072881287396999182,1783048385844,sunny-watermelon-crimsonwing,2072459450611605927,937405479155777536,true,
2072881620206412239,1783048465193,zappy-winter-thicketbird,,,,
2072881682252750901,1783048479985,industrious-canyon-tanager,2072745776921424366,75343905,true,
2072881872946757794,1783048525450,cheery-nutmeg-towhee,2072860273744957785,,true,
2072881937740337566,1783048540898,hardworking-dune-needletail,2072658292921315560,,true,
2072881993159676343,1783048926904,cosmic-root-grackle,2072546167913595193,1890645290765479936,true,
2072882185036611978,1783048599858,neighborly-rhubarb-chickadee,,,,
2072882192934428990,1783048601741,great-mountain-brushturkey,2072625851221582240,,true,
2072882533188948319,1783048682864,zappy-winter-thicketbird,2072701723777396968,2043726060668207104,true,
2072882667033436528,1783048714775,commendable-lumber-eagle,2072695414546108569,1943025766704312320,true,
2072882844372758901,1783048757057,melodious-mango-quetzal,2072815517841191146,,true,
2072882981530714448,1783048789757,neighborly-rhubarb-chickadee,,,,
2072883219481915692,1783048846489,loyal-jacaranda-emu,2072665953544871953,2048438013508591616,true,
2072883295218536718,1783048864546,patient-lemon-dipper,2072786474219851934,1370641767830233091,false,
2072883396519366802,1783048888698,diligent-brook-thrasher,,,,
2072883404668809585,1783048890642,contemporary-cactus-lovebird,2072526381758447769,1789850713209618432,true,
2072883415515619526,1783048893227,altruistic-rain-stilt,2072812725261221896,2891366827,true,
2072883437288005729,1783048898418,celebrated-ocean-seagull,2072518026478702717,1896910704,true,
2072883460713173278,1783048904004,cheery-nutmeg-towhee,2072819216676470988,,true,
2072883465289093468,1783048905094,great-mountain-brushturkey,2072862493580366040,,true,
2072883496616358277,1783048912563,celebrated-ocean-seagull,2072849907124232645,,true,
2072883740284527020,1783048970658,cheery-nutmeg-towhee,2072810591161290866,,true,
2072883742650069315,1783048971223,zappy-winter-thicketbird,2072810591161290866,,true,
2072883818491429112,1783048989304,neighborly-rhubarb-chickadee,,,,
2072883887965970670,1783049005869,safe-sequoia-drongo,2072705738414207444,1665422134221348872,true,
2072883929766326724,1783049015834,diligent-brook-thrasher,2072793277384769935,1226879826277126144,true,
2072883946031849726,1783049240740,cosmic-root-grackle,2072343131186430162,3096147528,false,
2072884083156201731,1783049052405,celebrated-ocean-seagull,2072782918536065415,1169664359628509184,true,
2072884125850108329,1783049062585,rational-redwood-quail,2072853507141472280,,true,
2072884154988114222,1783049069531,efficient-petal-cotinga,2072652309100675424,87027640,true,
2072884239645790347,1783049089715,affable-isle-friarbird,2072430345392214480,85726335,false,
2072884265184887115,1783049095805,exquisite-peppermint-anhinga,2072861439979560981,,true,
2072884324479705598,1783049109941,devoted-daylight-bittern,2072841607615840431,,true,
2072884378880123200,1783049122911,legendary-lychee-lorikeet,2072738451368337588,1533855511,false,
2072884589186728387,1783049173052,limber-sun-stilt,2072706491220414636,2257311803,true,
2072884671013126422,1783049192561,wise-pond-puffbird,2072839962437796223,,true,
2072884683549892868,1783049195551,cheery-nutmeg-towhee,2072497164832436726,1951783965917872128,true,
2072884717045649552,1783049203537,great-mountain-brushturkey,2072828821095829676,,true,
2072885011750027356,1783049273800,zappy-winter-thicketbird,2072800791337795709,1561297552871460866,true,
2072885161415307764,1783049309482,courteous-snow-cardinal,,,,
2072885193384337899,1783049317104,bright-kelp-murrelet,2072737902610596093,1939611622924066816,false,
2072885321088324043,1783049347551,zappy-winter-thicketbird,2072666559546274244,108285563,true,
2072885323793674670,1783049348197,neighborly-rhubarb-chickadee,2072653597633122440,,true,
2072885352134578304,1783049354954,wholesome-raspberry-stilt,2072854747460047125,,true,
2072885360091189303,1783049356850,wholesome-raspberry-stilt,2072497164832436726,1951783965917872128,true,
2072885364960698858,1783049358011,wholesome-raspberry-stilt,2072684988932206877,2660586589,true,
2072885369360499050,1783049359060,diligent-brook-thrasher,2072855488773943451,,true,
2072885588361969856,1783049523787,cosmic-root-grackle,2072831839270531331,,false,
2072885655995130070,1783049427400,melodious-peppermint-oriole,2072592139268059508,1990706954998595584,true,
2072885772353466694,1783049455141,flying-flower-firefinch,2072751458638766274,784136031641694208,true,
2072885803009900857,1783049462450,elegant-petal-recurvebill,2072586809394200725,2026518976604602368,true,
2072885861222334904,1783049476329,articulate-autumn-tern,2072723165676028298,376381938,true,
2072885884517818596,1783049481883,pleasant-hazelnut-parakeet,2072842694385185106,,false,
2072885970194567355,1783049502310,celebrated-ocean-seagull,2072854139474723008,,true,
2072886071499616367,1783049526463,cheery-nutmeg-towhee,2072881223358431655,,true,
2072886151405527052,1783049545515,mindful-mist-eagle,2072506558228189577,42816371,true,
2072886167276593413,1783049549298,giving-earth-lory,2072854494635770126,,true,
2072886523024863234,1783049634116,great-mountain-brushturkey,2072740494057333114,1906498398804721664,true,
2072886673940033989,1783049670097,understanding-dune-wren,2072737902610596093,1939611622924066816,false,
2072886741053129100,1783049686097,zappy-winter-thicketbird,2072870592316088686,,true,
2072886779292586114,1783049695214,talented-marmalade-skimmer,2072732052340764753,1656400479163744256,true,
2072887233481236908,1783049803501,diligent-brook-thrasher,2072831839270531331,,true,
2072887269367669049,1783049812057,celebrated-ocean-seagull,2072851342897352810,,true,
2072887298715173068,1783049819055,quiet-sunlight-goose,2072742040413024626,577162059,true,
2072887486850765023,1783049863909,neighborly-rhubarb-chickadee,2072786503542190379,1784808244608679936,true,
2072887568979435648,1783049883490,brainy-roots-tinamou,2072863894981447690,,true,
2072887577363788088,1783049885489,cheery-nutmeg-towhee,2072868360774459424,,true,
2072887621508874311,1783049896014,clean-freshwater-flycatcher,2072785702627020860,1276657624046542851,true,
2072887638890037425,1783049900159,compassionate-daylight-chickadee,2072795799335977164,783237637431754752,true,
2072887689179807838,1783049912148,charismatic-lime-dipper,2072798369756422446,1848882397330145280,true,
2072887732502946115,1783049922478,thankful-highland-siskin,2072430345392214480,85726335,true,
2072887742178980014,1783049924784,great-mountain-brushturkey,2072596669737075178,1053738706232844290,true,
2072887764916277658,1783049930205,brainy-roots-tinamou,2072864301816426858,,true,
2072888084333543463,1783050006360,brainy-roots-tinamou,2072840962007605254,,true,
2072888133646168358,1783050018117,incredible-holly-sunbird,2072744480164180253,,true,
2072888468347171099,1783050097916,zappy-winter-thicketbird,2072871764955406381,,true,
2072888531618288053,1783050113002,neighborly-rhubarb-chickadee,,,,
2072888611150704687,1783050131963,diligent-brook-thrasher,2072725796146299098,1714420438946717696,true,
2072888708836057197,1783050155254,realistic-flower-songbird,2072706160969355390,1451259206007328770,false,
2072888712011137180,1783050156010,contemporary-cactus-lovebird,2072726912242163969,44783853,true,
2072888744659624132,1783050163794,celebrated-ocean-seagull,,,,
2072888748350517498,1783050164674,cheery-nutmeg-towhee,2072867505014738971,,true,
2072888929624203550,1783050207893,great-mountain-brushturkey,2072844154283937847,,true,
2072888976516493344,1783050219073,zappy-winter-thicketbird,2072760301284389087,1250053999845351425,true,
2072889023153025306,1783050230192,neighborly-rhubarb-chickadee,2072624260934213875,1979503731663069184,true,
2072889163431420039,1783050263637,colorful-desert-grebe,2072668877499101527,1121375429884039175,false,
2072889233212326330,1783050280274,motivational-seawater-condor,2072881851468058828,,true,
2072889541833146422,1783050353856,challenging-samba-tanager,2071707513678864853,185076776,true,
2072889550364414215,1783050510274,cosmic-root-grackle,2065830367316103404,1739377192356769792,false,
2072889838014001154,1783050424470,intelligent-daylight-cacholote,2072301807372792087,1005707333136089089,true,
2072889903675838655,1783050440126,diligent-brook-thrasher,,,,
2072890021057552451,1783050468112,diligent-brook-thrasher,2072857942496362882,,true,
2072890031878934704,1783050470691,celebrated-ocean-seagull,2072559663636205824,1785824188281876480,true,
2072890113697439807,1783050490198,cool-tide-tinamou,2072871203094884543,,true,
2072890535841333597,1783050590846,fun-conifer-bushlark,2072222104678723955,1214224595345002502,true,
2072890813705486476,1783050979809,cosmic-root-grackle,2070469623724593254,1993541115761639424,true,
2072891083877474457,1783050721508,hysterical-mint-falcon,2072412553372672296,1123776006752538624,true,
2072891380972576899,1783050792340,cheery-nutmeg-towhee,2072818743877541997,,true,
2072891503928561845,1783050821655,heartwarming-tigerwood-softbill,2072858841016889815,,true,
2072891518436708573,1783050825114,great-mountain-brushturkey,,,,
2072891563269583147,1783050835803,zappy-winter-thicketbird,2072815971161592189,,true,
2072891593590263849,1783050843032,brave-freshwater-thicketbird,2072526279770058796,1767218958698962944,true,
2072891621918540274,1783050849787,elated-mountain-nighthawk,2072707871121551669,1470046550789341191,true,
2072891807323627683,1783050893991,neighborly-rhubarb-chickadee,2072861831316865178,,true,
2072891859580457289,1783050906449,winning-leaf-wigeon,2072726686412517559,1782625173381820416,true,
2072891889640993191,1783050913617,diligent-brook-thrasher,,,,
2072891993324212283,1783050938336,celebrated-ocean-seagull,2072863685869998478,,true,
2072891995396190239,1783050938830,cheery-nutmeg-towhee,2072863685869998478,,true,
2072892082402816409,1783050959574,suave-grass-triller,2072515880672502170,18927441,false,
2072892311978070343,1783051014310,zappy-winter-thicketbird,2072850551096611304,,true,
2072892410682593343,1783051037842,cheery-nutmeg-towhee,2072875357351576049,,true,
2072892499241423004,1783051058957,trusty-highland-sparrowhawk,2072651603874906522,1551842418927869952,true,
2072892791705743622,1783051128686,great-mountain-brushturkey,2072462180167885270,,true,
2072892794440454631,1783051129338,zappy-winter-thicketbird,2072861704644600152,,true,
2072892922903601256,1783051159966,neighborly-rhubarb-chickadee,,,,
2072892966356590671,1783051170326,quiet-boulder-goshawk,2072678513912525023,105378568,true,
2072893149072998702,1783051213889,mindful-wood-bushbird,2072528342046188021,1892454722,true,
2072893267432149053,1783051242108,diligent-brook-thrasher,2072606215847207335,76766018,true,
2072893326681096338,1783051358332,cosmic-root-grackle,2072596041917210811,261112352,true,
2072893400727146656,1783051273888,celebrated-ocean-seagull,,,,
2072893537759195184,1783051725677,cosmic-root-grackle,,,,
2072893663374422104,1783051336508,cheery-nutmeg-towhee,2072767649348456603,1438168121219633155,true,
2072893670794105206,1783051338276,great-mountain-brushturkey,2072875704577077494,,true,
2072893749961625988,1783051357151,committed-rock-puffin,2072858353802321946,,true,
2072893824481820683,1783051374918,comical-raspberry-whistler,,,,
2072893839656861731,1783051378536,zappy-winter-thicketbird,,,,
2072894115281510464,1783051444250,neighborly-spring-softbill,,,,
2072894249457135667,1783051476240,hilarious-tree-lapwing,,,,
2072894404591813019,1783051513227,hardy-pecan-swamphen,,,,
2072894412300927249,1783051515067,diligent-brook-thrasher,,,,
2072894419347390584,1783051516746,lovely-sunflower-falcon,,,,
2072894587375661550,1783051913536,cosmic-root-grackle,,,,
2072894592203084014,1783051557958,distinctive-lime-lark,,,,
2072894758565900696,1783051597621,cheery-nutmeg-towhee,,,,
2072894780594602387,1783051602873,limber-sun-stilt,,,,
2072895267699880439,1783051719009,diligent-brook-thrasher,,,,
2072895348356383202,1783051738239,celebrated-ocean-seagull,,,,
2072896059370561989,1783051907757,cheery-nutmeg-towhee,,,,
2072896474271064073,1783052006678,great-mountain-brushturkey,,,,
2072896633839481112,1783052044721,magical-chestnut-tailorbird,,,,
2072897558406467675,1783052265156,zappy-winter-thicketbird,,,,
2072897913198653778,1783052349744,safe-ice-turkey,,,,
2072897961495798114,1783052361260,celebrated-ocean-seagull,,,,
2072898095612850438,1783052393236,merry-walnut-macaw,,,,
2072898379752014225,1783052913370,cosmic-root-grackle,,,,
2072898431262322841,1783052473260,nimble-cloud-bushlark,,,,
2072898756421308909,1783052550784,compassionate-daylight-chickadee,,,,
2072898860830298369,1783052575677,limber-sun-stilt,,,,
2072898894023758136,1783052583592,zappy-winter-thicketbird,,,,
2072898918212645103,1783052589358,friendly-flower-crane,,,,
2072899030816854290,1783052616206,neighborly-rhubarb-chickadee,,,,
2072899158563033524,1783052646662,funny-prairie-lapwing,,,,
2072899215278104669,1783052660186,diligent-brook-thrasher,,,,
2072899319666016591,1783052685073,celebrated-ocean-seagull,,,,
2072899563661254700,1783052743247,cheery-nutmeg-towhee,,,,
2072899584683114863,1783052748257,great-mountain-brushturkey,,,,
2072899596292866282,1783052751026,celebrated-ocean-seagull,,,,
2072899796726087747,1783052798811,cheery-nutmeg-towhee,,,,
2072900020953612788,1783052852272,neighborly-rhubarb-chickadee,,,,
2072900269814226975,1783052911607,celebrated-ocean-seagull,,,,
2072900392044708100,1783052940747,great-mountain-brushturkey,,,,
2072900513960751543,1783052969814,kind-wind-sunbird,,,,
2072900533812097168,1783052974548,cheery-nutmeg-towhee,,,,
2072900582034043386,1783052986045,great-mountain-brushturkey,,,,
2072900960871952538,1783053076367,neighborly-rhubarb-chickadee,,,,
2072901314489516470,1783053160677,diligent-brook-thrasher,,,,
2072901456697393269,1783053194581,celebrated-ocean-seagull,,,,
2072902444955419120,1783053430200,eccentric-cherry-ostrich,,,,
2072903246436348409,1783053621287,powerful-holly-swan,,,,
2072904599632052604,1783053943916,hopeful-field-needletail,,,,
